#
# There is insufficient memory for the Java Runtime Environment to continue.
# Native memory allocation (malloc) failed to allocate 1316176 bytes. Error detail: Chunk::new
# Possible reasons:
#   The system is out of physical RAM or swap space
#   This process is running with CompressedOops enabled, and the Java Heap may be blocking the growth of the native heap
# Possible solutions:
#   Reduce memory load on the system
#   Increase physical memory or swap space
#   Check if swap backing store is full
#   Decrease Java heap size (-Xmx/-Xms)
#   Decrease number of Java threads
#   Decrease Java thread stack sizes (-Xss)
#   Set larger code cache with -XX:ReservedCodeCacheSize=
#   JVM is running with Unscaled Compressed Oops mode in which the Java heap is
#     placed in the first 4GB address space. The Java Heap base address is the
#     maximum limit for the native heap growth. Please use -XX:HeapBaseMinAddress
#     to set the Java Heap base and to place the Java Heap above 4GB virtual address.
# This output file may be truncated or incomplete.
#
#  Out of Memory Error (arena.cpp:149), pid=31228, tid=25624
#
# JRE version: Java(TM) SE Runtime Environment (23.0.1+11) (build 23.0.1+11-39)
# Java VM: Java HotSpot(TM) 64-Bit Server VM (23.0.1+11-39, mixed mode, sharing, tiered, compressed oops, compressed class ptrs, g1 gc, windows-amd64)
# No core dump will be written. Minidumps are not enabled by default on client versions of Windows
#

---------------  S U M M A R Y ------------

Command Line: --add-opens=java.base/java.lang=ALL-UNNAMED --add-opens=java.base/java.lang.invoke=ALL-UNNAMED --add-opens=java.base/java.util=ALL-UNNAMED --add-opens=java.prefs/java.util.prefs=ALL-UNNAMED --add-exports=jdk.compiler/com.sun.tools.javac.api=ALL-UNNAMED --add-exports=jdk.compiler/com.sun.tools.javac.util=ALL-UNNAMED --add-opens=java.base/java.util=ALL-UNNAMED --add-opens=java.prefs/java.util.prefs=ALL-UNNAMED --add-opens=java.base/java.nio.charset=ALL-UNNAMED --add-opens=java.base/java.net=ALL-UNNAMED --add-opens=java.base/java.util.concurrent.atomic=ALL-UNNAMED --add-opens=java.xml/javax.xml.namespace=ALL-UNNAMED -XX:MaxMetaspaceSize=512m -Xmx2048m -Dfile.encoding=UTF-8 -Duser.country=IE -Duser.language=en -Duser.variant -javaagent:C:\Users\denis\.gradle\wrapper\dists\gradle-8.14.3-bin\cv11ve7ro1n3o1j4so8xd9n66\gradle-8.14.3\lib\agents\gradle-instrumentation-agent-8.14.3.jar org.gradle.launcher.daemon.bootstrap.GradleDaemon 8.14.3

Host: 13th Gen Intel(R) Core(TM) i5-13420H, 12 cores, 31G,  Windows 11 , 64 bit Build 22621 (10.0.22621.5415)
Time: Thu Feb  5 22:55:32 2026 GMT Standard Time elapsed time: 130.452181 seconds (0d 0h 2m 10s)

---------------  T H R E A D  ---------------

Current thread (0x000002acec6ba170):  JavaThread "C2 CompilerThread1" daemon [_thread_in_native, id=25624, stack(0x000000ff1f000000,0x000000ff1f100000) (1024K)]


Current CompileTask:
C2:130452 50476   !   4       java.io.ObjectOutputStream::writeObject0 (620 bytes)

Stack: [0x000000ff1f000000,0x000000ff1f100000]
Native frames: (J=compiled Java code, j=interpreted, Vv=VM code, C=native code)
V  [jvm.dll+0x6e08b9]  (no source info available)
V  [jvm.dll+0x87dc83]  (no source info available)
V  [jvm.dll+0x88010e]  (no source info available)
V  [jvm.dll+0x8807e3]  (no source info available)
V  [jvm.dll+0x27aee6]  (no source info available)
V  [jvm.dll+0xbc06f]  (no source info available)
V  [jvm.dll+0xbc2cb]  (no source info available)
V  [jvm.dll+0x3b3a62]  (no source info available)
V  [jvm.dll+0x1dc19c]  (no source info available)
V  [jvm.dll+0x244be5]  (no source info available)
V  [jvm.dll+0x243dff]  (no source info available)
V  [jvm.dll+0x1c33a0]  (no source info available)
V  [jvm.dll+0x253cf1]  (no source info available)
V  [jvm.dll+0x251faa]  (no source info available)
V  [jvm.dll+0x3ee036]  (no source info available)
V  [jvm.dll+0x824f8b]  (no source info available)
V  [jvm.dll+0x6df065]  (no source info available)
C  [ucrtbase.dll+0x29333]  (no source info available)
C  [KERNEL32.DLL+0x1259d]  (no source info available)
C  [ntdll.dll+0x5af78]  (no source info available)

Lock stack of current Java thread (top to bottom):


---------------  P R O C E S S  ---------------

Threads class SMR info:
_java_thread_list=0x000002acdf6aa120, length=276, elements={
0x000002ac9d43bb60, 0x000002acba6fd710, 0x000002acba6fe430, 0x000002acba81f840,
0x000002acba823540, 0x000002acba823fe0, 0x000002acba8250d0, 0x000002acba827b80,
0x000002acba82b2d0, 0x000002acba92ad10, 0x000002acba92cde0, 0x000002acba92ba30,
0x000002acba92a680, 0x000002acdb9a50b0, 0x000002acdb9a7180, 0x000002acdb9a5740,
0x000002acdb9a8530, 0x000002acdb9a6460, 0x000002acdb9a5dd0, 0x000002acdb9a6af0,
0x000002acdbe4bc70, 0x000002acdbe4a230, 0x000002acdbe487f0, 0x000002acdbe46720,
0x000002acdbe4af50, 0x000002acdbe4d020, 0x000002acdbe4c300, 0x000002acdbe48160,
0x000002acdbe4b5e0, 0x000002acdbe46db0, 0x000002acdbe47440, 0x000002acdfb82db0,
0x000002acdfb88990, 0x000002acdfb86f50, 0x000002acdfb89020, 0x000002acdfb847f0,
0x000002acdfb86230, 0x000002acdfb875e0, 0x000002acdfb89d40, 0x000002acdc896850,
0x000002acdc899cd0, 0x000002acdc896ee0, 0x000002acdc89d150, 0x000002acdc89a360,
0x000002acdc8961c0, 0x000002acdc89a9f0, 0x000002acdc89bda0, 0x000002acdc89d7e0,
0x000002acdc898920, 0x000002acdbe48e80, 0x000002acdc342870, 0x000002acdc33fa80,
0x000002acdc341b50, 0x000002acdc3407a0, 0x000002acdc3442b0, 0x000002acdc340110,
0x000002acdc3421e0, 0x000002acdc344940, 0x000002acdc3414c0, 0x000002acdc345660,
0x000002acdc344fd0, 0x000002acdc342f00, 0x000002acdc340e30, 0x000002acdc343590,
0x000002acdc33f3f0, 0x000002acdc343c20, 0x000002acdc33e6d0, 0x000002acdc345cf0,
0x000002acdc33ed60, 0x000002acdc336840, 0x000002acdc334e00, 0x000002acdc335b20,
0x000002acdc336ed0, 0x000002acdc3361b0, 0x000002acdc335490, 0x000002acdc337560,
0x000002acdfe51e60, 0x000002acdfe538a0, 0x000002acdfe4fd90, 0x000002acdfe50420,
0x000002acba929ff0, 0x000002acba92b3a0, 0x000002acdfb85510, 0x000002acdc9d0cd0,
0x000002acdc9cffb0, 0x000002acdc9ccb30, 0x000002acdc9cd850, 0x000002acdc9cbe10,
0x000002acdc9cec00, 0x000002acdc9cb780, 0x000002acdc9cd1c0, 0x000002acdc9d0640,
0x000002acdc9d2080, 0x000002acdc9d1360, 0x000002acdc9cb0f0, 0x000002acdc9d2710,
0x000002acdfe53f30, 0x000002acddbb4b50, 0x000002acddbb6590, 0x000002acddbb2a80,
0x000002acddbb6c20, 0x000002acddbafc90, 0x000002acddbb1040, 0x000002acddbb5f00,
0x000002acddbb16d0, 0x000002acddbb1d60, 0x000002acddbb0320, 0x000002acddbb51e0,
0x000002acddbb3110, 0x000002acddbb72b0, 0x000002acddbb37a0, 0x000002acddbb3e30,
0x000002acddbb44c0, 0x000002acddbb09b0, 0x000002acdfe545c0, 0x000002acdfe4f700,
0x000002ace64e5d80, 0x000002ace64e84e0, 0x000002ace64e8b70, 0x000002ace64e4340,
0x000002ace64e56f0, 0x000002ace64e2270, 0x000002ace64e9890, 0x000002ace64e6410,
0x000002ace64e9200, 0x000002ace64e3cb0, 0x000002ace64e49d0, 0x000002ace64e6aa0,
0x000002ace64e7e50, 0x000002ace64e7130, 0x000002ace64e77c0, 0x000002ace64e5060,
0x000002ace64e2900, 0x000002ace64e9f20, 0x000002ace64e2f90, 0x000002ace64ea5b0,
0x000002ace64e3620, 0x000002ace64ee750, 0x000002ace64eede0, 0x000002ace64eb960,
0x000002ace64ec680, 0x000002ace64ed3a0, 0x000002ace64eb2d0, 0x000002ace64ef470,
0x000002ace64ebff0, 0x000002ace64ee0c0, 0x000002ace64ecd10, 0x000002ace64efb00,
0x000002ace64f0190, 0x000002ace64f1540, 0x000002ace64f0820, 0x000002ace64f0eb0,
0x000002ace64eac40, 0x000002acdf6f3560, 0x000002acdf6f5630, 0x000002acdf6f1490,
0x000002acdf6f5cc0, 0x000002acdf6f0770, 0x000002acdf6f2840, 0x000002acdf6f0e00,
0x000002acdf6f3bf0, 0x000002acdf6f4910, 0x000002acdf6f4fa0, 0x000002acdf6f2ed0,
0x000002acdf6f00e0, 0x000002acdf6f4280, 0x000002acdf6eed30, 0x000002acdf6f1b20,
0x000002acdf6ef3c0, 0x000002acdf6f6350, 0x000002acdf6f69e0, 0x000002acdf6efa50,
0x000002acdf6f7070, 0x000002acdf6fe000, 0x000002acdf6fab80, 0x000002acdf6fb210,
0x000002acdf6f7700, 0x000002acdf6fb8a0, 0x000002ace50a6660, 0x000002ace50abbb0,
0x000002ace50a7a10, 0x000002ace50ac240, 0x000002ace50a7380, 0x000002ace50ac8d0,
0x000002ace50a80a0, 0x000002ace50b3ef0, 0x000002acdffefe50, 0x000002acdfff0b70,
0x000002acdfff04e0, 0x000002acdffe9be0, 0x000002acdfff2c40, 0x000002acdffed6f0,
0x000002ace85a99d0, 0x000002acebe9e950, 0x000002ace85a8cb0, 0x000002ace85a9340,
0x000002ace85a7900, 0x000002acba97e860, 0x000002ace868ec00, 0x000002ace868f290,
0x000002ace5279810, 0x000002ace86b92c0, 0x000002acba97f580, 0x000002ace888aef0,
0x000002acec1488f0, 0x000002acebe9bb60, 0x000002acde0a5450, 0x000002ace85aa060,
0x000002ace85a6be0, 0x000002acec14a9c0, 0x000002ace85a7270, 0x000002acebe9cf10,
0x000002acebe9c880, 0x000002ace86b9fe0, 0x000002acec149ca0, 0x000002acec14b050,
0x000002ace527b8e0, 0x000002ace527bf70, 0x000002ace7b9ff80, 0x000002aceca9dbb0,
0x000002aceca9b450, 0x000002ace9c19770, 0x000002acebe9dc30, 0x000002acebe9d5a0,
0x000002ace73a1190, 0x000002aceac2a1f0, 0x000002ace9c183c0, 0x000002ace9c19e00,
0x000002ace88a2430, 0x000002ace88a2ac0, 0x000002ace9c1b1b0, 0x000002acec14b6e0,
0x000002ace889f640, 0x000002ace869c9a0, 0x000002ace9c1ab20, 0x000002ace7b9b750,
0x000002aceca9bae0, 0x000002ace7ba0610, 0x000002acec35acf0, 0x000002acec35a660,
0x000002acec35c0a0, 0x000002acec359fd0, 0x000002acec35ba10, 0x000002acec3592b0,
0x000002acec359940, 0x000002ace85a7f90, 0x000002aced343d70, 0x000002aced3429c0,
0x000002ace8cfa4c0, 0x000002ace5af6d20, 0x000002ace7ba3400, 0x000002ace7b9cb00,
0x000002ace7ba8950, 0x000002ace86b9950, 0x000002acdf8848c0, 0x000002acdf883ba0,
0x000002ace51568a0, 0x000002ace5af7a40, 0x000002acdf882e80, 0x000002acdf883510,
0x000002acdf884f50, 0x000002acea450980, 0x000002ace5156f30, 0x000002ace527a530,
0x000002acf44dd650, 0x000002acea451010, 0x000002acebe9b4d0, 0x000002ace7ba47b0,
0x000002acf44dbc10, 0x000002acea44f5d0, 0x000002ace8690640, 0x000002ace868dee0,
0x000002ace868f920, 0x000002acec6ba170, 0x000002acea067650, 0x000002acf4dd9140
}

Java Threads: ( => current thread )
  0x000002ac9d43bb60 JavaThread "main"                              [_thread_blocked, id=23368, stack(0x000000ff15d00000,0x000000ff15e00000) (1024K)]
  0x000002acba6fd710 JavaThread "Reference Handler"          daemon [_thread_blocked, id=4136, stack(0x000000ff16500000,0x000000ff16600000) (1024K)]
  0x000002acba6fe430 JavaThread "Finalizer"                  daemon [_thread_blocked, id=5780, stack(0x000000ff16600000,0x000000ff16700000) (1024K)]
  0x000002acba81f840 JavaThread "Signal Dispatcher"          daemon [_thread_blocked, id=33024, stack(0x000000ff16700000,0x000000ff16800000) (1024K)]
  0x000002acba823540 JavaThread "Attach Listener"            daemon [_thread_blocked, id=7932, stack(0x000000ff16800000,0x000000ff16900000) (1024K)]
  0x000002acba823fe0 JavaThread "Service Thread"             daemon [_thread_blocked, id=30356, stack(0x000000ff16900000,0x000000ff16a00000) (1024K)]
  0x000002acba8250d0 JavaThread "Monitor Deflation Thread"   daemon [_thread_blocked, id=31264, stack(0x000000ff16a00000,0x000000ff16b00000) (1024K)]
  0x000002acba827b80 JavaThread "C2 CompilerThread0"         daemon [_thread_blocked, id=30212, stack(0x000000ff16b00000,0x000000ff16c00000) (1024K)]
  0x000002acba82b2d0 JavaThread "C1 CompilerThread0"         daemon [_thread_blocked, id=33052, stack(0x000000ff16c00000,0x000000ff16d00000) (1024K)]
  0x000002acba92ad10 JavaThread "Common-Cleaner"             daemon [_thread_blocked, id=23376, stack(0x000000ff16d00000,0x000000ff16e00000) (1024K)]
  0x000002acba92cde0 JavaThread "Notification Thread"        daemon [_thread_blocked, id=8124, stack(0x000000ff16e00000,0x000000ff16f00000) (1024K)]
  0x000002acba92ba30 JavaThread "Daemon health stats"               [_thread_blocked, id=1088, stack(0x000000ff17000000,0x000000ff17100000) (1024K)]
  0x000002acba92a680 JavaThread "Incoming local TCP Connector on port 57079"        [_thread_in_native, id=27584, stack(0x000000ff17a00000,0x000000ff17b00000) (1024K)]
  0x000002acdb9a50b0 JavaThread "Daemon periodic checks"            [_thread_blocked, id=24588, stack(0x000000ff17b00000,0x000000ff17c00000) (1024K)]
  0x000002acdb9a7180 JavaThread "Daemon"                            [_thread_blocked, id=5908, stack(0x000000ff17c00000,0x000000ff17d00000) (1024K)]
  0x000002acdb9a5740 JavaThread "Handler for socket connection from /127.0.0.1:57079 to /127.0.0.1:57080"        [_thread_blocked, id=6776, stack(0x000000ff17d00000,0x000000ff17e00000) (1024K)]
  0x000002acdb9a8530 JavaThread "Cancel handler"                    [_thread_blocked, id=33424, stack(0x000000ff17e00000,0x000000ff17f00000) (1024K)]
  0x000002acdb9a6460 JavaThread "Daemon worker"                     [_thread_blocked, id=12884, stack(0x000000ff17f00000,0x000000ff18000000) (1024K)]
  0x000002acdb9a5dd0 JavaThread "Stdin handler"                     [_thread_blocked, id=27208, stack(0x000000ff18100000,0x000000ff18200000) (1024K)]
  0x000002acdb9a6af0 JavaThread "Daemon client event forwarder"        [_thread_blocked, id=6136, stack(0x000000ff18200000,0x000000ff18300000) (1024K)]
  0x000002acdbe4bc70 JavaThread "Cache worker for journal cache (C:\Users\denis\.gradle\caches\journal-1)"        [_thread_blocked, id=2816, stack(0x000000ff18300000,0x000000ff18400000) (1024K)]
  0x000002acdbe4a230 JavaThread "File lock request listener"        [_thread_in_native, id=9656, stack(0x000000ff18400000,0x000000ff18500000) (1024K)]
  0x000002acdbe487f0 JavaThread "Cache worker for file hash cache (C:\Users\denis\.gradle\caches\8.14.3\fileHashes)"        [_thread_blocked, id=28128, stack(0x000000ff18500000,0x000000ff18600000) (1024K)]
  0x000002acdbe46720 JavaThread "Cache worker for file hash cache (C:\Users\denis\Desktop\meraki_app\android\.gradle\8.14.3\fileHashes)"        [_thread_blocked, id=32604, stack(0x000000ff18900000,0x000000ff18a00000) (1024K)]
  0x000002acdbe4af50 JavaThread "Cache worker for Build Output Cleanup Cache (C:\Users\denis\Desktop\meraki_app\android\.gradle\buildOutputCleanup)"        [_thread_blocked, id=14448, stack(0x000000ff18a00000,0x000000ff18b00000) (1024K)]
  0x000002acdbe4d020 JavaThread "File watcher server"        daemon [_thread_in_native, id=30908, stack(0x000000ff18b00000,0x000000ff18c00000) (1024K)]
  0x000002acdbe4c300 JavaThread "File watcher consumer"      daemon [_thread_blocked, id=15508, stack(0x000000ff18c00000,0x000000ff18d00000) (1024K)]
  0x000002acdbe48160 JavaThread "jar transforms"                    [_thread_blocked, id=13320, stack(0x000000ff18d00000,0x000000ff18e00000) (1024K)]
  0x000002acdbe4b5e0 JavaThread "Cache worker for checksums cache (C:\Users\denis\Desktop\meraki_app\android\.gradle\8.14.3\checksums)"        [_thread_blocked, id=2972, stack(0x000000ff18e00000,0x000000ff18f00000) (1024K)]
  0x000002acdbe46db0 JavaThread "Cache worker for file content cache (C:\Users\denis\.gradle\caches\8.14.3\fileContent)"        [_thread_blocked, id=3376, stack(0x000000ff18f00000,0x000000ff19000000) (1024K)]
  0x000002acdbe47440 JavaThread "Exec process"                      [_thread_blocked, id=28932, stack(0x000000ff19000000,0x000000ff19100000) (1024K)]
  0x000002acdfb82db0 JavaThread "Exec process Thread 2"             [_thread_blocked, id=27540, stack(0x000000ff19100000,0x000000ff19200000) (1024K)]
  0x000002acdfb88990 JavaThread "Exec process Thread 3"             [_thread_in_native, id=27724, stack(0x000000ff19200000,0x000000ff19300000) (1024K)]
  0x000002acdfb86f50 JavaThread "Cache worker for cache directory md-supplier (C:\Users\denis\.gradle\caches\8.14.3\md-supplier)"        [_thread_blocked, id=24132, stack(0x000000ff19300000,0x000000ff19400000) (1024K)]
  0x000002acdfb89020 JavaThread "Cache worker for cache directory md-rule (C:\Users\denis\.gradle\caches\8.14.3\md-rule)"        [_thread_blocked, id=18868, stack(0x000000ff19400000,0x000000ff19500000) (1024K)]
  0x000002acdfb847f0 JavaThread "Cache worker for Build Output Cleanup Cache (C:\Users\denis\Desktop\meraki_app\node_modules\@react-native\gradle-plugin\.gradle\buildOutputCleanup)"        [_thread_blocked, id=27884, stack(0x000000ff19500000,0x000000ff19600000) (1024K)]
  0x000002acdfb86230 JavaThread "Unconstrained build operations"        [_thread_blocked, id=19584, stack(0x000000ff16f00000,0x000000ff17000000) (1024K)]
  0x000002acdfb875e0 JavaThread "Unconstrained build operations Thread 2"        [_thread_blocked, id=17924, stack(0x000000ff18600000,0x000000ff18700000) (1024K)]
  0x000002acdfb89d40 JavaThread "Unconstrained build operations Thread 3"        [_thread_blocked, id=25288, stack(0x000000ff19700000,0x000000ff19800000) (1024K)]
  0x000002acdc896850 JavaThread "Unconstrained build operations Thread 4"        [_thread_blocked, id=31844, stack(0x000000ff19800000,0x000000ff19900000) (1024K)]
  0x000002acdc899cd0 JavaThread "Unconstrained build operations Thread 5"        [_thread_blocked, id=3892, stack(0x000000ff19900000,0x000000ff19a00000) (1024K)]
  0x000002acdc896ee0 JavaThread "Unconstrained build operations Thread 6"        [_thread_blocked, id=31708, stack(0x000000ff19a00000,0x000000ff19b00000) (1024K)]
  0x000002acdc89d150 JavaThread "Cache worker for Build Output Cleanup Cache (C:\Users\denis\Desktop\meraki_app\node_modules\expo-modules-autolinking\android\expo-gradle-plugin\.gradle\buildOutputCleanup)"        [_thread_blocked, id=2632, stack(0x000000ff19b00000,0x000000ff19c00000) (1024K)]
  0x000002acdc89a360 JavaThread "Unconstrained build operations Thread 7"        [_thread_blocked, id=21776, stack(0x000000ff19c00000,0x000000ff19d00000) (1024K)]
  0x000002acdc8961c0 JavaThread "Unconstrained build operations Thread 8"        [_thread_blocked, id=17040, stack(0x000000ff19d00000,0x000000ff19e00000) (1024K)]
  0x000002acdc89a9f0 JavaThread "Unconstrained build operations Thread 9"        [_thread_blocked, id=18412, stack(0x000000ff19e00000,0x000000ff19f00000) (1024K)]
  0x000002acdc89bda0 JavaThread "Unconstrained build operations Thread 10"        [_thread_blocked, id=5368, stack(0x000000ff19f00000,0x000000ff1a000000) (1024K)]
  0x000002acdc89d7e0 JavaThread "Unconstrained build operations Thread 11"        [_thread_blocked, id=32492, stack(0x000000ff1a000000,0x000000ff1a100000) (1024K)]
  0x000002acdc898920 JavaThread "Unconstrained build operations Thread 12"        [_thread_blocked, id=8608, stack(0x000000ff1a100000,0x000000ff1a200000) (1024K)]
  0x000002acdbe48e80 JavaThread "Unconstrained build operations Thread 13"        [_thread_blocked, id=33608, stack(0x000000ff1a200000,0x000000ff1a300000) (1024K)]
  0x000002acdc342870 JavaThread "Unconstrained build operations Thread 14"        [_thread_blocked, id=16096, stack(0x000000ff1a300000,0x000000ff1a400000) (1024K)]
  0x000002acdc33fa80 JavaThread "Unconstrained build operations Thread 15"        [_thread_blocked, id=28496, stack(0x000000ff1a400000,0x000000ff1a500000) (1024K)]
  0x000002acdc341b50 JavaThread "Unconstrained build operations Thread 16"        [_thread_blocked, id=24996, stack(0x000000ff1a500000,0x000000ff1a600000) (1024K)]
  0x000002acdc3407a0 JavaThread "Unconstrained build operations Thread 17"        [_thread_blocked, id=11688, stack(0x000000ff1a600000,0x000000ff1a700000) (1024K)]
  0x000002acdc3442b0 JavaThread "Unconstrained build operations Thread 18"        [_thread_blocked, id=29508, stack(0x000000ff1a700000,0x000000ff1a800000) (1024K)]
  0x000002acdc340110 JavaThread "Unconstrained build operations Thread 19"        [_thread_blocked, id=23736, stack(0x000000ff1a800000,0x000000ff1a900000) (1024K)]
  0x000002acdc3421e0 JavaThread "Unconstrained build operations Thread 20"        [_thread_blocked, id=31876, stack(0x000000ff1a900000,0x000000ff1aa00000) (1024K)]
  0x000002acdc344940 JavaThread "Unconstrained build operations Thread 21"        [_thread_blocked, id=17496, stack(0x000000ff1aa00000,0x000000ff1ab00000) (1024K)]
  0x000002acdc3414c0 JavaThread "Unconstrained build operations Thread 22"        [_thread_blocked, id=17440, stack(0x000000ff1ab00000,0x000000ff1ac00000) (1024K)]
  0x000002acdc345660 JavaThread "Unconstrained build operations Thread 23"        [_thread_blocked, id=27784, stack(0x000000ff1ac00000,0x000000ff1ad00000) (1024K)]
  0x000002acdc344fd0 JavaThread "Unconstrained build operations Thread 24"        [_thread_blocked, id=28940, stack(0x000000ff1ad00000,0x000000ff1ae00000) (1024K)]
  0x000002acdc342f00 JavaThread "Unconstrained build operations Thread 25"        [_thread_blocked, id=3396, stack(0x000000ff1ae00000,0x000000ff1af00000) (1024K)]
  0x000002acdc340e30 JavaThread "Unconstrained build operations Thread 26"        [_thread_blocked, id=28388, stack(0x000000ff1af00000,0x000000ff1b000000) (1024K)]
  0x000002acdc343590 JavaThread "Unconstrained build operations Thread 27"        [_thread_blocked, id=32472, stack(0x000000ff1b000000,0x000000ff1b100000) (1024K)]
  0x000002acdc33f3f0 JavaThread "Unconstrained build operations Thread 28"        [_thread_blocked, id=10976, stack(0x000000ff1b100000,0x000000ff1b200000) (1024K)]
  0x000002acdc343c20 JavaThread "Unconstrained build operations Thread 29"        [_thread_blocked, id=27096, stack(0x000000ff1b200000,0x000000ff1b300000) (1024K)]
  0x000002acdc33e6d0 JavaThread "Unconstrained build operations Thread 30"        [_thread_blocked, id=13356, stack(0x000000ff1b300000,0x000000ff1b400000) (1024K)]
  0x000002acdc345cf0 JavaThread "Unconstrained build operations Thread 31"        [_thread_blocked, id=28340, stack(0x000000ff1b400000,0x000000ff1b500000) (1024K)]
  0x000002acdc33ed60 JavaThread "Unconstrained build operations Thread 32"        [_thread_blocked, id=27716, stack(0x000000ff1b500000,0x000000ff1b600000) (1024K)]
  0x000002acdc336840 JavaThread "Unconstrained build operations Thread 33"        [_thread_blocked, id=23980, stack(0x000000ff1b600000,0x000000ff1b700000) (1024K)]
  0x000002acdc334e00 JavaThread "Unconstrained build operations Thread 34"        [_thread_blocked, id=21548, stack(0x000000ff1b700000,0x000000ff1b800000) (1024K)]
  0x000002acdc335b20 JavaThread "Unconstrained build operations Thread 35"        [_thread_blocked, id=33628, stack(0x000000ff1b800000,0x000000ff1b900000) (1024K)]
  0x000002acdc336ed0 JavaThread "Unconstrained build operations Thread 36"        [_thread_blocked, id=10040, stack(0x000000ff1b900000,0x000000ff1ba00000) (1024K)]
  0x000002acdc3361b0 JavaThread "Unconstrained build operations Thread 37"        [_thread_blocked, id=29656, stack(0x000000ff1ba00000,0x000000ff1bb00000) (1024K)]
  0x000002acdc335490 JavaThread "Unconstrained build operations Thread 38"        [_thread_blocked, id=24976, stack(0x000000ff1bb00000,0x000000ff1bc00000) (1024K)]
  0x000002acdc337560 JavaThread "Unconstrained build operations Thread 39"        [_thread_blocked, id=9796, stack(0x000000ff1bc00000,0x000000ff1bd00000) (1024K)]
  0x000002acdfe51e60 JavaThread "build event listener"              [_thread_blocked, id=17972, stack(0x000000ff1bf00000,0x000000ff1c000000) (1024K)]
  0x000002acdfe538a0 JavaThread "Memory manager"                    [_thread_blocked, id=5656, stack(0x000000ff1be00000,0x000000ff1bf00000) (1024K)]
  0x000002acdfe4fd90 JavaThread "Unconstrained build operations Thread 40"        [_thread_blocked, id=31704, stack(0x000000ff1bd00000,0x000000ff1be00000) (1024K)]
  0x000002acdfe50420 JavaThread "Unconstrained build operations Thread 41"        [_thread_blocked, id=29352, stack(0x000000ff1c000000,0x000000ff1c100000) (1024K)]
  0x000002acba929ff0 JavaThread "Unconstrained build operations Thread 42"        [_thread_blocked, id=22524, stack(0x000000ff1c100000,0x000000ff1c200000) (1024K)]
  0x000002acba92b3a0 JavaThread "Unconstrained build operations Thread 43"        [_thread_blocked, id=19760, stack(0x000000ff1c200000,0x000000ff1c300000) (1024K)]
  0x000002acdfb85510 JavaThread "Unconstrained build operations Thread 44"        [_thread_blocked, id=23648, stack(0x000000ff1c300000,0x000000ff1c400000) (1024K)]
  0x000002acdc9d0cd0 JavaThread "Unconstrained build operations Thread 45"        [_thread_blocked, id=6932, stack(0x000000ff1c400000,0x000000ff1c500000) (1024K)]
  0x000002acdc9cffb0 JavaThread "Unconstrained build operations Thread 46"        [_thread_blocked, id=24228, stack(0x000000ff1c500000,0x000000ff1c600000) (1024K)]
  0x000002acdc9ccb30 JavaThread "Unconstrained build operations Thread 47"        [_thread_blocked, id=28348, stack(0x000000ff1c600000,0x000000ff1c700000) (1024K)]
  0x000002acdc9cd850 JavaThread "Unconstrained build operations Thread 48"        [_thread_blocked, id=18636, stack(0x000000ff1c800000,0x000000ff1c900000) (1024K)]
  0x000002acdc9cbe10 JavaThread "Unconstrained build operations Thread 49"        [_thread_blocked, id=29348, stack(0x000000ff1c900000,0x000000ff1ca00000) (1024K)]
  0x000002acdc9cec00 JavaThread "Unconstrained build operations Thread 50"        [_thread_blocked, id=7692, stack(0x000000ff1ca00000,0x000000ff1cb00000) (1024K)]
  0x000002acdc9cb780 JavaThread "build event listener"              [_thread_blocked, id=2384, stack(0x000000ff1cb00000,0x000000ff1cc00000) (1024K)]
  0x000002acdc9cd1c0 JavaThread "Unconstrained build operations Thread 51"        [_thread_blocked, id=23748, stack(0x000000ff1cc00000,0x000000ff1cd00000) (1024K)]
  0x000002acdc9d0640 JavaThread "Unconstrained build operations Thread 52"        [_thread_blocked, id=25452, stack(0x000000ff1cd00000,0x000000ff1ce00000) (1024K)]
  0x000002acdc9d2080 JavaThread "Unconstrained build operations Thread 53"        [_thread_blocked, id=6356, stack(0x000000ff1ce00000,0x000000ff1cf00000) (1024K)]
  0x000002acdc9d1360 JavaThread "Unconstrained build operations Thread 54"        [_thread_blocked, id=9684, stack(0x000000ff1cf00000,0x000000ff1d000000) (1024K)]
  0x000002acdc9cb0f0 JavaThread "Unconstrained build operations Thread 55"        [_thread_blocked, id=28344, stack(0x000000ff1d000000,0x000000ff1d100000) (1024K)]
  0x000002acdc9d2710 JavaThread "Unconstrained build operations Thread 56"        [_thread_blocked, id=23480, stack(0x000000ff1d100000,0x000000ff1d200000) (1024K)]
  0x000002acdfe53f30 JavaThread "Unconstrained build operations Thread 57"        [_thread_blocked, id=6172, stack(0x000000ff1d200000,0x000000ff1d300000) (1024K)]
  0x000002acddbb4b50 JavaThread "Unconstrained build operations Thread 58"        [_thread_blocked, id=22052, stack(0x000000ff1d300000,0x000000ff1d400000) (1024K)]
  0x000002acddbb6590 JavaThread "Unconstrained build operations Thread 59"        [_thread_blocked, id=32140, stack(0x000000ff1d400000,0x000000ff1d500000) (1024K)]
  0x000002acddbb2a80 JavaThread "Unconstrained build operations Thread 60"        [_thread_blocked, id=27224, stack(0x000000ff1d500000,0x000000ff1d600000) (1024K)]
  0x000002acddbb6c20 JavaThread "Unconstrained build operations Thread 61"        [_thread_blocked, id=21648, stack(0x000000ff1d600000,0x000000ff1d700000) (1024K)]
  0x000002acddbafc90 JavaThread "Unconstrained build operations Thread 62"        [_thread_blocked, id=30388, stack(0x000000ff1d700000,0x000000ff1d800000) (1024K)]
  0x000002acddbb1040 JavaThread "Unconstrained build operations Thread 63"        [_thread_blocked, id=31916, stack(0x000000ff1d800000,0x000000ff1d900000) (1024K)]
  0x000002acddbb5f00 JavaThread "Unconstrained build operations Thread 64"        [_thread_blocked, id=27976, stack(0x000000ff1d900000,0x000000ff1da00000) (1024K)]
  0x000002acddbb16d0 JavaThread "Unconstrained build operations Thread 65"        [_thread_blocked, id=12704, stack(0x000000ff1da00000,0x000000ff1db00000) (1024K)]
  0x000002acddbb1d60 JavaThread "Unconstrained build operations Thread 66"        [_thread_blocked, id=33236, stack(0x000000ff1db00000,0x000000ff1dc00000) (1024K)]
  0x000002acddbb0320 JavaThread "Unconstrained build operations Thread 67"        [_thread_blocked, id=12972, stack(0x000000ff1dc00000,0x000000ff1dd00000) (1024K)]
  0x000002acddbb51e0 JavaThread "Unconstrained build operations Thread 68"        [_thread_blocked, id=19984, stack(0x000000ff1dd00000,0x000000ff1de00000) (1024K)]
  0x000002acddbb3110 JavaThread "Unconstrained build operations Thread 69"        [_thread_blocked, id=4068, stack(0x000000ff1de00000,0x000000ff1df00000) (1024K)]
  0x000002acddbb72b0 JavaThread "Unconstrained build operations Thread 70"        [_thread_blocked, id=7444, stack(0x000000ff1df00000,0x000000ff1e000000) (1024K)]
  0x000002acddbb37a0 JavaThread "Unconstrained build operations Thread 71"        [_thread_blocked, id=30636, stack(0x000000ff1e000000,0x000000ff1e100000) (1024K)]
  0x000002acddbb3e30 JavaThread "Unconstrained build operations Thread 72"        [_thread_blocked, id=27252, stack(0x000000ff1e100000,0x000000ff1e200000) (1024K)]
  0x000002acddbb44c0 JavaThread "Unconstrained build operations Thread 73"        [_thread_blocked, id=25752, stack(0x000000ff1e200000,0x000000ff1e300000) (1024K)]
  0x000002acddbb09b0 JavaThread "Unconstrained build operations Thread 74"        [_thread_blocked, id=11276, stack(0x000000ff1e300000,0x000000ff1e400000) (1024K)]
  0x000002acdfe545c0 JavaThread "Execution worker"                  [_thread_blocked, id=16784, stack(0x000000ff1f600000,0x000000ff1f700000) (1024K)]
  0x000002acdfe4f700 JavaThread "Execution worker Thread 2"         [_thread_blocked, id=33396, stack(0x000000ff1f700000,0x000000ff1f800000) (1024K)]
  0x000002ace64e5d80 JavaThread "Execution worker Thread 3"         [_thread_blocked, id=33020, stack(0x000000ff1f800000,0x000000ff1f900000) (1024K)]
  0x000002ace64e84e0 JavaThread "Execution worker Thread 4"         [_thread_blocked, id=33776, stack(0x000000ff1f900000,0x000000ff1fa00000) (1024K)]
  0x000002ace64e8b70 JavaThread "Execution worker Thread 5"         [_thread_blocked, id=13432, stack(0x000000ff1fa00000,0x000000ff1fb00000) (1024K)]
  0x000002ace64e4340 JavaThread "Execution worker Thread 6"         [_thread_blocked, id=32540, stack(0x000000ff1fb00000,0x000000ff1fc00000) (1024K)]
  0x000002ace64e56f0 JavaThread "Execution worker Thread 7"         [_thread_blocked, id=25520, stack(0x000000ff1fc00000,0x000000ff1fd00000) (1024K)]
  0x000002ace64e2270 JavaThread "Execution worker Thread 8"         [_thread_blocked, id=23776, stack(0x000000ff1fd00000,0x000000ff1fe00000) (1024K)]
  0x000002ace64e9890 JavaThread "Execution worker Thread 9"         [_thread_blocked, id=28816, stack(0x000000ff1fe00000,0x000000ff1ff00000) (1024K)]
  0x000002ace64e6410 JavaThread "Execution worker Thread 10"        [_thread_blocked, id=18544, stack(0x000000ff1ff00000,0x000000ff20000000) (1024K)]
  0x000002ace64e9200 JavaThread "Execution worker Thread 11"        [_thread_in_native, id=23984, stack(0x000000ff20000000,0x000000ff20100000) (1024K)]
  0x000002ace64e3cb0 JavaThread "Cache worker for execution history cache (C:\Users\denis\Desktop\meraki_app\node_modules\expo-modules-autolinking\android\expo-gradle-plugin\.gradle\8.14.3\executionHistory)"        [_thread_blocked, id=31164, stack(0x000000ff20100000,0x000000ff20200000) (1024K)]
  0x000002ace64e49d0 JavaThread "Cache worker for execution history cache (C:\Users\denis\Desktop\meraki_app\node_modules\@react-native\gradle-plugin\.gradle\8.14.3\executionHistory)"        [_thread_blocked, id=16528, stack(0x000000ff20200000,0x000000ff20300000) (1024K)]
  0x000002ace64e6aa0 JavaThread "Unconstrained build operations Thread 75"        [_thread_blocked, id=10900, stack(0x000000ff20300000,0x000000ff20400000) (1024K)]
  0x000002ace64e7e50 JavaThread "Unconstrained build operations Thread 76"        [_thread_blocked, id=14128, stack(0x000000ff20400000,0x000000ff20500000) (1024K)]
  0x000002ace64e7130 JavaThread "Unconstrained build operations Thread 77"        [_thread_blocked, id=31336, stack(0x000000ff20500000,0x000000ff20600000) (1024K)]
  0x000002ace64e77c0 JavaThread "Unconstrained build operations Thread 78"        [_thread_blocked, id=10800, stack(0x000000ff20600000,0x000000ff20700000) (1024K)]
  0x000002ace64e5060 JavaThread "Unconstrained build operations Thread 79"        [_thread_blocked, id=32388, stack(0x000000ff20700000,0x000000ff20800000) (1024K)]
  0x000002ace64e2900 JavaThread "Unconstrained build operations Thread 80"        [_thread_blocked, id=12140, stack(0x000000ff20800000,0x000000ff20900000) (1024K)]
  0x000002ace64e9f20 JavaThread "Unconstrained build operations Thread 81"        [_thread_blocked, id=30532, stack(0x000000ff20900000,0x000000ff20a00000) (1024K)]
  0x000002ace64e2f90 JavaThread "Unconstrained build operations Thread 82"        [_thread_blocked, id=21680, stack(0x000000ff20a00000,0x000000ff20b00000) (1024K)]
  0x000002ace64ea5b0 JavaThread "Unconstrained build operations Thread 83"        [_thread_blocked, id=11736, stack(0x000000ff20b00000,0x000000ff20c00000) (1024K)]
  0x000002ace64e3620 JavaThread "Unconstrained build operations Thread 84"        [_thread_blocked, id=22916, stack(0x000000ff20c00000,0x000000ff20d00000) (1024K)]
  0x000002ace64ee750 JavaThread "Unconstrained build operations Thread 85"        [_thread_blocked, id=13460, stack(0x000000ff20d00000,0x000000ff20e00000) (1024K)]
  0x000002ace64eede0 JavaThread "Unconstrained build operations Thread 86"        [_thread_blocked, id=9752, stack(0x000000ff20e00000,0x000000ff20f00000) (1024K)]
  0x000002ace64eb960 JavaThread "Unconstrained build operations Thread 87"        [_thread_blocked, id=5280, stack(0x000000ff20f00000,0x000000ff21000000) (1024K)]
  0x000002ace64ec680 JavaThread "Unconstrained build operations Thread 88"        [_thread_blocked, id=22516, stack(0x000000ff21000000,0x000000ff21100000) (1024K)]
  0x000002ace64ed3a0 JavaThread "Unconstrained build operations Thread 89"        [_thread_blocked, id=2656, stack(0x000000ff21100000,0x000000ff21200000) (1024K)]
  0x000002ace64eb2d0 JavaThread "Unconstrained build operations Thread 90"        [_thread_blocked, id=5468, stack(0x000000ff21200000,0x000000ff21300000) (1024K)]
  0x000002ace64ef470 JavaThread "Unconstrained build operations Thread 91"        [_thread_blocked, id=24900, stack(0x000000ff21300000,0x000000ff21400000) (1024K)]
  0x000002ace64ebff0 JavaThread "Unconstrained build operations Thread 92"        [_thread_blocked, id=29520, stack(0x000000ff21400000,0x000000ff21500000) (1024K)]
  0x000002ace64ee0c0 JavaThread "Unconstrained build operations Thread 93"        [_thread_blocked, id=28440, stack(0x000000ff21500000,0x000000ff21600000) (1024K)]
  0x000002ace64ecd10 JavaThread "Unconstrained build operations Thread 94"        [_thread_blocked, id=32152, stack(0x000000ff21600000,0x000000ff21700000) (1024K)]
  0x000002ace64efb00 JavaThread "Unconstrained build operations Thread 95"        [_thread_blocked, id=25616, stack(0x000000ff21700000,0x000000ff21800000) (1024K)]
  0x000002ace64f0190 JavaThread "Unconstrained build operations Thread 96"        [_thread_blocked, id=7132, stack(0x000000ff21800000,0x000000ff21900000) (1024K)]
  0x000002ace64f1540 JavaThread "Unconstrained build operations Thread 97"        [_thread_blocked, id=9692, stack(0x000000ff21900000,0x000000ff21a00000) (1024K)]
  0x000002ace64f0820 JavaThread "Unconstrained build operations Thread 98"        [_thread_blocked, id=33308, stack(0x000000ff21a00000,0x000000ff21b00000) (1024K)]
  0x000002ace64f0eb0 JavaThread "Unconstrained build operations Thread 99"        [_thread_blocked, id=21252, stack(0x000000ff21b00000,0x000000ff21c00000) (1024K)]
  0x000002ace64eac40 JavaThread "Unconstrained build operations Thread 100"        [_thread_blocked, id=23556, stack(0x000000ff21c00000,0x000000ff21d00000) (1024K)]
  0x000002acdf6f3560 JavaThread "Unconstrained build operations Thread 101"        [_thread_blocked, id=21792, stack(0x000000ff21d00000,0x000000ff21e00000) (1024K)]
  0x000002acdf6f5630 JavaThread "Unconstrained build operations Thread 102"        [_thread_blocked, id=27740, stack(0x000000ff21e00000,0x000000ff21f00000) (1024K)]
  0x000002acdf6f1490 JavaThread "Unconstrained build operations Thread 103"        [_thread_blocked, id=28956, stack(0x000000ff21f00000,0x000000ff22000000) (1024K)]
  0x000002acdf6f5cc0 JavaThread "Unconstrained build operations Thread 104"        [_thread_blocked, id=29312, stack(0x000000ff22000000,0x000000ff22100000) (1024K)]
  0x000002acdf6f0770 JavaThread "Unconstrained build operations Thread 105"        [_thread_blocked, id=30004, stack(0x000000ff22100000,0x000000ff22200000) (1024K)]
  0x000002acdf6f2840 JavaThread "Unconstrained build operations Thread 106"        [_thread_blocked, id=22788, stack(0x000000ff22200000,0x000000ff22300000) (1024K)]
  0x000002acdf6f0e00 JavaThread "Unconstrained build operations Thread 107"        [_thread_blocked, id=26612, stack(0x000000ff22300000,0x000000ff22400000) (1024K)]
  0x000002acdf6f3bf0 JavaThread "Unconstrained build operations Thread 108"        [_thread_blocked, id=29180, stack(0x000000ff22400000,0x000000ff22500000) (1024K)]
  0x000002acdf6f4910 JavaThread "Unconstrained build operations Thread 109"        [_thread_blocked, id=27092, stack(0x000000ff22500000,0x000000ff22600000) (1024K)]
  0x000002acdf6f4fa0 JavaThread "Unconstrained build operations Thread 110"        [_thread_blocked, id=33372, stack(0x000000ff22600000,0x000000ff22700000) (1024K)]
  0x000002acdf6f2ed0 JavaThread "Unconstrained build operations Thread 111"        [_thread_blocked, id=2748, stack(0x000000ff22700000,0x000000ff22800000) (1024K)]
  0x000002acdf6f00e0 JavaThread "Unconstrained build operations Thread 112"        [_thread_blocked, id=23388, stack(0x000000ff22800000,0x000000ff22900000) (1024K)]
  0x000002acdf6f4280 JavaThread "Unconstrained build operations Thread 113"        [_thread_blocked, id=15660, stack(0x000000ff22900000,0x000000ff22a00000) (1024K)]
  0x000002acdf6eed30 JavaThread "Unconstrained build operations Thread 114"        [_thread_blocked, id=6100, stack(0x000000ff22a00000,0x000000ff22b00000) (1024K)]
  0x000002acdf6f1b20 JavaThread "Unconstrained build operations Thread 115"        [_thread_blocked, id=24788, stack(0x000000ff22b00000,0x000000ff22c00000) (1024K)]
  0x000002acdf6ef3c0 JavaThread "Unconstrained build operations Thread 116"        [_thread_blocked, id=16064, stack(0x000000ff22c00000,0x000000ff22d00000) (1024K)]
  0x000002acdf6f6350 JavaThread "Unconstrained build operations Thread 117"        [_thread_blocked, id=30308, stack(0x000000ff22d00000,0x000000ff22e00000) (1024K)]
  0x000002acdf6f69e0 JavaThread "Unconstrained build operations Thread 118"        [_thread_blocked, id=12632, stack(0x000000ff22e00000,0x000000ff22f00000) (1024K)]
  0x000002acdf6efa50 JavaThread "Unconstrained build operations Thread 119"        [_thread_blocked, id=3536, stack(0x000000ff22f00000,0x000000ff23000000) (1024K)]
  0x000002acdf6f7070 JavaThread "Unconstrained build operations Thread 120"        [_thread_blocked, id=13592, stack(0x000000ff23000000,0x000000ff23100000) (1024K)]
  0x000002acdf6fe000 JavaThread "jar transforms Thread 2"           [_thread_blocked, id=30196, stack(0x000000ff23100000,0x000000ff23200000) (1024K)]
  0x000002acdf6fab80 JavaThread "Cache worker for Build Output Cleanup Cache (C:\Users\denis\Desktop\meraki_app\node_modules\expo-dev-launcher\expo-dev-launcher-gradle-plugin\.gradle\buildOutputCleanup)"        [_thread_blocked, id=29260, stack(0x000000ff1c700000,0x000000ff1c800000) (1024K)]
  0x000002acdf6fb210 JavaThread "Cache worker for Build Output Cleanup Cache (C:\Users\denis\Desktop\meraki_app\node_modules\expo-modules-core\expo-module-gradle-plugin\.gradle\buildOutputCleanup)"        [_thread_blocked, id=27964, stack(0x000000ff1e400000,0x000000ff1e500000) (1024K)]
  0x000002acdf6f7700 JavaThread "build event listener"              [_thread_blocked, id=22620, stack(0x000000ff23300000,0x000000ff23400000) (1024K)]
  0x000002acdf6fb8a0 JavaThread "build event listener"              [_thread_blocked, id=24908, stack(0x000000ff23400000,0x000000ff23500000) (1024K)]
  0x000002ace50a6660 JavaThread "jar transforms Thread 3"           [_thread_blocked, id=7152, stack(0x000000ff23500000,0x000000ff23600000) (1024K)]
  0x000002ace50abbb0 JavaThread "Cache worker for execution history cache (C:\Users\denis\Desktop\meraki_app\node_modules\expo-dev-launcher\expo-dev-launcher-gradle-plugin\.gradle\8.14.3\executionHistory)"        [_thread_blocked, id=30892, stack(0x000000ff23800000,0x000000ff23900000) (1024K)]
  0x000002ace50a7a10 JavaThread "Cache worker for execution history cache (C:\Users\denis\Desktop\meraki_app\node_modules\expo-modules-core\expo-module-gradle-plugin\.gradle\8.14.3\executionHistory)"        [_thread_blocked, id=5312, stack(0x000000ff23900000,0x000000ff23a00000) (1024K)]
  0x000002ace50ac240 JavaThread "jar transforms Thread 4"           [_thread_blocked, id=22636, stack(0x000000ff23a00000,0x000000ff23b00000) (1024K)]
  0x000002ace50a7380 JavaThread "Problems report writer"            [_thread_blocked, id=5116, stack(0x000000ff23b00000,0x000000ff23c00000) (1024K)]
  0x000002ace50ac8d0 JavaThread "jar transforms Thread 5"           [_thread_blocked, id=12076, stack(0x000000ff23d00000,0x000000ff23e00000) (1024K)]
  0x000002ace50a80a0 JavaThread "jar transforms Thread 6"           [_thread_blocked, id=31736, stack(0x000000ff23e00000,0x000000ff23f00000) (1024K)]
  0x000002ace50b3ef0 JavaThread "build event listener"              [_thread_blocked, id=24224, stack(0x000000ff23f00000,0x000000ff24000000) (1024K)]
  0x000002acdffefe50 JavaThread "jar transforms Thread 7"           [_thread_blocked, id=16004, stack(0x000000ff23c00000,0x000000ff23d00000) (1024K)]
  0x000002acdfff0b70 JavaThread "jar transforms Thread 8"           [_thread_blocked, id=4032, stack(0x000000ff24000000,0x000000ff24100000) (1024K)]
  0x000002acdfff04e0 JavaThread "jar transforms Thread 9"           [_thread_blocked, id=27808, stack(0x000000ff24100000,0x000000ff24200000) (1024K)]
  0x000002acdffe9be0 JavaThread "jar transforms Thread 10"          [_thread_blocked, id=31068, stack(0x000000ff24200000,0x000000ff24300000) (1024K)]
  0x000002acdfff2c40 JavaThread "jar transforms Thread 11"          [_thread_blocked, id=30340, stack(0x000000ff24400000,0x000000ff24500000) (1024K)]
  0x000002acdffed6f0 JavaThread "jar transforms Thread 12"          [_thread_blocked, id=7392, stack(0x000000ff24500000,0x000000ff24600000) (1024K)]
  0x000002ace85a99d0 JavaThread "ForkJoinPool.commonPool-worker-12" daemon [_thread_blocked, id=28532, stack(0x000000ff15c00000,0x000000ff15d00000) (1024K)]
  0x000002acebe9e950 JavaThread "ForkJoinPool.commonPool-worker-13" daemon [_thread_blocked, id=32680, stack(0x000000ff1e500000,0x000000ff1e600000) (1024K)]
  0x000002ace85a8cb0 JavaThread "ForkJoinPool.commonPool-worker-14" daemon [_thread_blocked, id=30268, stack(0x000000ff1e600000,0x000000ff1e700000) (1024K)]
  0x000002ace85a9340 JavaThread "ForkJoinPool.commonPool-worker-15" daemon [_thread_blocked, id=14760, stack(0x000000ff1e700000,0x000000ff1e800000) (1024K)]
  0x000002ace85a7900 JavaThread "included builds Thread 6"          [_thread_blocked, id=28644, stack(0x000000ff1e800000,0x000000ff1e900000) (1024K)]
  0x000002acba97e860 JavaThread "Cache worker for execution history cache (C:\Users\denis\Desktop\meraki_app\android\.gradle\8.14.3\executionHistory)"        [_thread_blocked, id=29380, stack(0x000000ff1e900000,0x000000ff1ea00000) (1024K)]
  0x000002ace868ec00 JavaThread "Exec process Thread 4"             [_thread_in_native, id=24216, stack(0x000000ff1ea00000,0x000000ff1eb00000) (1024K)]
  0x000002ace868f290 JavaThread "Exec process Thread 5"             [_thread_blocked, id=19964, stack(0x000000ff1eb00000,0x000000ff1ec00000) (1024K)]
  0x000002ace5279810 JavaThread "Exec process Thread 6"             [_thread_blocked, id=30600, stack(0x000000ff1ec00000,0x000000ff1ed00000) (1024K)]
  0x000002ace86b92c0 JavaThread "Exec process Thread 7"             [_thread_blocked, id=9876, stack(0x000000ff1ed00000,0x000000ff1ee00000) (1024K)]
  0x000002acba97f580 JavaThread "WorkerExecutor Queue"              [_thread_blocked, id=9392, stack(0x000000ff1ee00000,0x000000ff1ef00000) (1024K)]
  0x000002ace888aef0 JavaThread "WorkerExecutor Queue Thread 5"        [_thread_blocked, id=14308, stack(0x000000ff1f200000,0x000000ff1f300000) (1024K)]
  0x000002acec1488f0 JavaThread "WorkerExecutor Queue Thread 6"        [_thread_blocked, id=31604, stack(0x000000ff1f300000,0x000000ff1f400000) (1024K)]
  0x000002acebe9bb60 JavaThread "WorkerExecutor Queue Thread 7"        [_thread_blocked, id=30840, stack(0x000000ff1f400000,0x000000ff1f500000) (1024K)]
  0x000002acde0a5450 JavaThread "WorkerExecutor Queue Thread 8"        [_thread_blocked, id=30512, stack(0x000000ff1f500000,0x000000ff1f600000) (1024K)]
  0x000002ace85aa060 JavaThread "Exec process Thread 8"             [_thread_blocked, id=17368, stack(0x000000ff23600000,0x000000ff23700000) (1024K)]
  0x000002ace85a6be0 JavaThread "Exec process Thread 9"             [_thread_blocked, id=30740, stack(0x000000ff23700000,0x000000ff23800000) (1024K)]
  0x000002acec14a9c0 JavaThread "Exec process Thread 10"            [_thread_blocked, id=33468, stack(0x000000ff24600000,0x000000ff24700000) (1024K)]
  0x000002ace85a7270 JavaThread "Exec process Thread 11"            [_thread_blocked, id=29816, stack(0x000000ff24700000,0x000000ff24800000) (1024K)]
  0x000002acebe9cf10 JavaThread "Exec process Thread 12"            [_thread_blocked, id=31656, stack(0x000000ff24800000,0x000000ff24900000) (1024K)]
  0x000002acebe9c880 JavaThread "Exec process Thread 13"            [_thread_blocked, id=29620, stack(0x000000ff24900000,0x000000ff24a00000) (1024K)]
  0x000002ace86b9fe0 JavaThread "Exec process Thread 14"            [_thread_blocked, id=16344, stack(0x000000ff24a00000,0x000000ff24b00000) (1024K)]
  0x000002acec149ca0 JavaThread "Exec process Thread 15"            [_thread_blocked, id=31016, stack(0x000000ff24b00000,0x000000ff24c00000) (1024K)]
  0x000002acec14b050 JavaThread "Exec process Thread 16"            [_thread_blocked, id=32372, stack(0x000000ff24c00000,0x000000ff24d00000) (1024K)]
  0x000002ace527b8e0 JavaThread "Exec process Thread 17"            [_thread_blocked, id=28152, stack(0x000000ff24d00000,0x000000ff24e00000) (1024K)]
  0x000002ace527bf70 JavaThread "Exec process Thread 18"            [_thread_blocked, id=15992, stack(0x000000ff24e00000,0x000000ff24f00000) (1024K)]
  0x000002ace7b9ff80 JavaThread "Exec process Thread 19"            [_thread_blocked, id=33008, stack(0x000000ff24f00000,0x000000ff25000000) (1024K)]
  0x000002aceca9dbb0 JavaThread "Exec process Thread 20"            [_thread_blocked, id=9180, stack(0x000000ff25000000,0x000000ff25100000) (1024K)]
  0x000002aceca9b450 JavaThread "Exec process Thread 21"            [_thread_blocked, id=7548, stack(0x000000ff25100000,0x000000ff25200000) (1024K)]
  0x000002ace9c19770 JavaThread "Exec process Thread 22"            [_thread_blocked, id=31100, stack(0x000000ff25200000,0x000000ff25300000) (1024K)]
  0x000002acebe9dc30 JavaThread "Exec process Thread 23"            [_thread_blocked, id=18708, stack(0x000000ff25300000,0x000000ff25400000) (1024K)]
  0x000002acebe9d5a0 JavaThread "Exec process Thread 24"            [_thread_blocked, id=20008, stack(0x000000ff25400000,0x000000ff25500000) (1024K)]
  0x000002ace73a1190 JavaThread "Exec process Thread 25"            [_thread_blocked, id=24136, stack(0x000000ff25500000,0x000000ff25600000) (1024K)]
  0x000002aceac2a1f0 JavaThread "Exec process Thread 26"            [_thread_blocked, id=30164, stack(0x000000ff25600000,0x000000ff25700000) (1024K)]
  0x000002ace9c183c0 JavaThread "Exec process Thread 27"            [_thread_blocked, id=24244, stack(0x000000ff25700000,0x000000ff25800000) (1024K)]
  0x000002ace9c19e00 JavaThread "Exec process Thread 28"            [_thread_blocked, id=20340, stack(0x000000ff25800000,0x000000ff25900000) (1024K)]
  0x000002ace88a2430 JavaThread "Exec process Thread 29"            [_thread_blocked, id=24128, stack(0x000000ff25900000,0x000000ff25a00000) (1024K)]
  0x000002ace88a2ac0 JavaThread "Exec process Thread 30"            [_thread_blocked, id=5948, stack(0x000000ff25c00000,0x000000ff25d00000) (1024K)]
  0x000002ace9c1b1b0 JavaThread "WorkerExecutor Queue Thread 9"        [_thread_blocked, id=29188, stack(0x000000ff15b00000,0x000000ff15c00000) (1024K)]
  0x000002acec14b6e0 JavaThread "Exec process Thread 31"            [_thread_blocked, id=3664, stack(0x000000ff25d00000,0x000000ff25e00000) (1024K)]
  0x000002ace889f640 JavaThread "Exec process Thread 32"            [_thread_blocked, id=12744, stack(0x000000ff25e00000,0x000000ff25f00000) (1024K)]
  0x000002ace869c9a0 JavaThread "Exec process Thread 33"            [_thread_blocked, id=12988, stack(0x000000ff25f00000,0x000000ff26000000) (1024K)]
  0x000002ace9c1ab20 JavaThread "WorkerExecutor Queue Thread 11"        [_thread_blocked, id=30708, stack(0x000000ff26200000,0x000000ff26300000) (1024K)]
  0x000002ace7b9b750 JavaThread "WorkerExecutor Queue Thread 13"        [_thread_blocked, id=13540, stack(0x000000ff26500000,0x000000ff26600000) (1024K)]
  0x000002aceca9bae0 JavaThread "WorkerExecutor Queue Thread 15"        [_thread_blocked, id=22960, stack(0x000000ff15a00000,0x000000ff15b00000) (1024K)]
  0x000002ace7ba0610 JavaThread "Cache worker for Java compile cache (C:\Users\denis\.gradle\caches\8.14.3\javaCompile)"        [_thread_blocked, id=29536, stack(0x000000ff1f100000,0x000000ff1f200000) (1024K)]
  0x000002acec35acf0 JavaThread "Build operations"                  [_thread_blocked, id=12812, stack(0x000000ff1ef00000,0x000000ff1f000000) (1024K)]
  0x000002acec35a660 JavaThread "Build operations Thread 2"         [_thread_blocked, id=32216, stack(0x000000ff26700000,0x000000ff26800000) (1024K)]
  0x000002acec35c0a0 JavaThread "Build operations Thread 3"         [_thread_blocked, id=13380, stack(0x000000ff26800000,0x000000ff26900000) (1024K)]
  0x000002acec359fd0 JavaThread "Build operations Thread 4"         [_thread_blocked, id=25632, stack(0x000000ff26900000,0x000000ff26a00000) (1024K)]
  0x000002acec35ba10 JavaThread "Build operations Thread 5"         [_thread_blocked, id=30604, stack(0x000000ff26a00000,0x000000ff26b00000) (1024K)]
  0x000002acec3592b0 JavaThread "Build operations Thread 6"         [_thread_blocked, id=5332, stack(0x000000ff26b00000,0x000000ff26c00000) (1024K)]
  0x000002acec359940 JavaThread "Build operations Thread 7"         [_thread_blocked, id=4088, stack(0x000000ff26c00000,0x000000ff26d00000) (1024K)]
  0x000002ace85a7f90 JavaThread "Build operations Thread 8"         [_thread_blocked, id=28424, stack(0x000000ff26d00000,0x000000ff26e00000) (1024K)]
  0x000002aced343d70 JavaThread "Build operations Thread 9"         [_thread_blocked, id=20924, stack(0x000000ff26e00000,0x000000ff26f00000) (1024K)]
  0x000002aced3429c0 JavaThread "Build operations Thread 10"        [_thread_blocked, id=1892, stack(0x000000ff26f00000,0x000000ff27000000) (1024K)]
  0x000002ace8cfa4c0 JavaThread "Build operations Thread 11"        [_thread_blocked, id=15512, stack(0x000000ff27000000,0x000000ff27100000) (1024K)]
  0x000002ace5af6d20 JavaThread "Build operations Thread 12"        [_thread_blocked, id=30480, stack(0x000000ff27200000,0x000000ff27300000) (1024K)]
  0x000002ace7ba3400 JavaThread "RMI Scheduler(0)"           daemon [_thread_blocked, id=11120, stack(0x000000ff27100000,0x000000ff27200000) (1024K)]
  0x000002ace7b9cb00 JavaThread "RMI RenewClean-[127.0.0.1:17883,org.jetbrains.kotlin.daemon.common.LoopbackNetworkInterface$ClientLoopbackSocketFactory@7b42c3e0]" daemon [_thread_blocked, id=14264, stack(0x000000ff27300000,0x000000ff27400000) (1024K)]
  0x000002ace7ba8950 JavaThread "RMI GC Daemon"              daemon [_thread_blocked, id=30792, stack(0x000000ff27400000,0x000000ff27500000) (1024K)]
  0x000002ace86b9950 JavaThread "RMI RenewClean-[127.0.0.1:17883,org.jetbrains.kotlin.daemon.common.LoopbackNetworkInterface$ClientLoopbackSocketFactory@6a885bd9]" daemon [_thread_blocked, id=20992, stack(0x000000ff27500000,0x000000ff27600000) (1024K)]
  0x000002acdf8848c0 JavaThread "RMI TCP Accept-0"           daemon [_thread_in_native, id=32544, stack(0x000000ff27600000,0x000000ff27700000) (1024K)]
  0x000002acdf883ba0 JavaThread "RMI Reaper"                        [_thread_blocked, id=13128, stack(0x000000ff27700000,0x000000ff27800000) (1024K)]
  0x000002ace51568a0 JavaThread "RMI RenewClean-[127.0.0.1:17883,org.jetbrains.kotlin.daemon.common.LoopbackNetworkInterface$ClientLoopbackSocketFactory@5bef5d6d]" daemon [_thread_blocked, id=30316, stack(0x000000ff27800000,0x000000ff27900000) (1024K)]
  0x000002ace5af7a40 JavaThread "RMI RenewClean-[127.0.0.1:17883,org.jetbrains.kotlin.daemon.common.LoopbackNetworkInterface$ClientLoopbackSocketFactory@2f126fc1]" daemon [_thread_blocked, id=11104, stack(0x000000ff27900000,0x000000ff27a00000) (1024K)]
  0x000002acdf882e80 JavaThread "RMI TCP Connection(idle)"   daemon [_thread_blocked, id=29772, stack(0x000000ff27a00000,0x000000ff27b00000) (1024K)]
  0x000002acdf883510 JavaThread "RMI TCP Connection(idle)"   daemon [_thread_blocked, id=20704, stack(0x000000ff27b00000,0x000000ff27c00000) (1024K)]
  0x000002acdf884f50 JavaThread "RMI TCP Connection(idle)"   daemon [_thread_blocked, id=31512, stack(0x000000ff27c00000,0x000000ff27d00000) (1024K)]
  0x000002acea450980 JavaThread "RMI TCP Connection(idle)"   daemon [_thread_blocked, id=32640, stack(0x000000ff27d00000,0x000000ff27e00000) (1024K)]
  0x000002ace5156f30 JavaThread "RMI RenewClean-[127.0.0.1:17883,org.jetbrains.kotlin.daemon.common.LoopbackNetworkInterface$ClientLoopbackSocketFactory@63305797]" daemon [_thread_blocked, id=30660, stack(0x000000ff27e00000,0x000000ff27f00000) (1024K)]
  0x000002ace527a530 JavaThread "RMI TCP Connection(idle)"   daemon [_thread_blocked, id=32980, stack(0x000000ff27f00000,0x000000ff28000000) (1024K)]
  0x000002acf44dd650 JavaThread "RMI RenewClean-[127.0.0.1:17883,org.jetbrains.kotlin.daemon.common.LoopbackNetworkInterface$ClientLoopbackSocketFactory@704cffb9]" daemon [_thread_blocked, id=7720, stack(0x000000ff28000000,0x000000ff28100000) (1024K)]
  0x000002acea451010 JavaThread "RMI TCP Connection(idle)"   daemon [_thread_blocked, id=6772, stack(0x000000ff28100000,0x000000ff28200000) (1024K)]
  0x000002acebe9b4d0 JavaThread "RMI RenewClean-[127.0.0.1:17883,org.jetbrains.kotlin.daemon.common.LoopbackNetworkInterface$ClientLoopbackSocketFactory@390b5b62]" daemon [_thread_blocked, id=10676, stack(0x000000ff26100000,0x000000ff26200000) (1024K)]
  0x000002ace7ba47b0 JavaThread "RMI TCP Connection(idle)"   daemon [_thread_blocked, id=4368, stack(0x000000ff28400000,0x000000ff28500000) (1024K)]
  0x000002acf44dbc10 JavaThread "RMI RenewClean-[127.0.0.1:17883,org.jetbrains.kotlin.daemon.common.LoopbackNetworkInterface$ClientLoopbackSocketFactory@a3b0ea]" daemon [_thread_blocked, id=24620, stack(0x000000ff26600000,0x000000ff26700000) (1024K)]
  0x000002acea44f5d0 JavaThread "RMI TCP Connection(idle)"   daemon [_thread_blocked, id=28404, stack(0x000000ff28500000,0x000000ff28600000) (1024K)]
  0x000002ace8690640 JavaThread "WorkerExecutor Queue Thread 17"        [_thread_blocked, id=5876, stack(0x000000ff28600000,0x000000ff28700000) (1024K)]
  0x000002ace868dee0 JavaThread "WorkerExecutor Queue Thread 18"        [_thread_blocked, id=33344, stack(0x000000ff26000000,0x000000ff26100000) (1024K)]
  0x000002ace868f920 JavaThread "WorkerExecutor Queue Thread 19"        [_thread_blocked, id=31560, stack(0x000000ff28200000,0x000000ff28300000) (1024K)]
=>0x000002acec6ba170 JavaThread "C2 CompilerThread1"         daemon [_thread_in_native, id=25624, stack(0x000000ff1f000000,0x000000ff1f100000) (1024K)]
  0x000002acf4dd9140 JavaThread "C2 CompilerThread2"         daemon [_thread_blocked, id=30304, stack(0x000000ff28300000,0x000000ff28400000) (1024K)]
Total: 275

Other Threads:
  0x000002acba6ec730 VMThread "VM Thread"                           [id=9868, stack(0x000000ff16400000,0x000000ff16500000) (1024K)]
  0x000002acba81d0a0 WatcherThread "VM Periodic Task Thread"        [id=25060, stack(0x000000ff16300000,0x000000ff16400000) (1024K)]
  0x000002ac9d493610 WorkerThread "GC Thread#0"                     [id=27816, stack(0x000000ff15e00000,0x000000ff15f00000) (1024K)]
  0x000002acda63ed20 WorkerThread "GC Thread#1"                     [id=12652, stack(0x000000ff17100000,0x000000ff17200000) (1024K)]
  0x000002acda6b4980 WorkerThread "GC Thread#2"                     [id=33384, stack(0x000000ff17200000,0x000000ff17300000) (1024K)]
  0x000002acda6d9510 WorkerThread "GC Thread#3"                     [id=28016, stack(0x000000ff17300000,0x000000ff17400000) (1024K)]
  0x000002acda6d98c0 WorkerThread "GC Thread#4"                     [id=29984, stack(0x000000ff17400000,0x000000ff17500000) (1024K)]
  0x000002acda6fc3b0 WorkerThread "GC Thread#5"                     [id=21676, stack(0x000000ff17500000,0x000000ff17600000) (1024K)]
  0x000002acda6fc760 WorkerThread "GC Thread#6"                     [id=22696, stack(0x000000ff17600000,0x000000ff17700000) (1024K)]
  0x000002acda6fcb10 WorkerThread "GC Thread#7"                     [id=29644, stack(0x000000ff17700000,0x000000ff17800000) (1024K)]
  0x000002acda6fd2d0 WorkerThread "GC Thread#8"                     [id=3472, stack(0x000000ff17800000,0x000000ff17900000) (1024K)]
  0x000002acda6fd680 WorkerThread "GC Thread#9"                     [id=5880, stack(0x000000ff17900000,0x000000ff17a00000) (1024K)]
  0x000002ac9d4a8710 ConcurrentGCThread "G1 Main Marker"            [id=25292, stack(0x000000ff15f00000,0x000000ff16000000) (1024K)]
  0x000002ac9d4aa8d0 WorkerThread "G1 Conc#0"                       [id=3312, stack(0x000000ff16000000,0x000000ff16100000) (1024K)]
  0x000002acdbaf6f40 WorkerThread "G1 Conc#1"                       [id=18672, stack(0x000000ff18700000,0x000000ff18800000) (1024K)]
  0x000002acdbaf9070 WorkerThread "G1 Conc#2"                       [id=13140, stack(0x000000ff18800000,0x000000ff18900000) (1024K)]
  0x000002acba6cd060 ConcurrentGCThread "G1 Refine#0"               [id=24728, stack(0x000000ff16100000,0x000000ff16200000) (1024K)]
  0x000002acba6cd9f0 ConcurrentGCThread "G1 Service"                [id=4152, stack(0x000000ff16200000,0x000000ff16300000) (1024K)]
Total: 18

Threads with active compile tasks:
C2 CompilerThread1  130710 50476   !   4       java.io.ObjectOutputStream::writeObject0 (620 bytes)
Total: 1

VM state: not at safepoint (normal execution)

VM Mutex/Monitor currently owned by a thread: None

Heap address: 0x0000000080000000, size: 2048 MB, Compressed Oops mode: 32-bit

CDS archive(s) mapped at: [0x000002acbb000000-0x000002acbbd70000-0x000002acbbd70000), size 14090240, SharedBaseAddress: 0x000002acbb000000, ArchiveRelocationMode: 1.
Compressed class space mapped at: 0x000002acbc000000-0x000002acd6000000, reserved size: 436207616
Narrow klass base: 0x000002acbb000000, Narrow klass shift: 0, Narrow klass range: 0x1b000000

GC Precious Log:
 CardTable entry size: 512
 Card Set container configuration: InlinePtr #cards 5 size 8 Array Of Cards #cards 10 size 36 Howl #buckets 4 coarsen threshold 1843 Howl Bitmap #cards 512 size 80 coarsen threshold 460 Card regions per heap region 1 cards per card region 2048
 CPUs: 12 total, 12 available
 Memory: 32471M
 Large Page Support: Disabled
 NUMA Support: Disabled
 Compressed Oops: Enabled (32-bit)
 Heap Region Size: 1M
 Heap Min Capacity: 8M
 Heap Initial Capacity: 508M
 Heap Max Capacity: 2G
 Pre-touch: Disabled
 Parallel Workers: 10
 Concurrent Workers: 3
 Concurrent Refinement Workers: 10
 Periodic GC: Disabled

Heap:
 garbage-first heap   total reserved 2097152K, committed 985088K, used 781462K [0x0000000080000000, 0x0000000100000000)
  region size 1024K, 193 young (197632K), 20 survivors (20480K)
 Metaspace       used 211824K, committed 215680K, reserved 622592K
  class space    used 28393K, committed 30144K, reserved 425984K

Heap Regions: E=young(eden), S=young(survivor), O=old, HS=humongous(starts), HC=humongous(continues), CS=collection set, F=free, TAMS=top-at-mark-start, PB=parsable bottom
|   0|0x0000000080000000, 0x0000000080100000, 0x0000000080100000|100%|HS|  |TAMS 0x0000000080000000| PB 0x0000000080000000| Complete |  0
|   1|0x0000000080100000, 0x0000000080200000, 0x0000000080200000|100%|HC|  |TAMS 0x0000000080100000| PB 0x0000000080100000| Complete |  0
|   2|0x0000000080200000, 0x0000000080300000, 0x0000000080300000|100%|HC|  |TAMS 0x0000000080200000| PB 0x0000000080200000| Complete |  0
|   3|0x0000000080300000, 0x0000000080400000, 0x0000000080400000|100%| O|  |TAMS 0x0000000080300000| PB 0x0000000080300000| Untracked |  0
|   4|0x0000000080400000, 0x0000000080500000, 0x0000000080500000|100%| O|  |TAMS 0x0000000080400000| PB 0x0000000080400000| Untracked |  0
|   5|0x0000000080500000, 0x0000000080600000, 0x0000000080600000|100%| O|  |TAMS 0x0000000080500000| PB 0x0000000080500000| Untracked |  0
|   6|0x0000000080600000, 0x0000000080700000, 0x0000000080700000|100%| O|  |TAMS 0x0000000080600000| PB 0x0000000080600000| Untracked |  0
|   7|0x0000000080700000, 0x0000000080800000, 0x0000000080800000|100%|HS|  |TAMS 0x0000000080700000| PB 0x0000000080700000| Complete |  0
|   8|0x0000000080800000, 0x0000000080900000, 0x0000000080900000|100%| O|  |TAMS 0x0000000080800000| PB 0x0000000080800000| Untracked |  0
|   9|0x0000000080900000, 0x0000000080a00000, 0x0000000080a00000|100%| O|  |TAMS 0x0000000080900000| PB 0x0000000080900000| Untracked |  0
|  10|0x0000000080a00000, 0x0000000080b00000, 0x0000000080b00000|100%| O|  |TAMS 0x0000000080a00000| PB 0x0000000080a00000| Untracked |  0
|  11|0x0000000080b00000, 0x0000000080c00000, 0x0000000080c00000|100%| O|  |TAMS 0x0000000080b00000| PB 0x0000000080b00000| Untracked |  0
|  12|0x0000000080c00000, 0x0000000080d00000, 0x0000000080d00000|100%| O|  |TAMS 0x0000000080c00000| PB 0x0000000080c00000| Untracked |  0
|  13|0x0000000080d00000, 0x0000000080e00000, 0x0000000080e00000|100%| O|  |TAMS 0x0000000080d00000| PB 0x0000000080d00000| Untracked |  0
|  14|0x0000000080e00000, 0x0000000080f00000, 0x0000000080f00000|100%| O|  |TAMS 0x0000000080e00000| PB 0x0000000080e00000| Untracked |  0
|  15|0x0000000080f00000, 0x0000000081000000, 0x0000000081000000|100%| O|  |TAMS 0x0000000080f00000| PB 0x0000000080f00000| Untracked |  0
|  16|0x0000000081000000, 0x0000000081100000, 0x0000000081100000|100%| O|  |TAMS 0x0000000081000000| PB 0x0000000081000000| Untracked |  0
|  17|0x0000000081100000, 0x0000000081200000, 0x0000000081200000|100%| O|  |TAMS 0x0000000081100000| PB 0x0000000081100000| Untracked |  0
|  18|0x0000000081200000, 0x0000000081300000, 0x0000000081300000|100%| O|  |TAMS 0x0000000081200000| PB 0x0000000081200000| Untracked |  0
|  19|0x0000000081300000, 0x0000000081400000, 0x0000000081400000|100%| O|  |TAMS 0x0000000081300000| PB 0x0000000081300000| Untracked |  0
|  20|0x0000000081400000, 0x0000000081500000, 0x0000000081500000|100%| O|  |TAMS 0x0000000081400000| PB 0x0000000081400000| Untracked |  0
|  21|0x0000000081500000, 0x0000000081600000, 0x0000000081600000|100%| O|  |TAMS 0x0000000081500000| PB 0x0000000081500000| Untracked |  0
|  22|0x0000000081600000, 0x0000000081700000, 0x0000000081700000|100%| O|  |TAMS 0x0000000081600000| PB 0x0000000081600000| Untracked |  0
|  23|0x0000000081700000, 0x0000000081800000, 0x0000000081800000|100%| O|  |TAMS 0x0000000081700000| PB 0x0000000081700000| Untracked |  0
|  24|0x0000000081800000, 0x0000000081900000, 0x0000000081900000|100%| O|  |TAMS 0x0000000081800000| PB 0x0000000081800000| Untracked |  0
|  25|0x0000000081900000, 0x0000000081a00000, 0x0000000081a00000|100%| O|  |TAMS 0x0000000081900000| PB 0x0000000081900000| Untracked |  0
|  26|0x0000000081a00000, 0x0000000081b00000, 0x0000000081b00000|100%| O|  |TAMS 0x0000000081a00000| PB 0x0000000081a00000| Untracked |  0
|  27|0x0000000081b00000, 0x0000000081c00000, 0x0000000081c00000|100%| O|  |TAMS 0x0000000081b00000| PB 0x0000000081b00000| Untracked |  0
|  28|0x0000000081c00000, 0x0000000081d00000, 0x0000000081d00000|100%| O|  |TAMS 0x0000000081c00000| PB 0x0000000081c00000| Untracked |  0
|  29|0x0000000081d00000, 0x0000000081e00000, 0x0000000081e00000|100%| O|  |TAMS 0x0000000081d00000| PB 0x0000000081d00000| Untracked |  0
|  30|0x0000000081e00000, 0x0000000081f00000, 0x0000000081f00000|100%| O|  |TAMS 0x0000000081e00000| PB 0x0000000081e00000| Untracked |  0
|  31|0x0000000081f00000, 0x0000000082000000, 0x0000000082000000|100%| O|  |TAMS 0x0000000081f00000| PB 0x0000000081f00000| Untracked |  0
|  32|0x0000000082000000, 0x0000000082100000, 0x0000000082100000|100%| O|  |TAMS 0x0000000082000000| PB 0x0000000082000000| Untracked |  0
|  33|0x0000000082100000, 0x0000000082200000, 0x0000000082200000|100%| O|  |TAMS 0x0000000082100000| PB 0x0000000082100000| Untracked |  0
|  34|0x0000000082200000, 0x0000000082300000, 0x0000000082300000|100%| O|  |TAMS 0x0000000082200000| PB 0x0000000082200000| Untracked |  0
|  35|0x0000000082300000, 0x0000000082400000, 0x0000000082400000|100%| O|  |TAMS 0x0000000082300000| PB 0x0000000082300000| Untracked |  0
|  36|0x0000000082400000, 0x0000000082500000, 0x0000000082500000|100%| O|  |TAMS 0x0000000082400000| PB 0x0000000082400000| Untracked |  0
|  37|0x0000000082500000, 0x0000000082600000, 0x0000000082600000|100%| O|  |TAMS 0x0000000082500000| PB 0x0000000082500000| Untracked |  0
|  38|0x0000000082600000, 0x0000000082700000, 0x0000000082700000|100%| O|  |TAMS 0x0000000082600000| PB 0x0000000082600000| Untracked |  0
|  39|0x0000000082700000, 0x0000000082800000, 0x0000000082800000|100%| O|  |TAMS 0x0000000082700000| PB 0x0000000082700000| Untracked |  0
|  40|0x0000000082800000, 0x0000000082900000, 0x0000000082900000|100%| O|  |TAMS 0x0000000082800000| PB 0x0000000082800000| Untracked |  0
|  41|0x0000000082900000, 0x0000000082a00000, 0x0000000082a00000|100%|HS|  |TAMS 0x0000000082900000| PB 0x0000000082900000| Complete |  0
|  42|0x0000000082a00000, 0x0000000082b00000, 0x0000000082b00000|100%| O|  |TAMS 0x0000000082a00000| PB 0x0000000082a00000| Untracked |  0
|  43|0x0000000082b00000, 0x0000000082c00000, 0x0000000082c00000|100%| O|  |TAMS 0x0000000082b00000| PB 0x0000000082b00000| Untracked |  0
|  44|0x0000000082c00000, 0x0000000082d00000, 0x0000000082d00000|100%|HS|  |TAMS 0x0000000082c00000| PB 0x0000000082c00000| Complete |  0
|  45|0x0000000082d00000, 0x0000000082e00000, 0x0000000082e00000|100%| O|  |TAMS 0x0000000082d00000| PB 0x0000000082d00000| Untracked |  0
|  46|0x0000000082e00000, 0x0000000082f00000, 0x0000000082f00000|100%| O|  |TAMS 0x0000000082e00000| PB 0x0000000082e00000| Untracked |  0
|  47|0x0000000082f00000, 0x0000000083000000, 0x0000000083000000|100%|HS|  |TAMS 0x0000000082f00000| PB 0x0000000082f00000| Complete |  0
|  48|0x0000000083000000, 0x0000000083100000, 0x0000000083100000|100%|HC|  |TAMS 0x0000000083000000| PB 0x0000000083000000| Complete |  0
|  49|0x0000000083100000, 0x0000000083200000, 0x0000000083200000|100%|HC|  |TAMS 0x0000000083100000| PB 0x0000000083100000| Complete |  0
|  50|0x0000000083200000, 0x0000000083300000, 0x0000000083300000|100%| O|  |TAMS 0x0000000083200000| PB 0x0000000083200000| Untracked |  0
|  51|0x0000000083300000, 0x0000000083400000, 0x0000000083400000|100%| O|  |TAMS 0x0000000083300000| PB 0x0000000083300000| Untracked |  0
|  52|0x0000000083400000, 0x0000000083500000, 0x0000000083500000|100%|HS|  |TAMS 0x0000000083400000| PB 0x0000000083400000| Complete |  0
|  53|0x0000000083500000, 0x0000000083600000, 0x0000000083600000|100%|HC|  |TAMS 0x0000000083500000| PB 0x0000000083500000| Complete |  0
|  54|0x0000000083600000, 0x0000000083700000, 0x0000000083700000|100%|HC|  |TAMS 0x0000000083600000| PB 0x0000000083600000| Complete |  0
|  55|0x0000000083700000, 0x0000000083800000, 0x0000000083800000|100%| O|  |TAMS 0x0000000083700000| PB 0x0000000083700000| Untracked |  0
|  56|0x0000000083800000, 0x0000000083900000, 0x0000000083900000|100%| O|  |TAMS 0x0000000083800000| PB 0x0000000083800000| Untracked |  0
|  57|0x0000000083900000, 0x0000000083a00000, 0x0000000083a00000|100%|HS|  |TAMS 0x0000000083900000| PB 0x0000000083900000| Complete |  0
|  58|0x0000000083a00000, 0x0000000083b00000, 0x0000000083b00000|100%| O|  |TAMS 0x0000000083a00000| PB 0x0000000083a00000| Untracked |  0
|  59|0x0000000083b00000, 0x0000000083c00000, 0x0000000083c00000|100%| O|  |TAMS 0x0000000083b00000| PB 0x0000000083b00000| Untracked |  0
|  60|0x0000000083c00000, 0x0000000083d00000, 0x0000000083d00000|100%| O|  |TAMS 0x0000000083c00000| PB 0x0000000083c00000| Untracked |  0
|  61|0x0000000083d00000, 0x0000000083e00000, 0x0000000083e00000|100%| O|  |TAMS 0x0000000083d00000| PB 0x0000000083d00000| Untracked |  0
|  62|0x0000000083e00000, 0x0000000083f00000, 0x0000000083f00000|100%| O|  |TAMS 0x0000000083e00000| PB 0x0000000083e00000| Untracked |  0
|  63|0x0000000083f00000, 0x0000000084000000, 0x0000000084000000|100%| O|  |TAMS 0x0000000083f00000| PB 0x0000000083f00000| Untracked |  0
|  64|0x0000000084000000, 0x0000000084100000, 0x0000000084100000|100%| O|  |TAMS 0x0000000084000000| PB 0x0000000084000000| Untracked |  0
|  65|0x0000000084100000, 0x0000000084200000, 0x0000000084200000|100%| O|  |TAMS 0x0000000084100000| PB 0x0000000084100000| Untracked |  0
|  66|0x0000000084200000, 0x0000000084300000, 0x0000000084300000|100%| O|  |TAMS 0x0000000084200000| PB 0x0000000084200000| Untracked |  0
|  67|0x0000000084300000, 0x0000000084400000, 0x0000000084400000|100%| O|  |TAMS 0x0000000084300000| PB 0x0000000084300000| Untracked |  0
|  68|0x0000000084400000, 0x0000000084500000, 0x0000000084500000|100%|HS|  |TAMS 0x0000000084400000| PB 0x0000000084400000| Complete |  0
|  69|0x0000000084500000, 0x0000000084600000, 0x0000000084600000|100%| O|  |TAMS 0x0000000084500000| PB 0x0000000084500000| Untracked |  0
|  70|0x0000000084600000, 0x0000000084700000, 0x0000000084700000|100%| O|  |TAMS 0x0000000084600000| PB 0x0000000084600000| Untracked |  0
|  71|0x0000000084700000, 0x0000000084800000, 0x0000000084800000|100%| O|  |TAMS 0x0000000084700000| PB 0x0000000084700000| Untracked |  0
|  72|0x0000000084800000, 0x0000000084900000, 0x0000000084900000|100%| O|  |TAMS 0x0000000084800000| PB 0x0000000084800000| Untracked |  0
|  73|0x0000000084900000, 0x0000000084a00000, 0x0000000084a00000|100%| O|  |TAMS 0x0000000084900000| PB 0x0000000084900000| Untracked |  0
|  74|0x0000000084a00000, 0x0000000084b00000, 0x0000000084b00000|100%| O|  |TAMS 0x0000000084a00000| PB 0x0000000084a00000| Untracked |  0
|  75|0x0000000084b00000, 0x0000000084c00000, 0x0000000084c00000|100%| O|  |TAMS 0x0000000084b00000| PB 0x0000000084b00000| Untracked |  0
|  76|0x0000000084c00000, 0x0000000084d00000, 0x0000000084d00000|100%| O|  |TAMS 0x0000000084c00000| PB 0x0000000084c00000| Untracked |  0
|  77|0x0000000084d00000, 0x0000000084e00000, 0x0000000084e00000|100%| O|  |TAMS 0x0000000084d00000| PB 0x0000000084d00000| Untracked |  0
|  78|0x0000000084e00000, 0x0000000084f00000, 0x0000000084f00000|100%| O|  |TAMS 0x0000000084e00000| PB 0x0000000084e00000| Untracked |  0
|  79|0x0000000084f00000, 0x0000000085000000, 0x0000000085000000|100%| O|  |TAMS 0x0000000084f00000| PB 0x0000000084f00000| Untracked |  0
|  80|0x0000000085000000, 0x0000000085100000, 0x0000000085100000|100%| O|  |TAMS 0x0000000085000000| PB 0x0000000085000000| Untracked |  0
|  81|0x0000000085100000, 0x0000000085200000, 0x0000000085200000|100%| O|  |TAMS 0x0000000085100000| PB 0x0000000085100000| Untracked |  0
|  82|0x0000000085200000, 0x0000000085300000, 0x0000000085300000|100%| O|  |TAMS 0x0000000085200000| PB 0x0000000085200000| Untracked |  0
|  83|0x0000000085300000, 0x0000000085400000, 0x0000000085400000|100%| O|  |TAMS 0x0000000085300000| PB 0x0000000085300000| Untracked |  0
|  84|0x0000000085400000, 0x0000000085500000, 0x0000000085500000|100%| O|  |TAMS 0x0000000085400000| PB 0x0000000085400000| Untracked |  0
|  85|0x0000000085500000, 0x0000000085600000, 0x0000000085600000|100%| O|  |TAMS 0x0000000085500000| PB 0x0000000085500000| Untracked |  0
|  86|0x0000000085600000, 0x0000000085700000, 0x0000000085700000|100%| O|  |TAMS 0x0000000085600000| PB 0x0000000085600000| Untracked |  0
|  87|0x0000000085700000, 0x0000000085800000, 0x0000000085800000|100%| O|  |TAMS 0x0000000085700000| PB 0x0000000085700000| Untracked |  0
|  88|0x0000000085800000, 0x0000000085900000, 0x0000000085900000|100%| O|  |TAMS 0x0000000085800000| PB 0x0000000085800000| Untracked |  0
|  89|0x0000000085900000, 0x0000000085a00000, 0x0000000085a00000|100%| O|  |TAMS 0x0000000085900000| PB 0x0000000085900000| Untracked |  0
|  90|0x0000000085a00000, 0x0000000085b00000, 0x0000000085b00000|100%| O|  |TAMS 0x0000000085a00000| PB 0x0000000085a00000| Untracked |  0
|  91|0x0000000085b00000, 0x0000000085c00000, 0x0000000085c00000|100%| O|  |TAMS 0x0000000085b00000| PB 0x0000000085b00000| Untracked |  0
|  92|0x0000000085c00000, 0x0000000085d00000, 0x0000000085d00000|100%| O|  |TAMS 0x0000000085c00000| PB 0x0000000085c00000| Untracked |  0
|  93|0x0000000085d00000, 0x0000000085e00000, 0x0000000085e00000|100%| O|  |TAMS 0x0000000085d00000| PB 0x0000000085d00000| Untracked |  0
|  94|0x0000000085e00000, 0x0000000085f00000, 0x0000000085f00000|100%| O|  |TAMS 0x0000000085e00000| PB 0x0000000085e00000| Untracked |  0
|  95|0x0000000085f00000, 0x0000000086000000, 0x0000000086000000|100%| O|  |TAMS 0x0000000085f00000| PB 0x0000000085f00000| Untracked |  0
|  96|0x0000000086000000, 0x0000000086100000, 0x0000000086100000|100%| O|  |TAMS 0x0000000086000000| PB 0x0000000086000000| Untracked |  0
|  97|0x0000000086100000, 0x0000000086200000, 0x0000000086200000|100%| O|  |TAMS 0x0000000086100000| PB 0x0000000086100000| Untracked |  0
|  98|0x0000000086200000, 0x0000000086300000, 0x0000000086300000|100%|HS|  |TAMS 0x0000000086200000| PB 0x0000000086200000| Complete |  0
|  99|0x0000000086300000, 0x0000000086400000, 0x0000000086400000|100%|HS|  |TAMS 0x0000000086300000| PB 0x0000000086300000| Complete |  0
| 100|0x0000000086400000, 0x0000000086500000, 0x0000000086500000|100%|HS|  |TAMS 0x0000000086400000| PB 0x0000000086400000| Complete |  0
| 101|0x0000000086500000, 0x0000000086600000, 0x0000000086600000|100%| O|  |TAMS 0x0000000086500000| PB 0x0000000086500000| Untracked |  0
| 102|0x0000000086600000, 0x0000000086700000, 0x0000000086700000|100%|HS|  |TAMS 0x0000000086600000| PB 0x0000000086600000| Complete |  0
| 103|0x0000000086700000, 0x0000000086800000, 0x0000000086800000|100%| O|  |TAMS 0x0000000086700000| PB 0x0000000086700000| Untracked |  0
| 104|0x0000000086800000, 0x0000000086900000, 0x0000000086900000|100%| O|  |TAMS 0x0000000086800000| PB 0x0000000086800000| Untracked |  0
| 105|0x0000000086900000, 0x0000000086a00000, 0x0000000086a00000|100%|HS|  |TAMS 0x0000000086900000| PB 0x0000000086900000| Complete |  0
| 106|0x0000000086a00000, 0x0000000086b00000, 0x0000000086b00000|100%| O|  |TAMS 0x0000000086a00000| PB 0x0000000086a00000| Untracked |  0
| 107|0x0000000086b00000, 0x0000000086c00000, 0x0000000086c00000|100%|HS|  |TAMS 0x0000000086b00000| PB 0x0000000086b00000| Complete |  0
| 108|0x0000000086c00000, 0x0000000086d00000, 0x0000000086d00000|100%|HS|  |TAMS 0x0000000086c00000| PB 0x0000000086c00000| Complete |  0
| 109|0x0000000086d00000, 0x0000000086e00000, 0x0000000086e00000|100%| O|  |TAMS 0x0000000086d00000| PB 0x0000000086d00000| Untracked |  0
| 110|0x0000000086e00000, 0x0000000086f00000, 0x0000000086f00000|100%| O|  |TAMS 0x0000000086e00000| PB 0x0000000086e00000| Untracked |  0
| 111|0x0000000086f00000, 0x0000000087000000, 0x0000000087000000|100%| O|  |TAMS 0x0000000086f00000| PB 0x0000000086f00000| Untracked |  0
| 112|0x0000000087000000, 0x0000000087100000, 0x0000000087100000|100%| O|  |TAMS 0x0000000087000000| PB 0x0000000087000000| Untracked |  0
| 113|0x0000000087100000, 0x0000000087200000, 0x0000000087200000|100%| O|  |TAMS 0x0000000087100000| PB 0x0000000087100000| Untracked |  0
| 114|0x0000000087200000, 0x0000000087300000, 0x0000000087300000|100%|HS|  |TAMS 0x0000000087200000| PB 0x0000000087200000| Complete |  0
| 115|0x0000000087300000, 0x0000000087400000, 0x0000000087400000|100%| O|  |TAMS 0x0000000087300000| PB 0x0000000087300000| Untracked |  0
| 116|0x0000000087400000, 0x0000000087500000, 0x0000000087500000|100%| O|  |TAMS 0x0000000087400000| PB 0x0000000087400000| Untracked |  0
| 117|0x0000000087500000, 0x0000000087600000, 0x0000000087600000|100%|HS|  |TAMS 0x0000000087500000| PB 0x0000000087500000| Complete |  0
| 118|0x0000000087600000, 0x0000000087700000, 0x0000000087700000|100%|HS|  |TAMS 0x0000000087600000| PB 0x0000000087600000| Complete |  0
| 119|0x0000000087700000, 0x0000000087800000, 0x0000000087800000|100%|HC|  |TAMS 0x0000000087700000| PB 0x0000000087700000| Complete |  0
| 120|0x0000000087800000, 0x0000000087900000, 0x0000000087900000|100%|HC|  |TAMS 0x0000000087800000| PB 0x0000000087800000| Complete |  0
| 121|0x0000000087900000, 0x0000000087a00000, 0x0000000087a00000|100%| O|  |TAMS 0x0000000087900000| PB 0x0000000087900000| Untracked |  0
| 122|0x0000000087a00000, 0x0000000087b00000, 0x0000000087b00000|100%| O|  |TAMS 0x0000000087a00000| PB 0x0000000087a00000| Untracked |  0
| 123|0x0000000087b00000, 0x0000000087c00000, 0x0000000087c00000|100%| O|  |TAMS 0x0000000087b00000| PB 0x0000000087b00000| Untracked |  0
| 124|0x0000000087c00000, 0x0000000087d00000, 0x0000000087d00000|100%| O|  |TAMS 0x0000000087c00000| PB 0x0000000087c00000| Untracked |  0
| 125|0x0000000087d00000, 0x0000000087e00000, 0x0000000087e00000|100%| O|  |TAMS 0x0000000087d00000| PB 0x0000000087d00000| Untracked |  0
| 126|0x0000000087e00000, 0x0000000087f00000, 0x0000000087f00000|100%| O|  |TAMS 0x0000000087e00000| PB 0x0000000087e00000| Untracked |  0
| 127|0x0000000087f00000, 0x0000000088000000, 0x0000000088000000|100%| O|  |TAMS 0x0000000087f00000| PB 0x0000000087f00000| Untracked |  0
| 128|0x0000000088000000, 0x0000000088100000, 0x0000000088100000|100%| O|  |TAMS 0x0000000088000000| PB 0x0000000088000000| Untracked |  0
| 129|0x0000000088100000, 0x0000000088200000, 0x0000000088200000|100%| O|  |TAMS 0x0000000088100000| PB 0x0000000088100000| Untracked |  0
| 130|0x0000000088200000, 0x0000000088300000, 0x0000000088300000|100%| O|  |TAMS 0x0000000088200000| PB 0x0000000088200000| Untracked |  0
| 131|0x0000000088300000, 0x0000000088400000, 0x0000000088400000|100%| O|  |TAMS 0x0000000088300000| PB 0x0000000088300000| Untracked |  0
| 132|0x0000000088400000, 0x0000000088500000, 0x0000000088500000|100%| O|  |TAMS 0x0000000088400000| PB 0x0000000088400000| Untracked |  0
| 133|0x0000000088500000, 0x0000000088600000, 0x0000000088600000|100%| O|  |TAMS 0x0000000088500000| PB 0x0000000088500000| Untracked |  0
| 134|0x0000000088600000, 0x0000000088700000, 0x0000000088700000|100%| O|  |TAMS 0x0000000088600000| PB 0x0000000088600000| Untracked |  0
| 135|0x0000000088700000, 0x0000000088800000, 0x0000000088800000|100%| O|  |TAMS 0x0000000088700000| PB 0x0000000088700000| Untracked |  0
| 136|0x0000000088800000, 0x0000000088900000, 0x0000000088900000|100%| O|  |TAMS 0x0000000088800000| PB 0x0000000088800000| Untracked |  0
| 137|0x0000000088900000, 0x0000000088a00000, 0x0000000088a00000|100%| O|  |TAMS 0x0000000088900000| PB 0x0000000088900000| Untracked |  0
| 138|0x0000000088a00000, 0x0000000088b00000, 0x0000000088b00000|100%| O|  |TAMS 0x0000000088a00000| PB 0x0000000088a00000| Untracked |  0
| 139|0x0000000088b00000, 0x0000000088c00000, 0x0000000088c00000|100%| O|  |TAMS 0x0000000088b00000| PB 0x0000000088b00000| Untracked |  0
| 140|0x0000000088c00000, 0x0000000088d00000, 0x0000000088d00000|100%| O|  |TAMS 0x0000000088c00000| PB 0x0000000088c00000| Untracked |  0
| 141|0x0000000088d00000, 0x0000000088e00000, 0x0000000088e00000|100%| O|  |TAMS 0x0000000088d00000| PB 0x0000000088d00000| Untracked |  0
| 142|0x0000000088e00000, 0x0000000088f00000, 0x0000000088f00000|100%| O|  |TAMS 0x0000000088e00000| PB 0x0000000088e00000| Untracked |  0
| 143|0x0000000088f00000, 0x0000000089000000, 0x0000000089000000|100%| O|  |TAMS 0x0000000088f00000| PB 0x0000000088f00000| Untracked |  0
| 144|0x0000000089000000, 0x0000000089100000, 0x0000000089100000|100%| O|  |TAMS 0x0000000089000000| PB 0x0000000089000000| Untracked |  0
| 145|0x0000000089100000, 0x0000000089200000, 0x0000000089200000|100%| O|  |TAMS 0x0000000089100000| PB 0x0000000089100000| Untracked |  0
| 146|0x0000000089200000, 0x0000000089300000, 0x0000000089300000|100%| O|  |TAMS 0x0000000089200000| PB 0x0000000089200000| Untracked |  0
| 147|0x0000000089300000, 0x0000000089400000, 0x0000000089400000|100%| O|  |TAMS 0x0000000089300000| PB 0x0000000089300000| Untracked |  0
| 148|0x0000000089400000, 0x0000000089500000, 0x0000000089500000|100%| O|  |TAMS 0x0000000089400000| PB 0x0000000089400000| Untracked |  0
| 149|0x0000000089500000, 0x0000000089600000, 0x0000000089600000|100%| O|  |TAMS 0x0000000089500000| PB 0x0000000089500000| Untracked |  0
| 150|0x0000000089600000, 0x0000000089700000, 0x0000000089700000|100%| O|  |TAMS 0x0000000089600000| PB 0x0000000089600000| Untracked |  0
| 151|0x0000000089700000, 0x0000000089800000, 0x0000000089800000|100%| O|  |TAMS 0x0000000089700000| PB 0x0000000089700000| Untracked |  0
| 152|0x0000000089800000, 0x0000000089900000, 0x0000000089900000|100%| O|  |TAMS 0x0000000089800000| PB 0x0000000089800000| Untracked |  0
| 153|0x0000000089900000, 0x0000000089a00000, 0x0000000089a00000|100%| O|  |TAMS 0x0000000089900000| PB 0x0000000089900000| Untracked |  0
| 154|0x0000000089a00000, 0x0000000089b00000, 0x0000000089b00000|100%| O|  |TAMS 0x0000000089a00000| PB 0x0000000089a00000| Untracked |  0
| 155|0x0000000089b00000, 0x0000000089c00000, 0x0000000089c00000|100%| O|  |TAMS 0x0000000089b00000| PB 0x0000000089b00000| Untracked |  0
| 156|0x0000000089c00000, 0x0000000089d00000, 0x0000000089d00000|100%| O|  |TAMS 0x0000000089c00000| PB 0x0000000089c00000| Untracked |  0
| 157|0x0000000089d00000, 0x0000000089e00000, 0x0000000089e00000|100%|HS|  |TAMS 0x0000000089d00000| PB 0x0000000089d00000| Complete |  0
| 158|0x0000000089e00000, 0x0000000089f00000, 0x0000000089f00000|100%| O|  |TAMS 0x0000000089e00000| PB 0x0000000089e00000| Untracked |  0
| 159|0x0000000089f00000, 0x000000008a000000, 0x000000008a000000|100%| O|  |TAMS 0x0000000089f00000| PB 0x0000000089f00000| Untracked |  0
| 160|0x000000008a000000, 0x000000008a100000, 0x000000008a100000|100%| O|  |TAMS 0x000000008a000000| PB 0x000000008a000000| Untracked |  0
| 161|0x000000008a100000, 0x000000008a200000, 0x000000008a200000|100%|HS|  |TAMS 0x000000008a100000| PB 0x000000008a100000| Complete |  0
| 162|0x000000008a200000, 0x000000008a300000, 0x000000008a300000|100%| O|  |TAMS 0x000000008a200000| PB 0x000000008a200000| Untracked |  0
| 163|0x000000008a300000, 0x000000008a400000, 0x000000008a400000|100%| O|  |TAMS 0x000000008a300000| PB 0x000000008a300000| Untracked |  0
| 164|0x000000008a400000, 0x000000008a500000, 0x000000008a500000|100%| O|  |TAMS 0x000000008a400000| PB 0x000000008a400000| Untracked |  0
| 165|0x000000008a500000, 0x000000008a600000, 0x000000008a600000|100%| O|  |TAMS 0x000000008a500000| PB 0x000000008a500000| Untracked |  0
| 166|0x000000008a600000, 0x000000008a700000, 0x000000008a700000|100%| O|  |TAMS 0x000000008a600000| PB 0x000000008a600000| Untracked |  0
| 167|0x000000008a700000, 0x000000008a800000, 0x000000008a800000|100%| O|  |TAMS 0x000000008a700000| PB 0x000000008a700000| Untracked |  0
| 168|0x000000008a800000, 0x000000008a900000, 0x000000008a900000|100%| O|  |TAMS 0x000000008a800000| PB 0x000000008a800000| Untracked |  0
| 169|0x000000008a900000, 0x000000008aa00000, 0x000000008aa00000|100%| O|  |TAMS 0x000000008a900000| PB 0x000000008a900000| Untracked |  0
| 170|0x000000008aa00000, 0x000000008ab00000, 0x000000008ab00000|100%|HS|  |TAMS 0x000000008aa00000| PB 0x000000008aa00000| Complete |  0
| 171|0x000000008ab00000, 0x000000008ac00000, 0x000000008ac00000|100%|HC|  |TAMS 0x000000008ab00000| PB 0x000000008ab00000| Complete |  0
| 172|0x000000008ac00000, 0x000000008ad00000, 0x000000008ad00000|100%| O|  |TAMS 0x000000008ac00000| PB 0x000000008ac00000| Untracked |  0
| 173|0x000000008ad00000, 0x000000008ae00000, 0x000000008ae00000|100%| O|  |TAMS 0x000000008ad00000| PB 0x000000008ad00000| Untracked |  0
| 174|0x000000008ae00000, 0x000000008af00000, 0x000000008af00000|100%| O|  |TAMS 0x000000008ae00000| PB 0x000000008ae00000| Untracked |  0
| 175|0x000000008af00000, 0x000000008b000000, 0x000000008b000000|100%| O|  |TAMS 0x000000008af00000| PB 0x000000008af00000| Untracked |  0
| 176|0x000000008b000000, 0x000000008b100000, 0x000000008b100000|100%| O|  |TAMS 0x000000008b000000| PB 0x000000008b000000| Untracked |  0
| 177|0x000000008b100000, 0x000000008b200000, 0x000000008b200000|100%| O|  |TAMS 0x000000008b100000| PB 0x000000008b100000| Untracked |  0
| 178|0x000000008b200000, 0x000000008b300000, 0x000000008b300000|100%| O|  |TAMS 0x000000008b200000| PB 0x000000008b200000| Untracked |  0
| 179|0x000000008b300000, 0x000000008b400000, 0x000000008b400000|100%| O|  |TAMS 0x000000008b300000| PB 0x000000008b300000| Untracked |  0
| 180|0x000000008b400000, 0x000000008b500000, 0x000000008b500000|100%| O|  |TAMS 0x000000008b400000| PB 0x000000008b400000| Untracked |  0
| 181|0x000000008b500000, 0x000000008b600000, 0x000000008b600000|100%| O|  |TAMS 0x000000008b500000| PB 0x000000008b500000| Untracked |  0
| 182|0x000000008b600000, 0x000000008b700000, 0x000000008b700000|100%| O|  |TAMS 0x000000008b600000| PB 0x000000008b600000| Untracked |  0
| 183|0x000000008b700000, 0x000000008b800000, 0x000000008b800000|100%| O|  |TAMS 0x000000008b700000| PB 0x000000008b700000| Untracked |  0
| 184|0x000000008b800000, 0x000000008b900000, 0x000000008b900000|100%| O|  |TAMS 0x000000008b800000| PB 0x000000008b800000| Untracked |  0
| 185|0x000000008b900000, 0x000000008ba00000, 0x000000008ba00000|100%| O|  |TAMS 0x000000008b900000| PB 0x000000008b900000| Untracked |  0
| 186|0x000000008ba00000, 0x000000008bb00000, 0x000000008bb00000|100%| O|  |TAMS 0x000000008ba00000| PB 0x000000008ba00000| Untracked |  0
| 187|0x000000008bb00000, 0x000000008bc00000, 0x000000008bc00000|100%| O|  |TAMS 0x000000008bb00000| PB 0x000000008bb00000| Untracked |  0
| 188|0x000000008bc00000, 0x000000008bd00000, 0x000000008bd00000|100%| O|  |TAMS 0x000000008bc00000| PB 0x000000008bc00000| Untracked |  0
| 189|0x000000008bd00000, 0x000000008be00000, 0x000000008be00000|100%| O|  |TAMS 0x000000008bd00000| PB 0x000000008bd00000| Untracked |  0
| 190|0x000000008be00000, 0x000000008bf00000, 0x000000008bf00000|100%| O|  |TAMS 0x000000008be00000| PB 0x000000008be00000| Untracked |  0
| 191|0x000000008bf00000, 0x000000008c000000, 0x000000008c000000|100%| O|  |TAMS 0x000000008bf00000| PB 0x000000008bf00000| Untracked |  0
| 192|0x000000008c000000, 0x000000008c100000, 0x000000008c100000|100%| O|  |TAMS 0x000000008c000000| PB 0x000000008c000000| Untracked |  0
| 193|0x000000008c100000, 0x000000008c200000, 0x000000008c200000|100%| O|  |TAMS 0x000000008c100000| PB 0x000000008c100000| Untracked |  0
| 194|0x000000008c200000, 0x000000008c300000, 0x000000008c300000|100%| O|  |TAMS 0x000000008c200000| PB 0x000000008c200000| Untracked |  0
| 195|0x000000008c300000, 0x000000008c400000, 0x000000008c400000|100%| O|  |TAMS 0x000000008c300000| PB 0x000000008c300000| Untracked |  0
| 196|0x000000008c400000, 0x000000008c500000, 0x000000008c500000|100%| O|  |TAMS 0x000000008c400000| PB 0x000000008c400000| Untracked |  0
| 197|0x000000008c500000, 0x000000008c600000, 0x000000008c600000|100%| O|  |TAMS 0x000000008c500000| PB 0x000000008c500000| Untracked |  0
| 198|0x000000008c600000, 0x000000008c700000, 0x000000008c700000|100%| O|  |TAMS 0x000000008c600000| PB 0x000000008c600000| Untracked |  0
| 199|0x000000008c700000, 0x000000008c800000, 0x000000008c800000|100%| O|  |TAMS 0x000000008c700000| PB 0x000000008c700000| Untracked |  0
| 200|0x000000008c800000, 0x000000008c900000, 0x000000008c900000|100%| O|  |TAMS 0x000000008c800000| PB 0x000000008c800000| Untracked |  0
| 201|0x000000008c900000, 0x000000008ca00000, 0x000000008ca00000|100%| O|  |TAMS 0x000000008c900000| PB 0x000000008c900000| Untracked |  0
| 202|0x000000008ca00000, 0x000000008cb00000, 0x000000008cb00000|100%| O|  |TAMS 0x000000008ca00000| PB 0x000000008ca00000| Untracked |  0
| 203|0x000000008cb00000, 0x000000008cc00000, 0x000000008cc00000|100%| O|  |TAMS 0x000000008cb00000| PB 0x000000008cb00000| Untracked |  0
| 204|0x000000008cc00000, 0x000000008cd00000, 0x000000008cd00000|100%| O|  |TAMS 0x000000008cc00000| PB 0x000000008cc00000| Untracked |  0
| 205|0x000000008cd00000, 0x000000008ce00000, 0x000000008ce00000|100%| O|  |TAMS 0x000000008cd00000| PB 0x000000008cd00000| Untracked |  0
| 206|0x000000008ce00000, 0x000000008cf00000, 0x000000008cf00000|100%| O|  |TAMS 0x000000008ce00000| PB 0x000000008ce00000| Untracked |  0
| 207|0x000000008cf00000, 0x000000008d000000, 0x000000008d000000|100%| O|  |TAMS 0x000000008cf00000| PB 0x000000008cf00000| Untracked |  0
| 208|0x000000008d000000, 0x000000008d100000, 0x000000008d100000|100%| O|  |TAMS 0x000000008d000000| PB 0x000000008d000000| Untracked |  0
| 209|0x000000008d100000, 0x000000008d200000, 0x000000008d200000|100%| O|  |TAMS 0x000000008d100000| PB 0x000000008d100000| Untracked |  0
| 210|0x000000008d200000, 0x000000008d300000, 0x000000008d300000|100%| O|  |TAMS 0x000000008d200000| PB 0x000000008d200000| Untracked |  0
| 211|0x000000008d300000, 0x000000008d400000, 0x000000008d400000|100%| O|  |TAMS 0x000000008d300000| PB 0x000000008d300000| Untracked |  0
| 212|0x000000008d400000, 0x000000008d500000, 0x000000008d500000|100%| O|  |TAMS 0x000000008d400000| PB 0x000000008d400000| Untracked |  0
| 213|0x000000008d500000, 0x000000008d600000, 0x000000008d600000|100%| O|  |TAMS 0x000000008d500000| PB 0x000000008d500000| Untracked |  0
| 214|0x000000008d600000, 0x000000008d700000, 0x000000008d700000|100%| O|  |TAMS 0x000000008d600000| PB 0x000000008d600000| Untracked |  0
| 215|0x000000008d700000, 0x000000008d800000, 0x000000008d800000|100%| O|  |TAMS 0x000000008d700000| PB 0x000000008d700000| Untracked |  0
| 216|0x000000008d800000, 0x000000008d900000, 0x000000008d900000|100%| O|  |TAMS 0x000000008d800000| PB 0x000000008d800000| Untracked |  0
| 217|0x000000008d900000, 0x000000008da00000, 0x000000008da00000|100%| O|  |TAMS 0x000000008d900000| PB 0x000000008d900000| Untracked |  0
| 218|0x000000008da00000, 0x000000008db00000, 0x000000008db00000|100%| O|  |TAMS 0x000000008da00000| PB 0x000000008da00000| Untracked |  0
| 219|0x000000008db00000, 0x000000008dc00000, 0x000000008dc00000|100%| O|  |TAMS 0x000000008db00000| PB 0x000000008db00000| Untracked |  0
| 220|0x000000008dc00000, 0x000000008dd00000, 0x000000008dd00000|100%| O|  |TAMS 0x000000008dc00000| PB 0x000000008dc00000| Untracked |  0
| 221|0x000000008dd00000, 0x000000008de00000, 0x000000008de00000|100%| O|  |TAMS 0x000000008dd00000| PB 0x000000008dd00000| Untracked |  0
| 222|0x000000008de00000, 0x000000008df00000, 0x000000008df00000|100%| O|  |TAMS 0x000000008de00000| PB 0x000000008de00000| Untracked |  0
| 223|0x000000008df00000, 0x000000008e000000, 0x000000008e000000|100%| O|  |TAMS 0x000000008df00000| PB 0x000000008df00000| Untracked |  0
| 224|0x000000008e000000, 0x000000008e100000, 0x000000008e100000|100%| O|  |TAMS 0x000000008e000000| PB 0x000000008e000000| Untracked |  0
| 225|0x000000008e100000, 0x000000008e200000, 0x000000008e200000|100%| O|  |TAMS 0x000000008e100000| PB 0x000000008e100000| Untracked |  0
| 226|0x000000008e200000, 0x000000008e300000, 0x000000008e300000|100%| O|  |TAMS 0x000000008e200000| PB 0x000000008e200000| Untracked |  0
| 227|0x000000008e300000, 0x000000008e400000, 0x000000008e400000|100%| O|  |TAMS 0x000000008e300000| PB 0x000000008e300000| Untracked |  0
| 228|0x000000008e400000, 0x000000008e500000, 0x000000008e500000|100%| O|  |TAMS 0x000000008e400000| PB 0x000000008e400000| Untracked |  0
| 229|0x000000008e500000, 0x000000008e600000, 0x000000008e600000|100%| O|  |TAMS 0x000000008e500000| PB 0x000000008e500000| Untracked |  0
| 230|0x000000008e600000, 0x000000008e700000, 0x000000008e700000|100%| O|  |TAMS 0x000000008e600000| PB 0x000000008e600000| Untracked |  0
| 231|0x000000008e700000, 0x000000008e800000, 0x000000008e800000|100%|HS|  |TAMS 0x000000008e700000| PB 0x000000008e700000| Complete |  0
| 232|0x000000008e800000, 0x000000008e900000, 0x000000008e900000|100%| O|  |TAMS 0x000000008e800000| PB 0x000000008e800000| Untracked |  0
| 233|0x000000008e900000, 0x000000008ea00000, 0x000000008ea00000|100%| O|  |TAMS 0x000000008e900000| PB 0x000000008e900000| Untracked |  0
| 234|0x000000008ea00000, 0x000000008eb00000, 0x000000008eb00000|100%| O|  |TAMS 0x000000008ea00000| PB 0x000000008ea00000| Untracked |  0
| 235|0x000000008eb00000, 0x000000008ec00000, 0x000000008ec00000|100%| O|  |TAMS 0x000000008eb00000| PB 0x000000008eb00000| Untracked |  0
| 236|0x000000008ec00000, 0x000000008ed00000, 0x000000008ed00000|100%| O|  |TAMS 0x000000008ec00000| PB 0x000000008ec00000| Untracked |  0
| 237|0x000000008ed00000, 0x000000008ee00000, 0x000000008ee00000|100%| O|  |TAMS 0x000000008ed00000| PB 0x000000008ed00000| Untracked |  0
| 238|0x000000008ee00000, 0x000000008ef00000, 0x000000008ef00000|100%| O|  |TAMS 0x000000008ee00000| PB 0x000000008ee00000| Untracked |  0
| 239|0x000000008ef00000, 0x000000008f000000, 0x000000008f000000|100%| O|  |TAMS 0x000000008ef00000| PB 0x000000008ef00000| Untracked |  0
| 240|0x000000008f000000, 0x000000008f100000, 0x000000008f100000|100%| O|  |TAMS 0x000000008f000000| PB 0x000000008f000000| Untracked |  0
| 241|0x000000008f100000, 0x000000008f200000, 0x000000008f200000|100%| O|  |TAMS 0x000000008f100000| PB 0x000000008f100000| Untracked |  0
| 242|0x000000008f200000, 0x000000008f300000, 0x000000008f300000|100%| O|  |TAMS 0x000000008f200000| PB 0x000000008f200000| Untracked |  0
| 243|0x000000008f300000, 0x000000008f400000, 0x000000008f400000|100%| O|  |TAMS 0x000000008f300000| PB 0x000000008f300000| Untracked |  0
| 244|0x000000008f400000, 0x000000008f500000, 0x000000008f500000|100%| O|  |TAMS 0x000000008f400000| PB 0x000000008f400000| Untracked |  0
| 245|0x000000008f500000, 0x000000008f600000, 0x000000008f600000|100%| O|  |TAMS 0x000000008f500000| PB 0x000000008f500000| Untracked |  0
| 246|0x000000008f600000, 0x000000008f700000, 0x000000008f700000|100%| O|  |TAMS 0x000000008f600000| PB 0x000000008f600000| Untracked |  0
| 247|0x000000008f700000, 0x000000008f800000, 0x000000008f800000|100%| O|  |TAMS 0x000000008f700000| PB 0x000000008f700000| Untracked |  0
| 248|0x000000008f800000, 0x000000008f900000, 0x000000008f900000|100%| O|  |TAMS 0x000000008f800000| PB 0x000000008f800000| Untracked |  0
| 249|0x000000008f900000, 0x000000008fa00000, 0x000000008fa00000|100%| O|  |TAMS 0x000000008f900000| PB 0x000000008f900000| Untracked |  0
| 250|0x000000008fa00000, 0x000000008fb00000, 0x000000008fb00000|100%| O|  |TAMS 0x000000008fa00000| PB 0x000000008fa00000| Untracked |  0
| 251|0x000000008fb00000, 0x000000008fc00000, 0x000000008fc00000|100%| O|  |TAMS 0x000000008fb00000| PB 0x000000008fb00000| Untracked |  0
| 252|0x000000008fc00000, 0x000000008fd00000, 0x000000008fd00000|100%| O|  |TAMS 0x000000008fc00000| PB 0x000000008fc00000| Untracked |  0
| 253|0x000000008fd00000, 0x000000008fe00000, 0x000000008fe00000|100%| O|  |TAMS 0x000000008fd00000| PB 0x000000008fd00000| Untracked |  0
| 254|0x000000008fe00000, 0x000000008ff00000, 0x000000008ff00000|100%| O|  |TAMS 0x000000008fe00000| PB 0x000000008fe00000| Untracked |  0
| 255|0x000000008ff00000, 0x0000000090000000, 0x0000000090000000|100%| O|  |TAMS 0x000000008ff00000| PB 0x000000008ff00000| Untracked |  0
| 256|0x0000000090000000, 0x0000000090100000, 0x0000000090100000|100%| O|  |TAMS 0x0000000090000000| PB 0x0000000090000000| Untracked |  0
| 257|0x0000000090100000, 0x0000000090200000, 0x0000000090200000|100%| O|  |TAMS 0x0000000090100000| PB 0x0000000090100000| Untracked |  0
| 258|0x0000000090200000, 0x0000000090300000, 0x0000000090300000|100%| O|  |TAMS 0x0000000090200000| PB 0x0000000090200000| Untracked |  0
| 259|0x0000000090300000, 0x0000000090400000, 0x0000000090400000|100%| O|  |TAMS 0x0000000090300000| PB 0x0000000090300000| Untracked |  0
| 260|0x0000000090400000, 0x0000000090500000, 0x0000000090500000|100%| O|  |TAMS 0x0000000090400000| PB 0x0000000090400000| Untracked |  0
| 261|0x0000000090500000, 0x0000000090600000, 0x0000000090600000|100%| O|  |TAMS 0x0000000090500000| PB 0x0000000090500000| Untracked |  0
| 262|0x0000000090600000, 0x0000000090700000, 0x0000000090700000|100%| O|  |TAMS 0x0000000090600000| PB 0x0000000090600000| Untracked |  0
| 263|0x0000000090700000, 0x0000000090800000, 0x0000000090800000|100%| O|  |TAMS 0x0000000090700000| PB 0x0000000090700000| Untracked |  0
| 264|0x0000000090800000, 0x0000000090900000, 0x0000000090900000|100%| O|  |TAMS 0x0000000090800000| PB 0x0000000090800000| Untracked |  0
| 265|0x0000000090900000, 0x0000000090a00000, 0x0000000090a00000|100%| O|  |TAMS 0x0000000090900000| PB 0x0000000090900000| Untracked |  0
| 266|0x0000000090a00000, 0x0000000090b00000, 0x0000000090b00000|100%| O|  |TAMS 0x0000000090a00000| PB 0x0000000090a00000| Untracked |  0
| 267|0x0000000090b00000, 0x0000000090c00000, 0x0000000090c00000|100%| O|  |TAMS 0x0000000090b00000| PB 0x0000000090b00000| Untracked |  0
| 268|0x0000000090c00000, 0x0000000090d00000, 0x0000000090d00000|100%| O|  |TAMS 0x0000000090c00000| PB 0x0000000090c00000| Untracked |  0
| 269|0x0000000090d00000, 0x0000000090e00000, 0x0000000090e00000|100%| O|  |TAMS 0x0000000090d00000| PB 0x0000000090d00000| Untracked |  0
| 270|0x0000000090e00000, 0x0000000090f00000, 0x0000000090f00000|100%| O|  |TAMS 0x0000000090e00000| PB 0x0000000090e00000| Untracked |  0
| 271|0x0000000090f00000, 0x0000000091000000, 0x0000000091000000|100%| O|  |TAMS 0x0000000090f00000| PB 0x0000000090f00000| Untracked |  0
| 272|0x0000000091000000, 0x0000000091100000, 0x0000000091100000|100%| O|  |TAMS 0x0000000091000000| PB 0x0000000091000000| Untracked |  0
| 273|0x0000000091100000, 0x0000000091200000, 0x0000000091200000|100%| O|  |TAMS 0x0000000091100000| PB 0x0000000091100000| Untracked |  0
| 274|0x0000000091200000, 0x0000000091300000, 0x0000000091300000|100%| O|  |TAMS 0x0000000091200000| PB 0x0000000091200000| Untracked |  0
| 275|0x0000000091300000, 0x0000000091400000, 0x0000000091400000|100%| O|  |TAMS 0x0000000091300000| PB 0x0000000091300000| Untracked |  0
| 276|0x0000000091400000, 0x0000000091500000, 0x0000000091500000|100%| O|  |TAMS 0x0000000091400000| PB 0x0000000091400000| Untracked |  0
| 277|0x0000000091500000, 0x0000000091600000, 0x0000000091600000|100%| O|  |TAMS 0x0000000091500000| PB 0x0000000091500000| Untracked |  0
| 278|0x0000000091600000, 0x0000000091700000, 0x0000000091700000|100%| O|  |TAMS 0x0000000091600000| PB 0x0000000091600000| Untracked |  0
| 279|0x0000000091700000, 0x0000000091800000, 0x0000000091800000|100%| O|  |TAMS 0x0000000091700000| PB 0x0000000091700000| Untracked |  0
| 280|0x0000000091800000, 0x0000000091900000, 0x0000000091900000|100%| O|  |TAMS 0x0000000091800000| PB 0x0000000091800000| Untracked |  0
| 281|0x0000000091900000, 0x0000000091a00000, 0x0000000091a00000|100%| O|  |TAMS 0x0000000091900000| PB 0x0000000091900000| Untracked |  0
| 282|0x0000000091a00000, 0x0000000091b00000, 0x0000000091b00000|100%| O|  |TAMS 0x0000000091a00000| PB 0x0000000091a00000| Untracked |  0
| 283|0x0000000091b00000, 0x0000000091c00000, 0x0000000091c00000|100%| O|  |TAMS 0x0000000091b00000| PB 0x0000000091b00000| Untracked |  0
| 284|0x0000000091c00000, 0x0000000091d00000, 0x0000000091d00000|100%| O|  |TAMS 0x0000000091c00000| PB 0x0000000091c00000| Untracked |  0
| 285|0x0000000091d00000, 0x0000000091e00000, 0x0000000091e00000|100%| O|  |TAMS 0x0000000091d00000| PB 0x0000000091d00000| Untracked |  0
| 286|0x0000000091e00000, 0x0000000091f00000, 0x0000000091f00000|100%| O|  |TAMS 0x0000000091e00000| PB 0x0000000091e00000| Untracked |  0
| 287|0x0000000091f00000, 0x0000000092000000, 0x0000000092000000|100%| O|  |TAMS 0x0000000091f00000| PB 0x0000000091f00000| Untracked |  0
| 288|0x0000000092000000, 0x0000000092100000, 0x0000000092100000|100%| O|  |TAMS 0x0000000092000000| PB 0x0000000092000000| Untracked |  0
| 289|0x0000000092100000, 0x0000000092200000, 0x0000000092200000|100%| O|  |TAMS 0x0000000092100000| PB 0x0000000092100000| Untracked |  0
| 290|0x0000000092200000, 0x0000000092300000, 0x0000000092300000|100%| O|  |TAMS 0x0000000092200000| PB 0x0000000092200000| Untracked |  0
| 291|0x0000000092300000, 0x0000000092400000, 0x0000000092400000|100%| O|  |TAMS 0x0000000092300000| PB 0x0000000092300000| Untracked |  0
| 292|0x0000000092400000, 0x0000000092500000, 0x0000000092500000|100%| O|  |TAMS 0x0000000092400000| PB 0x0000000092400000| Untracked |  0
| 293|0x0000000092500000, 0x0000000092600000, 0x0000000092600000|100%| O|  |TAMS 0x0000000092500000| PB 0x0000000092500000| Untracked |  0
| 294|0x0000000092600000, 0x0000000092700000, 0x0000000092700000|100%| O|  |TAMS 0x0000000092600000| PB 0x0000000092600000| Untracked |  0
| 295|0x0000000092700000, 0x0000000092800000, 0x0000000092800000|100%| O|  |TAMS 0x0000000092700000| PB 0x0000000092700000| Untracked |  0
| 296|0x0000000092800000, 0x0000000092900000, 0x0000000092900000|100%| O|  |TAMS 0x0000000092800000| PB 0x0000000092800000| Untracked |  0
| 297|0x0000000092900000, 0x0000000092a00000, 0x0000000092a00000|100%| O|  |TAMS 0x0000000092900000| PB 0x0000000092900000| Untracked |  0
| 298|0x0000000092a00000, 0x0000000092b00000, 0x0000000092b00000|100%| O|  |TAMS 0x0000000092a00000| PB 0x0000000092a00000| Untracked |  0
| 299|0x0000000092b00000, 0x0000000092c00000, 0x0000000092c00000|100%| O|  |TAMS 0x0000000092b00000| PB 0x0000000092b00000| Untracked |  0
| 300|0x0000000092c00000, 0x0000000092d00000, 0x0000000092d00000|100%| O|  |TAMS 0x0000000092c00000| PB 0x0000000092c00000| Untracked |  0
| 301|0x0000000092d00000, 0x0000000092e00000, 0x0000000092e00000|100%| O|  |TAMS 0x0000000092d00000| PB 0x0000000092d00000| Untracked |  0
| 302|0x0000000092e00000, 0x0000000092f00000, 0x0000000092f00000|100%| O|  |TAMS 0x0000000092e00000| PB 0x0000000092e00000| Untracked |  0
| 303|0x0000000092f00000, 0x0000000093000000, 0x0000000093000000|100%| O|  |TAMS 0x0000000092f00000| PB 0x0000000092f00000| Untracked |  0
| 304|0x0000000093000000, 0x0000000093100000, 0x0000000093100000|100%| O|  |TAMS 0x0000000093000000| PB 0x0000000093000000| Untracked |  0
| 305|0x0000000093100000, 0x0000000093200000, 0x0000000093200000|100%| O|  |TAMS 0x0000000093100000| PB 0x0000000093100000| Untracked |  0
| 306|0x0000000093200000, 0x0000000093300000, 0x0000000093300000|100%| O|  |TAMS 0x0000000093200000| PB 0x0000000093200000| Untracked |  0
| 307|0x0000000093300000, 0x0000000093400000, 0x0000000093400000|100%| O|  |TAMS 0x0000000093300000| PB 0x0000000093300000| Untracked |  0
| 308|0x0000000093400000, 0x0000000093500000, 0x0000000093500000|100%| O|  |TAMS 0x0000000093400000| PB 0x0000000093400000| Untracked |  0
| 309|0x0000000093500000, 0x0000000093600000, 0x0000000093600000|100%| O|  |TAMS 0x0000000093500000| PB 0x0000000093500000| Untracked |  0
| 310|0x0000000093600000, 0x0000000093700000, 0x0000000093700000|100%| O|  |TAMS 0x0000000093600000| PB 0x0000000093600000| Untracked |  0
| 311|0x0000000093700000, 0x0000000093800000, 0x0000000093800000|100%|HS|  |TAMS 0x0000000093700000| PB 0x0000000093700000| Complete |  0
| 312|0x0000000093800000, 0x0000000093900000, 0x0000000093900000|100%|HS|  |TAMS 0x0000000093800000| PB 0x0000000093800000| Complete |  0
| 313|0x0000000093900000, 0x0000000093a00000, 0x0000000093a00000|100%|HS|  |TAMS 0x0000000093900000| PB 0x0000000093900000| Complete |  0
| 314|0x0000000093a00000, 0x0000000093b00000, 0x0000000093b00000|100%|HS|  |TAMS 0x0000000093a00000| PB 0x0000000093a00000| Complete |  0
| 315|0x0000000093b00000, 0x0000000093c00000, 0x0000000093c00000|100%| O|  |TAMS 0x0000000093b00000| PB 0x0000000093b00000| Untracked |  0
| 316|0x0000000093c00000, 0x0000000093d00000, 0x0000000093d00000|100%| O|  |TAMS 0x0000000093c00000| PB 0x0000000093c00000| Untracked |  0
| 317|0x0000000093d00000, 0x0000000093e00000, 0x0000000093e00000|100%| O|  |TAMS 0x0000000093d00000| PB 0x0000000093d00000| Untracked |  0
| 318|0x0000000093e00000, 0x0000000093f00000, 0x0000000093f00000|100%| O|  |TAMS 0x0000000093e00000| PB 0x0000000093e00000| Untracked |  0
| 319|0x0000000093f00000, 0x0000000094000000, 0x0000000094000000|100%| O|  |TAMS 0x0000000093f00000| PB 0x0000000093f00000| Untracked |  0
| 320|0x0000000094000000, 0x0000000094100000, 0x0000000094100000|100%| O|  |TAMS 0x0000000094000000| PB 0x0000000094000000| Untracked |  0
| 321|0x0000000094100000, 0x0000000094200000, 0x0000000094200000|100%| O|  |TAMS 0x0000000094100000| PB 0x0000000094100000| Untracked |  0
| 322|0x0000000094200000, 0x0000000094300000, 0x0000000094300000|100%| O|  |TAMS 0x0000000094200000| PB 0x0000000094200000| Untracked |  0
| 323|0x0000000094300000, 0x0000000094400000, 0x0000000094400000|100%| O|  |TAMS 0x0000000094300000| PB 0x0000000094300000| Untracked |  0
| 324|0x0000000094400000, 0x0000000094500000, 0x0000000094500000|100%| O|  |TAMS 0x0000000094400000| PB 0x0000000094400000| Untracked |  0
| 325|0x0000000094500000, 0x0000000094600000, 0x0000000094600000|100%| O|  |TAMS 0x0000000094500000| PB 0x0000000094500000| Untracked |  0
| 326|0x0000000094600000, 0x0000000094700000, 0x0000000094700000|100%| O|  |TAMS 0x0000000094600000| PB 0x0000000094600000| Untracked |  0
| 327|0x0000000094700000, 0x0000000094800000, 0x0000000094800000|100%| O|  |TAMS 0x0000000094700000| PB 0x0000000094700000| Untracked |  0
| 328|0x0000000094800000, 0x0000000094900000, 0x0000000094900000|100%| O|  |TAMS 0x0000000094800000| PB 0x0000000094800000| Untracked |  0
| 329|0x0000000094900000, 0x0000000094a00000, 0x0000000094a00000|100%| O|  |TAMS 0x0000000094900000| PB 0x0000000094900000| Untracked |  0
| 330|0x0000000094a00000, 0x0000000094b00000, 0x0000000094b00000|100%| O|  |TAMS 0x0000000094a00000| PB 0x0000000094a00000| Untracked |  0
| 331|0x0000000094b00000, 0x0000000094c00000, 0x0000000094c00000|100%| O|  |TAMS 0x0000000094b00000| PB 0x0000000094b00000| Untracked |  0
| 332|0x0000000094c00000, 0x0000000094d00000, 0x0000000094d00000|100%| O|  |TAMS 0x0000000094c00000| PB 0x0000000094c00000| Untracked |  0
| 333|0x0000000094d00000, 0x0000000094e00000, 0x0000000094e00000|100%| O|  |TAMS 0x0000000094d00000| PB 0x0000000094d00000| Untracked |  0
| 334|0x0000000094e00000, 0x0000000094f00000, 0x0000000094f00000|100%| O|  |TAMS 0x0000000094e00000| PB 0x0000000094e00000| Untracked |  0
| 335|0x0000000094f00000, 0x0000000095000000, 0x0000000095000000|100%| O|  |TAMS 0x0000000094f00000| PB 0x0000000094f00000| Untracked |  0
| 336|0x0000000095000000, 0x0000000095100000, 0x0000000095100000|100%| O|  |TAMS 0x0000000095000000| PB 0x0000000095000000| Untracked |  0
| 337|0x0000000095100000, 0x0000000095200000, 0x0000000095200000|100%| O|  |TAMS 0x0000000095100000| PB 0x0000000095100000| Untracked |  0
| 338|0x0000000095200000, 0x0000000095300000, 0x0000000095300000|100%| O|  |TAMS 0x0000000095200000| PB 0x0000000095200000| Untracked |  0
| 339|0x0000000095300000, 0x0000000095400000, 0x0000000095400000|100%| O|  |TAMS 0x0000000095300000| PB 0x0000000095300000| Untracked |  0
| 340|0x0000000095400000, 0x0000000095500000, 0x0000000095500000|100%| O|  |TAMS 0x0000000095400000| PB 0x0000000095400000| Untracked |  0
| 341|0x0000000095500000, 0x0000000095600000, 0x0000000095600000|100%| O|  |TAMS 0x0000000095500000| PB 0x0000000095500000| Untracked |  0
| 342|0x0000000095600000, 0x0000000095700000, 0x0000000095700000|100%| O|  |TAMS 0x0000000095600000| PB 0x0000000095600000| Untracked |  0
| 343|0x0000000095700000, 0x0000000095800000, 0x0000000095800000|100%| O|  |TAMS 0x0000000095700000| PB 0x0000000095700000| Untracked |  0
| 344|0x0000000095800000, 0x0000000095900000, 0x0000000095900000|100%| O|  |TAMS 0x0000000095800000| PB 0x0000000095800000| Untracked |  0
| 345|0x0000000095900000, 0x0000000095a00000, 0x0000000095a00000|100%| O|  |TAMS 0x0000000095900000| PB 0x0000000095900000| Untracked |  0
| 346|0x0000000095a00000, 0x0000000095b00000, 0x0000000095b00000|100%| O|  |TAMS 0x0000000095a00000| PB 0x0000000095a00000| Untracked |  0
| 347|0x0000000095b00000, 0x0000000095c00000, 0x0000000095c00000|100%| O|  |TAMS 0x0000000095b00000| PB 0x0000000095b00000| Untracked |  0
| 348|0x0000000095c00000, 0x0000000095d00000, 0x0000000095d00000|100%| O|  |TAMS 0x0000000095c00000| PB 0x0000000095c00000| Untracked |  0
| 349|0x0000000095d00000, 0x0000000095e00000, 0x0000000095e00000|100%| O|  |TAMS 0x0000000095d00000| PB 0x0000000095d00000| Untracked |  0
| 350|0x0000000095e00000, 0x0000000095f00000, 0x0000000095f00000|100%| O|  |TAMS 0x0000000095e00000| PB 0x0000000095e00000| Untracked |  0
| 351|0x0000000095f00000, 0x0000000096000000, 0x0000000096000000|100%| O|  |TAMS 0x0000000095f00000| PB 0x0000000095f00000| Untracked |  0
| 352|0x0000000096000000, 0x0000000096100000, 0x0000000096100000|100%| O|  |TAMS 0x0000000096000000| PB 0x0000000096000000| Untracked |  0
| 353|0x0000000096100000, 0x0000000096200000, 0x0000000096200000|100%| O|  |TAMS 0x0000000096100000| PB 0x0000000096100000| Untracked |  0
| 354|0x0000000096200000, 0x0000000096300000, 0x0000000096300000|100%| O|  |TAMS 0x0000000096200000| PB 0x0000000096200000| Untracked |  0
| 355|0x0000000096300000, 0x0000000096400000, 0x0000000096400000|100%| O|  |TAMS 0x0000000096300000| PB 0x0000000096300000| Untracked |  0
| 356|0x0000000096400000, 0x0000000096500000, 0x0000000096500000|100%| O|  |TAMS 0x0000000096400000| PB 0x0000000096400000| Untracked |  0
| 357|0x0000000096500000, 0x0000000096600000, 0x0000000096600000|100%| O|  |TAMS 0x0000000096500000| PB 0x0000000096500000| Untracked |  0
| 358|0x0000000096600000, 0x0000000096700000, 0x0000000096700000|100%| O|  |TAMS 0x0000000096600000| PB 0x0000000096600000| Untracked |  0
| 359|0x0000000096700000, 0x0000000096800000, 0x0000000096800000|100%| O|  |TAMS 0x0000000096700000| PB 0x0000000096700000| Untracked |  0
| 360|0x0000000096800000, 0x0000000096900000, 0x0000000096900000|100%| O|  |TAMS 0x0000000096800000| PB 0x0000000096800000| Untracked |  0
| 361|0x0000000096900000, 0x0000000096a00000, 0x0000000096a00000|100%| O|  |TAMS 0x0000000096900000| PB 0x0000000096900000| Untracked |  0
| 362|0x0000000096a00000, 0x0000000096b00000, 0x0000000096b00000|100%| O|  |TAMS 0x0000000096a00000| PB 0x0000000096a00000| Untracked |  0
| 363|0x0000000096b00000, 0x0000000096c00000, 0x0000000096c00000|100%|HS|  |TAMS 0x0000000096b00000| PB 0x0000000096b00000| Complete |  0
| 364|0x0000000096c00000, 0x0000000096d00000, 0x0000000096d00000|100%|HS|  |TAMS 0x0000000096c00000| PB 0x0000000096c00000| Complete |  0
| 365|0x0000000096d00000, 0x0000000096e00000, 0x0000000096e00000|100%| O|  |TAMS 0x0000000096d00000| PB 0x0000000096d00000| Untracked |  0
| 366|0x0000000096e00000, 0x0000000096f00000, 0x0000000096f00000|100%| O|  |TAMS 0x0000000096e00000| PB 0x0000000096e00000| Untracked |  0
| 367|0x0000000096f00000, 0x0000000097000000, 0x0000000097000000|100%| O|  |TAMS 0x0000000096f00000| PB 0x0000000096f00000| Untracked |  0
| 368|0x0000000097000000, 0x0000000097100000, 0x0000000097100000|100%| O|  |TAMS 0x0000000097000000| PB 0x0000000097000000| Untracked |  0
| 369|0x0000000097100000, 0x0000000097200000, 0x0000000097200000|100%| O|  |TAMS 0x0000000097100000| PB 0x0000000097100000| Untracked |  0
| 370|0x0000000097200000, 0x0000000097300000, 0x0000000097300000|100%| O|  |TAMS 0x0000000097200000| PB 0x0000000097200000| Untracked |  0
| 371|0x0000000097300000, 0x0000000097400000, 0x0000000097400000|100%| O|  |TAMS 0x0000000097300000| PB 0x0000000097300000| Untracked |  0
| 372|0x0000000097400000, 0x0000000097500000, 0x0000000097500000|100%| O|  |TAMS 0x0000000097400000| PB 0x0000000097400000| Untracked |  0
| 373|0x0000000097500000, 0x0000000097600000, 0x0000000097600000|100%| O|  |TAMS 0x0000000097500000| PB 0x0000000097500000| Untracked |  0
| 374|0x0000000097600000, 0x0000000097700000, 0x0000000097700000|100%| O|  |TAMS 0x0000000097600000| PB 0x0000000097600000| Untracked |  0
| 375|0x0000000097700000, 0x0000000097800000, 0x0000000097800000|100%| O|  |TAMS 0x0000000097700000| PB 0x0000000097700000| Untracked |  0
| 376|0x0000000097800000, 0x0000000097900000, 0x0000000097900000|100%| O|  |TAMS 0x0000000097800000| PB 0x0000000097800000| Untracked |  0
| 377|0x0000000097900000, 0x0000000097a00000, 0x0000000097a00000|100%| O|  |TAMS 0x0000000097900000| PB 0x0000000097900000| Untracked |  0
| 378|0x0000000097a00000, 0x0000000097b00000, 0x0000000097b00000|100%| O|  |TAMS 0x0000000097a00000| PB 0x0000000097a00000| Untracked |  0
| 379|0x0000000097b00000, 0x0000000097c00000, 0x0000000097c00000|100%| O|  |TAMS 0x0000000097b00000| PB 0x0000000097b00000| Untracked |  0
| 380|0x0000000097c00000, 0x0000000097d00000, 0x0000000097d00000|100%| O|  |TAMS 0x0000000097c00000| PB 0x0000000097c00000| Untracked |  0
| 381|0x0000000097d00000, 0x0000000097e00000, 0x0000000097e00000|100%| O|  |TAMS 0x0000000097d00000| PB 0x0000000097d00000| Untracked |  0
| 382|0x0000000097e00000, 0x0000000097f00000, 0x0000000097f00000|100%| O|  |TAMS 0x0000000097e00000| PB 0x0000000097e00000| Untracked |  0
| 383|0x0000000097f00000, 0x0000000098000000, 0x0000000098000000|100%| O|  |TAMS 0x0000000097f00000| PB 0x0000000097f00000| Untracked |  0
| 384|0x0000000098000000, 0x0000000098100000, 0x0000000098100000|100%| O|  |TAMS 0x0000000098000000| PB 0x0000000098000000| Untracked |  0
| 385|0x0000000098100000, 0x0000000098200000, 0x0000000098200000|100%| O|  |TAMS 0x0000000098100000| PB 0x0000000098100000| Untracked |  0
| 386|0x0000000098200000, 0x0000000098300000, 0x0000000098300000|100%| O|  |TAMS 0x0000000098200000| PB 0x0000000098200000| Untracked |  0
| 387|0x0000000098300000, 0x0000000098400000, 0x0000000098400000|100%| O|  |TAMS 0x0000000098300000| PB 0x0000000098300000| Untracked |  0
| 388|0x0000000098400000, 0x0000000098500000, 0x0000000098500000|100%| O|  |TAMS 0x0000000098400000| PB 0x0000000098400000| Untracked |  0
| 389|0x0000000098500000, 0x0000000098600000, 0x0000000098600000|100%| O|  |TAMS 0x0000000098500000| PB 0x0000000098500000| Untracked |  0
| 390|0x0000000098600000, 0x0000000098700000, 0x0000000098700000|100%| O|  |TAMS 0x0000000098600000| PB 0x0000000098600000| Untracked |  0
| 391|0x0000000098700000, 0x0000000098800000, 0x0000000098800000|100%| O|  |TAMS 0x0000000098700000| PB 0x0000000098700000| Untracked |  0
| 392|0x0000000098800000, 0x0000000098900000, 0x0000000098900000|100%| O|Cm|TAMS 0x0000000098800000| PB 0x0000000098800000| Complete |  0
| 393|0x0000000098900000, 0x0000000098a00000, 0x0000000098a00000|100%|HS|  |TAMS 0x0000000098900000| PB 0x0000000098900000| Complete |  0
| 394|0x0000000098a00000, 0x0000000098b00000, 0x0000000098b00000|100%| O|  |TAMS 0x0000000098a00000| PB 0x0000000098a00000| Untracked |  0
| 395|0x0000000098b00000, 0x0000000098c00000, 0x0000000098c00000|100%| O|  |TAMS 0x0000000098b00000| PB 0x0000000098b00000| Untracked |  0
| 396|0x0000000098c00000, 0x0000000098d00000, 0x0000000098d00000|100%| O|Cm|TAMS 0x0000000098c00000| PB 0x0000000098c00000| Complete |  0
| 397|0x0000000098d00000, 0x0000000098e00000, 0x0000000098e00000|100%| O|  |TAMS 0x0000000098d00000| PB 0x0000000098d00000| Untracked |  0
| 398|0x0000000098e00000, 0x0000000098f00000, 0x0000000098f00000|100%| O|  |TAMS 0x0000000098e00000| PB 0x0000000098e00000| Untracked |  0
| 399|0x0000000098f00000, 0x0000000099000000, 0x0000000099000000|100%| O|  |TAMS 0x0000000098f00000| PB 0x0000000098f00000| Untracked |  0
| 400|0x0000000099000000, 0x0000000099100000, 0x0000000099100000|100%| O|  |TAMS 0x0000000099000000| PB 0x0000000099000000| Untracked |  0
| 401|0x0000000099100000, 0x0000000099200000, 0x0000000099200000|100%| O|  |TAMS 0x0000000099100000| PB 0x0000000099100000| Untracked |  0
| 402|0x0000000099200000, 0x0000000099300000, 0x0000000099300000|100%| O|  |TAMS 0x0000000099200000| PB 0x0000000099200000| Untracked |  0
| 403|0x0000000099300000, 0x0000000099400000, 0x0000000099400000|100%| O|  |TAMS 0x0000000099300000| PB 0x0000000099300000| Untracked |  0
| 404|0x0000000099400000, 0x0000000099500000, 0x0000000099500000|100%| O|  |TAMS 0x0000000099400000| PB 0x0000000099400000| Untracked |  0
| 405|0x0000000099500000, 0x0000000099600000, 0x0000000099600000|100%| O|  |TAMS 0x0000000099500000| PB 0x0000000099500000| Untracked |  0
| 406|0x0000000099600000, 0x0000000099700000, 0x0000000099700000|100%| O|  |TAMS 0x0000000099600000| PB 0x0000000099600000| Untracked |  0
| 407|0x0000000099700000, 0x0000000099800000, 0x0000000099800000|100%| O|  |TAMS 0x0000000099700000| PB 0x0000000099700000| Untracked |  0
| 408|0x0000000099800000, 0x0000000099900000, 0x0000000099900000|100%| O|  |TAMS 0x0000000099800000| PB 0x0000000099800000| Untracked |  0
| 409|0x0000000099900000, 0x0000000099a00000, 0x0000000099a00000|100%| O|  |TAMS 0x0000000099900000| PB 0x0000000099900000| Untracked |  0
| 410|0x0000000099a00000, 0x0000000099b00000, 0x0000000099b00000|100%| O|  |TAMS 0x0000000099a00000| PB 0x0000000099a00000| Untracked |  0
| 411|0x0000000099b00000, 0x0000000099c00000, 0x0000000099c00000|100%| O|  |TAMS 0x0000000099b00000| PB 0x0000000099b00000| Untracked |  0
| 412|0x0000000099c00000, 0x0000000099d00000, 0x0000000099d00000|100%| O|  |TAMS 0x0000000099c00000| PB 0x0000000099c00000| Untracked |  0
| 413|0x0000000099d00000, 0x0000000099e00000, 0x0000000099e00000|100%| O|  |TAMS 0x0000000099d00000| PB 0x0000000099d00000| Untracked |  0
| 414|0x0000000099e00000, 0x0000000099f00000, 0x0000000099f00000|100%| O|  |TAMS 0x0000000099e00000| PB 0x0000000099e00000| Untracked |  0
| 415|0x0000000099f00000, 0x000000009a000000, 0x000000009a000000|100%| O|  |TAMS 0x0000000099f00000| PB 0x0000000099f00000| Untracked |  0
| 416|0x000000009a000000, 0x000000009a100000, 0x000000009a100000|100%| O|  |TAMS 0x000000009a000000| PB 0x000000009a000000| Untracked |  0
| 417|0x000000009a100000, 0x000000009a200000, 0x000000009a200000|100%| O|  |TAMS 0x000000009a100000| PB 0x000000009a100000| Untracked |  0
| 418|0x000000009a200000, 0x000000009a300000, 0x000000009a300000|100%| O|  |TAMS 0x000000009a200000| PB 0x000000009a200000| Untracked |  0
| 419|0x000000009a300000, 0x000000009a400000, 0x000000009a400000|100%| O|  |TAMS 0x000000009a300000| PB 0x000000009a300000| Untracked |  0
| 420|0x000000009a400000, 0x000000009a500000, 0x000000009a500000|100%| O|  |TAMS 0x000000009a400000| PB 0x000000009a400000| Untracked |  0
| 421|0x000000009a500000, 0x000000009a600000, 0x000000009a600000|100%| O|  |TAMS 0x000000009a500000| PB 0x000000009a500000| Untracked |  0
| 422|0x000000009a600000, 0x000000009a700000, 0x000000009a700000|100%| O|  |TAMS 0x000000009a600000| PB 0x000000009a600000| Untracked |  0
| 423|0x000000009a700000, 0x000000009a800000, 0x000000009a800000|100%| O|  |TAMS 0x000000009a700000| PB 0x000000009a700000| Untracked |  0
| 424|0x000000009a800000, 0x000000009a900000, 0x000000009a900000|100%| O|  |TAMS 0x000000009a800000| PB 0x000000009a800000| Untracked |  0
| 425|0x000000009a900000, 0x000000009aa00000, 0x000000009aa00000|100%| O|  |TAMS 0x000000009a900000| PB 0x000000009a900000| Untracked |  0
| 426|0x000000009aa00000, 0x000000009ab00000, 0x000000009ab00000|100%| O|  |TAMS 0x000000009aa00000| PB 0x000000009aa00000| Untracked |  0
| 427|0x000000009ab00000, 0x000000009ac00000, 0x000000009ac00000|100%| O|  |TAMS 0x000000009ab00000| PB 0x000000009ab00000| Untracked |  0
| 428|0x000000009ac00000, 0x000000009ad00000, 0x000000009ad00000|100%| O|  |TAMS 0x000000009ac00000| PB 0x000000009ac00000| Untracked |  0
| 429|0x000000009ad00000, 0x000000009ae00000, 0x000000009ae00000|100%| O|  |TAMS 0x000000009ad00000| PB 0x000000009ad00000| Untracked |  0
| 430|0x000000009ae00000, 0x000000009af00000, 0x000000009af00000|100%| O|  |TAMS 0x000000009ae00000| PB 0x000000009ae00000| Untracked |  0
| 431|0x000000009af00000, 0x000000009b000000, 0x000000009b000000|100%| O|Cm|TAMS 0x000000009af00000| PB 0x000000009af00000| Complete |  0
| 432|0x000000009b000000, 0x000000009b100000, 0x000000009b100000|100%| O|  |TAMS 0x000000009b000000| PB 0x000000009b000000| Untracked |  0
| 433|0x000000009b100000, 0x000000009b200000, 0x000000009b200000|100%| O|  |TAMS 0x000000009b100000| PB 0x000000009b100000| Untracked |  0
| 434|0x000000009b200000, 0x000000009b300000, 0x000000009b300000|100%| O|  |TAMS 0x000000009b200000| PB 0x000000009b200000| Untracked |  0
| 435|0x000000009b300000, 0x000000009b400000, 0x000000009b400000|100%| O|  |TAMS 0x000000009b300000| PB 0x000000009b300000| Untracked |  0
| 436|0x000000009b400000, 0x000000009b500000, 0x000000009b500000|100%| O|  |TAMS 0x000000009b400000| PB 0x000000009b400000| Untracked |  0
| 437|0x000000009b500000, 0x000000009b600000, 0x000000009b600000|100%| O|Cm|TAMS 0x000000009b500000| PB 0x000000009b500000| Complete |  0
| 438|0x000000009b600000, 0x000000009b700000, 0x000000009b700000|100%|HS|  |TAMS 0x000000009b600000| PB 0x000000009b600000| Complete |  0
| 439|0x000000009b700000, 0x000000009b800000, 0x000000009b800000|100%|HC|  |TAMS 0x000000009b700000| PB 0x000000009b700000| Complete |  0
| 440|0x000000009b800000, 0x000000009b900000, 0x000000009b900000|100%| O|  |TAMS 0x000000009b800000| PB 0x000000009b800000| Untracked |  0
| 441|0x000000009b900000, 0x000000009ba00000, 0x000000009ba00000|100%| O|  |TAMS 0x000000009b900000| PB 0x000000009b900000| Untracked |  0
| 442|0x000000009ba00000, 0x000000009bb00000, 0x000000009bb00000|100%| O|  |TAMS 0x000000009ba00000| PB 0x000000009ba00000| Untracked |  0
| 443|0x000000009bb00000, 0x000000009bc00000, 0x000000009bc00000|100%| O|  |TAMS 0x000000009bb00000| PB 0x000000009bb00000| Untracked |  0
| 444|0x000000009bc00000, 0x000000009bd00000, 0x000000009bd00000|100%| O|  |TAMS 0x000000009bc00000| PB 0x000000009bc00000| Untracked |  0
| 445|0x000000009bd00000, 0x000000009be00000, 0x000000009be00000|100%| O|  |TAMS 0x000000009bd00000| PB 0x000000009bd00000| Untracked |  0
| 446|0x000000009be00000, 0x000000009bf00000, 0x000000009bf00000|100%| O|  |TAMS 0x000000009be00000| PB 0x000000009be00000| Untracked |  0
| 447|0x000000009bf00000, 0x000000009c000000, 0x000000009c000000|100%| O|Cm|TAMS 0x000000009bf00000| PB 0x000000009bf00000| Complete |  0
| 448|0x000000009c000000, 0x000000009c100000, 0x000000009c100000|100%| O|  |TAMS 0x000000009c000000| PB 0x000000009c000000| Untracked |  0
| 449|0x000000009c100000, 0x000000009c200000, 0x000000009c200000|100%| O|  |TAMS 0x000000009c100000| PB 0x000000009c100000| Untracked |  0
| 450|0x000000009c200000, 0x000000009c300000, 0x000000009c300000|100%| O|  |TAMS 0x000000009c200000| PB 0x000000009c200000| Untracked |  0
| 451|0x000000009c300000, 0x000000009c400000, 0x000000009c400000|100%| O|  |TAMS 0x000000009c300000| PB 0x000000009c300000| Untracked |  0
| 452|0x000000009c400000, 0x000000009c500000, 0x000000009c500000|100%| O|  |TAMS 0x000000009c400000| PB 0x000000009c400000| Untracked |  0
| 453|0x000000009c500000, 0x000000009c600000, 0x000000009c600000|100%| O|  |TAMS 0x000000009c500000| PB 0x000000009c500000| Untracked |  0
| 454|0x000000009c600000, 0x000000009c700000, 0x000000009c700000|100%| O|  |TAMS 0x000000009c600000| PB 0x000000009c600000| Untracked |  0
| 455|0x000000009c700000, 0x000000009c800000, 0x000000009c800000|100%| O|  |TAMS 0x000000009c700000| PB 0x000000009c700000| Untracked |  0
| 456|0x000000009c800000, 0x000000009c900000, 0x000000009c900000|100%| O|  |TAMS 0x000000009c800000| PB 0x000000009c800000| Untracked |  0
| 457|0x000000009c900000, 0x000000009ca00000, 0x000000009ca00000|100%| O|  |TAMS 0x000000009c900000| PB 0x000000009c900000| Untracked |  0
| 458|0x000000009ca00000, 0x000000009cb00000, 0x000000009cb00000|100%| O|  |TAMS 0x000000009ca00000| PB 0x000000009ca00000| Untracked |  0
| 459|0x000000009cb00000, 0x000000009cc00000, 0x000000009cc00000|100%|HS|  |TAMS 0x000000009cb00000| PB 0x000000009cb00000| Complete |  0
| 460|0x000000009cc00000, 0x000000009cd00000, 0x000000009cd00000|100%|HS|  |TAMS 0x000000009cc00000| PB 0x000000009cc00000| Complete |  0
| 461|0x000000009cd00000, 0x000000009ce00000, 0x000000009ce00000|100%|HS|  |TAMS 0x000000009cd00000| PB 0x000000009cd00000| Complete |  0
| 462|0x000000009ce00000, 0x000000009cf00000, 0x000000009cf00000|100%|HC|  |TAMS 0x000000009ce00000| PB 0x000000009ce00000| Complete |  0
| 463|0x000000009cf00000, 0x000000009d000000, 0x000000009d000000|100%| O|  |TAMS 0x000000009cf00000| PB 0x000000009cf00000| Untracked |  0
| 464|0x000000009d000000, 0x000000009d100000, 0x000000009d100000|100%| O|  |TAMS 0x000000009d000000| PB 0x000000009d000000| Untracked |  0
| 465|0x000000009d100000, 0x000000009d200000, 0x000000009d200000|100%| O|Cm|TAMS 0x000000009d100000| PB 0x000000009d100000| Complete |  0
| 466|0x000000009d200000, 0x000000009d300000, 0x000000009d300000|100%|HS|  |TAMS 0x000000009d200000| PB 0x000000009d200000| Complete |  0
| 467|0x000000009d300000, 0x000000009d400000, 0x000000009d400000|100%|HC|  |TAMS 0x000000009d300000| PB 0x000000009d300000| Complete |  0
| 468|0x000000009d400000, 0x000000009d500000, 0x000000009d500000|100%| O|  |TAMS 0x000000009d400000| PB 0x000000009d400000| Untracked |  0
| 469|0x000000009d500000, 0x000000009d600000, 0x000000009d600000|100%| O|  |TAMS 0x000000009d500000| PB 0x000000009d500000| Untracked |  0
| 470|0x000000009d600000, 0x000000009d700000, 0x000000009d700000|100%|HS|  |TAMS 0x000000009d600000| PB 0x000000009d600000| Complete |  0
| 471|0x000000009d700000, 0x000000009d800000, 0x000000009d800000|100%|HC|  |TAMS 0x000000009d700000| PB 0x000000009d700000| Complete |  0
| 472|0x000000009d800000, 0x000000009d900000, 0x000000009d900000|100%|HC|  |TAMS 0x000000009d800000| PB 0x000000009d800000| Complete |  0
| 473|0x000000009d900000, 0x000000009da00000, 0x000000009da00000|100%|HS|  |TAMS 0x000000009d900000| PB 0x000000009d900000| Complete |  0
| 474|0x000000009da00000, 0x000000009da00000, 0x000000009db00000|  0%| F|  |TAMS 0x000000009da00000| PB 0x000000009da00000| Untracked |  0
| 475|0x000000009db00000, 0x000000009dc00000, 0x000000009dc00000|100%| O|  |TAMS 0x000000009db00000| PB 0x000000009db00000| Untracked |  0
| 476|0x000000009dc00000, 0x000000009dd00000, 0x000000009dd00000|100%| O|  |TAMS 0x000000009dc00000| PB 0x000000009dc00000| Untracked |  0
| 477|0x000000009dd00000, 0x000000009de00000, 0x000000009de00000|100%| O|  |TAMS 0x000000009dd00000| PB 0x000000009dd00000| Untracked |  0
| 478|0x000000009de00000, 0x000000009df00000, 0x000000009df00000|100%| O|  |TAMS 0x000000009de00000| PB 0x000000009de00000| Untracked |  0
| 479|0x000000009df00000, 0x000000009e000000, 0x000000009e000000|100%| O|  |TAMS 0x000000009df00000| PB 0x000000009df00000| Untracked |  0
| 480|0x000000009e000000, 0x000000009e100000, 0x000000009e100000|100%| O|  |TAMS 0x000000009e000000| PB 0x000000009e000000| Untracked |  0
| 481|0x000000009e100000, 0x000000009e200000, 0x000000009e200000|100%| O|  |TAMS 0x000000009e100000| PB 0x000000009e100000| Untracked |  0
| 482|0x000000009e200000, 0x000000009e300000, 0x000000009e300000|100%| O|  |TAMS 0x000000009e200000| PB 0x000000009e200000| Untracked |  0
| 483|0x000000009e300000, 0x000000009e400000, 0x000000009e400000|100%| O|  |TAMS 0x000000009e300000| PB 0x000000009e300000| Untracked |  0
| 484|0x000000009e400000, 0x000000009e500000, 0x000000009e500000|100%| O|  |TAMS 0x000000009e400000| PB 0x000000009e400000| Untracked |  0
| 485|0x000000009e500000, 0x000000009e600000, 0x000000009e600000|100%| O|  |TAMS 0x000000009e500000| PB 0x000000009e500000| Untracked |  0
| 486|0x000000009e600000, 0x000000009e700000, 0x000000009e700000|100%| O|  |TAMS 0x000000009e600000| PB 0x000000009e600000| Untracked |  0
| 487|0x000000009e700000, 0x000000009e800000, 0x000000009e800000|100%| O|  |TAMS 0x000000009e700000| PB 0x000000009e700000| Untracked |  0
| 488|0x000000009e800000, 0x000000009e900000, 0x000000009e900000|100%| O|  |TAMS 0x000000009e800000| PB 0x000000009e800000| Untracked |  0
| 489|0x000000009e900000, 0x000000009ea00000, 0x000000009ea00000|100%| O|  |TAMS 0x000000009e900000| PB 0x000000009e900000| Untracked |  0
| 490|0x000000009ea00000, 0x000000009eb00000, 0x000000009eb00000|100%| O|  |TAMS 0x000000009ea00000| PB 0x000000009ea00000| Untracked |  0
| 491|0x000000009eb00000, 0x000000009ec00000, 0x000000009ec00000|100%| O|  |TAMS 0x000000009eb00000| PB 0x000000009eb00000| Untracked |  0
| 492|0x000000009ec00000, 0x000000009ed00000, 0x000000009ed00000|100%| O|  |TAMS 0x000000009ec00000| PB 0x000000009ec00000| Untracked |  0
| 493|0x000000009ed00000, 0x000000009ee00000, 0x000000009ee00000|100%| O|  |TAMS 0x000000009ed00000| PB 0x000000009ed00000| Untracked |  0
| 494|0x000000009ee00000, 0x000000009ef00000, 0x000000009ef00000|100%| O|  |TAMS 0x000000009ee00000| PB 0x000000009ee00000| Untracked |  0
| 495|0x000000009ef00000, 0x000000009f000000, 0x000000009f000000|100%| O|  |TAMS 0x000000009ef00000| PB 0x000000009ef00000| Untracked |  0
| 496|0x000000009f000000, 0x000000009f100000, 0x000000009f100000|100%| O|  |TAMS 0x000000009f000000| PB 0x000000009f000000| Untracked |  0
| 497|0x000000009f100000, 0x000000009f200000, 0x000000009f200000|100%| O|  |TAMS 0x000000009f100000| PB 0x000000009f100000| Untracked |  0
| 498|0x000000009f200000, 0x000000009f300000, 0x000000009f300000|100%| O|  |TAMS 0x000000009f200000| PB 0x000000009f200000| Untracked |  0
| 499|0x000000009f300000, 0x000000009f400000, 0x000000009f400000|100%| O|  |TAMS 0x000000009f300000| PB 0x000000009f300000| Untracked |  0
| 500|0x000000009f400000, 0x000000009f500000, 0x000000009f500000|100%| O|  |TAMS 0x000000009f400000| PB 0x000000009f400000| Untracked |  0
| 501|0x000000009f500000, 0x000000009f600000, 0x000000009f600000|100%| O|Cm|TAMS 0x000000009f500000| PB 0x000000009f500000| Complete |  0
| 502|0x000000009f600000, 0x000000009f700000, 0x000000009f700000|100%| O|Cm|TAMS 0x000000009f600000| PB 0x000000009f600000| Complete |  0
| 503|0x000000009f700000, 0x000000009f800000, 0x000000009f800000|100%| O|  |TAMS 0x000000009f700000| PB 0x000000009f700000| Untracked |  0
| 504|0x000000009f800000, 0x000000009f900000, 0x000000009f900000|100%| O|Cm|TAMS 0x000000009f800000| PB 0x000000009f800000| Complete |  0
| 505|0x000000009f900000, 0x000000009fa00000, 0x000000009fa00000|100%| O|  |TAMS 0x000000009f900000| PB 0x000000009f900000| Untracked |  0
| 506|0x000000009fa00000, 0x000000009fb00000, 0x000000009fb00000|100%| O|  |TAMS 0x000000009fa00000| PB 0x000000009fa00000| Untracked |  0
| 507|0x000000009fb00000, 0x000000009fc00000, 0x000000009fc00000|100%|HS|  |TAMS 0x000000009fb00000| PB 0x000000009fb00000| Complete |  0
| 508|0x000000009fc00000, 0x000000009fd00000, 0x000000009fd00000|100%|HC|  |TAMS 0x000000009fc00000| PB 0x000000009fc00000| Complete |  0
| 509|0x000000009fd00000, 0x000000009fe00000, 0x000000009fe00000|100%| O|  |TAMS 0x000000009fd00000| PB 0x000000009fd00000| Untracked |  0
| 510|0x000000009fe00000, 0x000000009ff00000, 0x000000009ff00000|100%| O|  |TAMS 0x000000009fe00000| PB 0x000000009fe00000| Untracked |  0
| 511|0x000000009ff00000, 0x00000000a0000000, 0x00000000a0000000|100%| O|  |TAMS 0x000000009ff00000| PB 0x000000009ff00000| Untracked |  0
| 512|0x00000000a0000000, 0x00000000a0100000, 0x00000000a0100000|100%| O|  |TAMS 0x00000000a0000000| PB 0x00000000a0000000| Untracked |  0
| 513|0x00000000a0100000, 0x00000000a0200000, 0x00000000a0200000|100%| O|  |TAMS 0x00000000a0100000| PB 0x00000000a0100000| Untracked |  0
| 514|0x00000000a0200000, 0x00000000a0300000, 0x00000000a0300000|100%| O|  |TAMS 0x00000000a0200000| PB 0x00000000a0200000| Untracked |  0
| 515|0x00000000a0300000, 0x00000000a0400000, 0x00000000a0400000|100%| O|Cm|TAMS 0x00000000a0300000| PB 0x00000000a0300000| Complete |  0
| 516|0x00000000a0400000, 0x00000000a0500000, 0x00000000a0500000|100%| O|  |TAMS 0x00000000a0400000| PB 0x00000000a0400000| Untracked |  0
| 517|0x00000000a0500000, 0x00000000a0600000, 0x00000000a0600000|100%| O|  |TAMS 0x00000000a0500000| PB 0x00000000a0500000| Untracked |  0
| 518|0x00000000a0600000, 0x00000000a0700000, 0x00000000a0700000|100%| O|  |TAMS 0x00000000a0600000| PB 0x00000000a0600000| Untracked |  0
| 519|0x00000000a0700000, 0x00000000a0800000, 0x00000000a0800000|100%| O|  |TAMS 0x00000000a0700000| PB 0x00000000a0700000| Untracked |  0
| 520|0x00000000a0800000, 0x00000000a0900000, 0x00000000a0900000|100%| O|  |TAMS 0x00000000a0800000| PB 0x00000000a0800000| Untracked |  0
| 521|0x00000000a0900000, 0x00000000a0a00000, 0x00000000a0a00000|100%| O|Cm|TAMS 0x00000000a0900000| PB 0x00000000a0900000| Complete |  0
| 522|0x00000000a0a00000, 0x00000000a0b00000, 0x00000000a0b00000|100%| O|  |TAMS 0x00000000a0a00000| PB 0x00000000a0a00000| Untracked |  0
| 523|0x00000000a0b00000, 0x00000000a0c00000, 0x00000000a0c00000|100%| O|  |TAMS 0x00000000a0b00000| PB 0x00000000a0b00000| Untracked |  0
| 524|0x00000000a0c00000, 0x00000000a0d00000, 0x00000000a0d00000|100%|HS|  |TAMS 0x00000000a0c00000| PB 0x00000000a0c00000| Complete |  0
| 525|0x00000000a0d00000, 0x00000000a0e00000, 0x00000000a0e00000|100%|HC|  |TAMS 0x00000000a0d00000| PB 0x00000000a0d00000| Complete |  0
| 526|0x00000000a0e00000, 0x00000000a0f00000, 0x00000000a0f00000|100%| O|  |TAMS 0x00000000a0e00000| PB 0x00000000a0e00000| Untracked |  0
| 527|0x00000000a0f00000, 0x00000000a1000000, 0x00000000a1000000|100%| O|  |TAMS 0x00000000a0f00000| PB 0x00000000a0f00000| Untracked |  0
| 528|0x00000000a1000000, 0x00000000a1100000, 0x00000000a1100000|100%| O|  |TAMS 0x00000000a1000000| PB 0x00000000a1000000| Untracked |  0
| 529|0x00000000a1100000, 0x00000000a1200000, 0x00000000a1200000|100%| O|  |TAMS 0x00000000a1100000| PB 0x00000000a1100000| Untracked |  0
| 530|0x00000000a1200000, 0x00000000a1300000, 0x00000000a1300000|100%| O|  |TAMS 0x00000000a1200000| PB 0x00000000a1200000| Untracked |  0
| 531|0x00000000a1300000, 0x00000000a1400000, 0x00000000a1400000|100%| O|Cm|TAMS 0x00000000a1300000| PB 0x00000000a1300000| Complete |  0
| 532|0x00000000a1400000, 0x00000000a1500000, 0x00000000a1500000|100%| O|  |TAMS 0x00000000a1400000| PB 0x00000000a1400000| Untracked |  0
| 533|0x00000000a1500000, 0x00000000a1600000, 0x00000000a1600000|100%| O|Cm|TAMS 0x00000000a1500000| PB 0x00000000a1500000| Complete |  0
| 534|0x00000000a1600000, 0x00000000a1700000, 0x00000000a1700000|100%| O|  |TAMS 0x00000000a1600000| PB 0x00000000a1600000| Untracked |  0
| 535|0x00000000a1700000, 0x00000000a1800000, 0x00000000a1800000|100%| O|  |TAMS 0x00000000a1700000| PB 0x00000000a1700000| Untracked |  0
| 536|0x00000000a1800000, 0x00000000a1900000, 0x00000000a1900000|100%| O|  |TAMS 0x00000000a1800000| PB 0x00000000a1800000| Untracked |  0
| 537|0x00000000a1900000, 0x00000000a1a00000, 0x00000000a1a00000|100%| O|  |TAMS 0x00000000a1900000| PB 0x00000000a1900000| Untracked |  0
| 538|0x00000000a1a00000, 0x00000000a1b00000, 0x00000000a1b00000|100%| O|  |TAMS 0x00000000a1a00000| PB 0x00000000a1a00000| Untracked |  0
| 539|0x00000000a1b00000, 0x00000000a1c00000, 0x00000000a1c00000|100%| O|  |TAMS 0x00000000a1b00000| PB 0x00000000a1b00000| Untracked |  0
| 540|0x00000000a1c00000, 0x00000000a1d00000, 0x00000000a1d00000|100%| O|  |TAMS 0x00000000a1c00000| PB 0x00000000a1c00000| Untracked |  0
| 541|0x00000000a1d00000, 0x00000000a1e00000, 0x00000000a1e00000|100%| O|  |TAMS 0x00000000a1d00000| PB 0x00000000a1d00000| Untracked |  0
| 542|0x00000000a1e00000, 0x00000000a1f00000, 0x00000000a1f00000|100%| O|  |TAMS 0x00000000a1e00000| PB 0x00000000a1e00000| Untracked |  0
| 543|0x00000000a1f00000, 0x00000000a2000000, 0x00000000a2000000|100%| O|  |TAMS 0x00000000a1f00000| PB 0x00000000a1f00000| Untracked |  0
| 544|0x00000000a2000000, 0x00000000a2100000, 0x00000000a2100000|100%| O|Cm|TAMS 0x00000000a2000000| PB 0x00000000a2000000| Complete |  0
| 545|0x00000000a2100000, 0x00000000a2200000, 0x00000000a2200000|100%| O|Cm|TAMS 0x00000000a2100000| PB 0x00000000a2100000| Complete |  0
| 546|0x00000000a2200000, 0x00000000a2300000, 0x00000000a2300000|100%| O|Cm|TAMS 0x00000000a2200000| PB 0x00000000a2200000| Complete |  0
| 547|0x00000000a2300000, 0x00000000a2400000, 0x00000000a2400000|100%| O|  |TAMS 0x00000000a2300000| PB 0x00000000a2300000| Untracked |  0
| 548|0x00000000a2400000, 0x00000000a2500000, 0x00000000a2500000|100%| O|  |TAMS 0x00000000a2400000| PB 0x00000000a2400000| Untracked |  0
| 549|0x00000000a2500000, 0x00000000a2600000, 0x00000000a2600000|100%| O|  |TAMS 0x00000000a2500000| PB 0x00000000a2500000| Untracked |  0
| 550|0x00000000a2600000, 0x00000000a2700000, 0x00000000a2700000|100%| O|Cm|TAMS 0x00000000a2600000| PB 0x00000000a2600000| Complete |  0
| 551|0x00000000a2700000, 0x00000000a2800000, 0x00000000a2800000|100%| O|  |TAMS 0x00000000a2700000| PB 0x00000000a2700000| Untracked |  0
| 552|0x00000000a2800000, 0x00000000a2900000, 0x00000000a2900000|100%| O|Cm|TAMS 0x00000000a2800000| PB 0x00000000a2800000| Complete |  0
| 553|0x00000000a2900000, 0x00000000a2a00000, 0x00000000a2a00000|100%| O|  |TAMS 0x00000000a2900000| PB 0x00000000a2900000| Untracked |  0
| 554|0x00000000a2a00000, 0x00000000a2b00000, 0x00000000a2b00000|100%| O|  |TAMS 0x00000000a2a00000| PB 0x00000000a2a00000| Untracked |  0
| 555|0x00000000a2b00000, 0x00000000a2c00000, 0x00000000a2c00000|100%| O|  |TAMS 0x00000000a2b00000| PB 0x00000000a2b00000| Untracked |  0
| 556|0x00000000a2c00000, 0x00000000a2d00000, 0x00000000a2d00000|100%| O|  |TAMS 0x00000000a2c00000| PB 0x00000000a2c00000| Untracked |  0
| 557|0x00000000a2d00000, 0x00000000a2e00000, 0x00000000a2e00000|100%| O|  |TAMS 0x00000000a2d00000| PB 0x00000000a2d00000| Untracked |  0
| 558|0x00000000a2e00000, 0x00000000a2f00000, 0x00000000a2f00000|100%| O|  |TAMS 0x00000000a2e00000| PB 0x00000000a2e00000| Untracked |  0
| 559|0x00000000a2f00000, 0x00000000a3000000, 0x00000000a3000000|100%| O|  |TAMS 0x00000000a2f00000| PB 0x00000000a2f00000| Untracked |  0
| 560|0x00000000a3000000, 0x00000000a3100000, 0x00000000a3100000|100%| O|  |TAMS 0x00000000a3000000| PB 0x00000000a3000000| Untracked |  0
| 561|0x00000000a3100000, 0x00000000a3200000, 0x00000000a3200000|100%| O|Cm|TAMS 0x00000000a3100000| PB 0x00000000a3100000| Complete |  0
| 562|0x00000000a3200000, 0x00000000a3300000, 0x00000000a3300000|100%| O|Cm|TAMS 0x00000000a3200000| PB 0x00000000a3200000| Complete |  0
| 563|0x00000000a3300000, 0x00000000a3400000, 0x00000000a3400000|100%| O|  |TAMS 0x00000000a3300000| PB 0x00000000a3300000| Untracked |  0
| 564|0x00000000a3400000, 0x00000000a3500000, 0x00000000a3500000|100%| O|  |TAMS 0x00000000a3400000| PB 0x00000000a3400000| Untracked |  0
| 565|0x00000000a3500000, 0x00000000a3600000, 0x00000000a3600000|100%| O|  |TAMS 0x00000000a3500000| PB 0x00000000a3500000| Untracked |  0
| 566|0x00000000a3600000, 0x00000000a3700000, 0x00000000a3700000|100%| O|  |TAMS 0x00000000a3600000| PB 0x00000000a3600000| Untracked |  0
| 567|0x00000000a3700000, 0x00000000a3800000, 0x00000000a3800000|100%| O|  |TAMS 0x00000000a3700000| PB 0x00000000a3700000| Untracked |  0
| 568|0x00000000a3800000, 0x00000000a3900000, 0x00000000a3900000|100%| O|  |TAMS 0x00000000a3800000| PB 0x00000000a3800000| Untracked |  0
| 569|0x00000000a3900000, 0x00000000a3a00000, 0x00000000a3a00000|100%| O|  |TAMS 0x00000000a3900000| PB 0x00000000a3900000| Untracked |  0
| 570|0x00000000a3a00000, 0x00000000a3b00000, 0x00000000a3b00000|100%| O|  |TAMS 0x00000000a3a00000| PB 0x00000000a3a00000| Untracked |  0
| 571|0x00000000a3b00000, 0x00000000a3bd9c40, 0x00000000a3c00000| 85%| O|  |TAMS 0x00000000a3b00000| PB 0x00000000a3b00000| Untracked |  0
| 572|0x00000000a3c00000, 0x00000000a3d00000, 0x00000000a3d00000|100%|HS|  |TAMS 0x00000000a3c00000| PB 0x00000000a3c00000| Complete |  0
| 573|0x00000000a3d00000, 0x00000000a3e00000, 0x00000000a3e00000|100%|HC|  |TAMS 0x00000000a3d00000| PB 0x00000000a3d00000| Complete |  0
| 574|0x00000000a3e00000, 0x00000000a3e00000, 0x00000000a3f00000|  0%| F|  |TAMS 0x00000000a3e00000| PB 0x00000000a3e00000| Untracked |  0
| 575|0x00000000a3f00000, 0x00000000a3f00000, 0x00000000a4000000|  0%| F|  |TAMS 0x00000000a3f00000| PB 0x00000000a3f00000| Untracked |  0
| 576|0x00000000a4000000, 0x00000000a4000000, 0x00000000a4100000|  0%| F|  |TAMS 0x00000000a4000000| PB 0x00000000a4000000| Untracked |  0
| 577|0x00000000a4100000, 0x00000000a4100000, 0x00000000a4200000|  0%| F|  |TAMS 0x00000000a4100000| PB 0x00000000a4100000| Untracked |  0
| 578|0x00000000a4200000, 0x00000000a4200000, 0x00000000a4300000|  0%| F|  |TAMS 0x00000000a4200000| PB 0x00000000a4200000| Untracked |  0
| 579|0x00000000a4300000, 0x00000000a4300000, 0x00000000a4400000|  0%| F|  |TAMS 0x00000000a4300000| PB 0x00000000a4300000| Untracked |  0
| 580|0x00000000a4400000, 0x00000000a4400000, 0x00000000a4500000|  0%| F|  |TAMS 0x00000000a4400000| PB 0x00000000a4400000| Untracked |  0
| 581|0x00000000a4500000, 0x00000000a4500000, 0x00000000a4600000|  0%| F|  |TAMS 0x00000000a4500000| PB 0x00000000a4500000| Untracked |  0
| 582|0x00000000a4600000, 0x00000000a4600000, 0x00000000a4700000|  0%| F|  |TAMS 0x00000000a4600000| PB 0x00000000a4600000| Untracked |  0
| 583|0x00000000a4700000, 0x00000000a4700000, 0x00000000a4800000|  0%| F|  |TAMS 0x00000000a4700000| PB 0x00000000a4700000| Untracked |  0
| 584|0x00000000a4800000, 0x00000000a4800000, 0x00000000a4900000|  0%| F|  |TAMS 0x00000000a4800000| PB 0x00000000a4800000| Untracked |  0
| 585|0x00000000a4900000, 0x00000000a4900000, 0x00000000a4a00000|  0%| F|  |TAMS 0x00000000a4900000| PB 0x00000000a4900000| Untracked |  0
| 586|0x00000000a4a00000, 0x00000000a4a00000, 0x00000000a4b00000|  0%| F|  |TAMS 0x00000000a4a00000| PB 0x00000000a4a00000| Untracked |  0
| 587|0x00000000a4b00000, 0x00000000a4b00000, 0x00000000a4c00000|  0%| F|  |TAMS 0x00000000a4b00000| PB 0x00000000a4b00000| Untracked |  0
| 588|0x00000000a4c00000, 0x00000000a4c00000, 0x00000000a4d00000|  0%| F|  |TAMS 0x00000000a4c00000| PB 0x00000000a4c00000| Untracked |  0
| 589|0x00000000a4d00000, 0x00000000a4d00000, 0x00000000a4e00000|  0%| F|  |TAMS 0x00000000a4d00000| PB 0x00000000a4d00000| Untracked |  0
| 590|0x00000000a4e00000, 0x00000000a4e00000, 0x00000000a4f00000|  0%| F|  |TAMS 0x00000000a4e00000| PB 0x00000000a4e00000| Untracked |  0
| 591|0x00000000a4f00000, 0x00000000a4f00000, 0x00000000a5000000|  0%| F|  |TAMS 0x00000000a4f00000| PB 0x00000000a4f00000| Untracked |  0
| 592|0x00000000a5000000, 0x00000000a5000000, 0x00000000a5100000|  0%| F|  |TAMS 0x00000000a5000000| PB 0x00000000a5000000| Untracked |  0
| 593|0x00000000a5100000, 0x00000000a5100000, 0x00000000a5200000|  0%| F|  |TAMS 0x00000000a5100000| PB 0x00000000a5100000| Untracked |  0
| 594|0x00000000a5200000, 0x00000000a5200000, 0x00000000a5300000|  0%| F|  |TAMS 0x00000000a5200000| PB 0x00000000a5200000| Untracked |  0
| 595|0x00000000a5300000, 0x00000000a5300000, 0x00000000a5400000|  0%| F|  |TAMS 0x00000000a5300000| PB 0x00000000a5300000| Untracked |  0
| 596|0x00000000a5400000, 0x00000000a5400000, 0x00000000a5500000|  0%| F|  |TAMS 0x00000000a5400000| PB 0x00000000a5400000| Untracked |  0
| 597|0x00000000a5500000, 0x00000000a5500000, 0x00000000a5600000|  0%| F|  |TAMS 0x00000000a5500000| PB 0x00000000a5500000| Untracked |  0
| 598|0x00000000a5600000, 0x00000000a5600000, 0x00000000a5700000|  0%| F|  |TAMS 0x00000000a5600000| PB 0x00000000a5600000| Untracked |  0
| 599|0x00000000a5700000, 0x00000000a5700000, 0x00000000a5800000|  0%| F|  |TAMS 0x00000000a5700000| PB 0x00000000a5700000| Untracked |  0
| 600|0x00000000a5800000, 0x00000000a5800000, 0x00000000a5900000|  0%| F|  |TAMS 0x00000000a5800000| PB 0x00000000a5800000| Untracked |  0
| 601|0x00000000a5900000, 0x00000000a5900000, 0x00000000a5a00000|  0%| F|  |TAMS 0x00000000a5900000| PB 0x00000000a5900000| Untracked |  0
| 602|0x00000000a5a00000, 0x00000000a5a00000, 0x00000000a5b00000|  0%| F|  |TAMS 0x00000000a5a00000| PB 0x00000000a5a00000| Untracked |  0
| 603|0x00000000a5b00000, 0x00000000a5b00000, 0x00000000a5c00000|  0%| F|  |TAMS 0x00000000a5b00000| PB 0x00000000a5b00000| Untracked |  0
| 604|0x00000000a5c00000, 0x00000000a5c00000, 0x00000000a5d00000|  0%| F|  |TAMS 0x00000000a5c00000| PB 0x00000000a5c00000| Untracked |  0
| 605|0x00000000a5d00000, 0x00000000a5d00000, 0x00000000a5e00000|  0%| F|  |TAMS 0x00000000a5d00000| PB 0x00000000a5d00000| Untracked |  0
| 606|0x00000000a5e00000, 0x00000000a5e00000, 0x00000000a5f00000|  0%| F|  |TAMS 0x00000000a5e00000| PB 0x00000000a5e00000| Untracked |  0
| 607|0x00000000a5f00000, 0x00000000a5f00000, 0x00000000a6000000|  0%| F|  |TAMS 0x00000000a5f00000| PB 0x00000000a5f00000| Untracked |  0
| 608|0x00000000a6000000, 0x00000000a6000000, 0x00000000a6100000|  0%| F|  |TAMS 0x00000000a6000000| PB 0x00000000a6000000| Untracked |  0
| 609|0x00000000a6100000, 0x00000000a6100000, 0x00000000a6200000|  0%| F|  |TAMS 0x00000000a6100000| PB 0x00000000a6100000| Untracked |  0
| 610|0x00000000a6200000, 0x00000000a6200000, 0x00000000a6300000|  0%| F|  |TAMS 0x00000000a6200000| PB 0x00000000a6200000| Untracked |  0
| 611|0x00000000a6300000, 0x00000000a6300000, 0x00000000a6400000|  0%| F|  |TAMS 0x00000000a6300000| PB 0x00000000a6300000| Untracked |  0
| 612|0x00000000a6400000, 0x00000000a6400000, 0x00000000a6500000|  0%| F|  |TAMS 0x00000000a6400000| PB 0x00000000a6400000| Untracked |  0
| 613|0x00000000a6500000, 0x00000000a6500000, 0x00000000a6600000|  0%| F|  |TAMS 0x00000000a6500000| PB 0x00000000a6500000| Untracked |  0
| 614|0x00000000a6600000, 0x00000000a6600000, 0x00000000a6700000|  0%| F|  |TAMS 0x00000000a6600000| PB 0x00000000a6600000| Untracked |  0
| 615|0x00000000a6700000, 0x00000000a6700000, 0x00000000a6800000|  0%| F|  |TAMS 0x00000000a6700000| PB 0x00000000a6700000| Untracked |  0
| 616|0x00000000a6800000, 0x00000000a6800000, 0x00000000a6900000|  0%| F|  |TAMS 0x00000000a6800000| PB 0x00000000a6800000| Untracked |  0
| 617|0x00000000a6900000, 0x00000000a6900000, 0x00000000a6a00000|  0%| F|  |TAMS 0x00000000a6900000| PB 0x00000000a6900000| Untracked |  0
| 618|0x00000000a6a00000, 0x00000000a6a00000, 0x00000000a6b00000|  0%| F|  |TAMS 0x00000000a6a00000| PB 0x00000000a6a00000| Untracked |  0
| 619|0x00000000a6b00000, 0x00000000a6b00000, 0x00000000a6c00000|  0%| F|  |TAMS 0x00000000a6b00000| PB 0x00000000a6b00000| Untracked |  0
| 620|0x00000000a6c00000, 0x00000000a6c00000, 0x00000000a6d00000|  0%| F|  |TAMS 0x00000000a6c00000| PB 0x00000000a6c00000| Untracked |  0
| 621|0x00000000a6d00000, 0x00000000a6d00000, 0x00000000a6e00000|  0%| F|  |TAMS 0x00000000a6d00000| PB 0x00000000a6d00000| Untracked |  0
| 622|0x00000000a6e00000, 0x00000000a6e00000, 0x00000000a6f00000|  0%| F|  |TAMS 0x00000000a6e00000| PB 0x00000000a6e00000| Untracked |  0
| 623|0x00000000a6f00000, 0x00000000a6f00000, 0x00000000a7000000|  0%| F|  |TAMS 0x00000000a6f00000| PB 0x00000000a6f00000| Untracked |  0
| 624|0x00000000a7000000, 0x00000000a7000000, 0x00000000a7100000|  0%| F|  |TAMS 0x00000000a7000000| PB 0x00000000a7000000| Untracked |  0
| 625|0x00000000a7100000, 0x00000000a714bd38, 0x00000000a7200000| 29%| S|CS|TAMS 0x00000000a7100000| PB 0x00000000a7100000| Complete |  0
| 626|0x00000000a7200000, 0x00000000a7300000, 0x00000000a7300000|100%| S|CS|TAMS 0x00000000a7200000| PB 0x00000000a7200000| Complete |  0
| 627|0x00000000a7300000, 0x00000000a7400000, 0x00000000a7400000|100%| S|CS|TAMS 0x00000000a7300000| PB 0x00000000a7300000| Complete |  0
| 628|0x00000000a7400000, 0x00000000a7500000, 0x00000000a7500000|100%| S|CS|TAMS 0x00000000a7400000| PB 0x00000000a7400000| Complete |  0
| 629|0x00000000a7500000, 0x00000000a7600000, 0x00000000a7600000|100%| S|CS|TAMS 0x00000000a7500000| PB 0x00000000a7500000| Complete |  0
| 630|0x00000000a7600000, 0x00000000a7700000, 0x00000000a7700000|100%| S|CS|TAMS 0x00000000a7600000| PB 0x00000000a7600000| Complete |  0
| 631|0x00000000a7700000, 0x00000000a7800000, 0x00000000a7800000|100%| S|CS|TAMS 0x00000000a7700000| PB 0x00000000a7700000| Complete |  0
| 632|0x00000000a7800000, 0x00000000a7900000, 0x00000000a7900000|100%| S|CS|TAMS 0x00000000a7800000| PB 0x00000000a7800000| Complete |  0
| 633|0x00000000a7900000, 0x00000000a7a00000, 0x00000000a7a00000|100%| S|CS|TAMS 0x00000000a7900000| PB 0x00000000a7900000| Complete |  0
| 634|0x00000000a7a00000, 0x00000000a7b00000, 0x00000000a7b00000|100%| S|CS|TAMS 0x00000000a7a00000| PB 0x00000000a7a00000| Complete |  0
| 635|0x00000000a7b00000, 0x00000000a7c00000, 0x00000000a7c00000|100%| S|CS|TAMS 0x00000000a7b00000| PB 0x00000000a7b00000| Complete |  0
| 636|0x00000000a7c00000, 0x00000000a7d00000, 0x00000000a7d00000|100%| S|CS|TAMS 0x00000000a7c00000| PB 0x00000000a7c00000| Complete |  0
| 637|0x00000000a7d00000, 0x00000000a7e00000, 0x00000000a7e00000|100%| S|CS|TAMS 0x00000000a7d00000| PB 0x00000000a7d00000| Complete |  0
| 638|0x00000000a7e00000, 0x00000000a7f00000, 0x00000000a7f00000|100%| S|CS|TAMS 0x00000000a7e00000| PB 0x00000000a7e00000| Complete |  0
| 639|0x00000000a7f00000, 0x00000000a8000000, 0x00000000a8000000|100%| S|CS|TAMS 0x00000000a7f00000| PB 0x00000000a7f00000| Complete |  0
| 640|0x00000000a8000000, 0x00000000a8100000, 0x00000000a8100000|100%| S|CS|TAMS 0x00000000a8000000| PB 0x00000000a8000000| Complete |  0
| 641|0x00000000a8100000, 0x00000000a8200000, 0x00000000a8200000|100%| S|CS|TAMS 0x00000000a8100000| PB 0x00000000a8100000| Complete |  0
| 642|0x00000000a8200000, 0x00000000a8300000, 0x00000000a8300000|100%| S|CS|TAMS 0x00000000a8200000| PB 0x00000000a8200000| Complete |  0
| 643|0x00000000a8300000, 0x00000000a8400000, 0x00000000a8400000|100%| S|CS|TAMS 0x00000000a8300000| PB 0x00000000a8300000| Complete |  0
| 644|0x00000000a8400000, 0x00000000a8500000, 0x00000000a8500000|100%| S|CS|TAMS 0x00000000a8400000| PB 0x00000000a8400000| Complete |  0
| 645|0x00000000a8500000, 0x00000000a8500000, 0x00000000a8600000|  0%| F|  |TAMS 0x00000000a8500000| PB 0x00000000a8500000| Untracked |  0
| 646|0x00000000a8600000, 0x00000000a8600000, 0x00000000a8700000|  0%| F|  |TAMS 0x00000000a8600000| PB 0x00000000a8600000| Untracked |  0
| 647|0x00000000a8700000, 0x00000000a8700000, 0x00000000a8800000|  0%| F|  |TAMS 0x00000000a8700000| PB 0x00000000a8700000| Untracked |  0
| 648|0x00000000a8800000, 0x00000000a8800000, 0x00000000a8900000|  0%| F|  |TAMS 0x00000000a8800000| PB 0x00000000a8800000| Untracked |  0
| 649|0x00000000a8900000, 0x00000000a8900000, 0x00000000a8a00000|  0%| F|  |TAMS 0x00000000a8900000| PB 0x00000000a8900000| Untracked |  0
| 650|0x00000000a8a00000, 0x00000000a8a00000, 0x00000000a8b00000|  0%| F|  |TAMS 0x00000000a8a00000| PB 0x00000000a8a00000| Untracked |  0
| 651|0x00000000a8b00000, 0x00000000a8b00000, 0x00000000a8c00000|  0%| F|  |TAMS 0x00000000a8b00000| PB 0x00000000a8b00000| Untracked |  0
| 652|0x00000000a8c00000, 0x00000000a8c00000, 0x00000000a8d00000|  0%| F|  |TAMS 0x00000000a8c00000| PB 0x00000000a8c00000| Untracked |  0
| 653|0x00000000a8d00000, 0x00000000a8d00000, 0x00000000a8e00000|  0%| F|  |TAMS 0x00000000a8d00000| PB 0x00000000a8d00000| Untracked |  0
| 654|0x00000000a8e00000, 0x00000000a8e00000, 0x00000000a8f00000|  0%| F|  |TAMS 0x00000000a8e00000| PB 0x00000000a8e00000| Untracked |  0
| 655|0x00000000a8f00000, 0x00000000a8f00000, 0x00000000a9000000|  0%| F|  |TAMS 0x00000000a8f00000| PB 0x00000000a8f00000| Untracked |  0
| 656|0x00000000a9000000, 0x00000000a9000000, 0x00000000a9100000|  0%| F|  |TAMS 0x00000000a9000000| PB 0x00000000a9000000| Untracked |  0
| 657|0x00000000a9100000, 0x00000000a9100000, 0x00000000a9200000|  0%| F|  |TAMS 0x00000000a9100000| PB 0x00000000a9100000| Untracked |  0
| 658|0x00000000a9200000, 0x00000000a9200000, 0x00000000a9300000|  0%| F|  |TAMS 0x00000000a9200000| PB 0x00000000a9200000| Untracked |  0
| 659|0x00000000a9300000, 0x00000000a9300000, 0x00000000a9400000|  0%| F|  |TAMS 0x00000000a9300000| PB 0x00000000a9300000| Untracked |  0
| 660|0x00000000a9400000, 0x00000000a9400000, 0x00000000a9500000|  0%| F|  |TAMS 0x00000000a9400000| PB 0x00000000a9400000| Untracked |  0
| 661|0x00000000a9500000, 0x00000000a9500000, 0x00000000a9600000|  0%| F|  |TAMS 0x00000000a9500000| PB 0x00000000a9500000| Untracked |  0
| 662|0x00000000a9600000, 0x00000000a9600000, 0x00000000a9700000|  0%| F|  |TAMS 0x00000000a9600000| PB 0x00000000a9600000| Untracked |  0
| 663|0x00000000a9700000, 0x00000000a9700000, 0x00000000a9800000|  0%| F|  |TAMS 0x00000000a9700000| PB 0x00000000a9700000| Untracked |  0
| 664|0x00000000a9800000, 0x00000000a9800000, 0x00000000a9900000|  0%| F|  |TAMS 0x00000000a9800000| PB 0x00000000a9800000| Untracked |  0
| 665|0x00000000a9900000, 0x00000000a9900000, 0x00000000a9a00000|  0%| F|  |TAMS 0x00000000a9900000| PB 0x00000000a9900000| Untracked |  0
| 666|0x00000000a9a00000, 0x00000000a9a00000, 0x00000000a9b00000|  0%| F|  |TAMS 0x00000000a9a00000| PB 0x00000000a9a00000| Untracked |  0
| 667|0x00000000a9b00000, 0x00000000a9b00000, 0x00000000a9c00000|  0%| F|  |TAMS 0x00000000a9b00000| PB 0x00000000a9b00000| Untracked |  0
| 668|0x00000000a9c00000, 0x00000000a9c00000, 0x00000000a9d00000|  0%| F|  |TAMS 0x00000000a9c00000| PB 0x00000000a9c00000| Untracked |  0
| 669|0x00000000a9d00000, 0x00000000a9d00000, 0x00000000a9e00000|  0%| F|  |TAMS 0x00000000a9d00000| PB 0x00000000a9d00000| Untracked |  0
| 670|0x00000000a9e00000, 0x00000000a9e00000, 0x00000000a9f00000|  0%| F|  |TAMS 0x00000000a9e00000| PB 0x00000000a9e00000| Untracked |  0
| 671|0x00000000a9f00000, 0x00000000a9f00000, 0x00000000aa000000|  0%| F|  |TAMS 0x00000000a9f00000| PB 0x00000000a9f00000| Untracked |  0
| 672|0x00000000aa000000, 0x00000000aa000000, 0x00000000aa100000|  0%| F|  |TAMS 0x00000000aa000000| PB 0x00000000aa000000| Untracked |  0
| 673|0x00000000aa100000, 0x00000000aa100000, 0x00000000aa200000|  0%| F|  |TAMS 0x00000000aa100000| PB 0x00000000aa100000| Untracked |  0
| 674|0x00000000aa200000, 0x00000000aa200000, 0x00000000aa300000|  0%| F|  |TAMS 0x00000000aa200000| PB 0x00000000aa200000| Untracked |  0
| 675|0x00000000aa300000, 0x00000000aa300000, 0x00000000aa400000|  0%| F|  |TAMS 0x00000000aa300000| PB 0x00000000aa300000| Untracked |  0
| 676|0x00000000aa400000, 0x00000000aa400000, 0x00000000aa500000|  0%| F|  |TAMS 0x00000000aa400000| PB 0x00000000aa400000| Untracked |  0
| 677|0x00000000aa500000, 0x00000000aa500000, 0x00000000aa600000|  0%| F|  |TAMS 0x00000000aa500000| PB 0x00000000aa500000| Untracked |  0
| 678|0x00000000aa600000, 0x00000000aa600000, 0x00000000aa700000|  0%| F|  |TAMS 0x00000000aa600000| PB 0x00000000aa600000| Untracked |  0
| 679|0x00000000aa700000, 0x00000000aa700000, 0x00000000aa800000|  0%| F|  |TAMS 0x00000000aa700000| PB 0x00000000aa700000| Untracked |  0
| 680|0x00000000aa800000, 0x00000000aa800000, 0x00000000aa900000|  0%| F|  |TAMS 0x00000000aa800000| PB 0x00000000aa800000| Untracked |  0
| 681|0x00000000aa900000, 0x00000000aa900000, 0x00000000aaa00000|  0%| F|  |TAMS 0x00000000aa900000| PB 0x00000000aa900000| Untracked |  0
| 682|0x00000000aaa00000, 0x00000000aaa00000, 0x00000000aab00000|  0%| F|  |TAMS 0x00000000aaa00000| PB 0x00000000aaa00000| Untracked |  0
| 683|0x00000000aab00000, 0x00000000aab00000, 0x00000000aac00000|  0%| F|  |TAMS 0x00000000aab00000| PB 0x00000000aab00000| Untracked |  0
| 684|0x00000000aac00000, 0x00000000aac00000, 0x00000000aad00000|  0%| F|  |TAMS 0x00000000aac00000| PB 0x00000000aac00000| Untracked |  0
| 685|0x00000000aad00000, 0x00000000aad00000, 0x00000000aae00000|  0%| F|  |TAMS 0x00000000aad00000| PB 0x00000000aad00000| Untracked |  0
| 686|0x00000000aae00000, 0x00000000aae00000, 0x00000000aaf00000|  0%| F|  |TAMS 0x00000000aae00000| PB 0x00000000aae00000| Untracked |  0
| 687|0x00000000aaf00000, 0x00000000aaf00000, 0x00000000ab000000|  0%| F|  |TAMS 0x00000000aaf00000| PB 0x00000000aaf00000| Untracked |  0
| 688|0x00000000ab000000, 0x00000000ab000000, 0x00000000ab100000|  0%| F|  |TAMS 0x00000000ab000000| PB 0x00000000ab000000| Untracked |  0
| 689|0x00000000ab100000, 0x00000000ab100000, 0x00000000ab200000|  0%| F|  |TAMS 0x00000000ab100000| PB 0x00000000ab100000| Untracked |  0
| 690|0x00000000ab200000, 0x00000000ab200000, 0x00000000ab300000|  0%| F|  |TAMS 0x00000000ab200000| PB 0x00000000ab200000| Untracked |  0
| 691|0x00000000ab300000, 0x00000000ab300000, 0x00000000ab400000|  0%| F|  |TAMS 0x00000000ab300000| PB 0x00000000ab300000| Untracked |  0
| 692|0x00000000ab400000, 0x00000000ab400000, 0x00000000ab500000|  0%| F|  |TAMS 0x00000000ab400000| PB 0x00000000ab400000| Untracked |  0
| 693|0x00000000ab500000, 0x00000000ab500000, 0x00000000ab600000|  0%| F|  |TAMS 0x00000000ab500000| PB 0x00000000ab500000| Untracked |  0
| 694|0x00000000ab600000, 0x00000000ab600000, 0x00000000ab700000|  0%| F|  |TAMS 0x00000000ab600000| PB 0x00000000ab600000| Untracked |  0
| 695|0x00000000ab700000, 0x00000000ab700000, 0x00000000ab800000|  0%| F|  |TAMS 0x00000000ab700000| PB 0x00000000ab700000| Untracked |  0
| 696|0x00000000ab800000, 0x00000000ab800000, 0x00000000ab900000|  0%| F|  |TAMS 0x00000000ab800000| PB 0x00000000ab800000| Untracked |  0
| 697|0x00000000ab900000, 0x00000000ab900000, 0x00000000aba00000|  0%| F|  |TAMS 0x00000000ab900000| PB 0x00000000ab900000| Untracked |  0
| 698|0x00000000aba00000, 0x00000000aba00000, 0x00000000abb00000|  0%| F|  |TAMS 0x00000000aba00000| PB 0x00000000aba00000| Untracked |  0
| 699|0x00000000abb00000, 0x00000000abb00000, 0x00000000abc00000|  0%| F|  |TAMS 0x00000000abb00000| PB 0x00000000abb00000| Untracked |  0
| 700|0x00000000abc00000, 0x00000000abc00000, 0x00000000abd00000|  0%| F|  |TAMS 0x00000000abc00000| PB 0x00000000abc00000| Untracked |  0
| 701|0x00000000abd00000, 0x00000000abd00000, 0x00000000abe00000|  0%| F|  |TAMS 0x00000000abd00000| PB 0x00000000abd00000| Untracked |  0
| 702|0x00000000abe00000, 0x00000000abe00000, 0x00000000abf00000|  0%| F|  |TAMS 0x00000000abe00000| PB 0x00000000abe00000| Untracked |  0
| 703|0x00000000abf00000, 0x00000000abf00000, 0x00000000ac000000|  0%| F|  |TAMS 0x00000000abf00000| PB 0x00000000abf00000| Untracked |  0
| 704|0x00000000ac000000, 0x00000000ac000000, 0x00000000ac100000|  0%| F|  |TAMS 0x00000000ac000000| PB 0x00000000ac000000| Untracked |  0
| 705|0x00000000ac100000, 0x00000000ac100000, 0x00000000ac200000|  0%| F|  |TAMS 0x00000000ac100000| PB 0x00000000ac100000| Untracked |  0
| 706|0x00000000ac200000, 0x00000000ac200000, 0x00000000ac300000|  0%| F|  |TAMS 0x00000000ac200000| PB 0x00000000ac200000| Untracked |  0
| 707|0x00000000ac300000, 0x00000000ac300000, 0x00000000ac400000|  0%| F|  |TAMS 0x00000000ac300000| PB 0x00000000ac300000| Untracked |  0
| 708|0x00000000ac400000, 0x00000000ac400000, 0x00000000ac500000|  0%| F|  |TAMS 0x00000000ac400000| PB 0x00000000ac400000| Untracked |  0
| 709|0x00000000ac500000, 0x00000000ac500000, 0x00000000ac600000|  0%| F|  |TAMS 0x00000000ac500000| PB 0x00000000ac500000| Untracked |  0
| 710|0x00000000ac600000, 0x00000000ac600000, 0x00000000ac700000|  0%| F|  |TAMS 0x00000000ac600000| PB 0x00000000ac600000| Untracked |  0
| 711|0x00000000ac700000, 0x00000000ac700000, 0x00000000ac800000|  0%| F|  |TAMS 0x00000000ac700000| PB 0x00000000ac700000| Untracked |  0
| 712|0x00000000ac800000, 0x00000000ac800000, 0x00000000ac900000|  0%| F|  |TAMS 0x00000000ac800000| PB 0x00000000ac800000| Untracked |  0
| 713|0x00000000ac900000, 0x00000000ac900000, 0x00000000aca00000|  0%| F|  |TAMS 0x00000000ac900000| PB 0x00000000ac900000| Untracked |  0
| 714|0x00000000aca00000, 0x00000000aca00000, 0x00000000acb00000|  0%| F|  |TAMS 0x00000000aca00000| PB 0x00000000aca00000| Untracked |  0
| 715|0x00000000acb00000, 0x00000000acb00000, 0x00000000acc00000|  0%| F|  |TAMS 0x00000000acb00000| PB 0x00000000acb00000| Untracked |  0
| 716|0x00000000acc00000, 0x00000000acc00000, 0x00000000acd00000|  0%| F|  |TAMS 0x00000000acc00000| PB 0x00000000acc00000| Untracked |  0
| 717|0x00000000acd00000, 0x00000000acd00000, 0x00000000ace00000|  0%| F|  |TAMS 0x00000000acd00000| PB 0x00000000acd00000| Untracked |  0
| 718|0x00000000ace00000, 0x00000000ace00000, 0x00000000acf00000|  0%| F|  |TAMS 0x00000000ace00000| PB 0x00000000ace00000| Untracked |  0
| 719|0x00000000acf00000, 0x00000000acf00000, 0x00000000ad000000|  0%| F|  |TAMS 0x00000000acf00000| PB 0x00000000acf00000| Untracked |  0
| 720|0x00000000ad000000, 0x00000000ad000000, 0x00000000ad100000|  0%| F|  |TAMS 0x00000000ad000000| PB 0x00000000ad000000| Untracked |  0
| 721|0x00000000ad100000, 0x00000000ad100000, 0x00000000ad200000|  0%| F|  |TAMS 0x00000000ad100000| PB 0x00000000ad100000| Untracked |  0
| 722|0x00000000ad200000, 0x00000000ad200000, 0x00000000ad300000|  0%| F|  |TAMS 0x00000000ad200000| PB 0x00000000ad200000| Untracked |  0
| 723|0x00000000ad300000, 0x00000000ad300000, 0x00000000ad400000|  0%| F|  |TAMS 0x00000000ad300000| PB 0x00000000ad300000| Untracked |  0
| 724|0x00000000ad400000, 0x00000000ad400000, 0x00000000ad500000|  0%| F|  |TAMS 0x00000000ad400000| PB 0x00000000ad400000| Untracked |  0
| 725|0x00000000ad500000, 0x00000000ad500000, 0x00000000ad600000|  0%| F|  |TAMS 0x00000000ad500000| PB 0x00000000ad500000| Untracked |  0
| 726|0x00000000ad600000, 0x00000000ad600000, 0x00000000ad700000|  0%| F|  |TAMS 0x00000000ad600000| PB 0x00000000ad600000| Untracked |  0
| 727|0x00000000ad700000, 0x00000000ad700000, 0x00000000ad800000|  0%| F|  |TAMS 0x00000000ad700000| PB 0x00000000ad700000| Untracked |  0
| 728|0x00000000ad800000, 0x00000000ad800000, 0x00000000ad900000|  0%| F|  |TAMS 0x00000000ad800000| PB 0x00000000ad800000| Untracked |  0
| 729|0x00000000ad900000, 0x00000000ad900000, 0x00000000ada00000|  0%| F|  |TAMS 0x00000000ad900000| PB 0x00000000ad900000| Untracked |  0
| 730|0x00000000ada00000, 0x00000000ada00000, 0x00000000adb00000|  0%| F|  |TAMS 0x00000000ada00000| PB 0x00000000ada00000| Untracked |  0
| 731|0x00000000adb00000, 0x00000000adb00000, 0x00000000adc00000|  0%| F|  |TAMS 0x00000000adb00000| PB 0x00000000adb00000| Untracked |  0
| 732|0x00000000adc00000, 0x00000000adc00000, 0x00000000add00000|  0%| F|  |TAMS 0x00000000adc00000| PB 0x00000000adc00000| Untracked |  0
| 733|0x00000000add00000, 0x00000000add00000, 0x00000000ade00000|  0%| F|  |TAMS 0x00000000add00000| PB 0x00000000add00000| Untracked |  0
| 734|0x00000000ade00000, 0x00000000ade00000, 0x00000000adf00000|  0%| F|  |TAMS 0x00000000ade00000| PB 0x00000000ade00000| Untracked |  0
| 735|0x00000000adf00000, 0x00000000adf00000, 0x00000000ae000000|  0%| F|  |TAMS 0x00000000adf00000| PB 0x00000000adf00000| Untracked |  0
| 736|0x00000000ae000000, 0x00000000ae000000, 0x00000000ae100000|  0%| F|  |TAMS 0x00000000ae000000| PB 0x00000000ae000000| Untracked |  0
| 737|0x00000000ae100000, 0x00000000ae100000, 0x00000000ae200000|  0%| F|  |TAMS 0x00000000ae100000| PB 0x00000000ae100000| Untracked |  0
| 738|0x00000000ae200000, 0x00000000ae200000, 0x00000000ae300000|  0%| F|  |TAMS 0x00000000ae200000| PB 0x00000000ae200000| Untracked |  0
| 739|0x00000000ae300000, 0x00000000ae300000, 0x00000000ae400000|  0%| F|  |TAMS 0x00000000ae300000| PB 0x00000000ae300000| Untracked |  0
| 740|0x00000000ae400000, 0x00000000ae400000, 0x00000000ae500000|  0%| F|  |TAMS 0x00000000ae400000| PB 0x00000000ae400000| Untracked |  0
| 741|0x00000000ae500000, 0x00000000ae500000, 0x00000000ae600000|  0%| F|  |TAMS 0x00000000ae500000| PB 0x00000000ae500000| Untracked |  0
| 742|0x00000000ae600000, 0x00000000ae600000, 0x00000000ae700000|  0%| F|  |TAMS 0x00000000ae600000| PB 0x00000000ae600000| Untracked |  0
| 743|0x00000000ae700000, 0x00000000ae700000, 0x00000000ae800000|  0%| F|  |TAMS 0x00000000ae700000| PB 0x00000000ae700000| Untracked |  0
| 744|0x00000000ae800000, 0x00000000ae800000, 0x00000000ae900000|  0%| F|  |TAMS 0x00000000ae800000| PB 0x00000000ae800000| Untracked |  0
| 745|0x00000000ae900000, 0x00000000ae900000, 0x00000000aea00000|  0%| F|  |TAMS 0x00000000ae900000| PB 0x00000000ae900000| Untracked |  0
| 746|0x00000000aea00000, 0x00000000aea00000, 0x00000000aeb00000|  0%| F|  |TAMS 0x00000000aea00000| PB 0x00000000aea00000| Untracked |  0
| 747|0x00000000aeb00000, 0x00000000aeb00000, 0x00000000aec00000|  0%| F|  |TAMS 0x00000000aeb00000| PB 0x00000000aeb00000| Untracked |  0
| 748|0x00000000aec00000, 0x00000000aec00000, 0x00000000aed00000|  0%| F|  |TAMS 0x00000000aec00000| PB 0x00000000aec00000| Untracked |  0
| 749|0x00000000aed00000, 0x00000000aed00000, 0x00000000aee00000|  0%| F|  |TAMS 0x00000000aed00000| PB 0x00000000aed00000| Untracked |  0
| 750|0x00000000aee00000, 0x00000000aee00000, 0x00000000aef00000|  0%| F|  |TAMS 0x00000000aee00000| PB 0x00000000aee00000| Untracked |  0
| 751|0x00000000aef00000, 0x00000000aef00000, 0x00000000af000000|  0%| F|  |TAMS 0x00000000aef00000| PB 0x00000000aef00000| Untracked |  0
| 752|0x00000000af000000, 0x00000000af000000, 0x00000000af100000|  0%| F|  |TAMS 0x00000000af000000| PB 0x00000000af000000| Untracked |  0
| 753|0x00000000af100000, 0x00000000af100000, 0x00000000af200000|  0%| F|  |TAMS 0x00000000af100000| PB 0x00000000af100000| Untracked |  0
| 754|0x00000000af200000, 0x00000000af200000, 0x00000000af300000|  0%| F|  |TAMS 0x00000000af200000| PB 0x00000000af200000| Untracked |  0
| 755|0x00000000af300000, 0x00000000af300000, 0x00000000af400000|  0%| F|  |TAMS 0x00000000af300000| PB 0x00000000af300000| Untracked |  0
| 756|0x00000000af400000, 0x00000000af400000, 0x00000000af500000|  0%| F|  |TAMS 0x00000000af400000| PB 0x00000000af400000| Untracked |  0
| 757|0x00000000af500000, 0x00000000af500000, 0x00000000af600000|  0%| F|  |TAMS 0x00000000af500000| PB 0x00000000af500000| Untracked |  0
| 758|0x00000000af600000, 0x00000000af600000, 0x00000000af700000|  0%| F|  |TAMS 0x00000000af600000| PB 0x00000000af600000| Untracked |  0
| 759|0x00000000af700000, 0x00000000af700000, 0x00000000af800000|  0%| F|  |TAMS 0x00000000af700000| PB 0x00000000af700000| Untracked |  0
| 760|0x00000000af800000, 0x00000000af800000, 0x00000000af900000|  0%| F|  |TAMS 0x00000000af800000| PB 0x00000000af800000| Untracked |  0
| 761|0x00000000af900000, 0x00000000af900000, 0x00000000afa00000|  0%| F|  |TAMS 0x00000000af900000| PB 0x00000000af900000| Untracked |  0
| 762|0x00000000afa00000, 0x00000000afa00000, 0x00000000afb00000|  0%| F|  |TAMS 0x00000000afa00000| PB 0x00000000afa00000| Untracked |  0
| 763|0x00000000afb00000, 0x00000000afb00000, 0x00000000afc00000|  0%| F|  |TAMS 0x00000000afb00000| PB 0x00000000afb00000| Untracked |  0
| 764|0x00000000afc00000, 0x00000000afc00000, 0x00000000afd00000|  0%| F|  |TAMS 0x00000000afc00000| PB 0x00000000afc00000| Untracked |  0
| 765|0x00000000afd00000, 0x00000000afd00000, 0x00000000afe00000|  0%| F|  |TAMS 0x00000000afd00000| PB 0x00000000afd00000| Untracked |  0
| 766|0x00000000afe00000, 0x00000000afe00000, 0x00000000aff00000|  0%| F|  |TAMS 0x00000000afe00000| PB 0x00000000afe00000| Untracked |  0
| 767|0x00000000aff00000, 0x00000000aff00000, 0x00000000b0000000|  0%| F|  |TAMS 0x00000000aff00000| PB 0x00000000aff00000| Untracked |  0
| 768|0x00000000b0000000, 0x00000000b0000000, 0x00000000b0100000|  0%| F|  |TAMS 0x00000000b0000000| PB 0x00000000b0000000| Untracked |  0
| 769|0x00000000b0100000, 0x00000000b0100000, 0x00000000b0200000|  0%| F|  |TAMS 0x00000000b0100000| PB 0x00000000b0100000| Untracked |  0
| 770|0x00000000b0200000, 0x00000000b0200000, 0x00000000b0300000|  0%| F|  |TAMS 0x00000000b0200000| PB 0x00000000b0200000| Untracked |  0
| 771|0x00000000b0300000, 0x00000000b0300000, 0x00000000b0400000|  0%| F|  |TAMS 0x00000000b0300000| PB 0x00000000b0300000| Untracked |  0
| 772|0x00000000b0400000, 0x00000000b0400000, 0x00000000b0500000|  0%| F|  |TAMS 0x00000000b0400000| PB 0x00000000b0400000| Untracked |  0
| 773|0x00000000b0500000, 0x00000000b0500000, 0x00000000b0600000|  0%| F|  |TAMS 0x00000000b0500000| PB 0x00000000b0500000| Untracked |  0
| 774|0x00000000b0600000, 0x00000000b0600000, 0x00000000b0700000|  0%| F|  |TAMS 0x00000000b0600000| PB 0x00000000b0600000| Untracked |  0
| 775|0x00000000b0700000, 0x00000000b0700000, 0x00000000b0800000|  0%| F|  |TAMS 0x00000000b0700000| PB 0x00000000b0700000| Untracked |  0
| 776|0x00000000b0800000, 0x00000000b0800000, 0x00000000b0900000|  0%| F|  |TAMS 0x00000000b0800000| PB 0x00000000b0800000| Untracked |  0
| 777|0x00000000b0900000, 0x00000000b0900000, 0x00000000b0a00000|  0%| F|  |TAMS 0x00000000b0900000| PB 0x00000000b0900000| Untracked |  0
| 778|0x00000000b0a00000, 0x00000000b0a00000, 0x00000000b0b00000|  0%| F|  |TAMS 0x00000000b0a00000| PB 0x00000000b0a00000| Untracked |  0
| 779|0x00000000b0b00000, 0x00000000b0b00000, 0x00000000b0c00000|  0%| F|  |TAMS 0x00000000b0b00000| PB 0x00000000b0b00000| Untracked |  0
| 780|0x00000000b0c00000, 0x00000000b0c00000, 0x00000000b0d00000|  0%| F|  |TAMS 0x00000000b0c00000| PB 0x00000000b0c00000| Untracked |  0
| 781|0x00000000b0d00000, 0x00000000b0d00000, 0x00000000b0e00000|  0%| F|  |TAMS 0x00000000b0d00000| PB 0x00000000b0d00000| Untracked |  0
| 782|0x00000000b0e00000, 0x00000000b0e00000, 0x00000000b0f00000|  0%| F|  |TAMS 0x00000000b0e00000| PB 0x00000000b0e00000| Untracked |  0
| 783|0x00000000b0f00000, 0x00000000b0f00000, 0x00000000b1000000|  0%| F|  |TAMS 0x00000000b0f00000| PB 0x00000000b0f00000| Untracked |  0
| 784|0x00000000b1000000, 0x00000000b1000000, 0x00000000b1100000|  0%| F|  |TAMS 0x00000000b1000000| PB 0x00000000b1000000| Untracked |  0
| 785|0x00000000b1100000, 0x00000000b1100000, 0x00000000b1200000|  0%| F|  |TAMS 0x00000000b1100000| PB 0x00000000b1100000| Untracked |  0
| 786|0x00000000b1200000, 0x00000000b1200000, 0x00000000b1300000|  0%| F|  |TAMS 0x00000000b1200000| PB 0x00000000b1200000| Untracked |  0
| 787|0x00000000b1300000, 0x00000000b1300000, 0x00000000b1400000|  0%| F|  |TAMS 0x00000000b1300000| PB 0x00000000b1300000| Untracked |  0
| 788|0x00000000b1400000, 0x00000000b1500000, 0x00000000b1500000|100%| E|  |TAMS 0x00000000b1400000| PB 0x00000000b1400000| Complete |  0
| 789|0x00000000b1500000, 0x00000000b1600000, 0x00000000b1600000|100%| E|CS|TAMS 0x00000000b1500000| PB 0x00000000b1500000| Complete |  0
| 790|0x00000000b1600000, 0x00000000b1700000, 0x00000000b1700000|100%| E|CS|TAMS 0x00000000b1600000| PB 0x00000000b1600000| Complete |  0
| 791|0x00000000b1700000, 0x00000000b1800000, 0x00000000b1800000|100%| E|CS|TAMS 0x00000000b1700000| PB 0x00000000b1700000| Complete |  0
| 792|0x00000000b1800000, 0x00000000b1900000, 0x00000000b1900000|100%| E|CS|TAMS 0x00000000b1800000| PB 0x00000000b1800000| Complete |  0
| 793|0x00000000b1900000, 0x00000000b1a00000, 0x00000000b1a00000|100%| E|CS|TAMS 0x00000000b1900000| PB 0x00000000b1900000| Complete |  0
| 794|0x00000000b1a00000, 0x00000000b1b00000, 0x00000000b1b00000|100%| E|CS|TAMS 0x00000000b1a00000| PB 0x00000000b1a00000| Complete |  0
| 795|0x00000000b1b00000, 0x00000000b1c00000, 0x00000000b1c00000|100%| E|CS|TAMS 0x00000000b1b00000| PB 0x00000000b1b00000| Complete |  0
| 796|0x00000000b1c00000, 0x00000000b1d00000, 0x00000000b1d00000|100%| E|CS|TAMS 0x00000000b1c00000| PB 0x00000000b1c00000| Complete |  0
| 797|0x00000000b1d00000, 0x00000000b1e00000, 0x00000000b1e00000|100%| E|  |TAMS 0x00000000b1d00000| PB 0x00000000b1d00000| Complete |  0
| 798|0x00000000b1e00000, 0x00000000b1f00000, 0x00000000b1f00000|100%| E|CS|TAMS 0x00000000b1e00000| PB 0x00000000b1e00000| Complete |  0
| 799|0x00000000b1f00000, 0x00000000b2000000, 0x00000000b2000000|100%| E|CS|TAMS 0x00000000b1f00000| PB 0x00000000b1f00000| Complete |  0
| 800|0x00000000b2000000, 0x00000000b2100000, 0x00000000b2100000|100%| E|CS|TAMS 0x00000000b2000000| PB 0x00000000b2000000| Complete |  0
| 801|0x00000000b2100000, 0x00000000b2200000, 0x00000000b2200000|100%| E|CS|TAMS 0x00000000b2100000| PB 0x00000000b2100000| Complete |  0
| 802|0x00000000b2200000, 0x00000000b2300000, 0x00000000b2300000|100%| E|CS|TAMS 0x00000000b2200000| PB 0x00000000b2200000| Complete |  0
| 803|0x00000000b2300000, 0x00000000b2400000, 0x00000000b2400000|100%| E|CS|TAMS 0x00000000b2300000| PB 0x00000000b2300000| Complete |  0
| 804|0x00000000b2400000, 0x00000000b2500000, 0x00000000b2500000|100%| E|CS|TAMS 0x00000000b2400000| PB 0x00000000b2400000| Complete |  0
| 805|0x00000000b2500000, 0x00000000b2600000, 0x00000000b2600000|100%| E|CS|TAMS 0x00000000b2500000| PB 0x00000000b2500000| Complete |  0
| 806|0x00000000b2600000, 0x00000000b2700000, 0x00000000b2700000|100%| E|CS|TAMS 0x00000000b2600000| PB 0x00000000b2600000| Complete |  0
| 807|0x00000000b2700000, 0x00000000b2800000, 0x00000000b2800000|100%| E|CS|TAMS 0x00000000b2700000| PB 0x00000000b2700000| Complete |  0
| 808|0x00000000b2800000, 0x00000000b2900000, 0x00000000b2900000|100%| E|CS|TAMS 0x00000000b2800000| PB 0x00000000b2800000| Complete |  0
| 809|0x00000000b2900000, 0x00000000b2a00000, 0x00000000b2a00000|100%| E|CS|TAMS 0x00000000b2900000| PB 0x00000000b2900000| Complete |  0
| 810|0x00000000b2a00000, 0x00000000b2b00000, 0x00000000b2b00000|100%| E|CS|TAMS 0x00000000b2a00000| PB 0x00000000b2a00000| Complete |  0
| 811|0x00000000b2b00000, 0x00000000b2c00000, 0x00000000b2c00000|100%| E|CS|TAMS 0x00000000b2b00000| PB 0x00000000b2b00000| Complete |  0
| 812|0x00000000b2c00000, 0x00000000b2d00000, 0x00000000b2d00000|100%| E|CS|TAMS 0x00000000b2c00000| PB 0x00000000b2c00000| Complete |  0
| 813|0x00000000b2d00000, 0x00000000b2e00000, 0x00000000b2e00000|100%| E|CS|TAMS 0x00000000b2d00000| PB 0x00000000b2d00000| Complete |  0
| 814|0x00000000b2e00000, 0x00000000b2f00000, 0x00000000b2f00000|100%| E|CS|TAMS 0x00000000b2e00000| PB 0x00000000b2e00000| Complete |  0
| 815|0x00000000b2f00000, 0x00000000b3000000, 0x00000000b3000000|100%| E|CS|TAMS 0x00000000b2f00000| PB 0x00000000b2f00000| Complete |  0
| 816|0x00000000b3000000, 0x00000000b3100000, 0x00000000b3100000|100%| E|CS|TAMS 0x00000000b3000000| PB 0x00000000b3000000| Complete |  0
| 817|0x00000000b3100000, 0x00000000b3200000, 0x00000000b3200000|100%| E|CS|TAMS 0x00000000b3100000| PB 0x00000000b3100000| Complete |  0
| 818|0x00000000b3200000, 0x00000000b3300000, 0x00000000b3300000|100%| E|CS|TAMS 0x00000000b3200000| PB 0x00000000b3200000| Complete |  0
| 819|0x00000000b3300000, 0x00000000b3400000, 0x00000000b3400000|100%| E|CS|TAMS 0x00000000b3300000| PB 0x00000000b3300000| Complete |  0
| 820|0x00000000b3400000, 0x00000000b3500000, 0x00000000b3500000|100%| E|CS|TAMS 0x00000000b3400000| PB 0x00000000b3400000| Complete |  0
| 821|0x00000000b3500000, 0x00000000b3600000, 0x00000000b3600000|100%| E|CS|TAMS 0x00000000b3500000| PB 0x00000000b3500000| Complete |  0
| 822|0x00000000b3600000, 0x00000000b3700000, 0x00000000b3700000|100%| E|CS|TAMS 0x00000000b3600000| PB 0x00000000b3600000| Complete |  0
| 823|0x00000000b3700000, 0x00000000b3800000, 0x00000000b3800000|100%| E|CS|TAMS 0x00000000b3700000| PB 0x00000000b3700000| Complete |  0
| 824|0x00000000b3800000, 0x00000000b3900000, 0x00000000b3900000|100%| E|CS|TAMS 0x00000000b3800000| PB 0x00000000b3800000| Complete |  0
| 825|0x00000000b3900000, 0x00000000b3a00000, 0x00000000b3a00000|100%| E|CS|TAMS 0x00000000b3900000| PB 0x00000000b3900000| Complete |  0
| 826|0x00000000b3a00000, 0x00000000b3b00000, 0x00000000b3b00000|100%| E|CS|TAMS 0x00000000b3a00000| PB 0x00000000b3a00000| Complete |  0
| 827|0x00000000b3b00000, 0x00000000b3c00000, 0x00000000b3c00000|100%| E|CS|TAMS 0x00000000b3b00000| PB 0x00000000b3b00000| Complete |  0
| 828|0x00000000b3c00000, 0x00000000b3d00000, 0x00000000b3d00000|100%| E|CS|TAMS 0x00000000b3c00000| PB 0x00000000b3c00000| Complete |  0
| 829|0x00000000b3d00000, 0x00000000b3e00000, 0x00000000b3e00000|100%| E|CS|TAMS 0x00000000b3d00000| PB 0x00000000b3d00000| Complete |  0
| 830|0x00000000b3e00000, 0x00000000b3f00000, 0x00000000b3f00000|100%| E|CS|TAMS 0x00000000b3e00000| PB 0x00000000b3e00000| Complete |  0
| 831|0x00000000b3f00000, 0x00000000b4000000, 0x00000000b4000000|100%| E|CS|TAMS 0x00000000b3f00000| PB 0x00000000b3f00000| Complete |  0
| 832|0x00000000b4000000, 0x00000000b4100000, 0x00000000b4100000|100%| E|CS|TAMS 0x00000000b4000000| PB 0x00000000b4000000| Complete |  0
| 833|0x00000000b4100000, 0x00000000b4200000, 0x00000000b4200000|100%| E|CS|TAMS 0x00000000b4100000| PB 0x00000000b4100000| Complete |  0
| 834|0x00000000b4200000, 0x00000000b4300000, 0x00000000b4300000|100%| E|CS|TAMS 0x00000000b4200000| PB 0x00000000b4200000| Complete |  0
| 835|0x00000000b4300000, 0x00000000b4400000, 0x00000000b4400000|100%| E|CS|TAMS 0x00000000b4300000| PB 0x00000000b4300000| Complete |  0
| 836|0x00000000b4400000, 0x00000000b4500000, 0x00000000b4500000|100%| E|CS|TAMS 0x00000000b4400000| PB 0x00000000b4400000| Complete |  0
| 837|0x00000000b4500000, 0x00000000b4600000, 0x00000000b4600000|100%| E|CS|TAMS 0x00000000b4500000| PB 0x00000000b4500000| Complete |  0
| 838|0x00000000b4600000, 0x00000000b4700000, 0x00000000b4700000|100%| E|CS|TAMS 0x00000000b4600000| PB 0x00000000b4600000| Complete |  0
| 839|0x00000000b4700000, 0x00000000b4800000, 0x00000000b4800000|100%| E|CS|TAMS 0x00000000b4700000| PB 0x00000000b4700000| Complete |  0
| 840|0x00000000b4800000, 0x00000000b4900000, 0x00000000b4900000|100%| E|CS|TAMS 0x00000000b4800000| PB 0x00000000b4800000| Complete |  0
| 841|0x00000000b4900000, 0x00000000b4a00000, 0x00000000b4a00000|100%| E|CS|TAMS 0x00000000b4900000| PB 0x00000000b4900000| Complete |  0
| 842|0x00000000b4a00000, 0x00000000b4b00000, 0x00000000b4b00000|100%| E|CS|TAMS 0x00000000b4a00000| PB 0x00000000b4a00000| Complete |  0
| 843|0x00000000b4b00000, 0x00000000b4c00000, 0x00000000b4c00000|100%| E|CS|TAMS 0x00000000b4b00000| PB 0x00000000b4b00000| Complete |  0
| 844|0x00000000b4c00000, 0x00000000b4d00000, 0x00000000b4d00000|100%| E|CS|TAMS 0x00000000b4c00000| PB 0x00000000b4c00000| Complete |  0
| 845|0x00000000b4d00000, 0x00000000b4e00000, 0x00000000b4e00000|100%| E|CS|TAMS 0x00000000b4d00000| PB 0x00000000b4d00000| Complete |  0
| 846|0x00000000b4e00000, 0x00000000b4f00000, 0x00000000b4f00000|100%| E|CS|TAMS 0x00000000b4e00000| PB 0x00000000b4e00000| Complete |  0
| 847|0x00000000b4f00000, 0x00000000b5000000, 0x00000000b5000000|100%| E|CS|TAMS 0x00000000b4f00000| PB 0x00000000b4f00000| Complete |  0
| 848|0x00000000b5000000, 0x00000000b5100000, 0x00000000b5100000|100%| E|CS|TAMS 0x00000000b5000000| PB 0x00000000b5000000| Complete |  0
| 849|0x00000000b5100000, 0x00000000b5200000, 0x00000000b5200000|100%| E|CS|TAMS 0x00000000b5100000| PB 0x00000000b5100000| Complete |  0
| 850|0x00000000b5200000, 0x00000000b5300000, 0x00000000b5300000|100%| E|CS|TAMS 0x00000000b5200000| PB 0x00000000b5200000| Complete |  0
| 851|0x00000000b5300000, 0x00000000b5400000, 0x00000000b5400000|100%| E|CS|TAMS 0x00000000b5300000| PB 0x00000000b5300000| Complete |  0
| 852|0x00000000b5400000, 0x00000000b5500000, 0x00000000b5500000|100%| E|CS|TAMS 0x00000000b5400000| PB 0x00000000b5400000| Complete |  0
| 853|0x00000000b5500000, 0x00000000b5600000, 0x00000000b5600000|100%| E|CS|TAMS 0x00000000b5500000| PB 0x00000000b5500000| Complete |  0
| 854|0x00000000b5600000, 0x00000000b5700000, 0x00000000b5700000|100%| E|CS|TAMS 0x00000000b5600000| PB 0x00000000b5600000| Complete |  0
| 855|0x00000000b5700000, 0x00000000b5800000, 0x00000000b5800000|100%| E|CS|TAMS 0x00000000b5700000| PB 0x00000000b5700000| Complete |  0
| 856|0x00000000b5800000, 0x00000000b5900000, 0x00000000b5900000|100%| E|CS|TAMS 0x00000000b5800000| PB 0x00000000b5800000| Complete |  0
| 857|0x00000000b5900000, 0x00000000b5a00000, 0x00000000b5a00000|100%| E|CS|TAMS 0x00000000b5900000| PB 0x00000000b5900000| Complete |  0
| 858|0x00000000b5a00000, 0x00000000b5b00000, 0x00000000b5b00000|100%| E|CS|TAMS 0x00000000b5a00000| PB 0x00000000b5a00000| Complete |  0
| 859|0x00000000b5b00000, 0x00000000b5c00000, 0x00000000b5c00000|100%| E|CS|TAMS 0x00000000b5b00000| PB 0x00000000b5b00000| Complete |  0
| 860|0x00000000b5c00000, 0x00000000b5d00000, 0x00000000b5d00000|100%| E|CS|TAMS 0x00000000b5c00000| PB 0x00000000b5c00000| Complete |  0
| 861|0x00000000b5d00000, 0x00000000b5e00000, 0x00000000b5e00000|100%| E|CS|TAMS 0x00000000b5d00000| PB 0x00000000b5d00000| Complete |  0
| 862|0x00000000b5e00000, 0x00000000b5f00000, 0x00000000b5f00000|100%| E|CS|TAMS 0x00000000b5e00000| PB 0x00000000b5e00000| Complete |  0
| 863|0x00000000b5f00000, 0x00000000b6000000, 0x00000000b6000000|100%| E|CS|TAMS 0x00000000b5f00000| PB 0x00000000b5f00000| Complete |  0
| 864|0x00000000b6000000, 0x00000000b6100000, 0x00000000b6100000|100%| E|CS|TAMS 0x00000000b6000000| PB 0x00000000b6000000| Complete |  0
| 865|0x00000000b6100000, 0x00000000b6200000, 0x00000000b6200000|100%| E|CS|TAMS 0x00000000b6100000| PB 0x00000000b6100000| Complete |  0
| 866|0x00000000b6200000, 0x00000000b6300000, 0x00000000b6300000|100%| E|CS|TAMS 0x00000000b6200000| PB 0x00000000b6200000| Complete |  0
| 867|0x00000000b6300000, 0x00000000b6400000, 0x00000000b6400000|100%| E|CS|TAMS 0x00000000b6300000| PB 0x00000000b6300000| Complete |  0
| 868|0x00000000b6400000, 0x00000000b6500000, 0x00000000b6500000|100%| E|CS|TAMS 0x00000000b6400000| PB 0x00000000b6400000| Complete |  0
| 869|0x00000000b6500000, 0x00000000b6600000, 0x00000000b6600000|100%| E|CS|TAMS 0x00000000b6500000| PB 0x00000000b6500000| Complete |  0
| 870|0x00000000b6600000, 0x00000000b6700000, 0x00000000b6700000|100%| E|CS|TAMS 0x00000000b6600000| PB 0x00000000b6600000| Complete |  0
| 871|0x00000000b6700000, 0x00000000b6800000, 0x00000000b6800000|100%| E|CS|TAMS 0x00000000b6700000| PB 0x00000000b6700000| Complete |  0
| 872|0x00000000b6800000, 0x00000000b6900000, 0x00000000b6900000|100%| E|CS|TAMS 0x00000000b6800000| PB 0x00000000b6800000| Complete |  0
| 873|0x00000000b6900000, 0x00000000b6a00000, 0x00000000b6a00000|100%| E|CS|TAMS 0x00000000b6900000| PB 0x00000000b6900000| Complete |  0
| 874|0x00000000b6a00000, 0x00000000b6b00000, 0x00000000b6b00000|100%| E|CS|TAMS 0x00000000b6a00000| PB 0x00000000b6a00000| Complete |  0
| 875|0x00000000b6b00000, 0x00000000b6c00000, 0x00000000b6c00000|100%| E|CS|TAMS 0x00000000b6b00000| PB 0x00000000b6b00000| Complete |  0
| 876|0x00000000b6c00000, 0x00000000b6d00000, 0x00000000b6d00000|100%| E|CS|TAMS 0x00000000b6c00000| PB 0x00000000b6c00000| Complete |  0
| 877|0x00000000b6d00000, 0x00000000b6e00000, 0x00000000b6e00000|100%| E|CS|TAMS 0x00000000b6d00000| PB 0x00000000b6d00000| Complete |  0
| 878|0x00000000b6e00000, 0x00000000b6f00000, 0x00000000b6f00000|100%| E|CS|TAMS 0x00000000b6e00000| PB 0x00000000b6e00000| Complete |  0
| 879|0x00000000b6f00000, 0x00000000b7000000, 0x00000000b7000000|100%| E|CS|TAMS 0x00000000b6f00000| PB 0x00000000b6f00000| Complete |  0
| 880|0x00000000b7000000, 0x00000000b7100000, 0x00000000b7100000|100%| E|CS|TAMS 0x00000000b7000000| PB 0x00000000b7000000| Complete |  0
| 881|0x00000000b7100000, 0x00000000b7200000, 0x00000000b7200000|100%| E|CS|TAMS 0x00000000b7100000| PB 0x00000000b7100000| Complete |  0
| 882|0x00000000b7200000, 0x00000000b7300000, 0x00000000b7300000|100%| E|CS|TAMS 0x00000000b7200000| PB 0x00000000b7200000| Complete |  0
| 883|0x00000000b7300000, 0x00000000b7400000, 0x00000000b7400000|100%| E|CS|TAMS 0x00000000b7300000| PB 0x00000000b7300000| Complete |  0
| 884|0x00000000b7400000, 0x00000000b7500000, 0x00000000b7500000|100%| E|CS|TAMS 0x00000000b7400000| PB 0x00000000b7400000| Complete |  0
| 885|0x00000000b7500000, 0x00000000b7600000, 0x00000000b7600000|100%| E|CS|TAMS 0x00000000b7500000| PB 0x00000000b7500000| Complete |  0
| 886|0x00000000b7600000, 0x00000000b7700000, 0x00000000b7700000|100%| E|CS|TAMS 0x00000000b7600000| PB 0x00000000b7600000| Complete |  0
| 887|0x00000000b7700000, 0x00000000b7800000, 0x00000000b7800000|100%| E|CS|TAMS 0x00000000b7700000| PB 0x00000000b7700000| Complete |  0
| 888|0x00000000b7800000, 0x00000000b7900000, 0x00000000b7900000|100%| E|CS|TAMS 0x00000000b7800000| PB 0x00000000b7800000| Complete |  0
| 889|0x00000000b7900000, 0x00000000b7a00000, 0x00000000b7a00000|100%| E|CS|TAMS 0x00000000b7900000| PB 0x00000000b7900000| Complete |  0
| 890|0x00000000b7a00000, 0x00000000b7b00000, 0x00000000b7b00000|100%| E|CS|TAMS 0x00000000b7a00000| PB 0x00000000b7a00000| Complete |  0
| 891|0x00000000b7b00000, 0x00000000b7c00000, 0x00000000b7c00000|100%| E|CS|TAMS 0x00000000b7b00000| PB 0x00000000b7b00000| Complete |  0
| 892|0x00000000b7c00000, 0x00000000b7d00000, 0x00000000b7d00000|100%| E|CS|TAMS 0x00000000b7c00000| PB 0x00000000b7c00000| Complete |  0
| 893|0x00000000b7d00000, 0x00000000b7e00000, 0x00000000b7e00000|100%| E|CS|TAMS 0x00000000b7d00000| PB 0x00000000b7d00000| Complete |  0
| 894|0x00000000b7e00000, 0x00000000b7f00000, 0x00000000b7f00000|100%| E|CS|TAMS 0x00000000b7e00000| PB 0x00000000b7e00000| Complete |  0
| 895|0x00000000b7f00000, 0x00000000b8000000, 0x00000000b8000000|100%| E|CS|TAMS 0x00000000b7f00000| PB 0x00000000b7f00000| Complete |  0
| 896|0x00000000b8000000, 0x00000000b8100000, 0x00000000b8100000|100%| E|CS|TAMS 0x00000000b8000000| PB 0x00000000b8000000| Complete |  0
| 897|0x00000000b8100000, 0x00000000b8200000, 0x00000000b8200000|100%| E|CS|TAMS 0x00000000b8100000| PB 0x00000000b8100000| Complete |  0
| 898|0x00000000b8200000, 0x00000000b8300000, 0x00000000b8300000|100%| E|CS|TAMS 0x00000000b8200000| PB 0x00000000b8200000| Complete |  0
| 899|0x00000000b8300000, 0x00000000b8400000, 0x00000000b8400000|100%| E|CS|TAMS 0x00000000b8300000| PB 0x00000000b8300000| Complete |  0
| 900|0x00000000b8400000, 0x00000000b8500000, 0x00000000b8500000|100%| E|CS|TAMS 0x00000000b8400000| PB 0x00000000b8400000| Complete |  0
| 901|0x00000000b8500000, 0x00000000b8600000, 0x00000000b8600000|100%| E|CS|TAMS 0x00000000b8500000| PB 0x00000000b8500000| Complete |  0
| 902|0x00000000b8600000, 0x00000000b8700000, 0x00000000b8700000|100%| E|CS|TAMS 0x00000000b8600000| PB 0x00000000b8600000| Complete |  0
| 903|0x00000000b8700000, 0x00000000b8800000, 0x00000000b8800000|100%| E|CS|TAMS 0x00000000b8700000| PB 0x00000000b8700000| Complete |  0
| 904|0x00000000b8800000, 0x00000000b8900000, 0x00000000b8900000|100%| E|CS|TAMS 0x00000000b8800000| PB 0x00000000b8800000| Complete |  0
| 905|0x00000000b8900000, 0x00000000b8a00000, 0x00000000b8a00000|100%| E|CS|TAMS 0x00000000b8900000| PB 0x00000000b8900000| Complete |  0
| 906|0x00000000b8a00000, 0x00000000b8b00000, 0x00000000b8b00000|100%| E|CS|TAMS 0x00000000b8a00000| PB 0x00000000b8a00000| Complete |  0
| 907|0x00000000b8b00000, 0x00000000b8c00000, 0x00000000b8c00000|100%| E|CS|TAMS 0x00000000b8b00000| PB 0x00000000b8b00000| Complete |  0
| 908|0x00000000b8c00000, 0x00000000b8d00000, 0x00000000b8d00000|100%| E|CS|TAMS 0x00000000b8c00000| PB 0x00000000b8c00000| Complete |  0
| 909|0x00000000b8d00000, 0x00000000b8e00000, 0x00000000b8e00000|100%| E|CS|TAMS 0x00000000b8d00000| PB 0x00000000b8d00000| Complete |  0
| 910|0x00000000b8e00000, 0x00000000b8f00000, 0x00000000b8f00000|100%| E|CS|TAMS 0x00000000b8e00000| PB 0x00000000b8e00000| Complete |  0
| 911|0x00000000b8f00000, 0x00000000b9000000, 0x00000000b9000000|100%| E|CS|TAMS 0x00000000b8f00000| PB 0x00000000b8f00000| Complete |  0
| 912|0x00000000b9000000, 0x00000000b9100000, 0x00000000b9100000|100%| E|CS|TAMS 0x00000000b9000000| PB 0x00000000b9000000| Complete |  0
| 913|0x00000000b9100000, 0x00000000b9200000, 0x00000000b9200000|100%| E|CS|TAMS 0x00000000b9100000| PB 0x00000000b9100000| Complete |  0
| 914|0x00000000b9200000, 0x00000000b9300000, 0x00000000b9300000|100%| E|CS|TAMS 0x00000000b9200000| PB 0x00000000b9200000| Complete |  0
| 915|0x00000000b9300000, 0x00000000b9400000, 0x00000000b9400000|100%| E|CS|TAMS 0x00000000b9300000| PB 0x00000000b9300000| Complete |  0
| 916|0x00000000b9400000, 0x00000000b9500000, 0x00000000b9500000|100%| E|CS|TAMS 0x00000000b9400000| PB 0x00000000b9400000| Complete |  0
| 917|0x00000000b9500000, 0x00000000b9600000, 0x00000000b9600000|100%| E|CS|TAMS 0x00000000b9500000| PB 0x00000000b9500000| Complete |  0
| 918|0x00000000b9600000, 0x00000000b9700000, 0x00000000b9700000|100%| E|CS|TAMS 0x00000000b9600000| PB 0x00000000b9600000| Complete |  0
| 919|0x00000000b9700000, 0x00000000b9800000, 0x00000000b9800000|100%| E|CS|TAMS 0x00000000b9700000| PB 0x00000000b9700000| Complete |  0
| 920|0x00000000b9800000, 0x00000000b9900000, 0x00000000b9900000|100%| E|CS|TAMS 0x00000000b9800000| PB 0x00000000b9800000| Complete |  0
| 921|0x00000000b9900000, 0x00000000b9a00000, 0x00000000b9a00000|100%| E|CS|TAMS 0x00000000b9900000| PB 0x00000000b9900000| Complete |  0
| 922|0x00000000b9a00000, 0x00000000b9b00000, 0x00000000b9b00000|100%| E|CS|TAMS 0x00000000b9a00000| PB 0x00000000b9a00000| Complete |  0
| 923|0x00000000b9b00000, 0x00000000b9c00000, 0x00000000b9c00000|100%| E|CS|TAMS 0x00000000b9b00000| PB 0x00000000b9b00000| Complete |  0
| 924|0x00000000b9c00000, 0x00000000b9d00000, 0x00000000b9d00000|100%| E|CS|TAMS 0x00000000b9c00000| PB 0x00000000b9c00000| Complete |  0
| 925|0x00000000b9d00000, 0x00000000b9e00000, 0x00000000b9e00000|100%| E|CS|TAMS 0x00000000b9d00000| PB 0x00000000b9d00000| Complete |  0
| 926|0x00000000b9e00000, 0x00000000b9f00000, 0x00000000b9f00000|100%| E|CS|TAMS 0x00000000b9e00000| PB 0x00000000b9e00000| Complete |  0
| 927|0x00000000b9f00000, 0x00000000ba000000, 0x00000000ba000000|100%| E|CS|TAMS 0x00000000b9f00000| PB 0x00000000b9f00000| Complete |  0
| 928|0x00000000ba000000, 0x00000000ba100000, 0x00000000ba100000|100%| E|CS|TAMS 0x00000000ba000000| PB 0x00000000ba000000| Complete |  0
| 929|0x00000000ba100000, 0x00000000ba200000, 0x00000000ba200000|100%| E|CS|TAMS 0x00000000ba100000| PB 0x00000000ba100000| Complete |  0
| 930|0x00000000ba200000, 0x00000000ba300000, 0x00000000ba300000|100%| E|CS|TAMS 0x00000000ba200000| PB 0x00000000ba200000| Complete |  0
| 931|0x00000000ba300000, 0x00000000ba400000, 0x00000000ba400000|100%| E|CS|TAMS 0x00000000ba300000| PB 0x00000000ba300000| Complete |  0
| 932|0x00000000ba400000, 0x00000000ba500000, 0x00000000ba500000|100%| E|CS|TAMS 0x00000000ba400000| PB 0x00000000ba400000| Complete |  0
| 933|0x00000000ba500000, 0x00000000ba600000, 0x00000000ba600000|100%| E|CS|TAMS 0x00000000ba500000| PB 0x00000000ba500000| Complete |  0
| 934|0x00000000ba600000, 0x00000000ba700000, 0x00000000ba700000|100%| E|CS|TAMS 0x00000000ba600000| PB 0x00000000ba600000| Complete |  0
| 935|0x00000000ba700000, 0x00000000ba800000, 0x00000000ba800000|100%| E|CS|TAMS 0x00000000ba700000| PB 0x00000000ba700000| Complete |  0
| 936|0x00000000ba800000, 0x00000000ba900000, 0x00000000ba900000|100%| E|CS|TAMS 0x00000000ba800000| PB 0x00000000ba800000| Complete |  0
| 937|0x00000000ba900000, 0x00000000baa00000, 0x00000000baa00000|100%| E|CS|TAMS 0x00000000ba900000| PB 0x00000000ba900000| Complete |  0
| 938|0x00000000baa00000, 0x00000000bab00000, 0x00000000bab00000|100%| E|CS|TAMS 0x00000000baa00000| PB 0x00000000baa00000| Complete |  0
| 939|0x00000000bab00000, 0x00000000bac00000, 0x00000000bac00000|100%| E|CS|TAMS 0x00000000bab00000| PB 0x00000000bab00000| Complete |  0
| 940|0x00000000bac00000, 0x00000000bad00000, 0x00000000bad00000|100%| E|CS|TAMS 0x00000000bac00000| PB 0x00000000bac00000| Complete |  0
| 941|0x00000000bad00000, 0x00000000bae00000, 0x00000000bae00000|100%| E|CS|TAMS 0x00000000bad00000| PB 0x00000000bad00000| Complete |  0
| 942|0x00000000bae00000, 0x00000000baf00000, 0x00000000baf00000|100%| E|CS|TAMS 0x00000000bae00000| PB 0x00000000bae00000| Complete |  0
| 943|0x00000000baf00000, 0x00000000bb000000, 0x00000000bb000000|100%| E|CS|TAMS 0x00000000baf00000| PB 0x00000000baf00000| Complete |  0
| 944|0x00000000bb000000, 0x00000000bb100000, 0x00000000bb100000|100%| E|CS|TAMS 0x00000000bb000000| PB 0x00000000bb000000| Complete |  0
| 945|0x00000000bb100000, 0x00000000bb200000, 0x00000000bb200000|100%| E|CS|TAMS 0x00000000bb100000| PB 0x00000000bb100000| Complete |  0
| 946|0x00000000bb200000, 0x00000000bb300000, 0x00000000bb300000|100%| E|CS|TAMS 0x00000000bb200000| PB 0x00000000bb200000| Complete |  0
| 947|0x00000000bb300000, 0x00000000bb400000, 0x00000000bb400000|100%| E|CS|TAMS 0x00000000bb300000| PB 0x00000000bb300000| Complete |  0
| 948|0x00000000bb400000, 0x00000000bb500000, 0x00000000bb500000|100%| E|CS|TAMS 0x00000000bb400000| PB 0x00000000bb400000| Complete |  0
| 949|0x00000000bb500000, 0x00000000bb600000, 0x00000000bb600000|100%| E|CS|TAMS 0x00000000bb500000| PB 0x00000000bb500000| Complete |  0
| 950|0x00000000bb600000, 0x00000000bb700000, 0x00000000bb700000|100%| E|CS|TAMS 0x00000000bb600000| PB 0x00000000bb600000| Complete |  0
| 951|0x00000000bb700000, 0x00000000bb800000, 0x00000000bb800000|100%| E|CS|TAMS 0x00000000bb700000| PB 0x00000000bb700000| Complete |  0
| 952|0x00000000bb800000, 0x00000000bb900000, 0x00000000bb900000|100%| E|CS|TAMS 0x00000000bb800000| PB 0x00000000bb800000| Complete |  0
| 953|0x00000000bb900000, 0x00000000bba00000, 0x00000000bba00000|100%| E|CS|TAMS 0x00000000bb900000| PB 0x00000000bb900000| Complete |  0
| 954|0x00000000bba00000, 0x00000000bbb00000, 0x00000000bbb00000|100%| E|CS|TAMS 0x00000000bba00000| PB 0x00000000bba00000| Complete |  0
| 955|0x00000000bbb00000, 0x00000000bbc00000, 0x00000000bbc00000|100%| E|CS|TAMS 0x00000000bbb00000| PB 0x00000000bbb00000| Complete |  0
| 956|0x00000000bbc00000, 0x00000000bbd00000, 0x00000000bbd00000|100%| E|CS|TAMS 0x00000000bbc00000| PB 0x00000000bbc00000| Complete |  0
| 957|0x00000000bbd00000, 0x00000000bbe00000, 0x00000000bbe00000|100%| E|CS|TAMS 0x00000000bbd00000| PB 0x00000000bbd00000| Complete |  0
| 958|0x00000000bbe00000, 0x00000000bbf00000, 0x00000000bbf00000|100%| E|CS|TAMS 0x00000000bbe00000| PB 0x00000000bbe00000| Complete |  0
| 959|0x00000000bbf00000, 0x00000000bc000000, 0x00000000bc000000|100%| E|CS|TAMS 0x00000000bbf00000| PB 0x00000000bbf00000| Complete |  0
| 960|0x00000000bc000000, 0x00000000bc100000, 0x00000000bc100000|100%| E|CS|TAMS 0x00000000bc000000| PB 0x00000000bc000000| Complete |  0
| 961|0x00000000bc100000, 0x00000000bc200000, 0x00000000bc200000|100%| E|CS|TAMS 0x00000000bc100000| PB 0x00000000bc100000| Complete |  0

Card table byte_map: [0x000002acb55c0000,0x000002acb59c0000] _byte_map_base: 0x000002acb51c0000

Marking Bits: (CMBitMap*) 0x000002ac9d493c20
 Bits: [0x000002acb59c0000, 0x000002acb79c0000)

Polling page: 0x000002ac9b2b0000

Metaspace:

Usage:
  Non-class:    179.13 MB used.
      Class:     27.73 MB used.
       Both:    206.86 MB used.

Virtual space:
  Non-class space:      192.00 MB reserved,     181.19 MB ( 94%) committed,  3 nodes.
      Class space:      416.00 MB reserved,      29.44 MB (  7%) committed,  1 nodes.
             Both:      608.00 MB reserved,     210.62 MB ( 35%) committed. 

Chunk freelists:
   Non-Class:  10.48 MB
       Class:  2.60 MB
        Both:  13.08 MB

MaxMetaspaceSize: 512.00 MB
CompressedClassSpaceSize: 416.00 MB
Initial GC threshold: 21.00 MB
Current GC threshold: 348.38 MB
CDS: on
 - commit_granule_bytes: 65536.
 - commit_granule_words: 8192.
 - virtual_space_node_default_size: 8388608.
 - enlarge_chunks_in_place: 1.
 - use_allocation_guard: 0.


Internal statistics:

num_allocs_failed_limit: 9.
num_arena_births: 5900.
num_arena_deaths: 346.
num_vsnodes_births: 4.
num_vsnodes_deaths: 0.
num_space_committed: 3379.
num_space_uncommitted: 8.
num_chunks_returned_to_freelist: 633.
num_chunks_taken_from_freelist: 15811.
num_chunk_merges: 199.
num_chunk_splits: 10222.
num_chunks_enlarged: 6530.
num_inconsistent_stats: 0.

CodeHeap 'non-profiled nmethods': size=120064Kb used=23246Kb max_used=23246Kb free=96817Kb
 bounds [0x000002acad620000, 0x000002acaed30000, 0x000002acb4b60000]
CodeHeap 'profiled nmethods': size=120000Kb used=53051Kb max_used=54416Kb free=66948Kb
 bounds [0x000002aca5b60000, 0x000002aca90d0000, 0x000002acad090000]
CodeHeap 'non-nmethods': size=5696Kb used=3255Kb max_used=3332Kb free=2440Kb
 bounds [0x000002acad090000, 0x000002acad3e0000, 0x000002acad620000]
CodeCache: size=245760Kb, used=79552Kb, max_used=80994Kb, free=166205Kb
 total_blobs=33262, nmethods=31968, adapters=1197, full_count=0
Compilation: enabled, stopped_count=0, restarted_count=0

Compilation events (20 events):
Event: 130.345 Thread 0x000002acba827b80 nmethod 50523 0x000002acae719c88 code [0x000002acae719da0, 0x000002acae719ea0]
Event: 130.345 Thread 0x000002acec6ba840 nmethod 50525 0x000002acaea13e08 code [0x000002acaea13f40, 0x000002acaea143a0]
Event: 130.345 Thread 0x000002acba82b2d0 nmethod 50527 0x000002aca814ed88 code [0x000002aca814f020, 0x000002aca81503f8]
Event: 130.352 Thread 0x000002acba82b2d0 50528       3       java.lang.Long::toUnsignedString (7 bytes)
Event: 130.352 Thread 0x000002acba82b2d0 nmethod 50528 0x000002aca7922c88 code [0x000002aca7922da0, 0x000002aca7922ec0]
Event: 130.352 Thread 0x000002acba82b2d0 50529       3       java.lang.Long::toUnsignedString (160 bytes)
Event: 130.352 Thread 0x000002acba82b2d0 nmethod 50529 0x000002aca8848888 code [0x000002aca8848ac0, 0x000002aca8849558]
Event: 130.352 Thread 0x000002acba82b2d0 50530       3       kotlin.collections.ArraysKt___ArraysKt::joinToString (72 bytes)
Event: 130.353 Thread 0x000002acba82b2d0 nmethod 50530 0x000002aca6512288 code [0x000002aca6512620, 0x000002aca6514078]
Event: 130.354 Thread 0x000002acba827b80 50531 %     4       org.jetbrains.kotlin.compilerRunner.ReportUtilsKt::escapeJavaStyleString @ 33 (528 bytes)
Event: 130.354 Thread 0x000002acba82b2d0 50532       3       org.jetbrains.kotlin.compilerRunner.ReportUtilsKt$writeArgumentsToFile$1::invoke (9 bytes)
Event: 130.355 Thread 0x000002acba82b2d0 nmethod 50532 0x000002aca8848508 code [0x000002aca8848640, 0x000002aca8848850]
Event: 130.355 Thread 0x000002acba82b2d0 50533       3       org.jetbrains.kotlin.compilerRunner.ReportUtilsKt$writeArgumentsToFile$1::invoke (41 bytes)
Event: 130.355 Thread 0x000002acba82b2d0 nmethod 50533 0x000002aca70bce88 code [0x000002aca70bd0c0, 0x000002aca70bdca8]
Event: 130.356 Thread 0x000002acec6ba840 50534       4       com.sun.org.apache.xerces.internal.dom.CoreDocumentImpl::createTextNode (10 bytes)
Event: 130.357 Thread 0x000002acec6ba840 nmethod 50534 0x000002acae719988 code [0x000002acae719a80, 0x000002acae719b78]
Event: 130.373 Thread 0x000002acba82b2d0 50535       1       com.sun.org.apache.xerces.internal.dom.CDATASectionImpl::getNodeType (2 bytes)
Event: 130.373 Thread 0x000002acba82b2d0 nmethod 50535 0x000002acaea13888 code [0x000002acaea139a0, 0x000002acaea13a68]
Event: 130.378 Thread 0x000002acba827b80 nmethod 50531% 0x000002acae84a108 code [0x000002acae84a380, 0x000002acae84b850]
Event: 130.444 Thread 0x000002acba827b80 50536       4       com.android.utils.PositionXmlParser$DomBuilder::flushText (114 bytes)

GC Heap History (20 events):
Event: 112.636 GC heap before
{Heap before GC invocations=144 (full 0):
 garbage-first heap   total reserved 2097152K, committed 808960K, used 730593K [0x0000000080000000, 0x0000000100000000)
  region size 1024K, 257 young (263168K), 23 survivors (23552K)
 Metaspace       used 171278K, committed 174976K, reserved 622592K
  class space    used 23506K, committed 25216K, reserved 425984K
}
Event: 112.649 GC heap after
{Heap after GC invocations=145 (full 0):
 garbage-first heap   total reserved 2097152K, committed 808960K, used 511591K [0x0000000080000000, 0x0000000100000000)
  region size 1024K, 33 young (33792K), 33 survivors (33792K)
 Metaspace       used 171278K, committed 174976K, reserved 622592K
  class space    used 23506K, committed 25216K, reserved 425984K
}
Event: 113.346 GC heap before
{Heap before GC invocations=145 (full 0):
 garbage-first heap   total reserved 2097152K, committed 808960K, used 739943K [0x0000000080000000, 0x0000000100000000)
  region size 1024K, 250 young (256000K), 33 survivors (33792K)
 Metaspace       used 179086K, committed 182912K, reserved 622592K
  class space    used 24304K, committed 26048K, reserved 425984K
}
Event: 113.363 GC heap after
{Heap after GC invocations=146 (full 0):
 garbage-first heap   total reserved 2097152K, committed 808960K, used 534016K [0x0000000080000000, 0x0000000100000000)
  region size 1024K, 24 young (24576K), 24 survivors (24576K)
 Metaspace       used 179086K, committed 182912K, reserved 622592K
  class space    used 24304K, committed 26048K, reserved 425984K
}
Event: 114.456 GC heap before
{Heap before GC invocations=146 (full 0):
 garbage-first heap   total reserved 2097152K, committed 808960K, used 741888K [0x0000000080000000, 0x0000000100000000)
  region size 1024K, 228 young (233472K), 24 survivors (24576K)
 Metaspace       used 181426K, committed 185216K, reserved 622592K
  class space    used 24507K, committed 26240K, reserved 425984K
}
Event: 114.468 GC heap after
{Heap after GC invocations=147 (full 0):
 garbage-first heap   total reserved 2097152K, committed 808960K, used 546729K [0x0000000080000000, 0x0000000100000000)
  region size 1024K, 18 young (18432K), 18 survivors (18432K)
 Metaspace       used 181426K, committed 185216K, reserved 622592K
  class space    used 24507K, committed 26240K, reserved 425984K
}
Event: 115.735 GC heap before
{Heap before GC invocations=148 (full 0):
 garbage-first heap   total reserved 2097152K, committed 911360K, used 745385K [0x0000000080000000, 0x0000000100000000)
  region size 1024K, 211 young (216064K), 18 survivors (18432K)
 Metaspace       used 183142K, committed 186944K, reserved 622592K
  class space    used 24673K, committed 26432K, reserved 425984K
}
Event: 115.746 GC heap after
{Heap after GC invocations=149 (full 0):
 garbage-first heap   total reserved 2097152K, committed 911360K, used 567139K [0x0000000080000000, 0x0000000100000000)
  region size 1024K, 21 young (21504K), 21 survivors (21504K)
 Metaspace       used 183142K, committed 186944K, reserved 622592K
  class space    used 24673K, committed 26432K, reserved 425984K
}
Event: 117.404 GC heap before
{Heap before GC invocations=149 (full 0):
 garbage-first heap   total reserved 2097152K, committed 911360K, used 846691K [0x0000000080000000, 0x0000000100000000)
  region size 1024K, 291 young (297984K), 21 survivors (21504K)
 Metaspace       used 190319K, committed 194112K, reserved 622592K
  class space    used 25323K, committed 27072K, reserved 425984K
}
Event: 117.420 GC heap after
{Heap after GC invocations=150 (full 0):
 garbage-first heap   total reserved 2097152K, committed 911360K, used 587217K [0x0000000080000000, 0x0000000100000000)
  region size 1024K, 28 young (28672K), 28 survivors (28672K)
 Metaspace       used 190319K, committed 194112K, reserved 622592K
  class space    used 25323K, committed 27072K, reserved 425984K
}
Event: 118.444 GC heap before
{Heap before GC invocations=150 (full 0):
 garbage-first heap   total reserved 2097152K, committed 911360K, used 732625K [0x0000000080000000, 0x0000000100000000)
  region size 1024K, 172 young (176128K), 28 survivors (28672K)
 Metaspace       used 190681K, committed 194560K, reserved 622592K
  class space    used 25362K, committed 27136K, reserved 425984K
}
Event: 118.450 GC heap after
{Heap after GC invocations=151 (full 0):
 garbage-first heap   total reserved 2097152K, committed 911360K, used 581826K [0x0000000080000000, 0x0000000100000000)
  region size 1024K, 8 young (8192K), 8 survivors (8192K)
 Metaspace       used 190681K, committed 194560K, reserved 622592K
  class space    used 25362K, committed 27136K, reserved 425984K
}
Event: 121.111 GC heap before
{Heap before GC invocations=152 (full 0):
 garbage-first heap   total reserved 2097152K, committed 974848K, used 853186K [0x0000000080000000, 0x0000000100000000)
  region size 1024K, 272 young (278528K), 8 survivors (8192K)
 Metaspace       used 200796K, committed 204608K, reserved 622592K
  class space    used 26866K, committed 28608K, reserved 425984K
}
Event: 121.122 GC heap after
{Heap after GC invocations=153 (full 0):
 garbage-first heap   total reserved 2097152K, committed 974848K, used 599491K [0x0000000080000000, 0x0000000100000000)
  region size 1024K, 23 young (23552K), 23 survivors (23552K)
 Metaspace       used 200796K, committed 204608K, reserved 622592K
  class space    used 26866K, committed 28608K, reserved 425984K
}
Event: 123.114 GC heap before
{Heap before GC invocations=153 (full 0):
 garbage-first heap   total reserved 2097152K, committed 974848K, used 899523K [0x0000000080000000, 0x0000000100000000)
  region size 1024K, 317 young (324608K), 23 survivors (23552K)
 Metaspace       used 209394K, committed 213184K, reserved 622592K
  class space    used 28102K, committed 29824K, reserved 425984K
}
Event: 123.139 GC heap after
{Heap after GC invocations=154 (full 0):
 garbage-first heap   total reserved 2097152K, committed 974848K, used 597961K [0x0000000080000000, 0x0000000100000000)
  region size 1024K, 28 young (28672K), 28 survivors (28672K)
 Metaspace       used 209394K, committed 213184K, reserved 622592K
  class space    used 28102K, committed 29824K, reserved 425984K
}
Event: 124.936 GC heap before
{Heap before GC invocations=154 (full 0):
 garbage-first heap   total reserved 2097152K, committed 974848K, used 894921K [0x0000000080000000, 0x0000000100000000)
  region size 1024K, 319 young (326656K), 28 survivors (28672K)
 Metaspace       used 210455K, committed 214272K, reserved 622592K
  class space    used 28204K, committed 29952K, reserved 425984K
}
Event: 124.944 GC heap after
{Heap after GC invocations=155 (full 0):
 garbage-first heap   total reserved 2097152K, committed 974848K, used 599854K [0x0000000080000000, 0x0000000100000000)
  region size 1024K, 14 young (14336K), 14 survivors (14336K)
 Metaspace       used 210455K, committed 214272K, reserved 622592K
  class space    used 28204K, committed 29952K, reserved 425984K
}
Event: 127.849 GC heap before
{Heap before GC invocations=156 (full 0):
 garbage-first heap   total reserved 2097152K, committed 985088K, used 899886K [0x0000000080000000, 0x0000000100000000)
  region size 1024K, 317 young (324608K), 14 survivors (14336K)
 Metaspace       used 210666K, committed 214528K, reserved 622592K
  class space    used 28258K, committed 30016K, reserved 425984K
}
Event: 127.857 GC heap after
{Heap after GC invocations=157 (full 0):
 garbage-first heap   total reserved 2097152K, committed 985088K, used 596118K [0x0000000080000000, 0x0000000100000000)
  region size 1024K, 20 young (20480K), 20 survivors (20480K)
 Metaspace       used 210666K, committed 214528K, reserved 622592K
  class space    used 28258K, committed 30016K, reserved 425984K
}

Dll operation events (17 events):
Event: 0.017 Loaded shared library C:\Program Files\Java\jdk-23\bin\java.dll
Event: 0.043 Loaded shared library C:\Program Files\Java\jdk-23\bin\jsvml.dll
Event: 0.077 Loaded shared library C:\Program Files\Java\jdk-23\bin\zip.dll
Event: 0.081 Loaded shared library C:\Program Files\Java\jdk-23\bin\instrument.dll
Event: 0.085 Loaded shared library C:\Program Files\Java\jdk-23\bin\net.dll
Event: 0.087 Loaded shared library C:\Program Files\Java\jdk-23\bin\nio.dll
Event: 0.089 Loaded shared library C:\Program Files\Java\jdk-23\bin\zip.dll
Event: 0.407 Loaded shared library C:\Program Files\Java\jdk-23\bin\jimage.dll
Event: 0.596 Loaded shared library C:\Program Files\Java\jdk-23\bin\verify.dll
Event: 0.678 Loaded shared library C:\Users\denis\.gradle\native\1def1411415f61bf3af743bc5b6707747c0891f09f0c88961ee8f79bc544acac\windows-amd64\native-platform.dll
Event: 0.690 Loaded shared library C:\Users\denis\.gradle\native\0.2.7\x86_64-windows-gnu\gradle-fileevents.dll
Event: 1.968 Loaded shared library C:\Program Files\Java\jdk-23\bin\management.dll
Event: 1.970 Loaded shared library C:\Program Files\Java\jdk-23\bin\management_ext.dll
Event: 2.078 Loaded shared library C:\Program Files\Java\jdk-23\bin\extnet.dll
Event: 2.238 Loaded shared library C:\Program Files\Java\jdk-23\bin\sunmscapi.dll
Event: 52.015 Loaded shared library C:\Users\denis\AppData\Local\Temp\jna-95470071\jna3829733069764163203.dll
Event: 115.247 Loaded shared library C:\Program Files\Java\jdk-23\bin\rmi.dll

Deoptimization events (20 events):
Event: 130.282 Thread 0x000002acdb9a7810 DEOPT PACKING pc=0x000002acae775960 sp=0x000000ff180fe830
Event: 130.282 Thread 0x000002acdb9a7810 DEOPT UNPACKING pc=0x000002acad0e4402 sp=0x000000ff180fe818 mode 2
Event: 130.290 Thread 0x000002aceca9bae0 Uncommon trap: trap_request=0xffffff45 fr.pc=0x000002acae505474 relative=0x00000000000001d4
Event: 130.290 Thread 0x000002aceca9bae0 Uncommon trap: reason=unstable_if action=reinterpret pc=0x000002acae505474 method=java.time.zone.ZoneRules.findYear(JLjava/time/ZoneOffset;)I @ 179 c2
Event: 130.290 Thread 0x000002aceca9bae0 DEOPT PACKING pc=0x000002acae505474 sp=0x000000ff15afde60
Event: 130.290 Thread 0x000002aceca9bae0 DEOPT UNPACKING pc=0x000002acad0e4402 sp=0x000000ff15afdd90 mode 2
Event: 130.317 Thread 0x000002acdb9a7810 DEOPT PACKING pc=0x000002aca69d0430 sp=0x000000ff180ff490
Event: 130.317 Thread 0x000002acdb9a7810 DEOPT UNPACKING pc=0x000002acad0e4b22 sp=0x000000ff180fe950 mode 0
Event: 130.318 Thread 0x000002acdb9a7810 DEOPT PACKING pc=0x000002aca69d0430 sp=0x000000ff180ff490
Event: 130.318 Thread 0x000002acdb9a7810 DEOPT UNPACKING pc=0x000002acad0e4b22 sp=0x000000ff180fe950 mode 0
Event: 130.323 Thread 0x000002ace64e9200 DEOPT PACKING pc=0x000002aca84cfbbf sp=0x000000ff200faaf0
Event: 130.323 Thread 0x000002ace64e9200 DEOPT UNPACKING pc=0x000002acad0e4b22 sp=0x000000ff200f9ff8 mode 0
Event: 130.331 Thread 0x000002ace64e9200 Uncommon trap: trap_request=0xffffff45 fr.pc=0x000002acae9b62a4 relative=0x0000000000000824
Event: 130.331 Thread 0x000002ace64e9200 Uncommon trap: reason=unstable_if action=reinterpret pc=0x000002acae9b62a4 method=com.sun.org.apache.xerces.internal.impl.XMLDocumentFragmentScannerImpl.scanDocument(Z)Z @ 14 c2
Event: 130.331 Thread 0x000002ace64e9200 DEOPT PACKING pc=0x000002acae9b62a4 sp=0x000000ff200fa240
Event: 130.331 Thread 0x000002ace64e9200 DEOPT UNPACKING pc=0x000002acad0e4402 sp=0x000000ff200fa1f8 mode 2
Event: 130.331 Thread 0x000002ace64e9200 Uncommon trap: trap_request=0xffffff45 fr.pc=0x000002acae94ef50 relative=0x0000000000000990
Event: 130.331 Thread 0x000002ace64e9200 Uncommon trap: reason=unstable_if action=reinterpret pc=0x000002acae94ef50 method=com.android.utils.PositionXmlParser$DomBuilder.flushText()V @ 57 c2
Event: 130.331 Thread 0x000002ace64e9200 DEOPT PACKING pc=0x000002acae94ef50 sp=0x000000ff200fa0b0
Event: 130.331 Thread 0x000002ace64e9200 DEOPT UNPACKING pc=0x000002acad0e4402 sp=0x000000ff200fa0b0 mode 2

Classes loaded (20 events):
Event: 122.786 Loading class java/nio/ByteBufferAsShortBufferL
Event: 122.786 Loading class java/nio/ByteBufferAsShortBufferL done
Event: 128.815 Loading class jdk/internal/reflect/MethodHandleByteFieldAccessorImpl
Event: 128.815 Loading class jdk/internal/reflect/MethodHandleByteFieldAccessorImpl done
Event: 129.292 Loading class java/lang/Throwable$WrappedPrintWriter
Event: 129.292 Loading class java/lang/Throwable$PrintStreamOrWriter
Event: 129.292 Loading class java/lang/Throwable$PrintStreamOrWriter done
Event: 129.292 Loading class java/lang/Throwable$WrappedPrintWriter done
Event: 129.310 Loading class java/lang/invoke/WrongMethodTypeException
Event: 129.311 Loading class java/lang/invoke/WrongMethodTypeException done
Event: 130.251 Loading class sun/net/ConnectionResetException
Event: 130.251 Loading class sun/net/ConnectionResetException done
Event: 130.253 Loading class sun/net/util/SocketExceptions
Event: 130.254 Loading class sun/net/util/SocketExceptions done
Event: 130.285 Loading class java/util/Collections$EmptyListIterator
Event: 130.285 Loading class java/util/Collections$EmptyListIterator done
Event: 130.331 Loading class com/sun/org/apache/xerces/internal/dom/CDATASectionImpl
Event: 130.331 Loading class org/w3c/dom/CDATASection
Event: 130.331 Loading class org/w3c/dom/CDATASection done
Event: 130.331 Loading class com/sun/org/apache/xerces/internal/dom/CDATASectionImpl done

Classes unloaded (20 events):
Event: 125.268 Thread 0x000002acba6ec730 Unloading class 0x000002acbd8af0f8 'jdk/internal/jimage/ImageHeader'
Event: 125.268 Thread 0x000002acba6ec730 Unloading class 0x000002acbd8aeec0 'jdk/internal/jimage/BasicImageReader$2'
Event: 125.268 Thread 0x000002acba6ec730 Unloading class 0x000002acbd8aec88 'jdk/internal/jimage/BasicImageReader$1'
Event: 125.268 Thread 0x000002acba6ec730 Unloading class 0x000002acbd8aea18 'jdk/internal/jimage/ImageReader$Resource'
Event: 125.268 Thread 0x000002acba6ec730 Unloading class 0x000002acbd8ae7a8 'jdk/internal/jimage/ImageReader$LinkNode'
Event: 125.268 Thread 0x000002acba6ec730 Unloading class 0x000002acbd8ae538 'jdk/internal/jimage/ImageReader$Directory'
Event: 125.268 Thread 0x000002acba6ec730 Unloading class 0x000002acbd8ae2c8 'jdk/internal/jimage/ImageReader$Node'
Event: 125.268 Thread 0x000002acba6ec730 Unloading class 0x000002acbd8addb8 'jdk/internal/jimage/ImageStrings'
Event: 125.268 Thread 0x000002acba6ec730 Unloading class 0x000002acbd8ae000 'jdk/internal/jimage/ImageReader$SharedImageReader'
Event: 125.268 Thread 0x000002acba6ec730 Unloading class 0x000002acbd8adaf0 'jdk/internal/jimage/BasicImageReader'
Event: 125.268 Thread 0x000002acba6ec730 Unloading class 0x000002acbd8ad8c8 'jdk/internal/jimage/ImageReader'
Event: 125.268 Thread 0x000002acba6ec730 Unloading class 0x000002acbd8ad698 'jdk/internal/jrtfs/SystemImage$2'
Event: 125.268 Thread 0x000002acba6ec730 Unloading class 0x000002acbd8ad478 'jdk/internal/jrtfs/SystemImage$$Lambda+0x000002acbd8ad478'
Event: 125.268 Thread 0x000002acba6ec730 Unloading class 0x000002acbd8ad240 'jdk/internal/jrtfs/ExplodedImage'
Event: 125.268 Thread 0x000002acba6ec730 Unloading class 0x000002acbd8ad000 'jdk/internal/jrtfs/SystemImage$1'
Event: 125.268 Thread 0x000002acba6ec730 Unloading class 0x000002acbd8acc00 'jdk/internal/jrtfs/SystemImage'
Event: 125.268 Thread 0x000002acba6ec730 Unloading class 0x000002acbd8ac998 'jdk/internal/jrtfs/JrtFileStore'
Event: 125.268 Thread 0x000002acba6ec730 Unloading class 0x000002acbd8ac5f8 'jdk/internal/jrtfs/JrtPath'
Event: 125.268 Thread 0x000002acba6ec730 Unloading class 0x000002acbd8ac2f8 'jdk/internal/jrtfs/JrtFileSystem'
Event: 125.268 Thread 0x000002acba6ec730 Unloading class 0x000002acbd8ac000 'jdk/internal/jrtfs/JrtFileSystemProvider'

Classes redefined (0 events):
No events

Internal exceptions (20 events):
Event: 130.276 Thread 0x000002acebe9bb60 Exception <a 'java/net/ConnectException'{0x00000000b636f8d0}: Connection refused: connect> (0x00000000b636f8d0) 
thrown [s\open\src\hotspot\share\prims\jni.cpp, line 539]
Event: 130.276 Thread 0x000002ace7b9b750 Exception <a 'java/net/ConnectException'{0x00000000b639aeb0}: Connection refused: connect> (0x00000000b639aeb0) 
thrown [s\open\src\hotspot\share\prims\jni.cpp, line 539]
Event: 130.277 Thread 0x000002acebe9bb60 Exception <a 'java/net/ConnectException'{0x00000000b6370ad0}: Connection refused: connect> (0x00000000b6370ad0) 
thrown [s\open\src\hotspot\share\prims\jni.cpp, line 539]
Event: 130.277 Thread 0x000002ace888aef0 Exception <a 'java/net/ConnectException'{0x00000000b6382098}: Connection refused: connect> (0x00000000b6382098) 
thrown [s\open\src\hotspot\share\prims\jni.cpp, line 539]
Event: 130.277 Thread 0x000002ace7b9b750 Exception <a 'java/net/ConnectException'{0x00000000b639c0b0}: Connection refused: connect> (0x00000000b639c0b0) 
thrown [s\open\src\hotspot\share\prims\jni.cpp, line 539]
Event: 130.280 Thread 0x000002ace9c1ab20 Exception <a 'java/net/ConnectException'{0x00000000b63a44c8}: Connection refused: connect> (0x00000000b63a44c8) 
thrown [s\open\src\hotspot\share\prims\jni.cpp, line 539]
Event: 130.281 Thread 0x000002ace9c1ab20 Exception <a 'java/net/ConnectException'{0x00000000b63a56c8}: Connection refused: connect> (0x00000000b63a56c8) 
thrown [s\open\src\hotspot\share\prims\jni.cpp, line 539]
Event: 130.282 Thread 0x000002acdb9a7810 Exception <a 'java/lang/NoSuchMethodError'{0x00000000b5ff8178}: static [Ljava/lang/StackTraceElement;.<clinit>()V> (0x00000000b5ff8178) 
thrown [s\open\src\hotspot\share\prims\jni.cpp, line 1111]
Event: 130.286 Thread 0x000002acba97f580 Exception <a 'java/net/ConnectException'{0x00000000b6305108}: Connection refused: connect> (0x00000000b6305108) 
thrown [s\open\src\hotspot\share\prims\jni.cpp, line 539]
Event: 130.286 Thread 0x000002ace9c1b1b0 Exception <a 'java/net/ConnectException'{0x00000000b630eda8}: Connection refused: connect> (0x00000000b630eda8) 
thrown [s\open\src\hotspot\share\prims\jni.cpp, line 539]
Event: 130.288 Thread 0x000002ace888aef0 Exception <a 'java/net/ConnectException'{0x00000000b6382bc8}: Connection refused: connect> (0x00000000b6382bc8) 
thrown [s\open\src\hotspot\share\prims\jni.cpp, line 539]
Event: 130.288 Thread 0x000002acebe9bb60 Exception <a 'java/net/ConnectException'{0x00000000b6371600}: Connection refused: connect> (0x00000000b6371600) 
thrown [s\open\src\hotspot\share\prims\jni.cpp, line 539]
Event: 130.289 Thread 0x000002ace7b9b750 Exception <a 'java/net/ConnectException'{0x00000000b639cbe0}: Connection refused: connect> (0x00000000b639cbe0) 
thrown [s\open\src\hotspot\share\prims\jni.cpp, line 539]
Event: 130.291 Thread 0x000002ace9c1ab20 Exception <a 'java/net/ConnectException'{0x00000000b63a61f8}: Connection refused: connect> (0x00000000b63a61f8) 
thrown [s\open\src\hotspot\share\prims\jni.cpp, line 539]
Event: 130.297 Thread 0x000002acba97f580 Exception <a 'java/net/ConnectException'{0x00000000b6305c38}: Connection refused: connect> (0x00000000b6305c38) 
thrown [s\open\src\hotspot\share\prims\jni.cpp, line 539]
Event: 130.297 Thread 0x000002ace9c1b1b0 Exception <a 'java/net/ConnectException'{0x00000000b630f8d8}: Connection refused: connect> (0x00000000b630f8d8) 
thrown [s\open\src\hotspot\share\prims\jni.cpp, line 539]
Event: 130.299 Thread 0x000002acebe9bb60 Exception <a 'java/net/ConnectException'{0x00000000b6372130}: Connection refused: connect> (0x00000000b6372130) 
thrown [s\open\src\hotspot\share\prims\jni.cpp, line 539]
Event: 130.299 Thread 0x000002ace888aef0 Exception <a 'java/net/ConnectException'{0x00000000b63836f8}: Connection refused: connect> (0x00000000b63836f8) 
thrown [s\open\src\hotspot\share\prims\jni.cpp, line 539]
Event: 130.299 Thread 0x000002ace7b9b750 Exception <a 'java/net/ConnectException'{0x00000000b639d710}: Connection refused: connect> (0x00000000b639d710) 
thrown [s\open\src\hotspot\share\prims\jni.cpp, line 539]
Event: 130.303 Thread 0x000002ace9c1ab20 Exception <a 'java/net/ConnectException'{0x00000000b63a6d28}: Connection refused: connect> (0x00000000b63a6d28) 
thrown [s\open\src\hotspot\share\prims\jni.cpp, line 539]

VM Operations (20 events):
Event: 122.791 Executing VM operation: HandshakeAllThreads (Deoptimize)
Event: 122.800 Executing VM operation: HandshakeAllThreads (Deoptimize) done
Event: 123.113 Executing VM operation: G1CollectForAllocation (G1 Evacuation Pause)
Event: 123.139 Executing VM operation: G1CollectForAllocation (G1 Evacuation Pause) done
Event: 124.575 Executing VM operation: HandshakeAllThreads (Deoptimize)
Event: 124.575 Executing VM operation: HandshakeAllThreads (Deoptimize) done
Event: 124.701 Executing VM operation: HandshakeAllThreads (Deoptimize)
Event: 124.702 Executing VM operation: HandshakeAllThreads (Deoptimize) done
Event: 124.936 Executing VM operation: G1CollectForAllocation (G1 Evacuation Pause)
Event: 124.944 Executing VM operation: G1CollectForAllocation (G1 Evacuation Pause) done
Event: 125.262 Executing VM operation: G1PauseRemark
Event: 125.301 Executing VM operation: G1PauseRemark done
Event: 125.394 Executing VM operation: G1PauseCleanup
Event: 125.407 Executing VM operation: G1PauseCleanup done
Event: 125.440 Executing VM operation: HandshakeAllThreads (Deoptimize)
Event: 125.440 Executing VM operation: HandshakeAllThreads (Deoptimize) done
Event: 127.848 Executing VM operation: G1CollectForAllocation (G1 Evacuation Pause)
Event: 127.857 Executing VM operation: G1CollectForAllocation (G1 Evacuation Pause) done
Event: 129.338 Executing VM operation: HandshakeAllThreads (Deoptimize)
Event: 129.338 Executing VM operation: HandshakeAllThreads (Deoptimize) done

Memory protections (0 events):
No events

Nmethod flushes (20 events):
Event: 125.298 Thread 0x000002acba6ec730 flushing  nmethod 0x000002aca8254788
Event: 125.298 Thread 0x000002acba6ec730 flushing  nmethod 0x000002aca8255308
Event: 125.298 Thread 0x000002acba6ec730 flushing  nmethod 0x000002aca8255c08
Event: 125.298 Thread 0x000002acba6ec730 flushing  nmethod 0x000002aca8256008
Event: 125.298 Thread 0x000002acba6ec730 flushing  nmethod 0x000002aca8256308
Event: 125.298 Thread 0x000002acba6ec730 flushing  nmethod 0x000002aca8256908
Event: 125.298 Thread 0x000002acba6ec730 flushing  nmethod 0x000002aca8259f08
Event: 125.298 Thread 0x000002acba6ec730 flushing  nmethod 0x000002aca8274288
Event: 125.298 Thread 0x000002acba6ec730 flushing  nmethod 0x000002aca8275908
Event: 125.298 Thread 0x000002acba6ec730 flushing  nmethod 0x000002aca8277f08
Event: 125.298 Thread 0x000002acba6ec730 flushing  nmethod 0x000002aca8398508
Event: 125.298 Thread 0x000002acba6ec730 flushing  nmethod 0x000002aca8399408
Event: 125.298 Thread 0x000002acba6ec730 flushing  nmethod 0x000002aca8399808
Event: 125.298 Thread 0x000002acba6ec730 flushing  nmethod 0x000002aca8399b08
Event: 125.298 Thread 0x000002acba6ec730 flushing  nmethod 0x000002aca839a508
Event: 125.298 Thread 0x000002acba6ec730 flushing  nmethod 0x000002aca839cc88
Event: 125.298 Thread 0x000002acba6ec730 flushing  nmethod 0x000002aca83f9508
Event: 125.299 Thread 0x000002acba6ec730 flushing  nmethod 0x000002aca83fae88
Event: 125.299 Thread 0x000002acba6ec730 flushing  nmethod 0x000002aca83fdb08
Event: 125.299 Thread 0x000002acba6ec730 flushing  nmethod 0x000002aca8432288

Events (20 events):
Event: 122.921 Thread 0x000002ace64e9890 Thread added: 0x000002ace8690640
Event: 125.305 Thread 0x000002acf37d4fd0 Thread exited: 0x000002acf37d4fd0
Event: 125.306 Thread 0x000002ace869d030 Thread exited: 0x000002ace869d030
Event: 128.144 Thread 0x000002ace64e5d80 Thread added: 0x000002ace868dee0
Event: 128.144 Thread 0x000002ace64e5d80 Thread added: 0x000002ace868f920
Event: 128.581 Thread 0x000002aceaf99350 Thread exited: 0x000002aceaf99350
Event: 128.581 Thread 0x000002ace82ccf00 Thread exited: 0x000002ace82ccf00
Event: 128.673 Thread 0x000002acba82b2d0 Thread added: 0x000002ace59a9bc0
Event: 129.864 Thread 0x000002ace59a9bc0 Thread exited: 0x000002ace59a9bc0
Event: 130.283 Thread 0x000002acba82b2d0 Thread added: 0x000002acec6ba170
Event: 130.288 Thread 0x000002acba82b2d0 Thread added: 0x000002acec6ba840
Event: 130.304 Thread 0x000002aceca9bae0 Thread added: 0x000002ace8cfab50
Event: 130.333 Thread 0x000002ace9c1b1b0 Thread added: 0x000002acea0662a0
Event: 130.382 Thread 0x000002acba97f580 Thread added: 0x000002ace5af9480
Event: 130.392 Thread 0x000002ace888aef0 Thread added: 0x000002ace73a1820
Event: 130.396 Thread 0x000002acebe9bb60 Thread added: 0x000002acea066930
Event: 130.400 Thread 0x000002ace7b9b750 Thread added: 0x000002acf44dc2a0
Event: 130.403 Thread 0x000002ace9c1ab20 Thread added: 0x000002ace73a1eb0
Event: 130.407 Thread 0x000002acec1488f0 Thread added: 0x000002acea067650
Event: 130.448 Thread 0x000002acf44dc2a0 Thread exited: 0x000002acf44dc2a0


Dynamic libraries:
0x00007ff795600000 - 0x00007ff795610000 	C:\Program Files\Java\jdk-23\bin\java.exe
0x00007ffbc1fd0000 - 0x00007ffbc21e8000 	C:\Windows\SYSTEM32\ntdll.dll
0x00007ffbc0e20000 - 0x00007ffbc0ee4000 	C:\Windows\System32\KERNEL32.DLL
0x00007ffbbf790000 - 0x00007ffbbfb63000 	C:\Windows\System32\KERNELBASE.dll
0x00007ffbbf0e0000 - 0x00007ffbbf1f1000 	C:\Windows\System32\ucrtbase.dll
0x00007ffb874c0000 - 0x00007ffb874d7000 	C:\Program Files\Java\jdk-23\bin\jli.dll
0x00007ffbbfc80000 - 0x00007ffbbfe32000 	C:\Windows\System32\USER32.dll
0x00007ffb874e0000 - 0x00007ffb874fb000 	C:\Program Files\Java\jdk-23\bin\VCRUNTIME140.dll
0x00007ffbbfc40000 - 0x00007ffbbfc66000 	C:\Windows\System32\win32u.dll
0x00007ffbc0bb0000 - 0x00007ffbc0bd9000 	C:\Windows\System32\GDI32.dll
0x00007ffbbf2c0000 - 0x00007ffbbf3db000 	C:\Windows\System32\gdi32full.dll
0x00007ffbbfb70000 - 0x00007ffbbfc0a000 	C:\Windows\System32\msvcp_win.dll
0x00007ffbadac0000 - 0x00007ffbadd5c000 	C:\Windows\WinSxS\amd64_microsoft.windows.common-controls_6595b64144ccf1df_6.0.22621.6060_none_2712eda17382d24b\COMCTL32.dll
0x00007ffbc0750000 - 0x00007ffbc07f7000 	C:\Windows\System32\msvcrt.dll
0x00007ffbc0870000 - 0x00007ffbc08a1000 	C:\Windows\System32\IMM32.DLL
0x00007ffb874b0000 - 0x00007ffb874bc000 	C:\Program Files\Java\jdk-23\bin\vcruntime140_1.dll
0x00007ffb87420000 - 0x00007ffb874ae000 	C:\Program Files\Java\jdk-23\bin\msvcp140.dll
0x00007ffad99f0000 - 0x00007ffada73f000 	C:\Program Files\Java\jdk-23\bin\server\jvm.dll
0x00007ffbc08b0000 - 0x00007ffbc0961000 	C:\Windows\System32\ADVAPI32.dll
0x00007ffbc0be0000 - 0x00007ffbc0c88000 	C:\Windows\System32\sechost.dll
0x00007ffbbfc10000 - 0x00007ffbbfc38000 	C:\Windows\System32\bcrypt.dll
0x00007ffbc0ce0000 - 0x00007ffbc0df8000 	C:\Windows\System32\RPCRT4.dll
0x00007ffbc12c0000 - 0x00007ffbc1331000 	C:\Windows\System32\WS2_32.dll
0x00007ffbbdf30000 - 0x00007ffbbdf7d000 	C:\Windows\SYSTEM32\POWRPROF.dll
0x00007ffbb2390000 - 0x00007ffbb239a000 	C:\Windows\SYSTEM32\VERSION.dll
0x00007ffbb5590000 - 0x00007ffbb55c4000 	C:\Windows\SYSTEM32\WINMM.dll
0x00007ffbbdf10000 - 0x00007ffbbdf23000 	C:\Windows\SYSTEM32\UMPDC.dll
0x00007ffbbe1b0000 - 0x00007ffbbe1c8000 	C:\Windows\SYSTEM32\kernel.appcore.dll
0x00007ffb87410000 - 0x00007ffb8741a000 	C:\Program Files\Java\jdk-23\bin\jimage.dll
0x00007ffbbc5b0000 - 0x00007ffbbc7e3000 	C:\Windows\SYSTEM32\DBGHELP.DLL
0x00007ffbc1770000 - 0x00007ffbc1b01000 	C:\Windows\System32\combase.dll
0x00007ffbc0f10000 - 0x00007ffbc0fe8000 	C:\Windows\System32\OLEAUT32.dll
0x00007ffba34a0000 - 0x00007ffba34d2000 	C:\Windows\SYSTEM32\dbgcore.DLL
0x00007ffbbf710000 - 0x00007ffbbf78b000 	C:\Windows\System32\bcryptPrimitives.dll
0x00007ffb87220000 - 0x00007ffb8722f000 	C:\Program Files\Java\jdk-23\bin\instrument.dll
0x00007ffb873f0000 - 0x00007ffb8740e000 	C:\Program Files\Java\jdk-23\bin\java.dll
0x00007ffbc0ff0000 - 0x00007ffbc1191000 	C:\Windows\System32\ole32.dll
0x00007ffbbfe40000 - 0x00007ffbc06dc000 	C:\Windows\System32\SHELL32.dll
0x00007ffbbf3e0000 - 0x00007ffbbf51f000 	C:\Windows\System32\wintypes.dll
0x00007ffbbcff0000 - 0x00007ffbbd90a000 	C:\Windows\SYSTEM32\windows.storage.dll
0x00007ffbc0990000 - 0x00007ffbc0a94000 	C:\Windows\System32\SHCORE.dll
0x00007ffbc06e0000 - 0x00007ffbc0749000 	C:\Windows\System32\shlwapi.dll
0x00007ffbbf010000 - 0x00007ffbbf035000 	C:\Windows\SYSTEM32\profapi.dll
0x00007ffb394c0000 - 0x00007ffb39597000 	C:\Program Files\Java\jdk-23\bin\jsvml.dll
0x00007ffb873a0000 - 0x00007ffb873b7000 	C:\Program Files\Java\jdk-23\bin\zip.dll
0x00007ffb873e0000 - 0x00007ffb873f0000 	C:\Program Files\Java\jdk-23\bin\net.dll
0x00007ffbbe690000 - 0x00007ffbbe6f9000 	C:\Windows\system32\mswsock.dll
0x00007ffb873c0000 - 0x00007ffb873d6000 	C:\Program Files\Java\jdk-23\bin\nio.dll
0x00007ffb87390000 - 0x00007ffb873a0000 	C:\Program Files\Java\jdk-23\bin\verify.dll
0x00007ffb75d10000 - 0x00007ffb75d37000 	C:\Users\denis\.gradle\native\1def1411415f61bf3af743bc5b6707747c0891f09f0c88961ee8f79bc544acac\windows-amd64\native-platform.dll
0x00007ffb7bf60000 - 0x00007ffb7bfd8000 	C:\Users\denis\.gradle\native\0.2.7\x86_64-windows-gnu\gradle-fileevents.dll
0x00007ffb87380000 - 0x00007ffb8738a000 	C:\Program Files\Java\jdk-23\bin\management.dll
0x00007ffb87370000 - 0x00007ffb8737b000 	C:\Program Files\Java\jdk-23\bin\management_ext.dll
0x00007ffbc0e00000 - 0x00007ffbc0e08000 	C:\Windows\System32\PSAPI.DLL
0x00007ffbbdbe0000 - 0x00007ffbbdc0d000 	C:\Windows\SYSTEM32\IPHLPAPI.DLL
0x00007ffbc0e10000 - 0x00007ffbc0e19000 	C:\Windows\System32\NSI.dll
0x00007ffb87350000 - 0x00007ffb87359000 	C:\Program Files\Java\jdk-23\bin\extnet.dll
0x00007ffbbe8e0000 - 0x00007ffbbe8fb000 	C:\Windows\SYSTEM32\CRYPTSP.dll
0x00007ffbbe110000 - 0x00007ffbbe147000 	C:\Windows\system32\rsaenh.dll
0x00007ffbbe780000 - 0x00007ffbbe7a8000 	C:\Windows\SYSTEM32\USERENV.dll
0x00007ffbbe900000 - 0x00007ffbbe90c000 	C:\Windows\SYSTEM32\CRYPTBASE.dll
0x00007ffbb6160000 - 0x00007ffbb616e000 	C:\Program Files\Java\jdk-23\bin\sunmscapi.dll
0x00007ffbbf5a0000 - 0x00007ffbbf708000 	C:\Windows\System32\CRYPT32.dll
0x00007ffbbea80000 - 0x00007ffbbeaae000 	C:\Windows\SYSTEM32\ncrypt.dll
0x00007ffbbea40000 - 0x00007ffbbea77000 	C:\Windows\SYSTEM32\NTASN1.dll
0x00007ffb8f6c0000 - 0x00007ffb8f6c8000 	C:\Windows\system32\wshunix.dll
0x00007ffbbdc50000 - 0x00007ffbbdd48000 	C:\Windows\SYSTEM32\DNSAPI.dll
0x0000000054010000 - 0x0000000054036000 	C:\Program Files\Bonjour\mdnsNSP.dll
0x00007ffbb5830000 - 0x00007ffbb583a000 	C:\Windows\System32\rasadhlp.dll
0x00007ffbb42d0000 - 0x00007ffbb4354000 	C:\Windows\System32\fwpuclnt.dll
0x00007ffb7bec0000 - 0x00007ffb7bf01000 	C:\Users\denis\AppData\Local\Temp\jna-95470071\jna3829733069764163203.dll
0x00007ffbbe2c0000 - 0x00007ffbbe2f4000 	C:\Windows\SYSTEM32\ntmarta.dll
0x00007ffb86e80000 - 0x00007ffb86e87000 	C:\Program Files\Java\jdk-23\bin\rmi.dll

dbghelp: loaded successfully - version: 4.0.5 - missing functions: none
symbol engine: initialized successfully - sym options: 0x614 - pdb path: .;C:\Program Files\Java\jdk-23\bin;C:\Windows\SYSTEM32;C:\Windows\WinSxS\amd64_microsoft.windows.common-controls_6595b64144ccf1df_6.0.22621.6060_none_2712eda17382d24b;C:\Program Files\Java\jdk-23\bin\server;C:\Users\denis\.gradle\native\1def1411415f61bf3af743bc5b6707747c0891f09f0c88961ee8f79bc544acac\windows-amd64;C:\Users\denis\.gradle\native\0.2.7\x86_64-windows-gnu;C:\Program Files\Bonjour;C:\Users\denis\AppData\Local\Temp\jna-95470071

VM Arguments:
jvm_args: --add-opens=java.base/java.lang=ALL-UNNAMED --add-opens=java.base/java.lang.invoke=ALL-UNNAMED --add-opens=java.base/java.util=ALL-UNNAMED --add-opens=java.prefs/java.util.prefs=ALL-UNNAMED --add-exports=jdk.compiler/com.sun.tools.javac.api=ALL-UNNAMED --add-exports=jdk.compiler/com.sun.tools.javac.util=ALL-UNNAMED --add-opens=java.base/java.util=ALL-UNNAMED --add-opens=java.prefs/java.util.prefs=ALL-UNNAMED --add-opens=java.base/java.nio.charset=ALL-UNNAMED --add-opens=java.base/java.net=ALL-UNNAMED --add-opens=java.base/java.util.concurrent.atomic=ALL-UNNAMED --add-opens=java.xml/javax.xml.namespace=ALL-UNNAMED -XX:MaxMetaspaceSize=512m -Xmx2048m -Dfile.encoding=UTF-8 -Duser.country=IE -Duser.language=en -Duser.variant -javaagent:C:\Users\denis\.gradle\wrapper\dists\gradle-8.14.3-bin\cv11ve7ro1n3o1j4so8xd9n66\gradle-8.14.3\lib\agents\gradle-instrumentation-agent-8.14.3.jar 
java_command: org.gradle.launcher.daemon.bootstrap.GradleDaemon 8.14.3
java_class_path (initial): C:\Users\denis\.gradle\wrapper\dists\gradle-8.14.3-bin\cv11ve7ro1n3o1j4so8xd9n66\gradle-8.14.3\lib\gradle-daemon-main-8.14.3.jar
Launcher Type: SUN_STANDARD

[Global flags]
     intx CICompilerCount                          = 4                                         {product} {ergonomic}
   size_t CompressedClassSpaceSize                 = 436207616                                 {product} {ergonomic}
     uint ConcGCThreads                            = 3                                         {product} {ergonomic}
     uint G1ConcRefinementThreads                  = 10                                        {product} {ergonomic}
   size_t G1HeapRegionSize                         = 1048576                                   {product} {ergonomic}
   size_t InitialHeapSize                          = 532676608                                 {product} {ergonomic}
   size_t MarkStackSize                            = 4194304                                   {product} {ergonomic}
   size_t MarkStackSizeMax                         = 536870912                                 {product} {ergonomic}
   size_t MaxHeapSize                              = 2147483648                                {product} {command line}
   size_t MaxMetaspaceSize                         = 536870912                                 {product} {command line}
   size_t MaxNewSize                               = 1287651328                                {product} {ergonomic}
   size_t MinHeapDeltaBytes                        = 1048576                                   {product} {ergonomic}
   size_t MinHeapSize                              = 8388608                                   {product} {ergonomic}
    uintx NonNMethodCodeHeapSize                   = 5832704                                {pd product} {ergonomic}
    uintx NonProfiledCodeHeapSize                  = 122945536                              {pd product} {ergonomic}
    uintx ProfiledCodeHeapSize                     = 122880000                              {pd product} {ergonomic}
    uintx ReservedCodeCacheSize                    = 251658240                              {pd product} {ergonomic}
     bool SegmentedCodeCache                       = true                                      {product} {ergonomic}
   size_t SoftMaxHeapSize                          = 2147483648                             {manageable} {ergonomic}
     bool UseCompressedOops                        = true                           {product lp64_product} {ergonomic}
     bool UseG1GC                                  = true                                      {product} {ergonomic}
     bool UseLargePagesIndividualAllocation        = false                                  {pd product} {ergonomic}

Logging:
Log output configuration:
 #0: stdout all=warning uptime,level,tags foldmultilines=false
 #1: stderr all=off uptime,level,tags foldmultilines=false

Environment Variables:
PATH=C:\Users\denis\Desktop\meraki_app\node_modules\.bin;C:\Users\denis\Desktop\meraki_app\node_modules\.bin;C:\Users\denis\Desktop\node_modules\.bin;C:\Users\denis\node_modules\.bin;C:\Users\node_modules\.bin;C:\node_modules\.bin;C:\Users\denis\AppData\Local\nvm\v22.13.0\node_modules\npm\node_modules\@npmcli\run-script\lib\node-gyp-bin;C:\Program Files (x86)\VMware\VMware Workstation\bin\;c:\Users\denis\AppData\Local\Programs\cursor\resources\app\bin;c:\Users\denis\AppData\Local\Programs\cursor\resources\app\bin;C:\Users\denis\AppData\Local\Thorium\Application;C:\Python313\Scripts\;C:\Python313\;c:\Users\denis\AppData\Local\Programs\cursor\resources\app\bin;C:\Program Files\Common Files\Oracle\Java\javapath;C:\Windows\system32;C:\Windows;C:\Windows\System32\Wbem;C:\Windows\System32\WindowsPowerShell\v1.0\;C:\Windows\System32\OpenSSH\;C:\Program Files (x86)\NVIDIA Corporation\PhysX\Common;C:\Program Files\dotnet\;C:\Program Files\Git\cmd;C:\Users\denis\AppData\Local\Microsoft\WindowsApps;C:\Program Files\JetBrains\IntelliJ IDEA Community Edition 2024.3\bin;c:\Users\denis\AppData\Local\Programs\cursor\resources\app\bin;C:\ProgramData\chocolatey\bin;C:\Program Files\PostgreSQL\17\bin;C:\Users\denis\AppData\Local\GitHubDesktop\bin;C:\Users\denis\AppData\Local\Programs\cursor\resources\app\bin;c:\Users\denis\AppData\Lo;C:\Program Files\Docker\Docker\resources\bin;C:\Program Files\NVIDIA Corporation\NVIDIA App\NvDLISR;C:\Program Files\Go\bin;C:\Program Files\Mullvad VPN\resources;C:\Users\denis\AppData\Local\nvm;C:\nvm4w\nodejs;C:\Program Files\Wolfram Research\WolframScript\;C:\Users\denis\scoop\shims;C:\Program Files (x86)\VMware\VMware Workstation\bin\;c:\Users\denis\AppData\Local\Programs\cursor\resources\app\bin;c:\Users\denis\AppData\Local\Programs\cursor\resources\app\bin;C:\Users\denis\AppData\Local\Thorium\Application;C:\Python313\Scripts\;C:\Python313\;c:\Users\denis\AppData\Local\Programs\cursor\resources\app\bin;C:\Program Files\Common Files\Oracle\Java\javapath;C:\Windows\system32;C:\Windows;C:\Windows\System32\Wbem;C:\Windows\System32\WindowsPowerShell\v1.0\;C:\Windows\System32\OpenSSH\;C:\Program Files (x86)\NVIDIA Corporation\PhysX\Common;C:\Program Files\dotnet\;C:\Program Files\Git\cmd;C:\Users\denis\AppData\Local\Microsoft\WindowsApps;C:\Program Files\JetBrains\IntelliJ IDEA Community Edition 2024.3\bin;c:\Users\denis\AppData\Local\Programs\cursor\resources\app\bin;C:\ProgramData\chocolatey\bin;C:\Program Files\PostgreSQL\17\bin;C:\Users\denis\AppData\Local\GitHubDesktop\bin;C:\Users\denis\AppData\Local\Programs\cursor\resources\app\bin;c:\Users\denis\AppData\Lo;C:\Program Files\Docker\Docker\resources\bin;C:\Program Files\NVIDIA Corporation\NVIDIA App\NvDLISR;C:\Program Files\Go\bin;C:\Program Files\Mullvad VPN\resources;C:\Users\denis\AppData\Local\nvm;C:\nvm4w\nodejs;C:\Program Files\Wolfram Research\WolframScript\;C:\Users\denis\.local\bin;C:\Ruby34-x64\bin;C:\Users\denis\AppData\Local\Android\Sdk\platform-tools;C:\Users\denis\AppData\Local\Android\Sdk\platform-tools;C:\Users\denis\AppData\Local\Programs\Microsoft VS Code\bin;C:\Program Files\JetBrains\IntelliJ IDEA Community Edition 2025.2.3\bin;C:\Users\denis\.dotnet\tools;C:\Users\denis\go\bin;C:\Users\denis\AppData\Local\JetBrains\Toolbox\scripts;C:\Program Files\JetBrains\IntelliJ IDEA 2025.2.4\bin;C:\Users\denis\AppData\Roaming\npm;C:\Users\denis\AppData\Local\Programs\Antigravity\bin;c:\program files (x86)\steam\ext\bin;C:\Android\Sdk\platform-tools;C:\Android\Sdk\cmdline-tools\latest\bin;;C:\Android\Sdk\platform-tools;C:\Android\Sdk\cmdline-tools\latest\bin;C:\Program Files\JetBrains\CLion 2025.3.2\bin
USERNAME=denis
OS=Windows_NT
PROCESSOR_IDENTIFIER=Intel64 Family 6 Model 186 Stepping 2, GenuineIntel
TMP=C:\Users\denis\AppData\Local\Temp
TEMP=C:\Users\denis\AppData\Local\Temp




Periodic native trim disabled

---------------  S Y S T E M  ---------------

OS:
 Windows 11 , 64 bit Build 22621 (10.0.22621.5415)
OS uptime: 0 days 6:13 hours

CPU: total 12 (initial active 12) (12 cores per cpu, 1 threads per core) family 6 model 186 stepping 2 microcode 0x5103, cx8, cmov, fxsr, mmx, 3dnowpref, sse, sse2, sse3, ssse3, sse4.1, sse4.2, popcnt, lzcnt, tsc, tscinvbit, avx, avx2, aes, erms, clmul, bmi1, bmi2, adx, sha, fma, vzeroupper, clflush, clflushopt, clwb, serialize, rdtscp, rdpid, fsrm, gfni, f16c, pku, cet_ibt, cet_ss
Processor Information for the first 12 processors :
  Max Mhz: 2100, Current Mhz: 2100, Mhz Limit: 2100

Memory: 4k page, system-wide physical 32471M (10176M free)
TotalPageFile size 32471M (AvailPageFile size 2644M)
current process WorkingSet (physical memory assigned to process): 1644M, peak: 1663M
current process commit charge ("private bytes"): 1690M, peak: 1710M

vm_info: Java HotSpot(TM) 64-Bit Server VM (23.0.1+11-39) for windows-amd64 JRE (23.0.1+11-39), built on 2024-09-30T07:20:43Z with MS VC++ 17.6 (VS2022)

END.
