#
# There is insufficient memory for the Java Runtime Environment to continue.
# Native memory allocation (malloc) failed to allocate 1402032 bytes. Error detail: Chunk::new
# Possible reasons:
#   The system is out of physical RAM or swap space
#   This process is running with CompressedOops enabled, and the Java Heap may be blocking the growth of the native heap
# Possible solutions:
#   Reduce memory load on the system
#   Increase physical memory or swap space
#   Check if swap backing store is full
#   Decrease Java heap size (-Xmx/-Xms)
#   Decrease number of Java threads
#   Decrease Java thread stack sizes (-Xss)
#   Set larger code cache with -XX:ReservedCodeCacheSize=
#   JVM is running with Unscaled Compressed Oops mode in which the Java heap is
#     placed in the first 4GB address space. The Java Heap base address is the
#     maximum limit for the native heap growth. Please use -XX:HeapBaseMinAddress
#     to set the Java Heap base and to place the Java Heap above 4GB virtual address.
# This output file may be truncated or incomplete.
#
#  Out of Memory Error (arena.cpp:149), pid=17720, tid=34756
#
# JRE version: Java(TM) SE Runtime Environment (23.0.1+11) (build 23.0.1+11-39)
# Java VM: Java HotSpot(TM) 64-Bit Server VM (23.0.1+11-39, mixed mode, sharing, tiered, compressed oops, compressed class ptrs, g1 gc, windows-amd64)
# No core dump will be written. Minidumps are not enabled by default on client versions of Windows
#

---------------  S U M M A R Y ------------

Command Line: --add-opens=java.base/java.lang=ALL-UNNAMED --add-opens=java.base/java.lang.invoke=ALL-UNNAMED --add-opens=java.base/java.util=ALL-UNNAMED --add-opens=java.prefs/java.util.prefs=ALL-UNNAMED --add-exports=jdk.compiler/com.sun.tools.javac.api=ALL-UNNAMED --add-exports=jdk.compiler/com.sun.tools.javac.util=ALL-UNNAMED --add-opens=java.base/java.util=ALL-UNNAMED --add-opens=java.prefs/java.util.prefs=ALL-UNNAMED --add-opens=java.base/java.nio.charset=ALL-UNNAMED --add-opens=java.base/java.net=ALL-UNNAMED --add-opens=java.base/java.util.concurrent.atomic=ALL-UNNAMED --add-opens=java.xml/javax.xml.namespace=ALL-UNNAMED -XX:MaxMetaspaceSize=512m -Xmx2048m -Dfile.encoding=UTF-8 -Duser.country=IE -Duser.language=en -Duser.variant -javaagent:C:\Users\denis\.gradle\wrapper\dists\gradle-8.14.3-bin\cv11ve7ro1n3o1j4so8xd9n66\gradle-8.14.3\lib\agents\gradle-instrumentation-agent-8.14.3.jar org.gradle.launcher.daemon.bootstrap.GradleDaemon 8.14.3

Host: 13th Gen Intel(R) Core(TM) i5-13420H, 12 cores, 31G,  Windows 11 , 64 bit Build 22621 (10.0.22621.5415)
Time: Thu Feb  5 23:03:33 2026 GMT Standard Time elapsed time: 120.961763 seconds (0d 0h 2m 0s)

---------------  T H R E A D  ---------------

Current thread (0x000001ab069e77d0):  JavaThread "C2 CompilerThread1" daemon [_thread_in_native, id=34756, stack(0x000000690b200000,0x000000690b300000) (1024K)]


Current CompileTask:
C2:120961 34328       4       com.android.aaptcompiler.proto.ProtoSerializeKt::serializeTableToPb (656 bytes)

Stack: [0x000000690b200000,0x000000690b300000]
Native frames: (J=compiled Java code, j=interpreted, Vv=VM code, C=native code)
V  [jvm.dll+0x6e08b9]  (no source info available)
V  [jvm.dll+0x87dc83]  (no source info available)
V  [jvm.dll+0x88010e]  (no source info available)
V  [jvm.dll+0x8807e3]  (no source info available)
V  [jvm.dll+0x27aee6]  (no source info available)
V  [jvm.dll+0xbc06f]  (no source info available)
V  [jvm.dll+0xbc2cb]  (no source info available)
V  [jvm.dll+0x3b3a9c]  (no source info available)
V  [jvm.dll+0x38a42b]  (no source info available)
V  [jvm.dll+0x38989a]  (no source info available)
V  [jvm.dll+0x244aa1]  (no source info available)
V  [jvm.dll+0x243dff]  (no source info available)
V  [jvm.dll+0x1c33a0]  (no source info available)
V  [jvm.dll+0x253cf1]  (no source info available)
V  [jvm.dll+0x251faa]  (no source info available)
V  [jvm.dll+0x3ee036]  (no source info available)
V  [jvm.dll+0x824f8b]  (no source info available)
V  [jvm.dll+0x6df065]  (no source info available)
C  [ucrtbase.dll+0x29333]  (no source info available)
C  [KERNEL32.DLL+0x1259d]  (no source info available)
C  [ntdll.dll+0x5af78]  (no source info available)

Lock stack of current Java thread (top to bottom):


---------------  P R O C E S S  ---------------

Threads class SMR info:
_java_thread_list=0x000001ab55ab48e0, length=280, elements={
0x000001ab35bea020, 0x000001ab55157b50, 0x000001ab55158a70, 0x000001ab5515c250,
0x000001ab5527eb70, 0x000001ab55283710, 0x000001ab55287190, 0x000001ab55290450,
0x000001ab552b0d80, 0x000001ab552898f0, 0x000001ab55286470, 0x000001ab55287820,
0x000001ab55288540, 0x000001ab55289260, 0x000001ab7612fd10, 0x000001ab761303a0,
0x000001ab7656ad00, 0x000001ab7656c740, 0x000001ab7656c0b0, 0x000001ab7656eea0,
0x000001ab76570250, 0x000001ab76956bb0, 0x000001ab7be8ee80, 0x000001ab7be8c090,
0x000001ab784e8a20, 0x000001ab55286b00, 0x000001ab77ba0550, 0x000001ab78328410,
0x000001ab78322ec0, 0x000001ab7dcee250, 0x000001ab7dceb460, 0x000001ab7dce9a20,
0x000001ab7dcee8e0, 0x000001ab77b9a970, 0x000001ab77b9f830, 0x000001ab77b9eb10,
0x000001ab77b9c3b0, 0x000001ab77b995c0, 0x000001ab77b9ca40, 0x000001ab77b9a2e0,
0x000001ab77b9b000, 0x000001ab77b9fec0, 0x000001ab77b98f30, 0x000001ab77b9d760,
0x000001ab77ba1900, 0x000001ab77b9e480, 0x000001ab77b9f1a0, 0x000001ab77b9b690,
0x000001ab77b9bd20, 0x000001ab77ba1f90, 0x000001ab77ba5410, 0x000001ab77ba4d80,
0x000001ab77ba46f0, 0x000001ab77ba6e50, 0x000001ab77ba2cb0, 0x000001ab77ba4060,
0x000001ab77ba3340, 0x000001ab77ba5aa0, 0x000001ab77ba74e0, 0x000001ab77ba7b70,
0x000001ab77ba1270, 0x000001ab77ba39d0, 0x000001ab77ba6130, 0x000001ab77ba67c0,
0x000001ab77ba0be0, 0x000001ab77ba8200, 0x000001ab7be843e0, 0x000001ab7be85100,
0x000001ab7be82310, 0x000001ab7be80f60, 0x000001ab7be85790, 0x000001ab7be86b40,
0x000001ab7be81c80, 0x000001ab7be864b0, 0x000001ab7be836c0, 0x000001ab7be85e20,
0x000001ab7be83d50, 0x000001ab7be84a70, 0x000001ab7be871d0, 0x000001ab7be87860,
0x000001ab7be87ef0, 0x000001ab7be88580, 0x000001ab7be815f0, 0x000001ab7be8f510,
0x000001ab7be8c720, 0x000001ab7be8e160, 0x000001ab7be8fba0, 0x000001ab7be8d440,
0x000001ab7be88c10, 0x000001ab7be8a650, 0x000001ab7dcfbae0, 0x000001ab7dcff5f0,
0x000001ab7dcfce90, 0x000001ab7dcffc80, 0x000001ab7dcfdbb0, 0x000001ab7dd009a0,
0x000001ab7dcf9a10, 0x000001ab7dd01030, 0x000001ab7dd01d50, 0x000001ab7dd016c0,
0x000001ab7dd05860, 0x000001ab7dd044b0, 0x000001ab7dd03790, 0x000001ab7dd05ef0,
0x000001ab7dd051d0, 0x000001ab7dd04b40, 0x000001ab7dd06580, 0x000001ab7dd02a70,
0x000001ab7dd06c10, 0x000001ab7dd023e0, 0x000001ab7dd03100, 0x000001ab7dd03e20,
0x000001ab7c8e59f0, 0x000001ab7c8e5360, 0x000001ab7c8e6080, 0x000001ab7c8e3fb0,
0x000001ab7c8e11c0, 0x000001ab7c8e2c00, 0x000001ab7c8e4640, 0x000001ab7c8e1850,
0x000001ab7c8e6710, 0x000001ab7c8e4cd0, 0x000001ab7c8dfe10, 0x000001ab7c8e7430,
0x000001ab7c8e6da0, 0x000001ab7c8e04a0, 0x000001ab7c8e1ee0, 0x000001ab7c8e0b30,
0x000001ab7c8e2570, 0x000001ab7c8e3290, 0x000001ab78e919e0, 0x000001ab78e92070,
0x000001ab78e8ebf0, 0x000001ab78e91350, 0x000001ab78e92700, 0x000001ab78e93420,
0x000001ab78e92d90, 0x000001ab78e93ab0, 0x000001ab78e94e60, 0x000001ab78e954f0,
0x000001ab78e8e560, 0x000001ab78e95b80, 0x000001ab78e8f280, 0x000001ab78e8f910,
0x000001ab78e8ffa0, 0x000001ab78e90630, 0x000001ab7a683940, 0x000001ab7a686730,
0x000001ab7a681870, 0x000001ab7a67f7a0, 0x000001ab7a682590, 0x000001ab7a683fd0,
0x000001ab7a684660, 0x000001ab7a684cf0, 0x000001ab7a686dc0, 0x000001ab7a680b50,
0x000001ab7a67fe30, 0x000001ab7a685380, 0x000001ab7a6811e0, 0x000001ab7a682c20,
0x000001ab7b0ce9a0, 0x000001ab7b0d31d0, 0x000001ab7b0d3860, 0x000001ab7b0d1790,
0x000001ab7b0cf030, 0x000001ab7b0cf6c0, 0x000001ab7b0ccf60, 0x000001ab7b0cfd50,
0x000001ab7b0cd5f0, 0x000001ab7b0d03e0, 0x000001ab7bce4df0, 0x000001ab7bce5480,
0x000001ab7bce8900, 0x000001ab7bce6ec0, 0x000001ab7bce7be0, 0x000001ab7bce61a0,
0x000001ab7bce2690, 0x000001ab7bce6830, 0x000001ab7bce7550, 0x000001ab7bce2000,
0x000001ab7bce9620, 0x000001ab784e1a90, 0x000001ab784e3b60, 0x000001ab784e27b0,
0x000001ab784e55a0, 0x000001ab784e5c30, 0x000001ab784e6fe0, 0x000001ab784e7670,
0x000001ab784e7d00, 0x000001ab7612e2d0, 0x000001ab76130a30, 0x000001ab7612e960,
0x000001ab761310c0, 0x000001ab7612dc40, 0x000001ab7612eff0, 0x000001ab7612f680,
0x000001ab76966480, 0x000001ab76968be0, 0x000001ab76967830, 0x000001ab76967ec0,
0x000001ab78324900, 0x000001ab7832d960, 0x000001ab7dcf51e0, 0x000001ab7dcef600,
0x000001ab7dcefc90, 0x000001ab7dcf6c20, 0x000001ab7dcf3110, 0x000001ab7dcf23f0,
0x000001ab7dcfef60, 0x000001ab7b72c220, 0x000001ab7b714c10, 0x000001ab7b7124b0,
0x000001ab7b714580, 0x000001ab7b7152a0, 0x000001ab7b713860, 0x000001ab7b716650,
0x000001ab7b717370, 0x000001ab7b715fc0, 0x000001ab7b713ef0, 0x000001ab7b711e20,
0x000001ab7b716ce0, 0x000001ab7b717a00, 0x000001ab7b715930, 0x000001ab7b718090,
0x000001ab7b718720, 0x000001ab7b719440, 0x000001ab7b712b40, 0x000001ab7b719ad0,
0x000001ab7b7131d0, 0x000001ab7b71f6b0, 0x000001ab7b71cf50, 0x000001ab7b71f020,
0x000001ab7b71fd40, 0x000001ab7b71c8c0, 0x000001ab7b7203d0, 0x000001ab7b71c230,
0x000001ab7b720a60, 0x000001ab7b71e300, 0x000001ab7b7210f0, 0x000001ab7b71a160,
0x000001ab7b71d5e0, 0x000001ab7b721780, 0x000001ab7b71ae80, 0x000001ab7b71a7f0,
0x000001ab7b71e990, 0x000001ab7b725fb0, 0x000001ab7b723ee0, 0x000001ab7b72b500,
0x000001ab7b728710, 0x000001ab7b728da0, 0x000001ab7b729430, 0x000001ab7b724570,
0x000001ab7b72bb90, 0x000001ab7f9cf570, 0x000001ab7f9c9300, 0x000001ab7f9ca020,
0x000001ab7f9cfc00, 0x000001ab7f9d85d0, 0x000001ab7f9d92f0, 0x000001ab7f9d9980,
0x000001ab7f9d5150, 0x000001ab7f9d3080, 0x000001ab7f9da6a0, 0x000001ab7f9d78b0,
0x000001ab7f9d5e70, 0x000001ab7f9dad30, 0x000001ab7f9db3c0, 0x000001ab7f9d6500,
0x000001ab7f9e0280, 0x000001ab7f9ddb20, 0x000001ab7f9dc0e0, 0x000001ab7f9de840,
0x000001ab7f9df560, 0x000001ab069e77d0, 0x000001ab062be270, 0x000001ab7b725920,
0x000001ab7f9cdb30, 0x000001ab7f9ce1c0, 0x000001ab7f9cad40, 0x000001ab7f9d4430
}

Java Threads: ( => current thread )
  0x000001ab35bea020 JavaThread "main"                              [_thread_blocked, id=30284, stack(0x0000006975800000,0x0000006975900000) (1024K)]
  0x000001ab55157b50 JavaThread "Reference Handler"          daemon [_thread_blocked, id=28312, stack(0x0000006976000000,0x0000006976100000) (1024K)]
  0x000001ab55158a70 JavaThread "Finalizer"                  daemon [_thread_blocked, id=18284, stack(0x0000006976100000,0x0000006976200000) (1024K)]
  0x000001ab5515c250 JavaThread "Signal Dispatcher"          daemon [_thread_blocked, id=22880, stack(0x0000006976200000,0x0000006976300000) (1024K)]
  0x000001ab5527eb70 JavaThread "Attach Listener"            daemon [_thread_blocked, id=26960, stack(0x0000006976300000,0x0000006976400000) (1024K)]
  0x000001ab55283710 JavaThread "Service Thread"             daemon [_thread_blocked, id=29760, stack(0x0000006976400000,0x0000006976500000) (1024K)]
  0x000001ab55287190 JavaThread "Monitor Deflation Thread"   daemon [_thread_blocked, id=19540, stack(0x0000006976500000,0x0000006976600000) (1024K)]
  0x000001ab55290450 JavaThread "C2 CompilerThread0"         daemon [_thread_blocked, id=31884, stack(0x0000006976600000,0x0000006976700000) (1024K)]
  0x000001ab552b0d80 JavaThread "C1 CompilerThread0"         daemon [_thread_blocked, id=1640, stack(0x0000006976700000,0x0000006976800000) (1024K)]
  0x000001ab552898f0 JavaThread "Common-Cleaner"             daemon [_thread_blocked, id=30184, stack(0x0000006976800000,0x0000006976900000) (1024K)]
  0x000001ab55286470 JavaThread "Notification Thread"        daemon [_thread_blocked, id=16492, stack(0x0000006976a00000,0x0000006976b00000) (1024K)]
  0x000001ab55287820 JavaThread "Daemon health stats"               [_thread_blocked, id=31776, stack(0x0000006977500000,0x0000006977600000) (1024K)]
  0x000001ab55288540 JavaThread "Incoming local TCP Connector on port 57411"        [_thread_in_native, id=2256, stack(0x0000006977600000,0x0000006977700000) (1024K)]
  0x000001ab55289260 JavaThread "Daemon periodic checks"            [_thread_blocked, id=32412, stack(0x0000006977700000,0x0000006977800000) (1024K)]
  0x000001ab7612fd10 JavaThread "Cache worker for journal cache (C:\Users\denis\.gradle\caches\journal-1)"        [_thread_blocked, id=18704, stack(0x0000006977f00000,0x0000006978000000) (1024K)]
  0x000001ab761303a0 JavaThread "File lock request listener"        [_thread_in_native, id=11792, stack(0x0000006978000000,0x0000006978100000) (1024K)]
  0x000001ab7656ad00 JavaThread "Cache worker for file hash cache (C:\Users\denis\.gradle\caches\8.14.3\fileHashes)"        [_thread_blocked, id=24564, stack(0x0000006978100000,0x0000006978200000) (1024K)]
  0x000001ab7656c740 JavaThread "File watcher server"        daemon [_thread_in_native, id=29640, stack(0x0000006978600000,0x0000006978700000) (1024K)]
  0x000001ab7656c0b0 JavaThread "File watcher consumer"      daemon [_thread_blocked, id=24044, stack(0x0000006978700000,0x0000006978800000) (1024K)]
  0x000001ab7656eea0 JavaThread "jar transforms"                    [_thread_blocked, id=11524, stack(0x0000006978800000,0x0000006978900000) (1024K)]
  0x000001ab76570250 JavaThread "Cache worker for file content cache (C:\Users\denis\.gradle\caches\8.14.3\fileContent)"        [_thread_blocked, id=21092, stack(0x0000006978a00000,0x0000006978b00000) (1024K)]
  0x000001ab76956bb0 JavaThread "Memory manager"                    [_thread_blocked, id=30612, stack(0x000000697ba00000,0x000000697bb00000) (1024K)]
  0x000001ab7be8ee80 JavaThread "jar transforms Thread 2"           [_thread_blocked, id=20708, stack(0x0000006902a00000,0x0000006902b00000) (1024K)]
  0x000001ab7be8c090 JavaThread "jar transforms Thread 3"           [_thread_blocked, id=17920, stack(0x0000006903100000,0x0000006903200000) (1024K)]
  0x000001ab784e8a20 JavaThread "jar transforms Thread 4"           [_thread_blocked, id=13900, stack(0x0000006903600000,0x0000006903700000) (1024K)]
  0x000001ab55286b00 JavaThread "jar transforms Thread 5"           [_thread_blocked, id=11104, stack(0x0000006903800000,0x0000006903900000) (1024K)]
  0x000001ab77ba0550 JavaThread "jar transforms Thread 6"           [_thread_blocked, id=3536, stack(0x0000006903900000,0x0000006903a00000) (1024K)]
  0x000001ab78328410 JavaThread "jar transforms Thread 7"           [_thread_blocked, id=11056, stack(0x0000006903b00000,0x0000006903c00000) (1024K)]
  0x000001ab78322ec0 JavaThread "jar transforms Thread 8"           [_thread_blocked, id=25392, stack(0x0000006903c00000,0x0000006903d00000) (1024K)]
  0x000001ab7dcee250 JavaThread "jar transforms Thread 9"           [_thread_blocked, id=14676, stack(0x0000006903d00000,0x0000006903e00000) (1024K)]
  0x000001ab7dceb460 JavaThread "jar transforms Thread 10"          [_thread_blocked, id=3720, stack(0x0000006903e00000,0x0000006903f00000) (1024K)]
  0x000001ab7dce9a20 JavaThread "jar transforms Thread 11"          [_thread_blocked, id=31040, stack(0x0000006903f00000,0x0000006904000000) (1024K)]
  0x000001ab7dcee8e0 JavaThread "jar transforms Thread 12"          [_thread_blocked, id=17440, stack(0x0000006904000000,0x0000006904100000) (1024K)]
  0x000001ab77b9a970 JavaThread "Daemon Thread 2"                   [_thread_blocked, id=24756, stack(0x0000006900000000,0x0000006900100000) (1024K)]
  0x000001ab77b9f830 JavaThread "Handler for socket connection from /127.0.0.1:57411 to /127.0.0.1:57459"        [_thread_in_native, id=3124, stack(0x0000006900100000,0x0000006900200000) (1024K)]
  0x000001ab77b9eb10 JavaThread "Cancel handler"                    [_thread_blocked, id=23464, stack(0x0000006900200000,0x0000006900300000) (1024K)]
  0x000001ab77b9c3b0 JavaThread "Daemon worker Thread 2"            [_thread_blocked, id=9692, stack(0x0000006900300000,0x0000006900400000) (1024K)]
  0x000001ab77b995c0 JavaThread "Asynchronous log dispatcher for DefaultDaemonConnection: socket connection from /127.0.0.1:57411 to /127.0.0.1:57459"        [_thread_blocked, id=10624, stack(0x0000006900400000,0x0000006900500000) (1024K)]
  0x000001ab77b9ca40 JavaThread "Stdin handler"                     [_thread_blocked, id=27964, stack(0x0000006900500000,0x0000006900600000) (1024K)]
  0x000001ab77b9a2e0 JavaThread "Daemon client event forwarder"        [_thread_blocked, id=28916, stack(0x0000006900600000,0x0000006900700000) (1024K)]
  0x000001ab77b9b000 JavaThread "Cache worker for file hash cache (C:\Users\denis\Desktop\meraki_app\android\.gradle\8.14.3\fileHashes)"        [_thread_blocked, id=30840, stack(0x0000006900700000,0x0000006900800000) (1024K)]
  0x000001ab77b9fec0 JavaThread "Cache worker for Build Output Cleanup Cache (C:\Users\denis\Desktop\meraki_app\android\.gradle\buildOutputCleanup)"        [_thread_blocked, id=13020, stack(0x0000006900800000,0x0000006900900000) (1024K)]
  0x000001ab77b98f30 JavaThread "Cache worker for checksums cache (C:\Users\denis\Desktop\meraki_app\android\.gradle\8.14.3\checksums)"        [_thread_blocked, id=28548, stack(0x0000006900a00000,0x0000006900b00000) (1024K)]
  0x000001ab77b9d760 JavaThread "Exec process Thread 7"             [_thread_blocked, id=2492, stack(0x0000006900b00000,0x0000006900c00000) (1024K)]
  0x000001ab77ba1900 JavaThread "Exec process Thread 8"             [_thread_blocked, id=33632, stack(0x0000006900c00000,0x0000006900d00000) (1024K)]
  0x000001ab77b9e480 JavaThread "Exec process Thread 9"             [_thread_in_native, id=15704, stack(0x0000006900d00000,0x0000006900e00000) (1024K)]
  0x000001ab77b9f1a0 JavaThread "Cache worker for cache directory md-supplier (C:\Users\denis\.gradle\caches\8.14.3\md-supplier)"        [_thread_blocked, id=30104, stack(0x0000006900e00000,0x0000006900f00000) (1024K)]
  0x000001ab77b9b690 JavaThread "Cache worker for cache directory md-rule (C:\Users\denis\.gradle\caches\8.14.3\md-rule)"        [_thread_blocked, id=29204, stack(0x0000006900f00000,0x0000006901000000) (1024K)]
  0x000001ab77b9bd20 JavaThread "Cache worker for Build Output Cleanup Cache (C:\Users\denis\Desktop\meraki_app\node_modules\@react-native\gradle-plugin\.gradle\buildOutputCleanup)"        [_thread_blocked, id=16036, stack(0x0000006901000000,0x0000006901100000) (1024K)]
  0x000001ab77ba1f90 JavaThread "Unconstrained build operations"        [_thread_blocked, id=24816, stack(0x0000006901100000,0x0000006901200000) (1024K)]
  0x000001ab77ba5410 JavaThread "Unconstrained build operations Thread 2"        [_thread_blocked, id=2904, stack(0x0000006901200000,0x0000006901300000) (1024K)]
  0x000001ab77ba4d80 JavaThread "Unconstrained build operations Thread 3"        [_thread_blocked, id=29208, stack(0x0000006901300000,0x0000006901400000) (1024K)]
  0x000001ab77ba46f0 JavaThread "Unconstrained build operations Thread 4"        [_thread_blocked, id=2260, stack(0x0000006901400000,0x0000006901500000) (1024K)]
  0x000001ab77ba6e50 JavaThread "Cache worker for Build Output Cleanup Cache (C:\Users\denis\Desktop\meraki_app\node_modules\expo-modules-autolinking\android\expo-gradle-plugin\.gradle\buildOutputCleanup)"        [_thread_blocked, id=14976, stack(0x0000006901500000,0x0000006901600000) (1024K)]
  0x000001ab77ba2cb0 JavaThread "Unconstrained build operations Thread 5"        [_thread_blocked, id=27772, stack(0x0000006901600000,0x0000006901700000) (1024K)]
  0x000001ab77ba4060 JavaThread "Unconstrained build operations Thread 6"        [_thread_blocked, id=29904, stack(0x0000006901700000,0x0000006901800000) (1024K)]
  0x000001ab77ba3340 JavaThread "Unconstrained build operations Thread 7"        [_thread_blocked, id=22692, stack(0x0000006901800000,0x0000006901900000) (1024K)]
  0x000001ab77ba5aa0 JavaThread "Unconstrained build operations Thread 8"        [_thread_blocked, id=27716, stack(0x0000006901900000,0x0000006901a00000) (1024K)]
  0x000001ab77ba74e0 JavaThread "Unconstrained build operations Thread 9"        [_thread_blocked, id=13612, stack(0x0000006901a00000,0x0000006901b00000) (1024K)]
  0x000001ab77ba7b70 JavaThread "Unconstrained build operations Thread 10"        [_thread_blocked, id=28072, stack(0x0000006901b00000,0x0000006901c00000) (1024K)]
  0x000001ab77ba1270 JavaThread "Unconstrained build operations Thread 11"        [_thread_blocked, id=17868, stack(0x0000006901c00000,0x0000006901d00000) (1024K)]
  0x000001ab77ba39d0 JavaThread "Unconstrained build operations Thread 12"        [_thread_blocked, id=5040, stack(0x0000006901d00000,0x0000006901e00000) (1024K)]
  0x000001ab77ba6130 JavaThread "Unconstrained build operations Thread 13"        [_thread_blocked, id=28900, stack(0x0000006901e00000,0x0000006901f00000) (1024K)]
  0x000001ab77ba67c0 JavaThread "Unconstrained build operations Thread 14"        [_thread_blocked, id=32712, stack(0x0000006901f00000,0x0000006902000000) (1024K)]
  0x000001ab77ba0be0 JavaThread "Unconstrained build operations Thread 15"        [_thread_blocked, id=16776, stack(0x0000006902000000,0x0000006902100000) (1024K)]
  0x000001ab77ba8200 JavaThread "Unconstrained build operations Thread 16"        [_thread_blocked, id=24800, stack(0x0000006902100000,0x0000006902200000) (1024K)]
  0x000001ab7be843e0 JavaThread "Unconstrained build operations Thread 17"        [_thread_blocked, id=30864, stack(0x0000006902200000,0x0000006902300000) (1024K)]
  0x000001ab7be85100 JavaThread "Unconstrained build operations Thread 18"        [_thread_blocked, id=25528, stack(0x0000006902300000,0x0000006902400000) (1024K)]
  0x000001ab7be82310 JavaThread "Unconstrained build operations Thread 19"        [_thread_blocked, id=28412, stack(0x0000006902400000,0x0000006902500000) (1024K)]
  0x000001ab7be80f60 JavaThread "Unconstrained build operations Thread 20"        [_thread_blocked, id=11456, stack(0x0000006902500000,0x0000006902600000) (1024K)]
  0x000001ab7be85790 JavaThread "Unconstrained build operations Thread 21"        [_thread_blocked, id=27656, stack(0x0000006902600000,0x0000006902700000) (1024K)]
  0x000001ab7be86b40 JavaThread "Unconstrained build operations Thread 22"        [_thread_blocked, id=3664, stack(0x0000006902700000,0x0000006902800000) (1024K)]
  0x000001ab7be81c80 JavaThread "Unconstrained build operations Thread 23"        [_thread_blocked, id=27888, stack(0x0000006902800000,0x0000006902900000) (1024K)]
  0x000001ab7be864b0 JavaThread "Unconstrained build operations Thread 24"        [_thread_blocked, id=27092, stack(0x0000006902900000,0x0000006902a00000) (1024K)]
  0x000001ab7be836c0 JavaThread "Unconstrained build operations Thread 25"        [_thread_blocked, id=4988, stack(0x0000006902b00000,0x0000006902c00000) (1024K)]
  0x000001ab7be85e20 JavaThread "Unconstrained build operations Thread 26"        [_thread_blocked, id=5944, stack(0x0000006902c00000,0x0000006902d00000) (1024K)]
  0x000001ab7be83d50 JavaThread "build event listener"              [_thread_blocked, id=6872, stack(0x0000006902d00000,0x0000006902e00000) (1024K)]
  0x000001ab7be84a70 JavaThread "Unconstrained build operations Thread 27"        [_thread_blocked, id=848, stack(0x0000006902e00000,0x0000006902f00000) (1024K)]
  0x000001ab7be871d0 JavaThread "Unconstrained build operations Thread 28"        [_thread_blocked, id=23776, stack(0x0000006902f00000,0x0000006903000000) (1024K)]
  0x000001ab7be87860 JavaThread "Unconstrained build operations Thread 29"        [_thread_blocked, id=27832, stack(0x0000006903000000,0x0000006903100000) (1024K)]
  0x000001ab7be87ef0 JavaThread "Unconstrained build operations Thread 30"        [_thread_blocked, id=5296, stack(0x0000006903200000,0x0000006903300000) (1024K)]
  0x000001ab7be88580 JavaThread "Unconstrained build operations Thread 31"        [_thread_blocked, id=20008, stack(0x0000006903300000,0x0000006903400000) (1024K)]
  0x000001ab7be815f0 JavaThread "Unconstrained build operations Thread 32"        [_thread_blocked, id=23100, stack(0x0000006903400000,0x0000006903500000) (1024K)]
  0x000001ab7be8f510 JavaThread "Unconstrained build operations Thread 33"        [_thread_blocked, id=31516, stack(0x0000006903500000,0x0000006903600000) (1024K)]
  0x000001ab7be8c720 JavaThread "Unconstrained build operations Thread 34"        [_thread_blocked, id=27224, stack(0x0000006903700000,0x0000006903800000) (1024K)]
  0x000001ab7be8e160 JavaThread "Unconstrained build operations Thread 35"        [_thread_blocked, id=25136, stack(0x0000006903a00000,0x0000006903b00000) (1024K)]
  0x000001ab7be8fba0 JavaThread "Unconstrained build operations Thread 36"        [_thread_blocked, id=1940, stack(0x0000006904100000,0x0000006904200000) (1024K)]
  0x000001ab7be8d440 JavaThread "Unconstrained build operations Thread 37"        [_thread_blocked, id=11276, stack(0x0000006904200000,0x0000006904300000) (1024K)]
  0x000001ab7be88c10 JavaThread "build event listener"              [_thread_blocked, id=3760, stack(0x0000006904300000,0x0000006904400000) (1024K)]
  0x000001ab7be8a650 JavaThread "Unconstrained build operations Thread 38"        [_thread_blocked, id=1804, stack(0x0000006904400000,0x0000006904500000) (1024K)]
  0x000001ab7dcfbae0 JavaThread "Unconstrained build operations Thread 39"        [_thread_blocked, id=2760, stack(0x0000006904500000,0x0000006904600000) (1024K)]
  0x000001ab7dcff5f0 JavaThread "Unconstrained build operations Thread 40"        [_thread_blocked, id=16448, stack(0x0000006904600000,0x0000006904700000) (1024K)]
  0x000001ab7dcfce90 JavaThread "Unconstrained build operations Thread 41"        [_thread_blocked, id=29140, stack(0x0000006904700000,0x0000006904800000) (1024K)]
  0x000001ab7dcffc80 JavaThread "Unconstrained build operations Thread 42"        [_thread_blocked, id=2812, stack(0x0000006904800000,0x0000006904900000) (1024K)]
  0x000001ab7dcfdbb0 JavaThread "Unconstrained build operations Thread 43"        [_thread_blocked, id=27036, stack(0x0000006904900000,0x0000006904a00000) (1024K)]
  0x000001ab7dd009a0 JavaThread "Unconstrained build operations Thread 44"        [_thread_blocked, id=5876, stack(0x0000006904a00000,0x0000006904b00000) (1024K)]
  0x000001ab7dcf9a10 JavaThread "Unconstrained build operations Thread 45"        [_thread_blocked, id=22816, stack(0x0000006904b00000,0x0000006904c00000) (1024K)]
  0x000001ab7dd01030 JavaThread "Unconstrained build operations Thread 46"        [_thread_blocked, id=28016, stack(0x0000006904c00000,0x0000006904d00000) (1024K)]
  0x000001ab7dd01d50 JavaThread "Unconstrained build operations Thread 47"        [_thread_blocked, id=32372, stack(0x0000006904d00000,0x0000006904e00000) (1024K)]
  0x000001ab7dd016c0 JavaThread "Unconstrained build operations Thread 48"        [_thread_blocked, id=28760, stack(0x0000006904e00000,0x0000006904f00000) (1024K)]
  0x000001ab7dd05860 JavaThread "Unconstrained build operations Thread 49"        [_thread_blocked, id=30320, stack(0x0000006904f00000,0x0000006905000000) (1024K)]
  0x000001ab7dd044b0 JavaThread "Unconstrained build operations Thread 50"        [_thread_blocked, id=28948, stack(0x0000006905000000,0x0000006905100000) (1024K)]
  0x000001ab7dd03790 JavaThread "Unconstrained build operations Thread 51"        [_thread_blocked, id=27868, stack(0x0000006905100000,0x0000006905200000) (1024K)]
  0x000001ab7dd05ef0 JavaThread "Unconstrained build operations Thread 52"        [_thread_blocked, id=11352, stack(0x0000006905200000,0x0000006905300000) (1024K)]
  0x000001ab7dd051d0 JavaThread "Unconstrained build operations Thread 53"        [_thread_blocked, id=17768, stack(0x0000006905300000,0x0000006905400000) (1024K)]
  0x000001ab7dd04b40 JavaThread "ForkJoinPool.commonPool-worker-12" daemon [_thread_blocked, id=14672, stack(0x0000006905400000,0x0000006905500000) (1024K)]
  0x000001ab7dd06580 JavaThread "ForkJoinPool.commonPool-worker-13" daemon [_thread_blocked, id=28376, stack(0x0000006905500000,0x0000006905600000) (1024K)]
  0x000001ab7dd02a70 JavaThread "ForkJoinPool.commonPool-worker-14" daemon [_thread_blocked, id=28236, stack(0x0000006905600000,0x0000006905700000) (1024K)]
  0x000001ab7dd06c10 JavaThread "ForkJoinPool.commonPool-worker-15" daemon [_thread_blocked, id=10020, stack(0x0000006905700000,0x0000006905800000) (1024K)]
  0x000001ab7dd023e0 JavaThread "ForkJoinPool.commonPool-worker-16" daemon [_thread_blocked, id=13604, stack(0x0000006905800000,0x0000006905900000) (1024K)]
  0x000001ab7dd03100 JavaThread "ForkJoinPool.commonPool-worker-17" daemon [_thread_blocked, id=24480, stack(0x0000006905900000,0x0000006905a00000) (1024K)]
  0x000001ab7dd03e20 JavaThread "ForkJoinPool.commonPool-worker-18" daemon [_thread_blocked, id=14888, stack(0x0000006905a00000,0x0000006905b00000) (1024K)]
  0x000001ab7c8e59f0 JavaThread "ForkJoinPool.commonPool-worker-19" daemon [_thread_blocked, id=2748, stack(0x0000006905b00000,0x0000006905c00000) (1024K)]
  0x000001ab7c8e5360 JavaThread "ForkJoinPool.commonPool-worker-20" daemon [_thread_blocked, id=2252, stack(0x0000006905c00000,0x0000006905d00000) (1024K)]
  0x000001ab7c8e6080 JavaThread "ForkJoinPool.commonPool-worker-21" daemon [_thread_blocked, id=12788, stack(0x0000006905d00000,0x0000006905e00000) (1024K)]
  0x000001ab7c8e3fb0 JavaThread "ForkJoinPool.commonPool-worker-22" daemon [_thread_blocked, id=23004, stack(0x0000006905e00000,0x0000006905f00000) (1024K)]
  0x000001ab7c8e11c0 JavaThread "included builds"                   [_thread_in_native, id=19964, stack(0x0000006905f00000,0x0000006906000000) (1024K)]
  0x000001ab7c8e2c00 JavaThread "included builds Thread 2"          [_thread_blocked, id=13540, stack(0x0000006906000000,0x0000006906100000) (1024K)]
  0x000001ab7c8e4640 JavaThread "included builds Thread 3"          [_thread_blocked, id=29872, stack(0x0000006906100000,0x0000006906200000) (1024K)]
  0x000001ab7c8e1850 JavaThread "Execution worker"                  [_thread_blocked, id=27988, stack(0x0000006906200000,0x0000006906300000) (1024K)]
  0x000001ab7c8e6710 JavaThread "Execution worker Thread 2"         [_thread_blocked, id=32140, stack(0x0000006906300000,0x0000006906400000) (1024K)]
  0x000001ab7c8e4cd0 JavaThread "Execution worker Thread 3"         [_thread_blocked, id=14264, stack(0x0000006906400000,0x0000006906500000) (1024K)]
  0x000001ab7c8dfe10 JavaThread "Execution worker Thread 4"         [_thread_blocked, id=29028, stack(0x0000006906500000,0x0000006906600000) (1024K)]
  0x000001ab7c8e7430 JavaThread "Execution worker Thread 5"         [_thread_blocked, id=30288, stack(0x0000006906600000,0x0000006906700000) (1024K)]
  0x000001ab7c8e6da0 JavaThread "Execution worker Thread 6"         [_thread_blocked, id=29748, stack(0x0000006906700000,0x0000006906800000) (1024K)]
  0x000001ab7c8e04a0 JavaThread "Execution worker Thread 7"         [_thread_in_native, id=28984, stack(0x0000006906800000,0x0000006906900000) (1024K)]
  0x000001ab7c8e1ee0 JavaThread "Execution worker Thread 8"         [_thread_blocked, id=28532, stack(0x0000006906900000,0x0000006906a00000) (1024K)]
  0x000001ab7c8e0b30 JavaThread "Execution worker Thread 9"         [_thread_blocked, id=15376, stack(0x0000006906a00000,0x0000006906b00000) (1024K)]
  0x000001ab7c8e2570 JavaThread "Execution worker Thread 10"        [_thread_blocked, id=33140, stack(0x0000006906b00000,0x0000006906c00000) (1024K)]
  0x000001ab7c8e3290 JavaThread "Execution worker Thread 11"        [_thread_blocked, id=31204, stack(0x0000006906c00000,0x0000006906d00000) (1024K)]
  0x000001ab78e919e0 JavaThread "Cache worker for execution history cache (C:\Users\denis\Desktop\meraki_app\node_modules\@react-native\gradle-plugin\.gradle\8.14.3\executionHistory)"        [_thread_blocked, id=23176, stack(0x0000006906d00000,0x0000006906e00000) (1024K)]
  0x000001ab78e92070 JavaThread "Cache worker for execution history cache (C:\Users\denis\Desktop\meraki_app\node_modules\expo-modules-autolinking\android\expo-gradle-plugin\.gradle\8.14.3\executionHistory)"        [_thread_blocked, id=12616, stack(0x0000006906e00000,0x0000006906f00000) (1024K)]
  0x000001ab78e8ebf0 JavaThread "Unconstrained build operations Thread 54"        [_thread_blocked, id=1256, stack(0x0000006906f00000,0x0000006907000000) (1024K)]
  0x000001ab78e91350 JavaThread "Unconstrained build operations Thread 55"        [_thread_blocked, id=32312, stack(0x0000006907000000,0x0000006907100000) (1024K)]
  0x000001ab78e92700 JavaThread "Unconstrained build operations Thread 56"        [_thread_blocked, id=29524, stack(0x0000006907100000,0x0000006907200000) (1024K)]
  0x000001ab78e93420 JavaThread "Unconstrained build operations Thread 57"        [_thread_blocked, id=25636, stack(0x0000006907200000,0x0000006907300000) (1024K)]
  0x000001ab78e92d90 JavaThread "Unconstrained build operations Thread 58"        [_thread_blocked, id=2840, stack(0x0000006907300000,0x0000006907400000) (1024K)]
  0x000001ab78e93ab0 JavaThread "Unconstrained build operations Thread 59"        [_thread_blocked, id=5736, stack(0x0000006907400000,0x0000006907500000) (1024K)]
  0x000001ab78e94e60 JavaThread "Unconstrained build operations Thread 60"        [_thread_blocked, id=20268, stack(0x0000006907500000,0x0000006907600000) (1024K)]
  0x000001ab78e954f0 JavaThread "Unconstrained build operations Thread 61"        [_thread_blocked, id=31992, stack(0x0000006907600000,0x0000006907700000) (1024K)]
  0x000001ab78e8e560 JavaThread "Unconstrained build operations Thread 62"        [_thread_blocked, id=23236, stack(0x0000006907700000,0x0000006907800000) (1024K)]
  0x000001ab78e95b80 JavaThread "Unconstrained build operations Thread 63"        [_thread_blocked, id=30832, stack(0x0000006907800000,0x0000006907900000) (1024K)]
  0x000001ab78e8f280 JavaThread "Unconstrained build operations Thread 64"        [_thread_blocked, id=8412, stack(0x0000006907900000,0x0000006907a00000) (1024K)]
  0x000001ab78e8f910 JavaThread "Unconstrained build operations Thread 65"        [_thread_blocked, id=30732, stack(0x0000006907a00000,0x0000006907b00000) (1024K)]
  0x000001ab78e8ffa0 JavaThread "Unconstrained build operations Thread 66"        [_thread_blocked, id=28332, stack(0x0000006907b00000,0x0000006907c00000) (1024K)]
  0x000001ab78e90630 JavaThread "Unconstrained build operations Thread 67"        [_thread_blocked, id=28528, stack(0x0000006907c00000,0x0000006907d00000) (1024K)]
  0x000001ab7a683940 JavaThread "Unconstrained build operations Thread 68"        [_thread_blocked, id=32800, stack(0x0000006907d00000,0x0000006907e00000) (1024K)]
  0x000001ab7a686730 JavaThread "Unconstrained build operations Thread 69"        [_thread_blocked, id=14056, stack(0x0000006907e00000,0x0000006907f00000) (1024K)]
  0x000001ab7a681870 JavaThread "Unconstrained build operations Thread 70"        [_thread_blocked, id=4972, stack(0x0000006907f00000,0x0000006908000000) (1024K)]
  0x000001ab7a67f7a0 JavaThread "Unconstrained build operations Thread 71"        [_thread_blocked, id=30904, stack(0x0000006908000000,0x0000006908100000) (1024K)]
  0x000001ab7a682590 JavaThread "Unconstrained build operations Thread 72"        [_thread_blocked, id=14352, stack(0x0000006908100000,0x0000006908200000) (1024K)]
  0x000001ab7a683fd0 JavaThread "Unconstrained build operations Thread 73"        [_thread_blocked, id=32948, stack(0x0000006908200000,0x0000006908300000) (1024K)]
  0x000001ab7a684660 JavaThread "Unconstrained build operations Thread 74"        [_thread_blocked, id=1892, stack(0x0000006908300000,0x0000006908400000) (1024K)]
  0x000001ab7a684cf0 JavaThread "Unconstrained build operations Thread 75"        [_thread_blocked, id=24788, stack(0x0000006908400000,0x0000006908500000) (1024K)]
  0x000001ab7a686dc0 JavaThread "Unconstrained build operations Thread 76"        [_thread_blocked, id=3636, stack(0x0000006908500000,0x0000006908600000) (1024K)]
  0x000001ab7a680b50 JavaThread "Unconstrained build operations Thread 77"        [_thread_blocked, id=28604, stack(0x0000006908600000,0x0000006908700000) (1024K)]
  0x000001ab7a67fe30 JavaThread "Unconstrained build operations Thread 78"        [_thread_blocked, id=22684, stack(0x0000006908700000,0x0000006908800000) (1024K)]
  0x000001ab7a685380 JavaThread "Unconstrained build operations Thread 79"        [_thread_blocked, id=21788, stack(0x0000006908800000,0x0000006908900000) (1024K)]
  0x000001ab7a6811e0 JavaThread "Unconstrained build operations Thread 80"        [_thread_blocked, id=30472, stack(0x0000006908900000,0x0000006908a00000) (1024K)]
  0x000001ab7a682c20 JavaThread "Unconstrained build operations Thread 81"        [_thread_blocked, id=27564, stack(0x0000006908a00000,0x0000006908b00000) (1024K)]
  0x000001ab7b0ce9a0 JavaThread "Unconstrained build operations Thread 82"        [_thread_blocked, id=31268, stack(0x0000006908b00000,0x0000006908c00000) (1024K)]
  0x000001ab7b0d31d0 JavaThread "Unconstrained build operations Thread 83"        [_thread_blocked, id=29896, stack(0x0000006908c00000,0x0000006908d00000) (1024K)]
  0x000001ab7b0d3860 JavaThread "Unconstrained build operations Thread 84"        [_thread_blocked, id=18016, stack(0x0000006908d00000,0x0000006908e00000) (1024K)]
  0x000001ab7b0d1790 JavaThread "Unconstrained build operations Thread 85"        [_thread_blocked, id=30672, stack(0x0000006908e00000,0x0000006908f00000) (1024K)]
  0x000001ab7b0cf030 JavaThread "Unconstrained build operations Thread 86"        [_thread_blocked, id=9452, stack(0x0000006908f00000,0x0000006909000000) (1024K)]
  0x000001ab7b0cf6c0 JavaThread "Unconstrained build operations Thread 87"        [_thread_blocked, id=31308, stack(0x0000006909000000,0x0000006909100000) (1024K)]
  0x000001ab7b0ccf60 JavaThread "Unconstrained build operations Thread 88"        [_thread_blocked, id=32264, stack(0x0000006909100000,0x0000006909200000) (1024K)]
  0x000001ab7b0cfd50 JavaThread "Unconstrained build operations Thread 89"        [_thread_blocked, id=3396, stack(0x0000006909200000,0x0000006909300000) (1024K)]
  0x000001ab7b0cd5f0 JavaThread "Unconstrained build operations Thread 90"        [_thread_blocked, id=24292, stack(0x0000006909300000,0x0000006909400000) (1024K)]
  0x000001ab7b0d03e0 JavaThread "Unconstrained build operations Thread 91"        [_thread_blocked, id=24224, stack(0x0000006909400000,0x0000006909500000) (1024K)]
  0x000001ab7bce4df0 JavaThread "Unconstrained build operations Thread 92"        [_thread_blocked, id=15252, stack(0x0000006909500000,0x0000006909600000) (1024K)]
  0x000001ab7bce5480 JavaThread "Unconstrained build operations Thread 93"        [_thread_blocked, id=18024, stack(0x0000006909600000,0x0000006909700000) (1024K)]
  0x000001ab7bce8900 JavaThread "Unconstrained build operations Thread 94"        [_thread_blocked, id=27208, stack(0x0000006909700000,0x0000006909800000) (1024K)]
  0x000001ab7bce6ec0 JavaThread "Unconstrained build operations Thread 95"        [_thread_blocked, id=30972, stack(0x0000006909800000,0x0000006909900000) (1024K)]
  0x000001ab7bce7be0 JavaThread "Unconstrained build operations Thread 96"        [_thread_blocked, id=13912, stack(0x0000006909900000,0x0000006909a00000) (1024K)]
  0x000001ab7bce61a0 JavaThread "Unconstrained build operations Thread 97"        [_thread_blocked, id=11800, stack(0x0000006909a00000,0x0000006909b00000) (1024K)]
  0x000001ab7bce2690 JavaThread "Unconstrained build operations Thread 98"        [_thread_blocked, id=3376, stack(0x0000006909b00000,0x0000006909c00000) (1024K)]
  0x000001ab7bce6830 JavaThread "Unconstrained build operations Thread 99"        [_thread_blocked, id=13852, stack(0x0000006909c00000,0x0000006909d00000) (1024K)]
  0x000001ab7bce7550 JavaThread "Unconstrained build operations Thread 100"        [_thread_blocked, id=22052, stack(0x0000006909d00000,0x0000006909e00000) (1024K)]
  0x000001ab7bce2000 JavaThread "Unconstrained build operations Thread 101"        [_thread_blocked, id=5832, stack(0x0000006909e00000,0x0000006909f00000) (1024K)]
  0x000001ab7bce9620 JavaThread "Unconstrained build operations Thread 102"        [_thread_blocked, id=27352, stack(0x0000006909f00000,0x000000690a000000) (1024K)]
  0x000001ab784e1a90 JavaThread "Unconstrained build operations Thread 103"        [_thread_blocked, id=16064, stack(0x000000690a000000,0x000000690a100000) (1024K)]
  0x000001ab784e3b60 JavaThread "Unconstrained build operations Thread 104"        [_thread_blocked, id=32820, stack(0x000000690a100000,0x000000690a200000) (1024K)]
  0x000001ab784e27b0 JavaThread "Unconstrained build operations Thread 105"        [_thread_blocked, id=13472, stack(0x000000690a200000,0x000000690a300000) (1024K)]
  0x000001ab784e55a0 JavaThread "Unconstrained build operations Thread 106"        [_thread_blocked, id=5496, stack(0x000000690a300000,0x000000690a400000) (1024K)]
  0x000001ab784e5c30 JavaThread "Unconstrained build operations Thread 107"        [_thread_blocked, id=9796, stack(0x000000690a400000,0x000000690a500000) (1024K)]
  0x000001ab784e6fe0 JavaThread "Unconstrained build operations Thread 108"        [_thread_blocked, id=1716, stack(0x000000690a500000,0x000000690a600000) (1024K)]
  0x000001ab784e7670 JavaThread "Unconstrained build operations Thread 109"        [_thread_blocked, id=25616, stack(0x000000690a600000,0x000000690a700000) (1024K)]
  0x000001ab784e7d00 JavaThread "Unconstrained build operations Thread 110"        [_thread_blocked, id=32840, stack(0x000000690a700000,0x000000690a800000) (1024K)]
  0x000001ab7612e2d0 JavaThread "Unconstrained build operations Thread 111"        [_thread_blocked, id=6112, stack(0x000000690a800000,0x000000690a900000) (1024K)]
  0x000001ab76130a30 JavaThread "Unconstrained build operations Thread 112"        [_thread_blocked, id=22576, stack(0x000000690a900000,0x000000690aa00000) (1024K)]
  0x000001ab7612e960 JavaThread "Unconstrained build operations Thread 113"        [_thread_blocked, id=28816, stack(0x000000690aa00000,0x000000690ab00000) (1024K)]
  0x000001ab761310c0 JavaThread "Unconstrained build operations Thread 114"        [_thread_blocked, id=23616, stack(0x000000690ab00000,0x000000690ac00000) (1024K)]
  0x000001ab7612dc40 JavaThread "Unconstrained build operations Thread 115"        [_thread_blocked, id=21476, stack(0x000000690ac00000,0x000000690ad00000) (1024K)]
  0x000001ab7612eff0 JavaThread "Unconstrained build operations Thread 116"        [_thread_blocked, id=18164, stack(0x000000690ad00000,0x000000690ae00000) (1024K)]
  0x000001ab7612f680 JavaThread "Unconstrained build operations Thread 117"        [_thread_blocked, id=31736, stack(0x000000690ae00000,0x000000690af00000) (1024K)]
  0x000001ab76966480 JavaThread "Unconstrained build operations Thread 118"        [_thread_blocked, id=6504, stack(0x000000690af00000,0x000000690b000000) (1024K)]
  0x000001ab76968be0 JavaThread "Unconstrained build operations Thread 119"        [_thread_blocked, id=28372, stack(0x000000690b000000,0x000000690b100000) (1024K)]
  0x000001ab76967830 JavaThread "Cache worker for Build Output Cleanup Cache (C:\Users\denis\Desktop\meraki_app\node_modules\expo-dev-launcher\expo-dev-launcher-gradle-plugin\.gradle\buildOutputCleanup)"        [_thread_blocked, id=33012, stack(0x0000006900900000,0x0000006900a00000) (1024K)]
  0x000001ab76967ec0 JavaThread "Cache worker for Build Output Cleanup Cache (C:\Users\denis\Desktop\meraki_app\node_modules\expo-modules-core\expo-module-gradle-plugin\.gradle\buildOutputCleanup)"        [_thread_blocked, id=29000, stack(0x000000690b100000,0x000000690b200000) (1024K)]
  0x000001ab78324900 JavaThread "Unconstrained build operations Thread 120"        [_thread_blocked, id=27952, stack(0x000000690b300000,0x000000690b400000) (1024K)]
  0x000001ab7832d960 JavaThread "build event listener"              [_thread_blocked, id=28920, stack(0x000000690b400000,0x000000690b500000) (1024K)]
  0x000001ab7dcf51e0 JavaThread "build event listener"              [_thread_blocked, id=13668, stack(0x000000690b500000,0x000000690b600000) (1024K)]
  0x000001ab7dcef600 JavaThread "included builds Thread 4"          [_thread_blocked, id=3820, stack(0x000000690b600000,0x000000690b700000) (1024K)]
  0x000001ab7dcefc90 JavaThread "included builds Thread 5"          [_thread_blocked, id=2628, stack(0x000000690b700000,0x000000690b800000) (1024K)]
  0x000001ab7dcf6c20 JavaThread "Cache worker for execution history cache (C:\Users\denis\Desktop\meraki_app\node_modules\expo-dev-launcher\expo-dev-launcher-gradle-plugin\.gradle\8.14.3\executionHistory)"        [_thread_blocked, id=3956, stack(0x000000690b800000,0x000000690b900000) (1024K)]
  0x000001ab7dcf3110 JavaThread "Cache worker for execution history cache (C:\Users\denis\Desktop\meraki_app\node_modules\expo-modules-core\expo-module-gradle-plugin\.gradle\8.14.3\executionHistory)"        [_thread_blocked, id=24620, stack(0x000000690b900000,0x000000690ba00000) (1024K)]
  0x000001ab7dcf23f0 JavaThread "Problems report writer"            [_thread_blocked, id=28912, stack(0x000000690bb00000,0x000000690bc00000) (1024K)]
  0x000001ab7dcfef60 JavaThread "build event listener"              [_thread_blocked, id=19836, stack(0x000000690bc00000,0x000000690bd00000) (1024K)]
  0x000001ab7b72c220 JavaThread "Cache worker for execution history cache (C:\Users\denis\Desktop\meraki_app\android\.gradle\8.14.3\executionHistory)"        [_thread_blocked, id=33560, stack(0x000000690bd00000,0x000000690be00000) (1024K)]
  0x000001ab7b714c10 JavaThread "WorkerExecutor Queue"              [_thread_blocked, id=10548, stack(0x000000690be00000,0x000000690bf00000) (1024K)]
  0x000001ab7b7124b0 JavaThread "WorkerExecutor Queue Thread 2"        [_thread_in_native, id=8344, stack(0x000000690bf00000,0x000000690c000000) (1024K)]
  0x000001ab7b714580 JavaThread "WorkerExecutor Queue Thread 3"        [_thread_in_native, id=29416, stack(0x000000690c000000,0x000000690c100000) (1024K)]
  0x000001ab7b7152a0 JavaThread "WorkerExecutor Queue Thread 4"        [_thread_blocked, id=6004, stack(0x000000690c100000,0x000000690c200000) (1024K)]
  0x000001ab7b713860 JavaThread "WorkerExecutor Queue Thread 5"        [_thread_blocked, id=30476, stack(0x000000690c200000,0x000000690c300000) (1024K)]
  0x000001ab7b716650 JavaThread "Exec process Thread 10"            [_thread_in_native, id=11944, stack(0x000000690c300000,0x000000690c400000) (1024K)]
  0x000001ab7b717370 JavaThread "WorkerExecutor Queue Thread 6"        [_thread_blocked, id=7652, stack(0x000000690c400000,0x000000690c500000) (1024K)]
  0x000001ab7b715fc0 JavaThread "Exec process Thread 11"            [_thread_in_native, id=30580, stack(0x000000690c500000,0x000000690c600000) (1024K)]
  0x000001ab7b713ef0 JavaThread "WorkerExecutor Queue Thread 7"        [_thread_in_native, id=11640, stack(0x000000690c600000,0x000000690c700000) (1024K)]
  0x000001ab7b711e20 JavaThread "WorkerExecutor Queue Thread 8"        [_thread_blocked, id=20728, stack(0x000000690c700000,0x000000690c800000) (1024K)]
  0x000001ab7b716ce0 JavaThread "Exec process Thread 12"            [_thread_blocked, id=8812, stack(0x000000690c800000,0x000000690c900000) (1024K)]
  0x000001ab7b717a00 JavaThread "Exec process Thread 13"            [_thread_blocked, id=25356, stack(0x000000690c900000,0x000000690ca00000) (1024K)]
  0x000001ab7b715930 JavaThread "Exec process Thread 14"            [_thread_blocked, id=29504, stack(0x000000690ca00000,0x000000690cb00000) (1024K)]
  0x000001ab7b718090 JavaThread "Exec process Thread 15"            [_thread_blocked, id=28856, stack(0x000000690cb00000,0x000000690cc00000) (1024K)]
  0x000001ab7b718720 JavaThread "Exec process Thread 16"            [_thread_blocked, id=33064, stack(0x000000690cc00000,0x000000690cd00000) (1024K)]
  0x000001ab7b719440 JavaThread "Exec process Thread 17"            [_thread_blocked, id=32204, stack(0x000000690cd00000,0x000000690ce00000) (1024K)]
  0x000001ab7b712b40 JavaThread "Exec process Thread 18"            [_thread_in_native, id=25624, stack(0x000000690ce00000,0x000000690cf00000) (1024K)]
  0x000001ab7b719ad0 JavaThread "Exec process Thread 19"            [_thread_in_native, id=28620, stack(0x000000690cf00000,0x000000690d000000) (1024K)]
  0x000001ab7b7131d0 JavaThread "Exec process Thread 20"            [_thread_blocked, id=22548, stack(0x000000690d000000,0x000000690d100000) (1024K)]
  0x000001ab7b71f6b0 JavaThread "Exec process Thread 21"            [_thread_blocked, id=20896, stack(0x000000690d100000,0x000000690d200000) (1024K)]
  0x000001ab7b71cf50 JavaThread "Exec process Thread 22"            [_thread_in_native, id=12812, stack(0x000000690d200000,0x000000690d300000) (1024K)]
  0x000001ab7b71f020 JavaThread "Exec process Thread 23"            [_thread_blocked, id=15312, stack(0x000000690d300000,0x000000690d400000) (1024K)]
  0x000001ab7b71fd40 JavaThread "Exec process Thread 24"            [_thread_blocked, id=11744, stack(0x000000690d400000,0x000000690d500000) (1024K)]
  0x000001ab7b71c8c0 JavaThread "Exec process Thread 25"            [_thread_blocked, id=22788, stack(0x000000690d500000,0x000000690d600000) (1024K)]
  0x000001ab7b7203d0 JavaThread "Exec process Thread 26"            [_thread_blocked, id=16924, stack(0x000000690d600000,0x000000690d700000) (1024K)]
  0x000001ab7b71c230 JavaThread "Exec process Thread 27"            [_thread_blocked, id=14980, stack(0x000000690d700000,0x000000690d800000) (1024K)]
  0x000001ab7b720a60 JavaThread "Exec process Thread 28"            [_thread_blocked, id=27728, stack(0x000000690da00000,0x000000690db00000) (1024K)]
  0x000001ab7b71e300 JavaThread "Exec process Thread 29"            [_thread_in_native, id=19708, stack(0x000000690db00000,0x000000690dc00000) (1024K)]
  0x000001ab7b7210f0 JavaThread "Exec process Thread 30"            [_thread_blocked, id=32340, stack(0x000000690dc00000,0x000000690dd00000) (1024K)]
  0x000001ab7b71a160 JavaThread "Exec process Thread 31"            [_thread_blocked, id=15624, stack(0x000000690dd00000,0x000000690de00000) (1024K)]
  0x000001ab7b71d5e0 JavaThread "Exec process Thread 32"            [_thread_blocked, id=31008, stack(0x000000690de00000,0x000000690df00000) (1024K)]
  0x000001ab7b721780 JavaThread "Exec process Thread 33"            [_thread_blocked, id=31512, stack(0x000000690df00000,0x000000690e000000) (1024K)]
  0x000001ab7b71ae80 JavaThread "Exec process Thread 34"            [_thread_blocked, id=19424, stack(0x000000690e000000,0x000000690e100000) (1024K)]
  0x000001ab7b71a7f0 JavaThread "Exec process Thread 35"            [_thread_in_native, id=26568, stack(0x000000690e100000,0x000000690e200000) (1024K)]
  0x000001ab7b71e990 JavaThread "Exec process Thread 36"            [_thread_blocked, id=11696, stack(0x000000690e200000,0x000000690e300000) (1024K)]
  0x000001ab7b725fb0 JavaThread "Exec process Thread 37"            [_thread_blocked, id=31416, stack(0x000000690e300000,0x000000690e400000) (1024K)]
  0x000001ab7b723ee0 JavaThread "Exec process Thread 38"            [_thread_blocked, id=33812, stack(0x000000690e400000,0x000000690e500000) (1024K)]
  0x000001ab7b72b500 JavaThread "Exec process Thread 39"            [_thread_blocked, id=33816, stack(0x000000690e500000,0x000000690e600000) (1024K)]
  0x000001ab7b728710 JavaThread "WorkerExecutor Queue Thread 9"        [_thread_in_native, id=34332, stack(0x000000690ba00000,0x000000690bb00000) (1024K)]
  0x000001ab7b728da0 JavaThread "Exec process Thread 40"            [_thread_in_native, id=34228, stack(0x000000690e600000,0x000000690e700000) (1024K)]
  0x000001ab7b729430 JavaThread "Exec process Thread 41"            [_thread_in_native, id=34188, stack(0x000000690e700000,0x000000690e800000) (1024K)]
  0x000001ab7b724570 JavaThread "Exec process Thread 42"            [_thread_in_vm, id=29992, stack(0x000000690e800000,0x000000690e900000) (1024K)]
  0x000001ab7b72bb90 JavaThread "WorkerExecutor Queue Thread 11"        [_thread_in_native, id=32996, stack(0x000000690e900000,0x000000690ea00000) (1024K)]
  0x000001ab7f9cf570 JavaThread "WorkerExecutor Queue Thread 12"        [_thread_blocked, id=33996, stack(0x000000690ea00000,0x000000690eb00000) (1024K)]
  0x000001ab7f9c9300 JavaThread "WorkerExecutor Queue Thread 13"        [_thread_blocked, id=33896, stack(0x000000690ee00000,0x000000690ef00000) (1024K)]
  0x000001ab7f9ca020 JavaThread "RMI Scheduler(0)"           daemon [_thread_blocked, id=34468, stack(0x000000690ef00000,0x000000690f000000) (1024K)]
  0x000001ab7f9cfc00 JavaThread "RMI GC Daemon"              daemon [_thread_blocked, id=34428, stack(0x000000690f100000,0x000000690f200000) (1024K)]
  0x000001ab7f9d85d0 JavaThread "RMI TCP Accept-0"           daemon [_thread_in_native, id=24396, stack(0x000000690f200000,0x000000690f300000) (1024K)]
  0x000001ab7f9d92f0 JavaThread "RMI Reaper"                        [_thread_blocked, id=29980, stack(0x000000690f300000,0x000000690f400000) (1024K)]
  0x000001ab7f9d9980 JavaThread "RMI RenewClean-[127.0.0.1:17602,org.jetbrains.kotlin.daemon.common.LoopbackNetworkInterface$ClientLoopbackSocketFactory@2376086a]" daemon [_thread_blocked, id=24008, stack(0x000000690f400000,0x000000690f500000) (1024K)]
  0x000001ab7f9d5150 JavaThread "RMI TCP Connection(1)-127.0.0.1" daemon [_thread_in_native, id=29480, stack(0x000000690f500000,0x000000690f600000) (1024K)]
  0x000001ab7f9d3080 JavaThread "RMI TCP Connection(2)-127.0.0.1" daemon [_thread_in_native, id=34728, stack(0x000000690f600000,0x000000690f700000) (1024K)]
  0x000001ab7f9da6a0 JavaThread "RMI TCP Connection(3)-127.0.0.1" daemon [_thread_in_native, id=34496, stack(0x000000690f800000,0x000000690f900000) (1024K)]
  0x000001ab7f9d78b0 JavaThread "RMI RenewClean-[127.0.0.1:17602,org.jetbrains.kotlin.daemon.common.LoopbackNetworkInterface$ClientLoopbackSocketFactory@19c4f0cd]" daemon [_thread_blocked, id=34500, stack(0x000000690f900000,0x000000690fa00000) (1024K)]
  0x000001ab7f9d5e70 JavaThread "RMI TCP Connection(4)-127.0.0.1" daemon [_thread_in_native, id=34460, stack(0x000000690fa00000,0x000000690fb00000) (1024K)]
  0x000001ab7f9dad30 JavaThread "RMI RenewClean-[127.0.0.1:17602,org.jetbrains.kotlin.daemon.common.LoopbackNetworkInterface$ClientLoopbackSocketFactory@5111b689]" daemon [_thread_blocked, id=34456, stack(0x000000690fb00000,0x000000690fc00000) (1024K)]
  0x000001ab7f9db3c0 JavaThread "RMI TCP Connection(idle)"   daemon [_thread_blocked, id=34356, stack(0x000000690fc00000,0x000000690fd00000) (1024K)]
  0x000001ab7f9d6500 JavaThread "RMI RenewClean-[127.0.0.1:17602,org.jetbrains.kotlin.daemon.common.LoopbackNetworkInterface$ClientLoopbackSocketFactory@5d18ee1a]" daemon [_thread_blocked, id=34404, stack(0x000000690fd00000,0x000000690fe00000) (1024K)]
  0x000001ab7f9e0280 JavaThread "RMI TCP Connection(idle)"   daemon [_thread_blocked, id=34272, stack(0x000000690fe00000,0x000000690ff00000) (1024K)]
  0x000001ab7f9ddb20 JavaThread "RMI RenewClean-[127.0.0.1:17602,org.jetbrains.kotlin.daemon.common.LoopbackNetworkInterface$ClientLoopbackSocketFactory@39708263]" daemon [_thread_blocked, id=34308, stack(0x000000690ff00000,0x0000006910000000) (1024K)]
  0x000001ab7f9dc0e0 JavaThread "RMI TCP Connection(idle)"   daemon [_thread_blocked, id=34316, stack(0x0000006910000000,0x0000006910100000) (1024K)]
  0x000001ab7f9de840 JavaThread "RMI RenewClean-[127.0.0.1:17602,org.jetbrains.kotlin.daemon.common.LoopbackNetworkInterface$ClientLoopbackSocketFactory@78404205]" daemon [_thread_blocked, id=34348, stack(0x0000006910100000,0x0000006910200000) (1024K)]
  0x000001ab7f9df560 JavaThread "RMI TCP Connection(idle)"   daemon [_thread_blocked, id=34216, stack(0x0000006910200000,0x0000006910300000) (1024K)]
=>0x000001ab069e77d0 JavaThread "C2 CompilerThread1"         daemon [_thread_in_native, id=34756, stack(0x000000690b200000,0x000000690b300000) (1024K)]
  0x000001ab062be270 JavaThread "C2 CompilerThread2"         daemon [_thread_blocked, id=34060, stack(0x000000690eb00000,0x000000690ec00000) (1024K)]
  0x000001ab7b725920 JavaThread "Cache worker for Java compile cache (C:\Users\denis\.gradle\caches\8.14.3\javaCompile)"        [_thread_blocked, id=34476, stack(0x000000690ec00000,0x000000690ed00000) (1024K)]
  0x000001ab7f9cdb30 JavaThread "Incoming local TCP Connector on port 57520"        [_thread_in_native, id=8032, stack(0x000000690f000000,0x000000690f100000) (1024K)]
  0x000001ab7f9ce1c0 JavaThread "Incoming local TCP Connector on port 57521"        [_thread_in_native, id=34512, stack(0x000000690f700000,0x000000690f800000) (1024K)]
  0x000001ab7f9cad40 JavaThread "Incoming local TCP Connector on port 57523"        [_thread_in_native, id=29272, stack(0x0000006910300000,0x0000006910400000) (1024K)]
  0x000001ab7f9d4430 JavaThread "Incoming local TCP Connector on port 57524"        [_thread_new, id=34424, stack(0x0000000000000000,0x0000000000000000) (0B)]
Total: 280

Other Threads:
  0x000001ab55149dc0 VMThread "VM Thread"                           [id=24172, stack(0x0000006975f00000,0x0000006976000000) (1024K)]
  0x000001ab5527b0d0 WatcherThread "VM Periodic Task Thread"        [id=16096, stack(0x0000006975e00000,0x0000006975f00000) (1024K)]
  0x000001ab37f6ea70 WorkerThread "GC Thread#0"                     [id=29656, stack(0x0000006975900000,0x0000006975a00000) (1024K)]
  0x000001ab55809f90 WorkerThread "GC Thread#1"                     [id=31820, stack(0x0000006976c00000,0x0000006976d00000) (1024K)]
  0x000001ab55992ea0 WorkerThread "GC Thread#2"                     [id=12704, stack(0x0000006976d00000,0x0000006976e00000) (1024K)]
  0x000001ab55a8eeb0 WorkerThread "GC Thread#3"                     [id=29740, stack(0x0000006976e00000,0x0000006976f00000) (1024K)]
  0x000001ab558167a0 WorkerThread "GC Thread#4"                     [id=16784, stack(0x0000006976f00000,0x0000006977000000) (1024K)]
  0x000001ab55afdf10 WorkerThread "GC Thread#5"                     [id=4060, stack(0x0000006977000000,0x0000006977100000) (1024K)]
  0x000001ab55afe2c0 WorkerThread "GC Thread#6"                     [id=22632, stack(0x0000006977100000,0x0000006977200000) (1024K)]
  0x000001ab55aff980 WorkerThread "GC Thread#7"                     [id=31024, stack(0x0000006977200000,0x0000006977300000) (1024K)]
  0x000001ab55b000e0 WorkerThread "GC Thread#8"                     [id=23860, stack(0x0000006977300000,0x0000006977400000) (1024K)]
  0x000001ab55afeac0 WorkerThread "GC Thread#9"                     [id=9180, stack(0x0000006977400000,0x0000006977500000) (1024K)]
  0x000001ab37f83ac0 ConcurrentGCThread "G1 Main Marker"            [id=33304, stack(0x0000006975a00000,0x0000006975b00000) (1024K)]
  0x000001ab37f845d0 WorkerThread "G1 Conc#0"                       [id=3916, stack(0x0000006975b00000,0x0000006975c00000) (1024K)]
  0x000001ab76087cd0 WorkerThread "G1 Conc#1"                       [id=17588, stack(0x0000006978200000,0x0000006978300000) (1024K)]
  0x000001ab76088430 WorkerThread "G1 Conc#2"                       [id=31116, stack(0x0000006978300000,0x0000006978400000) (1024K)]
  0x000001ab55126450 ConcurrentGCThread "G1 Refine#0"               [id=3120, stack(0x0000006975c00000,0x0000006975d00000) (1024K)]
  0x000001ab55126ee0 ConcurrentGCThread "G1 Service"                [id=13140, stack(0x0000006975d00000,0x0000006975e00000) (1024K)]
Total: 18

Threads with active compile tasks:
C2 CompilerThread1  121134 34328       4       com.android.aaptcompiler.proto.ProtoSerializeKt::serializeTableToPb (656 bytes)
Total: 1

VM state: not at safepoint (normal execution)

VM Mutex/Monitor currently owned by a thread: None

Heap address: 0x0000000080000000, size: 2048 MB, Compressed Oops mode: 32-bit

CDS archive(s) mapped at: [0x000001ab56000000-0x000001ab56d70000-0x000001ab56d70000), size 14090240, SharedBaseAddress: 0x000001ab56000000, ArchiveRelocationMode: 1.
Compressed class space mapped at: 0x000001ab57000000-0x000001ab71000000, reserved size: 436207616
Narrow klass base: 0x000001ab56000000, Narrow klass shift: 0, Narrow klass range: 0x1b000000

GC Precious Log:
 CardTable entry size: 512
 Card Set container configuration: InlinePtr #cards 5 size 8 Array Of Cards #cards 10 size 36 Howl #buckets 4 coarsen threshold 1843 Howl Bitmap #cards 512 size 80 coarsen threshold 460 Card regions per heap region 1 cards per card region 2048
 CPUs: 12 total, 12 available
 Memory: 32471M
 Large Page Support: Disabled
 NUMA Support: Disabled
 Compressed Oops: Enabled (32-bit)
 Heap Region Size: 1M
 Heap Min Capacity: 8M
 Heap Initial Capacity: 508M
 Heap Max Capacity: 2G
 Pre-touch: Disabled
 Parallel Workers: 10
 Concurrent Workers: 3
 Concurrent Refinement Workers: 10
 Periodic GC: Disabled

Heap:
 garbage-first heap   total reserved 2097152K, committed 818176K, used 610204K [0x0000000080000000, 0x0000000100000000)
  region size 1024K, 163 young (166912K), 12 survivors (12288K)
 Metaspace       used 156119K, committed 159808K, reserved 622592K
  class space    used 21752K, committed 23424K, reserved 425984K

Heap Regions: E=young(eden), S=young(survivor), O=old, HS=humongous(starts), HC=humongous(continues), CS=collection set, F=free, TAMS=top-at-mark-start, PB=parsable bottom
|   0|0x0000000080000000, 0x0000000080100000, 0x0000000080100000|100%|HS|  |TAMS 0x0000000080000000| PB 0x0000000080000000| Complete |  0
|   1|0x0000000080100000, 0x0000000080200000, 0x0000000080200000|100%|HC|  |TAMS 0x0000000080100000| PB 0x0000000080100000| Complete |  0
|   2|0x0000000080200000, 0x0000000080300000, 0x0000000080300000|100%|HC|  |TAMS 0x0000000080200000| PB 0x0000000080200000| Complete |  0
|   3|0x0000000080300000, 0x0000000080400000, 0x0000000080400000|100%| O|  |TAMS 0x0000000080300000| PB 0x0000000080300000| Untracked |  0
|   4|0x0000000080400000, 0x0000000080500000, 0x0000000080500000|100%| O|  |TAMS 0x0000000080400000| PB 0x0000000080400000| Untracked |  0
|   5|0x0000000080500000, 0x0000000080600000, 0x0000000080600000|100%| O|  |TAMS 0x0000000080500000| PB 0x0000000080500000| Untracked |  0
|   6|0x0000000080600000, 0x0000000080700000, 0x0000000080700000|100%| O|  |TAMS 0x0000000080600000| PB 0x0000000080600000| Untracked |  0
|   7|0x0000000080700000, 0x0000000080800000, 0x0000000080800000|100%|HS|  |TAMS 0x0000000080700000| PB 0x0000000080700000| Complete |  0
|   8|0x0000000080800000, 0x0000000080900000, 0x0000000080900000|100%| O|  |TAMS 0x0000000080800000| PB 0x0000000080800000| Untracked |  0
|   9|0x0000000080900000, 0x0000000080a00000, 0x0000000080a00000|100%| O|  |TAMS 0x0000000080900000| PB 0x0000000080900000| Untracked |  0
|  10|0x0000000080a00000, 0x0000000080b00000, 0x0000000080b00000|100%| O|  |TAMS 0x0000000080a00000| PB 0x0000000080a00000| Untracked |  0
|  11|0x0000000080b00000, 0x0000000080c00000, 0x0000000080c00000|100%| O|  |TAMS 0x0000000080b00000| PB 0x0000000080b00000| Untracked |  0
|  12|0x0000000080c00000, 0x0000000080d00000, 0x0000000080d00000|100%| O|  |TAMS 0x0000000080c00000| PB 0x0000000080c00000| Untracked |  0
|  13|0x0000000080d00000, 0x0000000080e00000, 0x0000000080e00000|100%| O|  |TAMS 0x0000000080d00000| PB 0x0000000080d00000| Untracked |  0
|  14|0x0000000080e00000, 0x0000000080f00000, 0x0000000080f00000|100%| O|  |TAMS 0x0000000080e00000| PB 0x0000000080e00000| Untracked |  0
|  15|0x0000000080f00000, 0x0000000081000000, 0x0000000081000000|100%| O|  |TAMS 0x0000000080f00000| PB 0x0000000080f00000| Untracked |  0
|  16|0x0000000081000000, 0x0000000081100000, 0x0000000081100000|100%| O|  |TAMS 0x0000000081000000| PB 0x0000000081000000| Untracked |  0
|  17|0x0000000081100000, 0x0000000081200000, 0x0000000081200000|100%| O|  |TAMS 0x0000000081100000| PB 0x0000000081100000| Untracked |  0
|  18|0x0000000081200000, 0x0000000081300000, 0x0000000081300000|100%| O|  |TAMS 0x0000000081200000| PB 0x0000000081200000| Untracked |  0
|  19|0x0000000081300000, 0x0000000081400000, 0x0000000081400000|100%| O|  |TAMS 0x0000000081300000| PB 0x0000000081300000| Untracked |  0
|  20|0x0000000081400000, 0x0000000081500000, 0x0000000081500000|100%| O|  |TAMS 0x0000000081400000| PB 0x0000000081400000| Untracked |  0
|  21|0x0000000081500000, 0x0000000081600000, 0x0000000081600000|100%| O|  |TAMS 0x0000000081500000| PB 0x0000000081500000| Untracked |  0
|  22|0x0000000081600000, 0x0000000081700000, 0x0000000081700000|100%| O|  |TAMS 0x0000000081600000| PB 0x0000000081600000| Untracked |  0
|  23|0x0000000081700000, 0x0000000081800000, 0x0000000081800000|100%| O|  |TAMS 0x0000000081700000| PB 0x0000000081700000| Untracked |  0
|  24|0x0000000081800000, 0x0000000081900000, 0x0000000081900000|100%| O|  |TAMS 0x0000000081800000| PB 0x0000000081800000| Untracked |  0
|  25|0x0000000081900000, 0x0000000081a00000, 0x0000000081a00000|100%| O|  |TAMS 0x0000000081900000| PB 0x0000000081900000| Untracked |  0
|  26|0x0000000081a00000, 0x0000000081b00000, 0x0000000081b00000|100%| O|  |TAMS 0x0000000081a00000| PB 0x0000000081a00000| Untracked |  0
|  27|0x0000000081b00000, 0x0000000081c00000, 0x0000000081c00000|100%| O|  |TAMS 0x0000000081b00000| PB 0x0000000081b00000| Untracked |  0
|  28|0x0000000081c00000, 0x0000000081d00000, 0x0000000081d00000|100%| O|  |TAMS 0x0000000081c00000| PB 0x0000000081c00000| Untracked |  0
|  29|0x0000000081d00000, 0x0000000081e00000, 0x0000000081e00000|100%| O|  |TAMS 0x0000000081d00000| PB 0x0000000081d00000| Untracked |  0
|  30|0x0000000081e00000, 0x0000000081f00000, 0x0000000081f00000|100%| O|  |TAMS 0x0000000081e00000| PB 0x0000000081e00000| Untracked |  0
|  31|0x0000000081f00000, 0x0000000082000000, 0x0000000082000000|100%| O|  |TAMS 0x0000000081f00000| PB 0x0000000081f00000| Untracked |  0
|  32|0x0000000082000000, 0x0000000082100000, 0x0000000082100000|100%| O|  |TAMS 0x0000000082000000| PB 0x0000000082000000| Untracked |  0
|  33|0x0000000082100000, 0x0000000082200000, 0x0000000082200000|100%| O|  |TAMS 0x0000000082100000| PB 0x0000000082100000| Untracked |  0
|  34|0x0000000082200000, 0x0000000082300000, 0x0000000082300000|100%| O|  |TAMS 0x0000000082200000| PB 0x0000000082200000| Untracked |  0
|  35|0x0000000082300000, 0x0000000082400000, 0x0000000082400000|100%| O|  |TAMS 0x0000000082300000| PB 0x0000000082300000| Untracked |  0
|  36|0x0000000082400000, 0x0000000082500000, 0x0000000082500000|100%| O|  |TAMS 0x0000000082400000| PB 0x0000000082400000| Untracked |  0
|  37|0x0000000082500000, 0x0000000082600000, 0x0000000082600000|100%| O|  |TAMS 0x0000000082500000| PB 0x0000000082500000| Untracked |  0
|  38|0x0000000082600000, 0x0000000082700000, 0x0000000082700000|100%| O|  |TAMS 0x0000000082600000| PB 0x0000000082600000| Untracked |  0
|  39|0x0000000082700000, 0x0000000082800000, 0x0000000082800000|100%| O|  |TAMS 0x0000000082700000| PB 0x0000000082700000| Untracked |  0
|  40|0x0000000082800000, 0x0000000082900000, 0x0000000082900000|100%| O|  |TAMS 0x0000000082800000| PB 0x0000000082800000| Untracked |  0
|  41|0x0000000082900000, 0x0000000082a00000, 0x0000000082a00000|100%| O|  |TAMS 0x0000000082900000| PB 0x0000000082900000| Untracked |  0
|  42|0x0000000082a00000, 0x0000000082b00000, 0x0000000082b00000|100%| O|  |TAMS 0x0000000082a00000| PB 0x0000000082a00000| Untracked |  0
|  43|0x0000000082b00000, 0x0000000082c00000, 0x0000000082c00000|100%| O|  |TAMS 0x0000000082b00000| PB 0x0000000082b00000| Untracked |  0
|  44|0x0000000082c00000, 0x0000000082d00000, 0x0000000082d00000|100%| O|  |TAMS 0x0000000082c00000| PB 0x0000000082c00000| Untracked |  0
|  45|0x0000000082d00000, 0x0000000082e00000, 0x0000000082e00000|100%|HS|  |TAMS 0x0000000082d00000| PB 0x0000000082d00000| Complete |  0
|  46|0x0000000082e00000, 0x0000000082f00000, 0x0000000082f00000|100%|HS|  |TAMS 0x0000000082e00000| PB 0x0000000082e00000| Complete |  0
|  47|0x0000000082f00000, 0x0000000083000000, 0x0000000083000000|100%|HS|  |TAMS 0x0000000082f00000| PB 0x0000000082f00000| Complete |  0
|  48|0x0000000083000000, 0x0000000083100000, 0x0000000083100000|100%|HC|  |TAMS 0x0000000083000000| PB 0x0000000083000000| Complete |  0
|  49|0x0000000083100000, 0x0000000083200000, 0x0000000083200000|100%|HC|  |TAMS 0x0000000083100000| PB 0x0000000083100000| Complete |  0
|  50|0x0000000083200000, 0x0000000083300000, 0x0000000083300000|100%|HS|  |TAMS 0x0000000083200000| PB 0x0000000083200000| Complete |  0
|  51|0x0000000083300000, 0x0000000083400000, 0x0000000083400000|100%|HC|  |TAMS 0x0000000083300000| PB 0x0000000083300000| Complete |  0
|  52|0x0000000083400000, 0x0000000083500000, 0x0000000083500000|100%|HC|  |TAMS 0x0000000083400000| PB 0x0000000083400000| Complete |  0
|  53|0x0000000083500000, 0x0000000083600000, 0x0000000083600000|100%| O|  |TAMS 0x0000000083500000| PB 0x0000000083500000| Untracked |  0
|  54|0x0000000083600000, 0x0000000083700000, 0x0000000083700000|100%| O|  |TAMS 0x0000000083600000| PB 0x0000000083600000| Untracked |  0
|  55|0x0000000083700000, 0x0000000083800000, 0x0000000083800000|100%| O|  |TAMS 0x0000000083700000| PB 0x0000000083700000| Untracked |  0
|  56|0x0000000083800000, 0x0000000083900000, 0x0000000083900000|100%| O|  |TAMS 0x0000000083800000| PB 0x0000000083800000| Untracked |  0
|  57|0x0000000083900000, 0x0000000083a00000, 0x0000000083a00000|100%| O|  |TAMS 0x0000000083900000| PB 0x0000000083900000| Untracked |  0
|  58|0x0000000083a00000, 0x0000000083b00000, 0x0000000083b00000|100%| O|  |TAMS 0x0000000083a00000| PB 0x0000000083a00000| Untracked |  0
|  59|0x0000000083b00000, 0x0000000083c00000, 0x0000000083c00000|100%| O|  |TAMS 0x0000000083b00000| PB 0x0000000083b00000| Untracked |  0
|  60|0x0000000083c00000, 0x0000000083d00000, 0x0000000083d00000|100%| O|  |TAMS 0x0000000083c00000| PB 0x0000000083c00000| Untracked |  0
|  61|0x0000000083d00000, 0x0000000083e00000, 0x0000000083e00000|100%| O|  |TAMS 0x0000000083d00000| PB 0x0000000083d00000| Untracked |  0
|  62|0x0000000083e00000, 0x0000000083f00000, 0x0000000083f00000|100%|HS|  |TAMS 0x0000000083e00000| PB 0x0000000083e00000| Complete |  0
|  63|0x0000000083f00000, 0x0000000084000000, 0x0000000084000000|100%| O|  |TAMS 0x0000000083f00000| PB 0x0000000083f00000| Untracked |  0
|  64|0x0000000084000000, 0x0000000084100000, 0x0000000084100000|100%| O|  |TAMS 0x0000000084000000| PB 0x0000000084000000| Untracked |  0
|  65|0x0000000084100000, 0x0000000084200000, 0x0000000084200000|100%| O|  |TAMS 0x0000000084100000| PB 0x0000000084100000| Untracked |  0
|  66|0x0000000084200000, 0x0000000084300000, 0x0000000084300000|100%| O|  |TAMS 0x0000000084200000| PB 0x0000000084200000| Untracked |  0
|  67|0x0000000084300000, 0x0000000084400000, 0x0000000084400000|100%| O|  |TAMS 0x0000000084300000| PB 0x0000000084300000| Untracked |  0
|  68|0x0000000084400000, 0x0000000084500000, 0x0000000084500000|100%| O|  |TAMS 0x0000000084400000| PB 0x0000000084400000| Untracked |  0
|  69|0x0000000084500000, 0x0000000084600000, 0x0000000084600000|100%| O|  |TAMS 0x0000000084500000| PB 0x0000000084500000| Untracked |  0
|  70|0x0000000084600000, 0x0000000084700000, 0x0000000084700000|100%| O|  |TAMS 0x0000000084600000| PB 0x0000000084600000| Untracked |  0
|  71|0x0000000084700000, 0x0000000084800000, 0x0000000084800000|100%| O|  |TAMS 0x0000000084700000| PB 0x0000000084700000| Untracked |  0
|  72|0x0000000084800000, 0x0000000084900000, 0x0000000084900000|100%| O|  |TAMS 0x0000000084800000| PB 0x0000000084800000| Untracked |  0
|  73|0x0000000084900000, 0x0000000084a00000, 0x0000000084a00000|100%| O|  |TAMS 0x0000000084900000| PB 0x0000000084900000| Untracked |  0
|  74|0x0000000084a00000, 0x0000000084b00000, 0x0000000084b00000|100%| O|  |TAMS 0x0000000084a00000| PB 0x0000000084a00000| Untracked |  0
|  75|0x0000000084b00000, 0x0000000084c00000, 0x0000000084c00000|100%| O|  |TAMS 0x0000000084b00000| PB 0x0000000084b00000| Untracked |  0
|  76|0x0000000084c00000, 0x0000000084d00000, 0x0000000084d00000|100%| O|  |TAMS 0x0000000084c00000| PB 0x0000000084c00000| Untracked |  0
|  77|0x0000000084d00000, 0x0000000084e00000, 0x0000000084e00000|100%| O|  |TAMS 0x0000000084d00000| PB 0x0000000084d00000| Untracked |  0
|  78|0x0000000084e00000, 0x0000000084f00000, 0x0000000084f00000|100%| O|  |TAMS 0x0000000084e00000| PB 0x0000000084e00000| Untracked |  0
|  79|0x0000000084f00000, 0x0000000085000000, 0x0000000085000000|100%| O|  |TAMS 0x0000000084f00000| PB 0x0000000084f00000| Untracked |  0
|  80|0x0000000085000000, 0x0000000085100000, 0x0000000085100000|100%| O|  |TAMS 0x0000000085000000| PB 0x0000000085000000| Untracked |  0
|  81|0x0000000085100000, 0x0000000085200000, 0x0000000085200000|100%| O|  |TAMS 0x0000000085100000| PB 0x0000000085100000| Untracked |  0
|  82|0x0000000085200000, 0x0000000085300000, 0x0000000085300000|100%| O|  |TAMS 0x0000000085200000| PB 0x0000000085200000| Untracked |  0
|  83|0x0000000085300000, 0x0000000085400000, 0x0000000085400000|100%| O|  |TAMS 0x0000000085300000| PB 0x0000000085300000| Untracked |  0
|  84|0x0000000085400000, 0x0000000085500000, 0x0000000085500000|100%| O|  |TAMS 0x0000000085400000| PB 0x0000000085400000| Untracked |  0
|  85|0x0000000085500000, 0x0000000085600000, 0x0000000085600000|100%| O|  |TAMS 0x0000000085500000| PB 0x0000000085500000| Untracked |  0
|  86|0x0000000085600000, 0x0000000085700000, 0x0000000085700000|100%| O|  |TAMS 0x0000000085600000| PB 0x0000000085600000| Untracked |  0
|  87|0x0000000085700000, 0x0000000085800000, 0x0000000085800000|100%| O|  |TAMS 0x0000000085700000| PB 0x0000000085700000| Untracked |  0
|  88|0x0000000085800000, 0x0000000085900000, 0x0000000085900000|100%| O|  |TAMS 0x0000000085800000| PB 0x0000000085800000| Untracked |  0
|  89|0x0000000085900000, 0x0000000085a00000, 0x0000000085a00000|100%| O|  |TAMS 0x0000000085900000| PB 0x0000000085900000| Untracked |  0
|  90|0x0000000085a00000, 0x0000000085b00000, 0x0000000085b00000|100%| O|  |TAMS 0x0000000085a00000| PB 0x0000000085a00000| Untracked |  0
|  91|0x0000000085b00000, 0x0000000085c00000, 0x0000000085c00000|100%| O|  |TAMS 0x0000000085b00000| PB 0x0000000085b00000| Untracked |  0
|  92|0x0000000085c00000, 0x0000000085d00000, 0x0000000085d00000|100%| O|  |TAMS 0x0000000085c00000| PB 0x0000000085c00000| Untracked |  0
|  93|0x0000000085d00000, 0x0000000085e00000, 0x0000000085e00000|100%| O|  |TAMS 0x0000000085d00000| PB 0x0000000085d00000| Untracked |  0
|  94|0x0000000085e00000, 0x0000000085f00000, 0x0000000085f00000|100%|HS|  |TAMS 0x0000000085e00000| PB 0x0000000085e00000| Complete |  0
|  95|0x0000000085f00000, 0x0000000086000000, 0x0000000086000000|100%| O|  |TAMS 0x0000000085f00000| PB 0x0000000085f00000| Untracked |  0
|  96|0x0000000086000000, 0x0000000086100000, 0x0000000086100000|100%|HS|  |TAMS 0x0000000086000000| PB 0x0000000086000000| Complete |  0
|  97|0x0000000086100000, 0x0000000086200000, 0x0000000086200000|100%|HS|  |TAMS 0x0000000086100000| PB 0x0000000086100000| Complete |  0
|  98|0x0000000086200000, 0x0000000086300000, 0x0000000086300000|100%| O|  |TAMS 0x0000000086200000| PB 0x0000000086200000| Untracked |  0
|  99|0x0000000086300000, 0x0000000086400000, 0x0000000086400000|100%| O|  |TAMS 0x0000000086300000| PB 0x0000000086300000| Untracked |  0
| 100|0x0000000086400000, 0x0000000086500000, 0x0000000086500000|100%| O|  |TAMS 0x0000000086400000| PB 0x0000000086400000| Untracked |  0
| 101|0x0000000086500000, 0x0000000086600000, 0x0000000086600000|100%|HS|  |TAMS 0x0000000086500000| PB 0x0000000086500000| Complete |  0
| 102|0x0000000086600000, 0x0000000086700000, 0x0000000086700000|100%|HC|  |TAMS 0x0000000086600000| PB 0x0000000086600000| Complete |  0
| 103|0x0000000086700000, 0x0000000086800000, 0x0000000086800000|100%|HC|  |TAMS 0x0000000086700000| PB 0x0000000086700000| Complete |  0
| 104|0x0000000086800000, 0x0000000086900000, 0x0000000086900000|100%| O|  |TAMS 0x0000000086800000| PB 0x0000000086800000| Untracked |  0
| 105|0x0000000086900000, 0x0000000086a00000, 0x0000000086a00000|100%| O|  |TAMS 0x0000000086900000| PB 0x0000000086900000| Untracked |  0
| 106|0x0000000086a00000, 0x0000000086b00000, 0x0000000086b00000|100%| O|  |TAMS 0x0000000086a00000| PB 0x0000000086a00000| Untracked |  0
| 107|0x0000000086b00000, 0x0000000086c00000, 0x0000000086c00000|100%| O|  |TAMS 0x0000000086b00000| PB 0x0000000086b00000| Untracked |  0
| 108|0x0000000086c00000, 0x0000000086d00000, 0x0000000086d00000|100%| O|  |TAMS 0x0000000086c00000| PB 0x0000000086c00000| Untracked |  0
| 109|0x0000000086d00000, 0x0000000086d00000, 0x0000000086e00000|  0%| F|  |TAMS 0x0000000086d00000| PB 0x0000000086d00000| Untracked |  0
| 110|0x0000000086e00000, 0x0000000086f00000, 0x0000000086f00000|100%| O|  |TAMS 0x0000000086e00000| PB 0x0000000086e00000| Untracked |  0
| 111|0x0000000086f00000, 0x0000000087000000, 0x0000000087000000|100%| O|  |TAMS 0x0000000086f00000| PB 0x0000000086f00000| Untracked |  0
| 112|0x0000000087000000, 0x0000000087100000, 0x0000000087100000|100%| O|  |TAMS 0x0000000087000000| PB 0x0000000087000000| Untracked |  0
| 113|0x0000000087100000, 0x0000000087200000, 0x0000000087200000|100%|HS|  |TAMS 0x0000000087100000| PB 0x0000000087100000| Complete |  0
| 114|0x0000000087200000, 0x0000000087300000, 0x0000000087300000|100%| O|  |TAMS 0x0000000087200000| PB 0x0000000087200000| Untracked |  0
| 115|0x0000000087300000, 0x0000000087400000, 0x0000000087400000|100%| O|  |TAMS 0x0000000087300000| PB 0x0000000087300000| Untracked |  0
| 116|0x0000000087400000, 0x0000000087500000, 0x0000000087500000|100%| O|  |TAMS 0x0000000087400000| PB 0x0000000087400000| Untracked |  0
| 117|0x0000000087500000, 0x0000000087600000, 0x0000000087600000|100%| O|  |TAMS 0x0000000087500000| PB 0x0000000087500000| Untracked |  0
| 118|0x0000000087600000, 0x0000000087700000, 0x0000000087700000|100%| O|  |TAMS 0x0000000087600000| PB 0x0000000087600000| Untracked |  0
| 119|0x0000000087700000, 0x0000000087800000, 0x0000000087800000|100%| O|  |TAMS 0x0000000087700000| PB 0x0000000087700000| Untracked |  0
| 120|0x0000000087800000, 0x0000000087900000, 0x0000000087900000|100%| O|  |TAMS 0x0000000087800000| PB 0x0000000087800000| Untracked |  0
| 121|0x0000000087900000, 0x0000000087a00000, 0x0000000087a00000|100%| O|  |TAMS 0x0000000087900000| PB 0x0000000087900000| Untracked |  0
| 122|0x0000000087a00000, 0x0000000087b00000, 0x0000000087b00000|100%| O|  |TAMS 0x0000000087a00000| PB 0x0000000087a00000| Untracked |  0
| 123|0x0000000087b00000, 0x0000000087c00000, 0x0000000087c00000|100%| O|  |TAMS 0x0000000087b00000| PB 0x0000000087b00000| Untracked |  0
| 124|0x0000000087c00000, 0x0000000087d00000, 0x0000000087d00000|100%| O|  |TAMS 0x0000000087c00000| PB 0x0000000087c00000| Untracked |  0
| 125|0x0000000087d00000, 0x0000000087e00000, 0x0000000087e00000|100%| O|  |TAMS 0x0000000087d00000| PB 0x0000000087d00000| Untracked |  0
| 126|0x0000000087e00000, 0x0000000087f00000, 0x0000000087f00000|100%| O|  |TAMS 0x0000000087e00000| PB 0x0000000087e00000| Untracked |  0
| 127|0x0000000087f00000, 0x0000000088000000, 0x0000000088000000|100%| O|  |TAMS 0x0000000087f00000| PB 0x0000000087f00000| Untracked |  0
| 128|0x0000000088000000, 0x0000000088100000, 0x0000000088100000|100%| O|  |TAMS 0x0000000088000000| PB 0x0000000088000000| Untracked |  0
| 129|0x0000000088100000, 0x0000000088200000, 0x0000000088200000|100%| O|  |TAMS 0x0000000088100000| PB 0x0000000088100000| Untracked |  0
| 130|0x0000000088200000, 0x0000000088200000, 0x0000000088300000|  0%| F|  |TAMS 0x0000000088200000| PB 0x0000000088200000| Untracked |  0
| 131|0x0000000088300000, 0x0000000088400000, 0x0000000088400000|100%| O|  |TAMS 0x0000000088300000| PB 0x0000000088300000| Untracked |  0
| 132|0x0000000088400000, 0x0000000088500000, 0x0000000088500000|100%| O|  |TAMS 0x0000000088400000| PB 0x0000000088400000| Untracked |  0
| 133|0x0000000088500000, 0x0000000088600000, 0x0000000088600000|100%| O|  |TAMS 0x0000000088500000| PB 0x0000000088500000| Untracked |  0
| 134|0x0000000088600000, 0x0000000088700000, 0x0000000088700000|100%| O|  |TAMS 0x0000000088600000| PB 0x0000000088600000| Untracked |  0
| 135|0x0000000088700000, 0x0000000088800000, 0x0000000088800000|100%| O|  |TAMS 0x0000000088700000| PB 0x0000000088700000| Untracked |  0
| 136|0x0000000088800000, 0x0000000088900000, 0x0000000088900000|100%| O|  |TAMS 0x0000000088800000| PB 0x0000000088800000| Untracked |  0
| 137|0x0000000088900000, 0x0000000088a00000, 0x0000000088a00000|100%| O|  |TAMS 0x0000000088900000| PB 0x0000000088900000| Untracked |  0
| 138|0x0000000088a00000, 0x0000000088b00000, 0x0000000088b00000|100%| O|  |TAMS 0x0000000088a00000| PB 0x0000000088a00000| Untracked |  0
| 139|0x0000000088b00000, 0x0000000088c00000, 0x0000000088c00000|100%| O|  |TAMS 0x0000000088b00000| PB 0x0000000088b00000| Untracked |  0
| 140|0x0000000088c00000, 0x0000000088d00000, 0x0000000088d00000|100%| O|  |TAMS 0x0000000088c00000| PB 0x0000000088c00000| Untracked |  0
| 141|0x0000000088d00000, 0x0000000088d00000, 0x0000000088e00000|  0%| F|  |TAMS 0x0000000088d00000| PB 0x0000000088d00000| Untracked |  0
| 142|0x0000000088e00000, 0x0000000088f00000, 0x0000000088f00000|100%| O|  |TAMS 0x0000000088e00000| PB 0x0000000088e00000| Untracked |  0
| 143|0x0000000088f00000, 0x0000000089000000, 0x0000000089000000|100%| O|  |TAMS 0x0000000088f00000| PB 0x0000000088f00000| Untracked |  0
| 144|0x0000000089000000, 0x0000000089100000, 0x0000000089100000|100%| O|  |TAMS 0x0000000089000000| PB 0x0000000089000000| Untracked |  0
| 145|0x0000000089100000, 0x0000000089200000, 0x0000000089200000|100%| O|  |TAMS 0x0000000089100000| PB 0x0000000089100000| Untracked |  0
| 146|0x0000000089200000, 0x0000000089300000, 0x0000000089300000|100%| O|  |TAMS 0x0000000089200000| PB 0x0000000089200000| Untracked |  0
| 147|0x0000000089300000, 0x0000000089400000, 0x0000000089400000|100%| O|  |TAMS 0x0000000089300000| PB 0x0000000089300000| Untracked |  0
| 148|0x0000000089400000, 0x0000000089500000, 0x0000000089500000|100%| O|  |TAMS 0x0000000089400000| PB 0x0000000089400000| Untracked |  0
| 149|0x0000000089500000, 0x0000000089600000, 0x0000000089600000|100%| O|  |TAMS 0x0000000089500000| PB 0x0000000089500000| Untracked |  0
| 150|0x0000000089600000, 0x0000000089700000, 0x0000000089700000|100%| O|  |TAMS 0x0000000089600000| PB 0x0000000089600000| Untracked |  0
| 151|0x0000000089700000, 0x0000000089800000, 0x0000000089800000|100%| O|  |TAMS 0x0000000089700000| PB 0x0000000089700000| Untracked |  0
| 152|0x0000000089800000, 0x0000000089900000, 0x0000000089900000|100%| O|  |TAMS 0x0000000089800000| PB 0x0000000089800000| Untracked |  0
| 153|0x0000000089900000, 0x0000000089a00000, 0x0000000089a00000|100%| O|  |TAMS 0x0000000089900000| PB 0x0000000089900000| Untracked |  0
| 154|0x0000000089a00000, 0x0000000089b00000, 0x0000000089b00000|100%| O|  |TAMS 0x0000000089a00000| PB 0x0000000089a00000| Untracked |  0
| 155|0x0000000089b00000, 0x0000000089c00000, 0x0000000089c00000|100%| O|  |TAMS 0x0000000089b00000| PB 0x0000000089b00000| Untracked |  0
| 156|0x0000000089c00000, 0x0000000089d00000, 0x0000000089d00000|100%| O|  |TAMS 0x0000000089c00000| PB 0x0000000089c00000| Untracked |  0
| 157|0x0000000089d00000, 0x0000000089e00000, 0x0000000089e00000|100%| O|  |TAMS 0x0000000089d00000| PB 0x0000000089d00000| Untracked |  0
| 158|0x0000000089e00000, 0x0000000089f00000, 0x0000000089f00000|100%| O|  |TAMS 0x0000000089e00000| PB 0x0000000089e00000| Untracked |  0
| 159|0x0000000089f00000, 0x000000008a000000, 0x000000008a000000|100%| O|  |TAMS 0x0000000089f00000| PB 0x0000000089f00000| Untracked |  0
| 160|0x000000008a000000, 0x000000008a100000, 0x000000008a100000|100%| O|  |TAMS 0x000000008a000000| PB 0x000000008a000000| Untracked |  0
| 161|0x000000008a100000, 0x000000008a200000, 0x000000008a200000|100%| O|  |TAMS 0x000000008a100000| PB 0x000000008a100000| Untracked |  0
| 162|0x000000008a200000, 0x000000008a300000, 0x000000008a300000|100%| O|  |TAMS 0x000000008a200000| PB 0x000000008a200000| Untracked |  0
| 163|0x000000008a300000, 0x000000008a400000, 0x000000008a400000|100%| O|  |TAMS 0x000000008a300000| PB 0x000000008a300000| Untracked |  0
| 164|0x000000008a400000, 0x000000008a500000, 0x000000008a500000|100%| O|  |TAMS 0x000000008a400000| PB 0x000000008a400000| Untracked |  0
| 165|0x000000008a500000, 0x000000008a600000, 0x000000008a600000|100%| O|  |TAMS 0x000000008a500000| PB 0x000000008a500000| Untracked |  0
| 166|0x000000008a600000, 0x000000008a700000, 0x000000008a700000|100%| O|  |TAMS 0x000000008a600000| PB 0x000000008a600000| Untracked |  0
| 167|0x000000008a700000, 0x000000008a800000, 0x000000008a800000|100%| O|  |TAMS 0x000000008a700000| PB 0x000000008a700000| Untracked |  0
| 168|0x000000008a800000, 0x000000008a900000, 0x000000008a900000|100%| O|  |TAMS 0x000000008a800000| PB 0x000000008a800000| Untracked |  0
| 169|0x000000008a900000, 0x000000008aa00000, 0x000000008aa00000|100%| O|  |TAMS 0x000000008a900000| PB 0x000000008a900000| Untracked |  0
| 170|0x000000008aa00000, 0x000000008ab00000, 0x000000008ab00000|100%| O|  |TAMS 0x000000008aa00000| PB 0x000000008aa00000| Untracked |  0
| 171|0x000000008ab00000, 0x000000008ac00000, 0x000000008ac00000|100%| O|  |TAMS 0x000000008ab00000| PB 0x000000008ab00000| Untracked |  0
| 172|0x000000008ac00000, 0x000000008ad00000, 0x000000008ad00000|100%| O|  |TAMS 0x000000008ac00000| PB 0x000000008ac00000| Untracked |  0
| 173|0x000000008ad00000, 0x000000008ae00000, 0x000000008ae00000|100%| O|  |TAMS 0x000000008ad00000| PB 0x000000008ad00000| Untracked |  0
| 174|0x000000008ae00000, 0x000000008af00000, 0x000000008af00000|100%| O|  |TAMS 0x000000008ae00000| PB 0x000000008ae00000| Untracked |  0
| 175|0x000000008af00000, 0x000000008b000000, 0x000000008b000000|100%| O|  |TAMS 0x000000008af00000| PB 0x000000008af00000| Untracked |  0
| 176|0x000000008b000000, 0x000000008b100000, 0x000000008b100000|100%| O|  |TAMS 0x000000008b000000| PB 0x000000008b000000| Untracked |  0
| 177|0x000000008b100000, 0x000000008b200000, 0x000000008b200000|100%| O|  |TAMS 0x000000008b100000| PB 0x000000008b100000| Untracked |  0
| 178|0x000000008b200000, 0x000000008b300000, 0x000000008b300000|100%| O|  |TAMS 0x000000008b200000| PB 0x000000008b200000| Untracked |  0
| 179|0x000000008b300000, 0x000000008b400000, 0x000000008b400000|100%| O|  |TAMS 0x000000008b300000| PB 0x000000008b300000| Untracked |  0
| 180|0x000000008b400000, 0x000000008b500000, 0x000000008b500000|100%| O|  |TAMS 0x000000008b400000| PB 0x000000008b400000| Untracked |  0
| 181|0x000000008b500000, 0x000000008b600000, 0x000000008b600000|100%| O|  |TAMS 0x000000008b500000| PB 0x000000008b500000| Untracked |  0
| 182|0x000000008b600000, 0x000000008b700000, 0x000000008b700000|100%| O|  |TAMS 0x000000008b600000| PB 0x000000008b600000| Untracked |  0
| 183|0x000000008b700000, 0x000000008b800000, 0x000000008b800000|100%| O|  |TAMS 0x000000008b700000| PB 0x000000008b700000| Untracked |  0
| 184|0x000000008b800000, 0x000000008b900000, 0x000000008b900000|100%| O|  |TAMS 0x000000008b800000| PB 0x000000008b800000| Untracked |  0
| 185|0x000000008b900000, 0x000000008ba00000, 0x000000008ba00000|100%| O|  |TAMS 0x000000008b900000| PB 0x000000008b900000| Untracked |  0
| 186|0x000000008ba00000, 0x000000008bb00000, 0x000000008bb00000|100%| O|  |TAMS 0x000000008ba00000| PB 0x000000008ba00000| Untracked |  0
| 187|0x000000008bb00000, 0x000000008bc00000, 0x000000008bc00000|100%| O|  |TAMS 0x000000008bb00000| PB 0x000000008bb00000| Untracked |  0
| 188|0x000000008bc00000, 0x000000008bd00000, 0x000000008bd00000|100%|HS|  |TAMS 0x000000008bc00000| PB 0x000000008bc00000| Complete |  0
| 189|0x000000008bd00000, 0x000000008be00000, 0x000000008be00000|100%|HS|  |TAMS 0x000000008bd00000| PB 0x000000008bd00000| Complete |  0
| 190|0x000000008be00000, 0x000000008bf00000, 0x000000008bf00000|100%|HS|  |TAMS 0x000000008be00000| PB 0x000000008be00000| Complete |  0
| 191|0x000000008bf00000, 0x000000008c000000, 0x000000008c000000|100%| O|  |TAMS 0x000000008bf00000| PB 0x000000008bf00000| Untracked |  0
| 192|0x000000008c000000, 0x000000008c100000, 0x000000008c100000|100%| O|  |TAMS 0x000000008c000000| PB 0x000000008c000000| Untracked |  0
| 193|0x000000008c100000, 0x000000008c200000, 0x000000008c200000|100%| O|  |TAMS 0x000000008c100000| PB 0x000000008c100000| Untracked |  0
| 194|0x000000008c200000, 0x000000008c300000, 0x000000008c300000|100%| O|  |TAMS 0x000000008c200000| PB 0x000000008c200000| Untracked |  0
| 195|0x000000008c300000, 0x000000008c400000, 0x000000008c400000|100%| O|  |TAMS 0x000000008c300000| PB 0x000000008c300000| Untracked |  0
| 196|0x000000008c400000, 0x000000008c500000, 0x000000008c500000|100%| O|  |TAMS 0x000000008c400000| PB 0x000000008c400000| Untracked |  0
| 197|0x000000008c500000, 0x000000008c600000, 0x000000008c600000|100%| O|  |TAMS 0x000000008c500000| PB 0x000000008c500000| Untracked |  0
| 198|0x000000008c600000, 0x000000008c700000, 0x000000008c700000|100%| O|  |TAMS 0x000000008c600000| PB 0x000000008c600000| Untracked |  0
| 199|0x000000008c700000, 0x000000008c800000, 0x000000008c800000|100%| O|  |TAMS 0x000000008c700000| PB 0x000000008c700000| Untracked |  0
| 200|0x000000008c800000, 0x000000008c900000, 0x000000008c900000|100%|HS|  |TAMS 0x000000008c800000| PB 0x000000008c800000| Complete |  0
| 201|0x000000008c900000, 0x000000008ca00000, 0x000000008ca00000|100%|HS|  |TAMS 0x000000008c900000| PB 0x000000008c900000| Complete |  0
| 202|0x000000008ca00000, 0x000000008cb00000, 0x000000008cb00000|100%|HC|  |TAMS 0x000000008ca00000| PB 0x000000008ca00000| Complete |  0
| 203|0x000000008cb00000, 0x000000008cc00000, 0x000000008cc00000|100%| O|  |TAMS 0x000000008cb00000| PB 0x000000008cb00000| Untracked |  0
| 204|0x000000008cc00000, 0x000000008cd00000, 0x000000008cd00000|100%| O|  |TAMS 0x000000008cc00000| PB 0x000000008cc00000| Untracked |  0
| 205|0x000000008cd00000, 0x000000008ce00000, 0x000000008ce00000|100%|HS|  |TAMS 0x000000008cd00000| PB 0x000000008cd00000| Complete |  0
| 206|0x000000008ce00000, 0x000000008cf00000, 0x000000008cf00000|100%|HS|  |TAMS 0x000000008ce00000| PB 0x000000008ce00000| Complete |  0
| 207|0x000000008cf00000, 0x000000008d000000, 0x000000008d000000|100%|HS|  |TAMS 0x000000008cf00000| PB 0x000000008cf00000| Complete |  0
| 208|0x000000008d000000, 0x000000008d100000, 0x000000008d100000|100%| O|  |TAMS 0x000000008d000000| PB 0x000000008d000000| Untracked |  0
| 209|0x000000008d100000, 0x000000008d200000, 0x000000008d200000|100%| O|  |TAMS 0x000000008d100000| PB 0x000000008d100000| Untracked |  0
| 210|0x000000008d200000, 0x000000008d300000, 0x000000008d300000|100%| O|  |TAMS 0x000000008d200000| PB 0x000000008d200000| Untracked |  0
| 211|0x000000008d300000, 0x000000008d400000, 0x000000008d400000|100%| O|  |TAMS 0x000000008d300000| PB 0x000000008d300000| Untracked |  0
| 212|0x000000008d400000, 0x000000008d500000, 0x000000008d500000|100%| O|  |TAMS 0x000000008d400000| PB 0x000000008d400000| Untracked |  0
| 213|0x000000008d500000, 0x000000008d500000, 0x000000008d600000|  0%| F|  |TAMS 0x000000008d500000| PB 0x000000008d500000| Untracked |  0
| 214|0x000000008d600000, 0x000000008d700000, 0x000000008d700000|100%| O|  |TAMS 0x000000008d600000| PB 0x000000008d600000| Untracked |  0
| 215|0x000000008d700000, 0x000000008d800000, 0x000000008d800000|100%| O|  |TAMS 0x000000008d700000| PB 0x000000008d700000| Untracked |  0
| 216|0x000000008d800000, 0x000000008d900000, 0x000000008d900000|100%| O|  |TAMS 0x000000008d800000| PB 0x000000008d800000| Untracked |  0
| 217|0x000000008d900000, 0x000000008da00000, 0x000000008da00000|100%| O|  |TAMS 0x000000008d900000| PB 0x000000008d900000| Untracked |  0
| 218|0x000000008da00000, 0x000000008db00000, 0x000000008db00000|100%| O|  |TAMS 0x000000008da00000| PB 0x000000008da00000| Untracked |  0
| 219|0x000000008db00000, 0x000000008dc00000, 0x000000008dc00000|100%| O|  |TAMS 0x000000008db00000| PB 0x000000008db00000| Untracked |  0
| 220|0x000000008dc00000, 0x000000008dd00000, 0x000000008dd00000|100%| O|  |TAMS 0x000000008dc00000| PB 0x000000008dc00000| Untracked |  0
| 221|0x000000008dd00000, 0x000000008de00000, 0x000000008de00000|100%| O|  |TAMS 0x000000008dd00000| PB 0x000000008dd00000| Untracked |  0
| 222|0x000000008de00000, 0x000000008df00000, 0x000000008df00000|100%| O|  |TAMS 0x000000008de00000| PB 0x000000008de00000| Untracked |  0
| 223|0x000000008df00000, 0x000000008e000000, 0x000000008e000000|100%| O|  |TAMS 0x000000008df00000| PB 0x000000008df00000| Untracked |  0
| 224|0x000000008e000000, 0x000000008e000000, 0x000000008e100000|  0%| F|  |TAMS 0x000000008e000000| PB 0x000000008e000000| Untracked |  0
| 225|0x000000008e100000, 0x000000008e200000, 0x000000008e200000|100%| O|  |TAMS 0x000000008e100000| PB 0x000000008e100000| Untracked |  0
| 226|0x000000008e200000, 0x000000008e300000, 0x000000008e300000|100%| O|  |TAMS 0x000000008e200000| PB 0x000000008e200000| Untracked |  0
| 227|0x000000008e300000, 0x000000008e400000, 0x000000008e400000|100%| O|  |TAMS 0x000000008e300000| PB 0x000000008e300000| Untracked |  0
| 228|0x000000008e400000, 0x000000008e500000, 0x000000008e500000|100%| O|  |TAMS 0x000000008e400000| PB 0x000000008e400000| Untracked |  0
| 229|0x000000008e500000, 0x000000008e600000, 0x000000008e600000|100%| O|  |TAMS 0x000000008e500000| PB 0x000000008e500000| Untracked |  0
| 230|0x000000008e600000, 0x000000008e700000, 0x000000008e700000|100%| O|  |TAMS 0x000000008e600000| PB 0x000000008e600000| Untracked |  0
| 231|0x000000008e700000, 0x000000008e800000, 0x000000008e800000|100%| O|  |TAMS 0x000000008e700000| PB 0x000000008e700000| Untracked |  0
| 232|0x000000008e800000, 0x000000008e900000, 0x000000008e900000|100%| O|  |TAMS 0x000000008e800000| PB 0x000000008e800000| Untracked |  0
| 233|0x000000008e900000, 0x000000008ea00000, 0x000000008ea00000|100%| O|  |TAMS 0x000000008e900000| PB 0x000000008e900000| Untracked |  0
| 234|0x000000008ea00000, 0x000000008eb00000, 0x000000008eb00000|100%| O|  |TAMS 0x000000008ea00000| PB 0x000000008ea00000| Untracked |  0
| 235|0x000000008eb00000, 0x000000008ec00000, 0x000000008ec00000|100%| O|  |TAMS 0x000000008eb00000| PB 0x000000008eb00000| Untracked |  0
| 236|0x000000008ec00000, 0x000000008ed00000, 0x000000008ed00000|100%| O|  |TAMS 0x000000008ec00000| PB 0x000000008ec00000| Untracked |  0
| 237|0x000000008ed00000, 0x000000008ee00000, 0x000000008ee00000|100%| O|  |TAMS 0x000000008ed00000| PB 0x000000008ed00000| Untracked |  0
| 238|0x000000008ee00000, 0x000000008ef00000, 0x000000008ef00000|100%|HS|  |TAMS 0x000000008ee00000| PB 0x000000008ee00000| Complete |  0
| 239|0x000000008ef00000, 0x000000008f000000, 0x000000008f000000|100%|HS|  |TAMS 0x000000008ef00000| PB 0x000000008ef00000| Complete |  0
| 240|0x000000008f000000, 0x000000008f100000, 0x000000008f100000|100%| O|  |TAMS 0x000000008f000000| PB 0x000000008f000000| Untracked |  0
| 241|0x000000008f100000, 0x000000008f200000, 0x000000008f200000|100%| O|  |TAMS 0x000000008f100000| PB 0x000000008f100000| Untracked |  0
| 242|0x000000008f200000, 0x000000008f300000, 0x000000008f300000|100%| O|  |TAMS 0x000000008f200000| PB 0x000000008f200000| Untracked |  0
| 243|0x000000008f300000, 0x000000008f400000, 0x000000008f400000|100%| O|  |TAMS 0x000000008f300000| PB 0x000000008f300000| Untracked |  0
| 244|0x000000008f400000, 0x000000008f500000, 0x000000008f500000|100%|HS|  |TAMS 0x000000008f400000| PB 0x000000008f400000| Complete |  0
| 245|0x000000008f500000, 0x000000008f600000, 0x000000008f600000|100%|HC|  |TAMS 0x000000008f500000| PB 0x000000008f500000| Complete |  0
| 246|0x000000008f600000, 0x000000008f700000, 0x000000008f700000|100%| O|  |TAMS 0x000000008f600000| PB 0x000000008f600000| Untracked |  0
| 247|0x000000008f700000, 0x000000008f800000, 0x000000008f800000|100%| O|  |TAMS 0x000000008f700000| PB 0x000000008f700000| Untracked |  0
| 248|0x000000008f800000, 0x000000008f900000, 0x000000008f900000|100%| O|  |TAMS 0x000000008f800000| PB 0x000000008f800000| Untracked |  0
| 249|0x000000008f900000, 0x000000008fa00000, 0x000000008fa00000|100%| O|  |TAMS 0x000000008f900000| PB 0x000000008f900000| Untracked |  0
| 250|0x000000008fa00000, 0x000000008fb00000, 0x000000008fb00000|100%|HS|  |TAMS 0x000000008fa00000| PB 0x000000008fa00000| Complete |  0
| 251|0x000000008fb00000, 0x000000008fc00000, 0x000000008fc00000|100%|HS|  |TAMS 0x000000008fb00000| PB 0x000000008fb00000| Complete |  0
| 252|0x000000008fc00000, 0x000000008fd00000, 0x000000008fd00000|100%| O|  |TAMS 0x000000008fc00000| PB 0x000000008fc00000| Untracked |  0
| 253|0x000000008fd00000, 0x000000008fe00000, 0x000000008fe00000|100%| O|  |TAMS 0x000000008fd00000| PB 0x000000008fd00000| Untracked |  0
| 254|0x000000008fe00000, 0x000000008ff00000, 0x000000008ff00000|100%| O|  |TAMS 0x000000008fe00000| PB 0x000000008fe00000| Untracked |  0
| 255|0x000000008ff00000, 0x0000000090000000, 0x0000000090000000|100%| O|  |TAMS 0x000000008ff00000| PB 0x000000008ff00000| Untracked |  0
| 256|0x0000000090000000, 0x0000000090100000, 0x0000000090100000|100%| O|  |TAMS 0x0000000090000000| PB 0x0000000090000000| Untracked |  0
| 257|0x0000000090100000, 0x0000000090200000, 0x0000000090200000|100%| O|Cm|TAMS 0x0000000090100000| PB 0x0000000090100000| Complete |  0
| 258|0x0000000090200000, 0x0000000090300000, 0x0000000090300000|100%| O|  |TAMS 0x0000000090200000| PB 0x0000000090200000| Untracked |  0
| 259|0x0000000090300000, 0x0000000090400000, 0x0000000090400000|100%| O|  |TAMS 0x0000000090300000| PB 0x0000000090300000| Untracked |  0
| 260|0x0000000090400000, 0x0000000090500000, 0x0000000090500000|100%| O|  |TAMS 0x0000000090400000| PB 0x0000000090400000| Untracked |  0
| 261|0x0000000090500000, 0x0000000090600000, 0x0000000090600000|100%| O|  |TAMS 0x0000000090500000| PB 0x0000000090500000| Untracked |  0
| 262|0x0000000090600000, 0x0000000090700000, 0x0000000090700000|100%| O|  |TAMS 0x0000000090600000| PB 0x0000000090600000| Untracked |  0
| 263|0x0000000090700000, 0x0000000090800000, 0x0000000090800000|100%| O|  |TAMS 0x0000000090700000| PB 0x0000000090700000| Untracked |  0
| 264|0x0000000090800000, 0x0000000090900000, 0x0000000090900000|100%| O|  |TAMS 0x0000000090800000| PB 0x0000000090800000| Untracked |  0
| 265|0x0000000090900000, 0x0000000090a00000, 0x0000000090a00000|100%| O|  |TAMS 0x0000000090900000| PB 0x0000000090900000| Untracked |  0
| 266|0x0000000090a00000, 0x0000000090b00000, 0x0000000090b00000|100%| O|  |TAMS 0x0000000090a00000| PB 0x0000000090a00000| Untracked |  0
| 267|0x0000000090b00000, 0x0000000090c00000, 0x0000000090c00000|100%| O|  |TAMS 0x0000000090b00000| PB 0x0000000090b00000| Untracked |  0
| 268|0x0000000090c00000, 0x0000000090d00000, 0x0000000090d00000|100%| O|  |TAMS 0x0000000090c00000| PB 0x0000000090c00000| Untracked |  0
| 269|0x0000000090d00000, 0x0000000090e00000, 0x0000000090e00000|100%| O|  |TAMS 0x0000000090d00000| PB 0x0000000090d00000| Untracked |  0
| 270|0x0000000090e00000, 0x0000000090f00000, 0x0000000090f00000|100%| O|  |TAMS 0x0000000090e00000| PB 0x0000000090e00000| Untracked |  0
| 271|0x0000000090f00000, 0x0000000091000000, 0x0000000091000000|100%| O|  |TAMS 0x0000000090f00000| PB 0x0000000090f00000| Untracked |  0
| 272|0x0000000091000000, 0x0000000091100000, 0x0000000091100000|100%|HS|  |TAMS 0x0000000091000000| PB 0x0000000091000000| Complete |  0
| 273|0x0000000091100000, 0x0000000091200000, 0x0000000091200000|100%|HS|  |TAMS 0x0000000091100000| PB 0x0000000091100000| Complete |  0
| 274|0x0000000091200000, 0x0000000091300000, 0x0000000091300000|100%| O|  |TAMS 0x0000000091200000| PB 0x0000000091200000| Untracked |  0
| 275|0x0000000091300000, 0x0000000091400000, 0x0000000091400000|100%| O|  |TAMS 0x0000000091300000| PB 0x0000000091300000| Untracked |  0
| 276|0x0000000091400000, 0x0000000091500000, 0x0000000091500000|100%| O|  |TAMS 0x0000000091400000| PB 0x0000000091400000| Untracked |  0
| 277|0x0000000091500000, 0x0000000091600000, 0x0000000091600000|100%| O|  |TAMS 0x0000000091500000| PB 0x0000000091500000| Untracked |  0
| 278|0x0000000091600000, 0x0000000091600000, 0x0000000091700000|  0%| F|  |TAMS 0x0000000091600000| PB 0x0000000091600000| Untracked |  0
| 279|0x0000000091700000, 0x0000000091800000, 0x0000000091800000|100%| O|  |TAMS 0x0000000091700000| PB 0x0000000091700000| Untracked |  0
| 280|0x0000000091800000, 0x0000000091900000, 0x0000000091900000|100%| O|  |TAMS 0x0000000091800000| PB 0x0000000091800000| Untracked |  0
| 281|0x0000000091900000, 0x0000000091a00000, 0x0000000091a00000|100%| O|  |TAMS 0x0000000091900000| PB 0x0000000091900000| Untracked |  0
| 282|0x0000000091a00000, 0x0000000091b00000, 0x0000000091b00000|100%| O|  |TAMS 0x0000000091a00000| PB 0x0000000091a00000| Untracked |  0
| 283|0x0000000091b00000, 0x0000000091b00000, 0x0000000091c00000|  0%| F|  |TAMS 0x0000000091b00000| PB 0x0000000091b00000| Untracked |  0
| 284|0x0000000091c00000, 0x0000000091d00000, 0x0000000091d00000|100%| O|  |TAMS 0x0000000091c00000| PB 0x0000000091c00000| Untracked |  0
| 285|0x0000000091d00000, 0x0000000091e00000, 0x0000000091e00000|100%| O|  |TAMS 0x0000000091d00000| PB 0x0000000091d00000| Untracked |  0
| 286|0x0000000091e00000, 0x0000000091f00000, 0x0000000091f00000|100%| O|  |TAMS 0x0000000091e00000| PB 0x0000000091e00000| Untracked |  0
| 287|0x0000000091f00000, 0x0000000092000000, 0x0000000092000000|100%| O|  |TAMS 0x0000000091f00000| PB 0x0000000091f00000| Untracked |  0
| 288|0x0000000092000000, 0x0000000092100000, 0x0000000092100000|100%| O|  |TAMS 0x0000000092000000| PB 0x0000000092000000| Untracked |  0
| 289|0x0000000092100000, 0x0000000092200000, 0x0000000092200000|100%| O|  |TAMS 0x0000000092100000| PB 0x0000000092100000| Untracked |  0
| 290|0x0000000092200000, 0x0000000092300000, 0x0000000092300000|100%| O|  |TAMS 0x0000000092200000| PB 0x0000000092200000| Untracked |  0
| 291|0x0000000092300000, 0x0000000092400000, 0x0000000092400000|100%| O|  |TAMS 0x0000000092300000| PB 0x0000000092300000| Untracked |  0
| 292|0x0000000092400000, 0x0000000092500000, 0x0000000092500000|100%| O|  |TAMS 0x0000000092400000| PB 0x0000000092400000| Untracked |  0
| 293|0x0000000092500000, 0x0000000092600000, 0x0000000092600000|100%| O|  |TAMS 0x0000000092500000| PB 0x0000000092500000| Untracked |  0
| 294|0x0000000092600000, 0x0000000092700000, 0x0000000092700000|100%| O|  |TAMS 0x0000000092600000| PB 0x0000000092600000| Untracked |  0
| 295|0x0000000092700000, 0x0000000092800000, 0x0000000092800000|100%| O|  |TAMS 0x0000000092700000| PB 0x0000000092700000| Untracked |  0
| 296|0x0000000092800000, 0x0000000092900000, 0x0000000092900000|100%| O|  |TAMS 0x0000000092800000| PB 0x0000000092800000| Untracked |  0
| 297|0x0000000092900000, 0x0000000092a00000, 0x0000000092a00000|100%| O|  |TAMS 0x0000000092900000| PB 0x0000000092900000| Untracked |  0
| 298|0x0000000092a00000, 0x0000000092b00000, 0x0000000092b00000|100%| O|  |TAMS 0x0000000092a00000| PB 0x0000000092a00000| Untracked |  0
| 299|0x0000000092b00000, 0x0000000092c00000, 0x0000000092c00000|100%| O|  |TAMS 0x0000000092b00000| PB 0x0000000092b00000| Untracked |  0
| 300|0x0000000092c00000, 0x0000000092d00000, 0x0000000092d00000|100%| O|  |TAMS 0x0000000092c00000| PB 0x0000000092c00000| Untracked |  0
| 301|0x0000000092d00000, 0x0000000092e00000, 0x0000000092e00000|100%| O|  |TAMS 0x0000000092d00000| PB 0x0000000092d00000| Untracked |  0
| 302|0x0000000092e00000, 0x0000000092f00000, 0x0000000092f00000|100%| O|  |TAMS 0x0000000092e00000| PB 0x0000000092e00000| Untracked |  0
| 303|0x0000000092f00000, 0x0000000093000000, 0x0000000093000000|100%| O|  |TAMS 0x0000000092f00000| PB 0x0000000092f00000| Untracked |  0
| 304|0x0000000093000000, 0x0000000093100000, 0x0000000093100000|100%| O|  |TAMS 0x0000000093000000| PB 0x0000000093000000| Untracked |  0
| 305|0x0000000093100000, 0x0000000093200000, 0x0000000093200000|100%| O|  |TAMS 0x0000000093100000| PB 0x0000000093100000| Untracked |  0
| 306|0x0000000093200000, 0x0000000093300000, 0x0000000093300000|100%| O|  |TAMS 0x0000000093200000| PB 0x0000000093200000| Untracked |  0
| 307|0x0000000093300000, 0x0000000093400000, 0x0000000093400000|100%| O|  |TAMS 0x0000000093300000| PB 0x0000000093300000| Untracked |  0
| 308|0x0000000093400000, 0x0000000093500000, 0x0000000093500000|100%| O|  |TAMS 0x0000000093400000| PB 0x0000000093400000| Untracked |  0
| 309|0x0000000093500000, 0x0000000093600000, 0x0000000093600000|100%| O|  |TAMS 0x0000000093500000| PB 0x0000000093500000| Untracked |  0
| 310|0x0000000093600000, 0x0000000093700000, 0x0000000093700000|100%| O|  |TAMS 0x0000000093600000| PB 0x0000000093600000| Untracked |  0
| 311|0x0000000093700000, 0x0000000093800000, 0x0000000093800000|100%| O|  |TAMS 0x0000000093700000| PB 0x0000000093700000| Untracked |  0
| 312|0x0000000093800000, 0x0000000093900000, 0x0000000093900000|100%| O|  |TAMS 0x0000000093800000| PB 0x0000000093800000| Untracked |  0
| 313|0x0000000093900000, 0x0000000093a00000, 0x0000000093a00000|100%| O|  |TAMS 0x0000000093900000| PB 0x0000000093900000| Untracked |  0
| 314|0x0000000093a00000, 0x0000000093b00000, 0x0000000093b00000|100%| O|  |TAMS 0x0000000093a00000| PB 0x0000000093a00000| Untracked |  0
| 315|0x0000000093b00000, 0x0000000093c00000, 0x0000000093c00000|100%| O|  |TAMS 0x0000000093b00000| PB 0x0000000093b00000| Untracked |  0
| 316|0x0000000093c00000, 0x0000000093d00000, 0x0000000093d00000|100%| O|  |TAMS 0x0000000093c00000| PB 0x0000000093c00000| Untracked |  0
| 317|0x0000000093d00000, 0x0000000093e00000, 0x0000000093e00000|100%| O|  |TAMS 0x0000000093d00000| PB 0x0000000093d00000| Untracked |  0
| 318|0x0000000093e00000, 0x0000000093f00000, 0x0000000093f00000|100%| O|  |TAMS 0x0000000093e00000| PB 0x0000000093e00000| Untracked |  0
| 319|0x0000000093f00000, 0x0000000094000000, 0x0000000094000000|100%| O|  |TAMS 0x0000000093f00000| PB 0x0000000093f00000| Untracked |  0
| 320|0x0000000094000000, 0x0000000094100000, 0x0000000094100000|100%| O|  |TAMS 0x0000000094000000| PB 0x0000000094000000| Untracked |  0
| 321|0x0000000094100000, 0x0000000094200000, 0x0000000094200000|100%| O|  |TAMS 0x0000000094100000| PB 0x0000000094100000| Untracked |  0
| 322|0x0000000094200000, 0x0000000094300000, 0x0000000094300000|100%| O|  |TAMS 0x0000000094200000| PB 0x0000000094200000| Untracked |  0
| 323|0x0000000094300000, 0x0000000094400000, 0x0000000094400000|100%| O|  |TAMS 0x0000000094300000| PB 0x0000000094300000| Untracked |  0
| 324|0x0000000094400000, 0x0000000094500000, 0x0000000094500000|100%| O|  |TAMS 0x0000000094400000| PB 0x0000000094400000| Untracked |  0
| 325|0x0000000094500000, 0x0000000094600000, 0x0000000094600000|100%| O|  |TAMS 0x0000000094500000| PB 0x0000000094500000| Untracked |  0
| 326|0x0000000094600000, 0x0000000094700000, 0x0000000094700000|100%| O|  |TAMS 0x0000000094600000| PB 0x0000000094600000| Untracked |  0
| 327|0x0000000094700000, 0x0000000094800000, 0x0000000094800000|100%| O|  |TAMS 0x0000000094700000| PB 0x0000000094700000| Untracked |  0
| 328|0x0000000094800000, 0x0000000094900000, 0x0000000094900000|100%| O|  |TAMS 0x0000000094800000| PB 0x0000000094800000| Untracked |  0
| 329|0x0000000094900000, 0x0000000094a00000, 0x0000000094a00000|100%| O|  |TAMS 0x0000000094900000| PB 0x0000000094900000| Untracked |  0
| 330|0x0000000094a00000, 0x0000000094b00000, 0x0000000094b00000|100%| O|  |TAMS 0x0000000094a00000| PB 0x0000000094a00000| Untracked |  0
| 331|0x0000000094b00000, 0x0000000094c00000, 0x0000000094c00000|100%| O|  |TAMS 0x0000000094b00000| PB 0x0000000094b00000| Untracked |  0
| 332|0x0000000094c00000, 0x0000000094d00000, 0x0000000094d00000|100%| O|  |TAMS 0x0000000094c00000| PB 0x0000000094c00000| Untracked |  0
| 333|0x0000000094d00000, 0x0000000094e00000, 0x0000000094e00000|100%| O|  |TAMS 0x0000000094d00000| PB 0x0000000094d00000| Untracked |  0
| 334|0x0000000094e00000, 0x0000000094f00000, 0x0000000094f00000|100%| O|  |TAMS 0x0000000094e00000| PB 0x0000000094e00000| Untracked |  0
| 335|0x0000000094f00000, 0x0000000094f00000, 0x0000000095000000|  0%| F|  |TAMS 0x0000000094f00000| PB 0x0000000094f00000| Untracked |  0
| 336|0x0000000095000000, 0x0000000095000000, 0x0000000095100000|  0%| F|  |TAMS 0x0000000095000000| PB 0x0000000095000000| Untracked |  0
| 337|0x0000000095100000, 0x0000000095200000, 0x0000000095200000|100%| O|  |TAMS 0x0000000095100000| PB 0x0000000095100000| Untracked |  0
| 338|0x0000000095200000, 0x0000000095300000, 0x0000000095300000|100%| O|  |TAMS 0x0000000095200000| PB 0x0000000095200000| Untracked |  0
| 339|0x0000000095300000, 0x0000000095400000, 0x0000000095400000|100%| O|  |TAMS 0x0000000095300000| PB 0x0000000095300000| Untracked |  0
| 340|0x0000000095400000, 0x0000000095500000, 0x0000000095500000|100%| O|  |TAMS 0x0000000095400000| PB 0x0000000095400000| Untracked |  0
| 341|0x0000000095500000, 0x0000000095600000, 0x0000000095600000|100%| O|  |TAMS 0x0000000095500000| PB 0x0000000095500000| Untracked |  0
| 342|0x0000000095600000, 0x0000000095700000, 0x0000000095700000|100%| O|  |TAMS 0x0000000095600000| PB 0x0000000095600000| Untracked |  0
| 343|0x0000000095700000, 0x0000000095800000, 0x0000000095800000|100%| O|  |TAMS 0x0000000095700000| PB 0x0000000095700000| Untracked |  0
| 344|0x0000000095800000, 0x0000000095900000, 0x0000000095900000|100%| O|  |TAMS 0x0000000095800000| PB 0x0000000095800000| Untracked |  0
| 345|0x0000000095900000, 0x0000000095a00000, 0x0000000095a00000|100%| O|  |TAMS 0x0000000095900000| PB 0x0000000095900000| Untracked |  0
| 346|0x0000000095a00000, 0x0000000095b00000, 0x0000000095b00000|100%| O|  |TAMS 0x0000000095a00000| PB 0x0000000095a00000| Untracked |  0
| 347|0x0000000095b00000, 0x0000000095c00000, 0x0000000095c00000|100%| O|  |TAMS 0x0000000095b00000| PB 0x0000000095b00000| Untracked |  0
| 348|0x0000000095c00000, 0x0000000095d00000, 0x0000000095d00000|100%| O|  |TAMS 0x0000000095c00000| PB 0x0000000095c00000| Untracked |  0
| 349|0x0000000095d00000, 0x0000000095e00000, 0x0000000095e00000|100%| O|  |TAMS 0x0000000095d00000| PB 0x0000000095d00000| Untracked |  0
| 350|0x0000000095e00000, 0x0000000095f00000, 0x0000000095f00000|100%| O|  |TAMS 0x0000000095e00000| PB 0x0000000095e00000| Untracked |  0
| 351|0x0000000095f00000, 0x0000000096000000, 0x0000000096000000|100%| O|  |TAMS 0x0000000095f00000| PB 0x0000000095f00000| Untracked |  0
| 352|0x0000000096000000, 0x0000000096100000, 0x0000000096100000|100%| O|  |TAMS 0x0000000096000000| PB 0x0000000096000000| Untracked |  0
| 353|0x0000000096100000, 0x0000000096100000, 0x0000000096200000|  0%| F|  |TAMS 0x0000000096100000| PB 0x0000000096100000| Untracked |  0
| 354|0x0000000096200000, 0x0000000096300000, 0x0000000096300000|100%| O|  |TAMS 0x0000000096200000| PB 0x0000000096200000| Untracked |  0
| 355|0x0000000096300000, 0x0000000096400000, 0x0000000096400000|100%| O|  |TAMS 0x0000000096300000| PB 0x0000000096300000| Untracked |  0
| 356|0x0000000096400000, 0x0000000096400000, 0x0000000096500000|  0%| F|  |TAMS 0x0000000096400000| PB 0x0000000096400000| Untracked |  0
| 357|0x0000000096500000, 0x0000000096600000, 0x0000000096600000|100%| O|  |TAMS 0x0000000096500000| PB 0x0000000096500000| Untracked |  0
| 358|0x0000000096600000, 0x0000000096700000, 0x0000000096700000|100%| O|  |TAMS 0x0000000096600000| PB 0x0000000096600000| Untracked |  0
| 359|0x0000000096700000, 0x0000000096800000, 0x0000000096800000|100%| O|  |TAMS 0x0000000096700000| PB 0x0000000096700000| Untracked |  0
| 360|0x0000000096800000, 0x0000000096900000, 0x0000000096900000|100%| O|  |TAMS 0x0000000096800000| PB 0x0000000096800000| Untracked |  0
| 361|0x0000000096900000, 0x0000000096a00000, 0x0000000096a00000|100%| O|  |TAMS 0x0000000096900000| PB 0x0000000096900000| Untracked |  0
| 362|0x0000000096a00000, 0x0000000096b00000, 0x0000000096b00000|100%| O|  |TAMS 0x0000000096a00000| PB 0x0000000096a00000| Untracked |  0
| 363|0x0000000096b00000, 0x0000000096c00000, 0x0000000096c00000|100%| O|  |TAMS 0x0000000096b00000| PB 0x0000000096b00000| Untracked |  0
| 364|0x0000000096c00000, 0x0000000096d00000, 0x0000000096d00000|100%| O|  |TAMS 0x0000000096c00000| PB 0x0000000096c00000| Untracked |  0
| 365|0x0000000096d00000, 0x0000000096e00000, 0x0000000096e00000|100%| O|  |TAMS 0x0000000096d00000| PB 0x0000000096d00000| Untracked |  0
| 366|0x0000000096e00000, 0x0000000096f00000, 0x0000000096f00000|100%| O|  |TAMS 0x0000000096e00000| PB 0x0000000096e00000| Untracked |  0
| 367|0x0000000096f00000, 0x0000000097000000, 0x0000000097000000|100%| O|  |TAMS 0x0000000096f00000| PB 0x0000000096f00000| Untracked |  0
| 368|0x0000000097000000, 0x0000000097100000, 0x0000000097100000|100%| O|  |TAMS 0x0000000097000000| PB 0x0000000097000000| Untracked |  0
| 369|0x0000000097100000, 0x0000000097200000, 0x0000000097200000|100%| O|  |TAMS 0x0000000097100000| PB 0x0000000097100000| Untracked |  0
| 370|0x0000000097200000, 0x0000000097300000, 0x0000000097300000|100%| O|  |TAMS 0x0000000097200000| PB 0x0000000097200000| Untracked |  0
| 371|0x0000000097300000, 0x0000000097400000, 0x0000000097400000|100%| O|  |TAMS 0x0000000097300000| PB 0x0000000097300000| Untracked |  0
| 372|0x0000000097400000, 0x0000000097500000, 0x0000000097500000|100%| O|  |TAMS 0x0000000097400000| PB 0x0000000097400000| Untracked |  0
| 373|0x0000000097500000, 0x0000000097600000, 0x0000000097600000|100%| O|  |TAMS 0x0000000097500000| PB 0x0000000097500000| Untracked |  0
| 374|0x0000000097600000, 0x0000000097700000, 0x0000000097700000|100%| O|  |TAMS 0x0000000097600000| PB 0x0000000097600000| Untracked |  0
| 375|0x0000000097700000, 0x0000000097800000, 0x0000000097800000|100%| O|  |TAMS 0x0000000097700000| PB 0x0000000097700000| Untracked |  0
| 376|0x0000000097800000, 0x0000000097900000, 0x0000000097900000|100%| O|  |TAMS 0x0000000097800000| PB 0x0000000097800000| Untracked |  0
| 377|0x0000000097900000, 0x0000000097a00000, 0x0000000097a00000|100%| O|  |TAMS 0x0000000097900000| PB 0x0000000097900000| Untracked |  0
| 378|0x0000000097a00000, 0x0000000097b00000, 0x0000000097b00000|100%| O|  |TAMS 0x0000000097a00000| PB 0x0000000097a00000| Untracked |  0
| 379|0x0000000097b00000, 0x0000000097c00000, 0x0000000097c00000|100%| O|  |TAMS 0x0000000097b00000| PB 0x0000000097b00000| Untracked |  0
| 380|0x0000000097c00000, 0x0000000097d00000, 0x0000000097d00000|100%| O|  |TAMS 0x0000000097c00000| PB 0x0000000097c00000| Untracked |  0
| 381|0x0000000097d00000, 0x0000000097e00000, 0x0000000097e00000|100%| O|  |TAMS 0x0000000097d00000| PB 0x0000000097d00000| Untracked |  0
| 382|0x0000000097e00000, 0x0000000097f00000, 0x0000000097f00000|100%| O|  |TAMS 0x0000000097e00000| PB 0x0000000097e00000| Untracked |  0
| 383|0x0000000097f00000, 0x0000000098000000, 0x0000000098000000|100%| O|  |TAMS 0x0000000097f00000| PB 0x0000000097f00000| Untracked |  0
| 384|0x0000000098000000, 0x0000000098100000, 0x0000000098100000|100%| O|  |TAMS 0x0000000098000000| PB 0x0000000098000000| Untracked |  0
| 385|0x0000000098100000, 0x0000000098200000, 0x0000000098200000|100%| O|  |TAMS 0x0000000098100000| PB 0x0000000098100000| Untracked |  0
| 386|0x0000000098200000, 0x0000000098300000, 0x0000000098300000|100%| O|  |TAMS 0x0000000098200000| PB 0x0000000098200000| Untracked |  0
| 387|0x0000000098300000, 0x0000000098400000, 0x0000000098400000|100%| O|  |TAMS 0x0000000098300000| PB 0x0000000098300000| Untracked |  0
| 388|0x0000000098400000, 0x0000000098500000, 0x0000000098500000|100%| O|  |TAMS 0x0000000098400000| PB 0x0000000098400000| Untracked |  0
| 389|0x0000000098500000, 0x0000000098600000, 0x0000000098600000|100%| O|  |TAMS 0x0000000098500000| PB 0x0000000098500000| Untracked |  0
| 390|0x0000000098600000, 0x0000000098700000, 0x0000000098700000|100%| O|  |TAMS 0x0000000098600000| PB 0x0000000098600000| Untracked |  0
| 391|0x0000000098700000, 0x0000000098800000, 0x0000000098800000|100%| O|  |TAMS 0x0000000098700000| PB 0x0000000098700000| Untracked |  0
| 392|0x0000000098800000, 0x0000000098900000, 0x0000000098900000|100%| O|  |TAMS 0x0000000098800000| PB 0x0000000098800000| Untracked |  0
| 393|0x0000000098900000, 0x0000000098a00000, 0x0000000098a00000|100%| O|  |TAMS 0x0000000098900000| PB 0x0000000098900000| Untracked |  0
| 394|0x0000000098a00000, 0x0000000098b00000, 0x0000000098b00000|100%| O|  |TAMS 0x0000000098a00000| PB 0x0000000098a00000| Untracked |  0
| 395|0x0000000098b00000, 0x0000000098c00000, 0x0000000098c00000|100%| O|  |TAMS 0x0000000098b00000| PB 0x0000000098b00000| Untracked |  0
| 396|0x0000000098c00000, 0x0000000098d00000, 0x0000000098d00000|100%| O|  |TAMS 0x0000000098c00000| PB 0x0000000098c00000| Untracked |  0
| 397|0x0000000098d00000, 0x0000000098e00000, 0x0000000098e00000|100%| O|  |TAMS 0x0000000098d00000| PB 0x0000000098d00000| Untracked |  0
| 398|0x0000000098e00000, 0x0000000098f00000, 0x0000000098f00000|100%| O|  |TAMS 0x0000000098e00000| PB 0x0000000098e00000| Untracked |  0
| 399|0x0000000098f00000, 0x0000000099000000, 0x0000000099000000|100%| O|  |TAMS 0x0000000098f00000| PB 0x0000000098f00000| Untracked |  0
| 400|0x0000000099000000, 0x0000000099100000, 0x0000000099100000|100%| O|  |TAMS 0x0000000099000000| PB 0x0000000099000000| Untracked |  0
| 401|0x0000000099100000, 0x0000000099200000, 0x0000000099200000|100%| O|  |TAMS 0x0000000099100000| PB 0x0000000099100000| Untracked |  0
| 402|0x0000000099200000, 0x0000000099300000, 0x0000000099300000|100%| O|  |TAMS 0x0000000099200000| PB 0x0000000099200000| Untracked |  0
| 403|0x0000000099300000, 0x0000000099400000, 0x0000000099400000|100%| O|  |TAMS 0x0000000099300000| PB 0x0000000099300000| Untracked |  0
| 404|0x0000000099400000, 0x0000000099500000, 0x0000000099500000|100%| O|  |TAMS 0x0000000099400000| PB 0x0000000099400000| Untracked |  0
| 405|0x0000000099500000, 0x0000000099600000, 0x0000000099600000|100%| O|  |TAMS 0x0000000099500000| PB 0x0000000099500000| Untracked |  0
| 406|0x0000000099600000, 0x0000000099700000, 0x0000000099700000|100%| O|  |TAMS 0x0000000099600000| PB 0x0000000099600000| Untracked |  0
| 407|0x0000000099700000, 0x0000000099800000, 0x0000000099800000|100%| O|  |TAMS 0x0000000099700000| PB 0x0000000099700000| Untracked |  0
| 408|0x0000000099800000, 0x0000000099900000, 0x0000000099900000|100%| O|  |TAMS 0x0000000099800000| PB 0x0000000099800000| Untracked |  0
| 409|0x0000000099900000, 0x0000000099900000, 0x0000000099a00000|  0%| F|  |TAMS 0x0000000099900000| PB 0x0000000099900000| Untracked |  0
| 410|0x0000000099a00000, 0x0000000099a00000, 0x0000000099b00000|  0%| F|  |TAMS 0x0000000099a00000| PB 0x0000000099a00000| Untracked |  0
| 411|0x0000000099b00000, 0x0000000099b00000, 0x0000000099c00000|  0%| F|  |TAMS 0x0000000099b00000| PB 0x0000000099b00000| Untracked |  0
| 412|0x0000000099c00000, 0x0000000099c00000, 0x0000000099d00000|  0%| F|  |TAMS 0x0000000099c00000| PB 0x0000000099c00000| Untracked |  0
| 413|0x0000000099d00000, 0x0000000099d00000, 0x0000000099e00000|  0%| F|  |TAMS 0x0000000099d00000| PB 0x0000000099d00000| Untracked |  0
| 414|0x0000000099e00000, 0x0000000099f00000, 0x0000000099f00000|100%| O|  |TAMS 0x0000000099e00000| PB 0x0000000099e00000| Untracked |  0
| 415|0x0000000099f00000, 0x000000009a000000, 0x000000009a000000|100%| O|  |TAMS 0x0000000099f00000| PB 0x0000000099f00000| Untracked |  0
| 416|0x000000009a000000, 0x000000009a100000, 0x000000009a100000|100%| O|  |TAMS 0x000000009a000000| PB 0x000000009a000000| Untracked |  0
| 417|0x000000009a100000, 0x000000009a200000, 0x000000009a200000|100%| O|  |TAMS 0x000000009a100000| PB 0x000000009a100000| Untracked |  0
| 418|0x000000009a200000, 0x000000009a300000, 0x000000009a300000|100%| O|  |TAMS 0x000000009a200000| PB 0x000000009a200000| Untracked |  0
| 419|0x000000009a300000, 0x000000009a400000, 0x000000009a400000|100%| O|  |TAMS 0x000000009a300000| PB 0x000000009a300000| Untracked |  0
| 420|0x000000009a400000, 0x000000009a500000, 0x000000009a500000|100%| O|  |TAMS 0x000000009a400000| PB 0x000000009a400000| Untracked |  0
| 421|0x000000009a500000, 0x000000009a600000, 0x000000009a600000|100%| O|  |TAMS 0x000000009a500000| PB 0x000000009a500000| Untracked |  0
| 422|0x000000009a600000, 0x000000009a700000, 0x000000009a700000|100%| O|  |TAMS 0x000000009a600000| PB 0x000000009a600000| Untracked |  0
| 423|0x000000009a700000, 0x000000009a800000, 0x000000009a800000|100%| O|  |TAMS 0x000000009a700000| PB 0x000000009a700000| Untracked |  0
| 424|0x000000009a800000, 0x000000009a900000, 0x000000009a900000|100%| O|  |TAMS 0x000000009a800000| PB 0x000000009a800000| Untracked |  0
| 425|0x000000009a900000, 0x000000009aa00000, 0x000000009aa00000|100%| O|Cm|TAMS 0x000000009a900000| PB 0x000000009a900000| Complete |  0
| 426|0x000000009aa00000, 0x000000009ab00000, 0x000000009ab00000|100%| O|Cm|TAMS 0x000000009aa00000| PB 0x000000009aa00000| Complete |  0
| 427|0x000000009ab00000, 0x000000009ac00000, 0x000000009ac00000|100%| O|Cm|TAMS 0x000000009ab00000| PB 0x000000009ab00000| Complete |  0
| 428|0x000000009ac00000, 0x000000009ad00000, 0x000000009ad00000|100%| O|Cm|TAMS 0x000000009ac00000| PB 0x000000009ac00000| Complete |  0
| 429|0x000000009ad00000, 0x000000009ae00000, 0x000000009ae00000|100%| O|Cm|TAMS 0x000000009ad00000| PB 0x000000009ad00000| Complete |  0
| 430|0x000000009ae00000, 0x000000009af00000, 0x000000009af00000|100%| O|Cm|TAMS 0x000000009ae00000| PB 0x000000009ae00000| Complete |  0
| 431|0x000000009af00000, 0x000000009af00000, 0x000000009b000000|  0%| F|  |TAMS 0x000000009af00000| PB 0x000000009af00000| Untracked |  0
| 432|0x000000009b000000, 0x000000009b000000, 0x000000009b100000|  0%| F|  |TAMS 0x000000009b000000| PB 0x000000009b000000| Untracked |  0
| 433|0x000000009b100000, 0x000000009b200000, 0x000000009b200000|100%| O|Cm|TAMS 0x000000009b100000| PB 0x000000009b100000| Complete |  0
| 434|0x000000009b200000, 0x000000009b300000, 0x000000009b300000|100%| O|  |TAMS 0x000000009b200000| PB 0x000000009b200000| Untracked |  0
| 435|0x000000009b300000, 0x000000009b300000, 0x000000009b400000|  0%| F|  |TAMS 0x000000009b300000| PB 0x000000009b300000| Untracked |  0
| 436|0x000000009b400000, 0x000000009b400000, 0x000000009b500000|  0%| F|  |TAMS 0x000000009b400000| PB 0x000000009b400000| Untracked |  0
| 437|0x000000009b500000, 0x000000009b500000, 0x000000009b600000|  0%| F|  |TAMS 0x000000009b500000| PB 0x000000009b500000| Untracked |  0
| 438|0x000000009b600000, 0x000000009b700000, 0x000000009b700000|100%| O|Cm|TAMS 0x000000009b600000| PB 0x000000009b600000| Complete |  0
| 439|0x000000009b700000, 0x000000009b700000, 0x000000009b800000|  0%| F|  |TAMS 0x000000009b700000| PB 0x000000009b700000| Untracked |  0
| 440|0x000000009b800000, 0x000000009b800000, 0x000000009b900000|  0%| F|  |TAMS 0x000000009b800000| PB 0x000000009b800000| Untracked |  0
| 441|0x000000009b900000, 0x000000009b900000, 0x000000009ba00000|  0%| F|  |TAMS 0x000000009b900000| PB 0x000000009b900000| Untracked |  0
| 442|0x000000009ba00000, 0x000000009ba00000, 0x000000009bb00000|  0%| F|  |TAMS 0x000000009ba00000| PB 0x000000009ba00000| Untracked |  0
| 443|0x000000009bb00000, 0x000000009bb00000, 0x000000009bc00000|  0%| F|  |TAMS 0x000000009bb00000| PB 0x000000009bb00000| Untracked |  0
| 444|0x000000009bc00000, 0x000000009bd00000, 0x000000009bd00000|100%| O|Cm|TAMS 0x000000009bc00000| PB 0x000000009bc00000| Complete |  0
| 445|0x000000009bd00000, 0x000000009be00000, 0x000000009be00000|100%| O|Cm|TAMS 0x000000009bd00000| PB 0x000000009bd00000| Complete |  0
| 446|0x000000009be00000, 0x000000009bf00000, 0x000000009bf00000|100%| O|  |TAMS 0x000000009be00000| PB 0x000000009be00000| Untracked |  0
| 447|0x000000009bf00000, 0x000000009c000000, 0x000000009c000000|100%| O|  |TAMS 0x000000009bf00000| PB 0x000000009bf00000| Untracked |  0
| 448|0x000000009c000000, 0x000000009c100000, 0x000000009c100000|100%| O|Cm|TAMS 0x000000009c000000| PB 0x000000009c000000| Complete |  0
| 449|0x000000009c100000, 0x000000009c200000, 0x000000009c200000|100%| O|Cm|TAMS 0x000000009c100000| PB 0x000000009c100000| Complete |  0
| 450|0x000000009c200000, 0x000000009c300000, 0x000000009c300000|100%| O|Cm|TAMS 0x000000009c200000| PB 0x000000009c200000| Complete |  0
| 451|0x000000009c300000, 0x000000009c380000, 0x000000009c400000| 50%| O|  |TAMS 0x000000009c300000| PB 0x000000009c300000| Untracked |  0
| 452|0x000000009c400000, 0x000000009c400000, 0x000000009c500000|  0%| F|  |TAMS 0x000000009c400000| PB 0x000000009c400000| Untracked |  0
| 453|0x000000009c500000, 0x000000009c500000, 0x000000009c600000|  0%| F|  |TAMS 0x000000009c500000| PB 0x000000009c500000| Untracked |  0
| 454|0x000000009c600000, 0x000000009c600000, 0x000000009c700000|  0%| F|  |TAMS 0x000000009c600000| PB 0x000000009c600000| Untracked |  0
| 455|0x000000009c700000, 0x000000009c700000, 0x000000009c800000|  0%| F|  |TAMS 0x000000009c700000| PB 0x000000009c700000| Untracked |  0
| 456|0x000000009c800000, 0x000000009c800000, 0x000000009c900000|  0%| F|  |TAMS 0x000000009c800000| PB 0x000000009c800000| Untracked |  0
| 457|0x000000009c900000, 0x000000009c900000, 0x000000009ca00000|  0%| F|  |TAMS 0x000000009c900000| PB 0x000000009c900000| Untracked |  0
| 458|0x000000009ca00000, 0x000000009ca00000, 0x000000009cb00000|  0%| F|  |TAMS 0x000000009ca00000| PB 0x000000009ca00000| Untracked |  0
| 459|0x000000009cb00000, 0x000000009cb00000, 0x000000009cc00000|  0%| F|  |TAMS 0x000000009cb00000| PB 0x000000009cb00000| Untracked |  0
| 460|0x000000009cc00000, 0x000000009cc00000, 0x000000009cd00000|  0%| F|  |TAMS 0x000000009cc00000| PB 0x000000009cc00000| Untracked |  0
| 461|0x000000009cd00000, 0x000000009cd00000, 0x000000009ce00000|  0%| F|  |TAMS 0x000000009cd00000| PB 0x000000009cd00000| Untracked |  0
| 462|0x000000009ce00000, 0x000000009ce00000, 0x000000009cf00000|  0%| F|  |TAMS 0x000000009ce00000| PB 0x000000009ce00000| Untracked |  0
| 463|0x000000009cf00000, 0x000000009cf00000, 0x000000009d000000|  0%| F|  |TAMS 0x000000009cf00000| PB 0x000000009cf00000| Untracked |  0
| 464|0x000000009d000000, 0x000000009d000000, 0x000000009d100000|  0%| F|  |TAMS 0x000000009d000000| PB 0x000000009d000000| Untracked |  0
| 465|0x000000009d100000, 0x000000009d100000, 0x000000009d200000|  0%| F|  |TAMS 0x000000009d100000| PB 0x000000009d100000| Untracked |  0
| 466|0x000000009d200000, 0x000000009d200000, 0x000000009d300000|  0%| F|  |TAMS 0x000000009d200000| PB 0x000000009d200000| Untracked |  0
| 467|0x000000009d300000, 0x000000009d300000, 0x000000009d400000|  0%| F|  |TAMS 0x000000009d300000| PB 0x000000009d300000| Untracked |  0
| 468|0x000000009d400000, 0x000000009d400000, 0x000000009d500000|  0%| F|  |TAMS 0x000000009d400000| PB 0x000000009d400000| Untracked |  0
| 469|0x000000009d500000, 0x000000009d500000, 0x000000009d600000|  0%| F|  |TAMS 0x000000009d500000| PB 0x000000009d500000| Untracked |  0
| 470|0x000000009d600000, 0x000000009d600000, 0x000000009d700000|  0%| F|  |TAMS 0x000000009d600000| PB 0x000000009d600000| Untracked |  0
| 471|0x000000009d700000, 0x000000009d700000, 0x000000009d800000|  0%| F|  |TAMS 0x000000009d700000| PB 0x000000009d700000| Untracked |  0
| 472|0x000000009d800000, 0x000000009d800000, 0x000000009d900000|  0%| F|  |TAMS 0x000000009d800000| PB 0x000000009d800000| Untracked |  0
| 473|0x000000009d900000, 0x000000009d900000, 0x000000009da00000|  0%| F|  |TAMS 0x000000009d900000| PB 0x000000009d900000| Untracked |  0
| 474|0x000000009da00000, 0x000000009da00000, 0x000000009db00000|  0%| F|  |TAMS 0x000000009da00000| PB 0x000000009da00000| Untracked |  0
| 475|0x000000009db00000, 0x000000009db00000, 0x000000009dc00000|  0%| F|  |TAMS 0x000000009db00000| PB 0x000000009db00000| Untracked |  0
| 476|0x000000009dc00000, 0x000000009dc00000, 0x000000009dd00000|  0%| F|  |TAMS 0x000000009dc00000| PB 0x000000009dc00000| Untracked |  0
| 477|0x000000009dd00000, 0x000000009dd00000, 0x000000009de00000|  0%| F|  |TAMS 0x000000009dd00000| PB 0x000000009dd00000| Untracked |  0
| 478|0x000000009de00000, 0x000000009de00000, 0x000000009df00000|  0%| F|  |TAMS 0x000000009de00000| PB 0x000000009de00000| Untracked |  0
| 479|0x000000009df00000, 0x000000009df00000, 0x000000009e000000|  0%| F|  |TAMS 0x000000009df00000| PB 0x000000009df00000| Untracked |  0
| 480|0x000000009e000000, 0x000000009e000000, 0x000000009e100000|  0%| F|  |TAMS 0x000000009e000000| PB 0x000000009e000000| Untracked |  0
| 481|0x000000009e100000, 0x000000009e100000, 0x000000009e200000|  0%| F|  |TAMS 0x000000009e100000| PB 0x000000009e100000| Untracked |  0
| 482|0x000000009e200000, 0x000000009e200000, 0x000000009e300000|  0%| F|  |TAMS 0x000000009e200000| PB 0x000000009e200000| Untracked |  0
| 483|0x000000009e300000, 0x000000009e300000, 0x000000009e400000|  0%| F|  |TAMS 0x000000009e300000| PB 0x000000009e300000| Untracked |  0
| 484|0x000000009e400000, 0x000000009e400000, 0x000000009e500000|  0%| F|  |TAMS 0x000000009e400000| PB 0x000000009e400000| Untracked |  0
| 485|0x000000009e500000, 0x000000009e500000, 0x000000009e600000|  0%| F|  |TAMS 0x000000009e500000| PB 0x000000009e500000| Untracked |  0
| 486|0x000000009e600000, 0x000000009e600000, 0x000000009e700000|  0%| F|  |TAMS 0x000000009e600000| PB 0x000000009e600000| Untracked |  0
| 487|0x000000009e700000, 0x000000009e700000, 0x000000009e800000|  0%| F|  |TAMS 0x000000009e700000| PB 0x000000009e700000| Untracked |  0
| 488|0x000000009e800000, 0x000000009e800000, 0x000000009e900000|  0%| F|  |TAMS 0x000000009e800000| PB 0x000000009e800000| Untracked |  0
| 489|0x000000009e900000, 0x000000009e900000, 0x000000009ea00000|  0%| F|  |TAMS 0x000000009e900000| PB 0x000000009e900000| Untracked |  0
| 490|0x000000009ea00000, 0x000000009ea00000, 0x000000009eb00000|  0%| F|  |TAMS 0x000000009ea00000| PB 0x000000009ea00000| Untracked |  0
| 491|0x000000009eb00000, 0x000000009eb00000, 0x000000009ec00000|  0%| F|  |TAMS 0x000000009eb00000| PB 0x000000009eb00000| Untracked |  0
| 492|0x000000009ec00000, 0x000000009ed00000, 0x000000009ed00000|100%| O|Cm|TAMS 0x000000009ec00000| PB 0x000000009ec00000| Complete |  0
| 493|0x000000009ed00000, 0x000000009ed00000, 0x000000009ee00000|  0%| F|  |TAMS 0x000000009ed00000| PB 0x000000009ed00000| Untracked |  0
| 494|0x000000009ee00000, 0x000000009ee00000, 0x000000009ef00000|  0%| F|  |TAMS 0x000000009ee00000| PB 0x000000009ee00000| Untracked |  0
| 495|0x000000009ef00000, 0x000000009ef00000, 0x000000009f000000|  0%| F|  |TAMS 0x000000009ef00000| PB 0x000000009ef00000| Untracked |  0
| 496|0x000000009f000000, 0x000000009f100000, 0x000000009f100000|100%| O|Cm|TAMS 0x000000009f000000| PB 0x000000009f000000| Complete |  0
| 497|0x000000009f100000, 0x000000009f100000, 0x000000009f200000|  0%| F|  |TAMS 0x000000009f100000| PB 0x000000009f100000| Untracked |  0
| 498|0x000000009f200000, 0x000000009f300000, 0x000000009f300000|100%| O|Cm|TAMS 0x000000009f200000| PB 0x000000009f200000| Complete |  0
| 499|0x000000009f300000, 0x000000009f300000, 0x000000009f400000|  0%| F|  |TAMS 0x000000009f300000| PB 0x000000009f300000| Untracked |  0
| 500|0x000000009f400000, 0x000000009f400000, 0x000000009f500000|  0%| F|  |TAMS 0x000000009f400000| PB 0x000000009f400000| Untracked |  0
| 501|0x000000009f500000, 0x000000009f500000, 0x000000009f600000|  0%| F|  |TAMS 0x000000009f500000| PB 0x000000009f500000| Untracked |  0
| 502|0x000000009f600000, 0x000000009f700000, 0x000000009f700000|100%| O|Cm|TAMS 0x000000009f600000| PB 0x000000009f600000| Complete |  0
| 503|0x000000009f700000, 0x000000009f700000, 0x000000009f800000|  0%| F|  |TAMS 0x000000009f700000| PB 0x000000009f700000| Untracked |  0
| 504|0x000000009f800000, 0x000000009f900000, 0x000000009f900000|100%| O|Cm|TAMS 0x000000009f800000| PB 0x000000009f800000| Complete |  0
| 505|0x000000009f900000, 0x000000009fa00000, 0x000000009fa00000|100%| O|Cm|TAMS 0x000000009f900000| PB 0x000000009f900000| Complete |  0
| 506|0x000000009fa00000, 0x000000009fb00000, 0x000000009fb00000|100%| O|Cm|TAMS 0x000000009fa00000| PB 0x000000009fa00000| Complete |  0
| 507|0x000000009fb00000, 0x000000009fc00000, 0x000000009fc00000|100%| O|Cm|TAMS 0x000000009fb00000| PB 0x000000009fb00000| Complete |  0
| 508|0x000000009fc00000, 0x000000009fd00000, 0x000000009fd00000|100%| O|  |TAMS 0x000000009fc00000| PB 0x000000009fc00000| Untracked |  0
| 509|0x000000009fd00000, 0x000000009fd00000, 0x000000009fe00000|  0%| F|  |TAMS 0x000000009fd00000| PB 0x000000009fd00000| Untracked |  0
| 510|0x000000009fe00000, 0x000000009fe00000, 0x000000009ff00000|  0%| F|  |TAMS 0x000000009fe00000| PB 0x000000009fe00000| Untracked |  0
| 511|0x000000009ff00000, 0x000000009ff00000, 0x00000000a0000000|  0%| F|  |TAMS 0x000000009ff00000| PB 0x000000009ff00000| Untracked |  0
| 512|0x00000000a0000000, 0x00000000a0000000, 0x00000000a0100000|  0%| F|  |TAMS 0x00000000a0000000| PB 0x00000000a0000000| Untracked |  0
| 513|0x00000000a0100000, 0x00000000a0100000, 0x00000000a0200000|  0%| F|  |TAMS 0x00000000a0100000| PB 0x00000000a0100000| Untracked |  0
| 514|0x00000000a0200000, 0x00000000a0200000, 0x00000000a0300000|  0%| F|  |TAMS 0x00000000a0200000| PB 0x00000000a0200000| Untracked |  0
| 515|0x00000000a0300000, 0x00000000a0300000, 0x00000000a0400000|  0%| F|  |TAMS 0x00000000a0300000| PB 0x00000000a0300000| Untracked |  0
| 516|0x00000000a0400000, 0x00000000a0400000, 0x00000000a0500000|  0%| F|  |TAMS 0x00000000a0400000| PB 0x00000000a0400000| Untracked |  0
| 517|0x00000000a0500000, 0x00000000a0500000, 0x00000000a0600000|  0%| F|  |TAMS 0x00000000a0500000| PB 0x00000000a0500000| Untracked |  0
| 518|0x00000000a0600000, 0x00000000a0600000, 0x00000000a0700000|  0%| F|  |TAMS 0x00000000a0600000| PB 0x00000000a0600000| Untracked |  0
| 519|0x00000000a0700000, 0x00000000a0700000, 0x00000000a0800000|  0%| F|  |TAMS 0x00000000a0700000| PB 0x00000000a0700000| Untracked |  0
| 520|0x00000000a0800000, 0x00000000a0800000, 0x00000000a0900000|  0%| F|  |TAMS 0x00000000a0800000| PB 0x00000000a0800000| Untracked |  0
| 521|0x00000000a0900000, 0x00000000a0900000, 0x00000000a0a00000|  0%| F|  |TAMS 0x00000000a0900000| PB 0x00000000a0900000| Untracked |  0
| 522|0x00000000a0a00000, 0x00000000a0a00000, 0x00000000a0b00000|  0%| F|  |TAMS 0x00000000a0a00000| PB 0x00000000a0a00000| Untracked |  0
| 523|0x00000000a0b00000, 0x00000000a0b00000, 0x00000000a0c00000|  0%| F|  |TAMS 0x00000000a0b00000| PB 0x00000000a0b00000| Untracked |  0
| 524|0x00000000a0c00000, 0x00000000a0c00000, 0x00000000a0d00000|  0%| F|  |TAMS 0x00000000a0c00000| PB 0x00000000a0c00000| Untracked |  0
| 525|0x00000000a0d00000, 0x00000000a0d00000, 0x00000000a0e00000|  0%| F|  |TAMS 0x00000000a0d00000| PB 0x00000000a0d00000| Untracked |  0
| 526|0x00000000a0e00000, 0x00000000a0e00000, 0x00000000a0f00000|  0%| F|  |TAMS 0x00000000a0e00000| PB 0x00000000a0e00000| Untracked |  0
| 527|0x00000000a0f00000, 0x00000000a0f00000, 0x00000000a1000000|  0%| F|  |TAMS 0x00000000a0f00000| PB 0x00000000a0f00000| Untracked |  0
| 528|0x00000000a1000000, 0x00000000a1000000, 0x00000000a1100000|  0%| F|  |TAMS 0x00000000a1000000| PB 0x00000000a1000000| Untracked |  0
| 529|0x00000000a1100000, 0x00000000a1100000, 0x00000000a1200000|  0%| F|  |TAMS 0x00000000a1100000| PB 0x00000000a1100000| Untracked |  0
| 530|0x00000000a1200000, 0x00000000a1200000, 0x00000000a1300000|  0%| F|  |TAMS 0x00000000a1200000| PB 0x00000000a1200000| Untracked |  0
| 531|0x00000000a1300000, 0x00000000a1300000, 0x00000000a1400000|  0%| F|  |TAMS 0x00000000a1300000| PB 0x00000000a1300000| Untracked |  0
| 532|0x00000000a1400000, 0x00000000a1400000, 0x00000000a1500000|  0%| F|  |TAMS 0x00000000a1400000| PB 0x00000000a1400000| Untracked |  0
| 533|0x00000000a1500000, 0x00000000a1500000, 0x00000000a1600000|  0%| F|  |TAMS 0x00000000a1500000| PB 0x00000000a1500000| Untracked |  0
| 534|0x00000000a1600000, 0x00000000a1600000, 0x00000000a1700000|  0%| F|  |TAMS 0x00000000a1600000| PB 0x00000000a1600000| Untracked |  0
| 535|0x00000000a1700000, 0x00000000a1700000, 0x00000000a1800000|  0%| F|  |TAMS 0x00000000a1700000| PB 0x00000000a1700000| Untracked |  0
| 536|0x00000000a1800000, 0x00000000a1800000, 0x00000000a1900000|  0%| F|  |TAMS 0x00000000a1800000| PB 0x00000000a1800000| Untracked |  0
| 537|0x00000000a1900000, 0x00000000a1900000, 0x00000000a1a00000|  0%| F|  |TAMS 0x00000000a1900000| PB 0x00000000a1900000| Untracked |  0
| 538|0x00000000a1a00000, 0x00000000a1a00000, 0x00000000a1b00000|  0%| F|  |TAMS 0x00000000a1a00000| PB 0x00000000a1a00000| Untracked |  0
| 539|0x00000000a1b00000, 0x00000000a1b00000, 0x00000000a1c00000|  0%| F|  |TAMS 0x00000000a1b00000| PB 0x00000000a1b00000| Untracked |  0
| 540|0x00000000a1c00000, 0x00000000a1c00000, 0x00000000a1d00000|  0%| F|  |TAMS 0x00000000a1c00000| PB 0x00000000a1c00000| Untracked |  0
| 541|0x00000000a1d00000, 0x00000000a1d00000, 0x00000000a1e00000|  0%| F|  |TAMS 0x00000000a1d00000| PB 0x00000000a1d00000| Untracked |  0
| 542|0x00000000a1e00000, 0x00000000a1e00000, 0x00000000a1f00000|  0%| F|  |TAMS 0x00000000a1e00000| PB 0x00000000a1e00000| Untracked |  0
| 543|0x00000000a1f00000, 0x00000000a1f00000, 0x00000000a2000000|  0%| F|  |TAMS 0x00000000a1f00000| PB 0x00000000a1f00000| Untracked |  0
| 544|0x00000000a2000000, 0x00000000a2000000, 0x00000000a2100000|  0%| F|  |TAMS 0x00000000a2000000| PB 0x00000000a2000000| Untracked |  0
| 545|0x00000000a2100000, 0x00000000a2100000, 0x00000000a2200000|  0%| F|  |TAMS 0x00000000a2100000| PB 0x00000000a2100000| Untracked |  0
| 546|0x00000000a2200000, 0x00000000a2200000, 0x00000000a2300000|  0%| F|  |TAMS 0x00000000a2200000| PB 0x00000000a2200000| Untracked |  0
| 547|0x00000000a2300000, 0x00000000a2300000, 0x00000000a2400000|  0%| F|  |TAMS 0x00000000a2300000| PB 0x00000000a2300000| Untracked |  0
| 548|0x00000000a2400000, 0x00000000a24673a0, 0x00000000a2500000| 40%| S|CS|TAMS 0x00000000a2400000| PB 0x00000000a2400000| Complete |  0
| 549|0x00000000a2500000, 0x00000000a2600000, 0x00000000a2600000|100%| S|CS|TAMS 0x00000000a2500000| PB 0x00000000a2500000| Complete |  0
| 550|0x00000000a2600000, 0x00000000a2600000, 0x00000000a2700000|  0%| F|  |TAMS 0x00000000a2600000| PB 0x00000000a2600000| Untracked |  0
| 551|0x00000000a2700000, 0x00000000a2700000, 0x00000000a2800000|  0%| F|  |TAMS 0x00000000a2700000| PB 0x00000000a2700000| Untracked |  0
| 552|0x00000000a2800000, 0x00000000a2800000, 0x00000000a2900000|  0%| F|  |TAMS 0x00000000a2800000| PB 0x00000000a2800000| Untracked |  0
| 553|0x00000000a2900000, 0x00000000a2900000, 0x00000000a2a00000|  0%| F|  |TAMS 0x00000000a2900000| PB 0x00000000a2900000| Untracked |  0
| 554|0x00000000a2a00000, 0x00000000a2a00000, 0x00000000a2b00000|  0%| F|  |TAMS 0x00000000a2a00000| PB 0x00000000a2a00000| Untracked |  0
| 555|0x00000000a2b00000, 0x00000000a2b00000, 0x00000000a2c00000|  0%| F|  |TAMS 0x00000000a2b00000| PB 0x00000000a2b00000| Untracked |  0
| 556|0x00000000a2c00000, 0x00000000a2c00000, 0x00000000a2d00000|  0%| F|  |TAMS 0x00000000a2c00000| PB 0x00000000a2c00000| Untracked |  0
| 557|0x00000000a2d00000, 0x00000000a2d00000, 0x00000000a2e00000|  0%| F|  |TAMS 0x00000000a2d00000| PB 0x00000000a2d00000| Untracked |  0
| 558|0x00000000a2e00000, 0x00000000a2e00000, 0x00000000a2f00000|  0%| F|  |TAMS 0x00000000a2e00000| PB 0x00000000a2e00000| Untracked |  0
| 559|0x00000000a2f00000, 0x00000000a2f00000, 0x00000000a3000000|  0%| F|  |TAMS 0x00000000a2f00000| PB 0x00000000a2f00000| Untracked |  0
| 560|0x00000000a3000000, 0x00000000a3000000, 0x00000000a3100000|  0%| F|  |TAMS 0x00000000a3000000| PB 0x00000000a3000000| Untracked |  0
| 561|0x00000000a3100000, 0x00000000a3200000, 0x00000000a3200000|100%| S|CS|TAMS 0x00000000a3100000| PB 0x00000000a3100000| Complete |  0
| 562|0x00000000a3200000, 0x00000000a3300000, 0x00000000a3300000|100%| S|CS|TAMS 0x00000000a3200000| PB 0x00000000a3200000| Complete |  0
| 563|0x00000000a3300000, 0x00000000a3400000, 0x00000000a3400000|100%| S|CS|TAMS 0x00000000a3300000| PB 0x00000000a3300000| Complete |  0
| 564|0x00000000a3400000, 0x00000000a3500000, 0x00000000a3500000|100%| S|CS|TAMS 0x00000000a3400000| PB 0x00000000a3400000| Complete |  0
| 565|0x00000000a3500000, 0x00000000a3600000, 0x00000000a3600000|100%| S|CS|TAMS 0x00000000a3500000| PB 0x00000000a3500000| Complete |  0
| 566|0x00000000a3600000, 0x00000000a3700000, 0x00000000a3700000|100%| S|CS|TAMS 0x00000000a3600000| PB 0x00000000a3600000| Complete |  0
| 567|0x00000000a3700000, 0x00000000a3800000, 0x00000000a3800000|100%| S|CS|TAMS 0x00000000a3700000| PB 0x00000000a3700000| Complete |  0
| 568|0x00000000a3800000, 0x00000000a3900000, 0x00000000a3900000|100%| S|CS|TAMS 0x00000000a3800000| PB 0x00000000a3800000| Complete |  0
| 569|0x00000000a3900000, 0x00000000a3a00000, 0x00000000a3a00000|100%| S|CS|TAMS 0x00000000a3900000| PB 0x00000000a3900000| Complete |  0
| 570|0x00000000a3a00000, 0x00000000a3b00000, 0x00000000a3b00000|100%| S|CS|TAMS 0x00000000a3a00000| PB 0x00000000a3a00000| Complete |  0
| 571|0x00000000a3b00000, 0x00000000a3b00000, 0x00000000a3c00000|  0%| F|  |TAMS 0x00000000a3b00000| PB 0x00000000a3b00000| Untracked |  0
| 572|0x00000000a3c00000, 0x00000000a3c00000, 0x00000000a3d00000|  0%| F|  |TAMS 0x00000000a3c00000| PB 0x00000000a3c00000| Untracked |  0
| 573|0x00000000a3d00000, 0x00000000a3d00000, 0x00000000a3e00000|  0%| F|  |TAMS 0x00000000a3d00000| PB 0x00000000a3d00000| Untracked |  0
| 574|0x00000000a3e00000, 0x00000000a3e00000, 0x00000000a3f00000|  0%| F|  |TAMS 0x00000000a3e00000| PB 0x00000000a3e00000| Untracked |  0
| 575|0x00000000a3f00000, 0x00000000a3f00000, 0x00000000a4000000|  0%| F|  |TAMS 0x00000000a3f00000| PB 0x00000000a3f00000| Untracked |  0
| 576|0x00000000a4000000, 0x00000000a4000000, 0x00000000a4100000|  0%| F|  |TAMS 0x00000000a4000000| PB 0x00000000a4000000| Untracked |  0
| 577|0x00000000a4100000, 0x00000000a4100000, 0x00000000a4200000|  0%| F|  |TAMS 0x00000000a4100000| PB 0x00000000a4100000| Untracked |  0
| 578|0x00000000a4200000, 0x00000000a4200000, 0x00000000a4300000|  0%| F|  |TAMS 0x00000000a4200000| PB 0x00000000a4200000| Untracked |  0
| 579|0x00000000a4300000, 0x00000000a4300000, 0x00000000a4400000|  0%| F|  |TAMS 0x00000000a4300000| PB 0x00000000a4300000| Untracked |  0
| 580|0x00000000a4400000, 0x00000000a4400000, 0x00000000a4500000|  0%| F|  |TAMS 0x00000000a4400000| PB 0x00000000a4400000| Untracked |  0
| 581|0x00000000a4500000, 0x00000000a4500000, 0x00000000a4600000|  0%| F|  |TAMS 0x00000000a4500000| PB 0x00000000a4500000| Untracked |  0
| 582|0x00000000a4600000, 0x00000000a4600000, 0x00000000a4700000|  0%| F|  |TAMS 0x00000000a4600000| PB 0x00000000a4600000| Untracked |  0
| 583|0x00000000a4700000, 0x00000000a4700000, 0x00000000a4800000|  0%| F|  |TAMS 0x00000000a4700000| PB 0x00000000a4700000| Untracked |  0
| 584|0x00000000a4800000, 0x00000000a4800000, 0x00000000a4900000|  0%| F|  |TAMS 0x00000000a4800000| PB 0x00000000a4800000| Untracked |  0
| 585|0x00000000a4900000, 0x00000000a4900000, 0x00000000a4a00000|  0%| F|  |TAMS 0x00000000a4900000| PB 0x00000000a4900000| Untracked |  0
| 586|0x00000000a4a00000, 0x00000000a4a00000, 0x00000000a4b00000|  0%| F|  |TAMS 0x00000000a4a00000| PB 0x00000000a4a00000| Untracked |  0
| 587|0x00000000a4b00000, 0x00000000a4b00000, 0x00000000a4c00000|  0%| F|  |TAMS 0x00000000a4b00000| PB 0x00000000a4b00000| Untracked |  0
| 588|0x00000000a4c00000, 0x00000000a4c00000, 0x00000000a4d00000|  0%| F|  |TAMS 0x00000000a4c00000| PB 0x00000000a4c00000| Untracked |  0
| 589|0x00000000a4d00000, 0x00000000a4d00000, 0x00000000a4e00000|  0%| F|  |TAMS 0x00000000a4d00000| PB 0x00000000a4d00000| Untracked |  0
| 590|0x00000000a4e00000, 0x00000000a4e00000, 0x00000000a4f00000|  0%| F|  |TAMS 0x00000000a4e00000| PB 0x00000000a4e00000| Untracked |  0
| 591|0x00000000a4f00000, 0x00000000a4f00000, 0x00000000a5000000|  0%| F|  |TAMS 0x00000000a4f00000| PB 0x00000000a4f00000| Untracked |  0
| 592|0x00000000a5000000, 0x00000000a5000000, 0x00000000a5100000|  0%| F|  |TAMS 0x00000000a5000000| PB 0x00000000a5000000| Untracked |  0
| 593|0x00000000a5100000, 0x00000000a5100000, 0x00000000a5200000|  0%| F|  |TAMS 0x00000000a5100000| PB 0x00000000a5100000| Untracked |  0
| 594|0x00000000a5200000, 0x00000000a5200000, 0x00000000a5300000|  0%| F|  |TAMS 0x00000000a5200000| PB 0x00000000a5200000| Untracked |  0
| 595|0x00000000a5300000, 0x00000000a5300000, 0x00000000a5400000|  0%| F|  |TAMS 0x00000000a5300000| PB 0x00000000a5300000| Untracked |  0
| 596|0x00000000a5400000, 0x00000000a5400000, 0x00000000a5500000|  0%| F|  |TAMS 0x00000000a5400000| PB 0x00000000a5400000| Untracked |  0
| 597|0x00000000a5500000, 0x00000000a5500000, 0x00000000a5600000|  0%| F|  |TAMS 0x00000000a5500000| PB 0x00000000a5500000| Untracked |  0
| 598|0x00000000a5600000, 0x00000000a5600000, 0x00000000a5700000|  0%| F|  |TAMS 0x00000000a5600000| PB 0x00000000a5600000| Untracked |  0
| 599|0x00000000a5700000, 0x00000000a5700000, 0x00000000a5800000|  0%| F|  |TAMS 0x00000000a5700000| PB 0x00000000a5700000| Untracked |  0
| 600|0x00000000a5800000, 0x00000000a5800000, 0x00000000a5900000|  0%| F|  |TAMS 0x00000000a5800000| PB 0x00000000a5800000| Untracked |  0
| 601|0x00000000a5900000, 0x00000000a5900000, 0x00000000a5a00000|  0%| F|  |TAMS 0x00000000a5900000| PB 0x00000000a5900000| Untracked |  0
| 602|0x00000000a5a00000, 0x00000000a5a00000, 0x00000000a5b00000|  0%| F|  |TAMS 0x00000000a5a00000| PB 0x00000000a5a00000| Untracked |  0
| 603|0x00000000a5b00000, 0x00000000a5b00000, 0x00000000a5c00000|  0%| F|  |TAMS 0x00000000a5b00000| PB 0x00000000a5b00000| Untracked |  0
| 604|0x00000000a5c00000, 0x00000000a5c00000, 0x00000000a5d00000|  0%| F|  |TAMS 0x00000000a5c00000| PB 0x00000000a5c00000| Untracked |  0
| 605|0x00000000a5d00000, 0x00000000a5d00000, 0x00000000a5e00000|  0%| F|  |TAMS 0x00000000a5d00000| PB 0x00000000a5d00000| Untracked |  0
| 606|0x00000000a5e00000, 0x00000000a5e00000, 0x00000000a5f00000|  0%| F|  |TAMS 0x00000000a5e00000| PB 0x00000000a5e00000| Untracked |  0
| 607|0x00000000a5f00000, 0x00000000a5f00000, 0x00000000a6000000|  0%| F|  |TAMS 0x00000000a5f00000| PB 0x00000000a5f00000| Untracked |  0
| 608|0x00000000a6000000, 0x00000000a6000000, 0x00000000a6100000|  0%| F|  |TAMS 0x00000000a6000000| PB 0x00000000a6000000| Untracked |  0
| 609|0x00000000a6100000, 0x00000000a6100000, 0x00000000a6200000|  0%| F|  |TAMS 0x00000000a6100000| PB 0x00000000a6100000| Untracked |  0
| 610|0x00000000a6200000, 0x00000000a6200000, 0x00000000a6300000|  0%| F|  |TAMS 0x00000000a6200000| PB 0x00000000a6200000| Untracked |  0
| 611|0x00000000a6300000, 0x00000000a6300000, 0x00000000a6400000|  0%| F|  |TAMS 0x00000000a6300000| PB 0x00000000a6300000| Untracked |  0
| 612|0x00000000a6400000, 0x00000000a6400000, 0x00000000a6500000|  0%| F|  |TAMS 0x00000000a6400000| PB 0x00000000a6400000| Untracked |  0
| 613|0x00000000a6500000, 0x00000000a6500000, 0x00000000a6600000|  0%| F|  |TAMS 0x00000000a6500000| PB 0x00000000a6500000| Untracked |  0
| 614|0x00000000a6600000, 0x00000000a6600000, 0x00000000a6700000|  0%| F|  |TAMS 0x00000000a6600000| PB 0x00000000a6600000| Untracked |  0
| 615|0x00000000a6700000, 0x00000000a6700000, 0x00000000a6800000|  0%| F|  |TAMS 0x00000000a6700000| PB 0x00000000a6700000| Untracked |  0
| 616|0x00000000a6800000, 0x00000000a6800000, 0x00000000a6900000|  0%| F|  |TAMS 0x00000000a6800000| PB 0x00000000a6800000| Untracked |  0
| 617|0x00000000a6900000, 0x00000000a6900000, 0x00000000a6a00000|  0%| F|  |TAMS 0x00000000a6900000| PB 0x00000000a6900000| Untracked |  0
| 618|0x00000000a6a00000, 0x00000000a6a00000, 0x00000000a6b00000|  0%| F|  |TAMS 0x00000000a6a00000| PB 0x00000000a6a00000| Untracked |  0
| 619|0x00000000a6b00000, 0x00000000a6b00000, 0x00000000a6c00000|  0%| F|  |TAMS 0x00000000a6b00000| PB 0x00000000a6b00000| Untracked |  0
| 620|0x00000000a6c00000, 0x00000000a6c00000, 0x00000000a6d00000|  0%| F|  |TAMS 0x00000000a6c00000| PB 0x00000000a6c00000| Untracked |  0
| 621|0x00000000a6d00000, 0x00000000a6d00000, 0x00000000a6e00000|  0%| F|  |TAMS 0x00000000a6d00000| PB 0x00000000a6d00000| Untracked |  0
| 622|0x00000000a6e00000, 0x00000000a6e00000, 0x00000000a6f00000|  0%| F|  |TAMS 0x00000000a6e00000| PB 0x00000000a6e00000| Untracked |  0
| 623|0x00000000a6f00000, 0x00000000a6f00000, 0x00000000a7000000|  0%| F|  |TAMS 0x00000000a6f00000| PB 0x00000000a6f00000| Untracked |  0
| 624|0x00000000a7000000, 0x00000000a7000000, 0x00000000a7100000|  0%| F|  |TAMS 0x00000000a7000000| PB 0x00000000a7000000| Untracked |  0
| 625|0x00000000a7100000, 0x00000000a7100000, 0x00000000a7200000|  0%| F|  |TAMS 0x00000000a7100000| PB 0x00000000a7100000| Untracked |  0
| 626|0x00000000a7200000, 0x00000000a7200000, 0x00000000a7300000|  0%| F|  |TAMS 0x00000000a7200000| PB 0x00000000a7200000| Untracked |  0
| 627|0x00000000a7300000, 0x00000000a7300000, 0x00000000a7400000|  0%| F|  |TAMS 0x00000000a7300000| PB 0x00000000a7300000| Untracked |  0
| 628|0x00000000a7400000, 0x00000000a7400000, 0x00000000a7500000|  0%| F|  |TAMS 0x00000000a7400000| PB 0x00000000a7400000| Untracked |  0
| 629|0x00000000a7500000, 0x00000000a7500000, 0x00000000a7600000|  0%| F|  |TAMS 0x00000000a7500000| PB 0x00000000a7500000| Untracked |  0
| 630|0x00000000a7600000, 0x00000000a7600000, 0x00000000a7700000|  0%| F|  |TAMS 0x00000000a7600000| PB 0x00000000a7600000| Untracked |  0
| 631|0x00000000a7700000, 0x00000000a7700000, 0x00000000a7800000|  0%| F|  |TAMS 0x00000000a7700000| PB 0x00000000a7700000| Untracked |  0
| 632|0x00000000a7800000, 0x00000000a7800000, 0x00000000a7900000|  0%| F|  |TAMS 0x00000000a7800000| PB 0x00000000a7800000| Untracked |  0
| 633|0x00000000a7900000, 0x00000000a7900000, 0x00000000a7a00000|  0%| F|  |TAMS 0x00000000a7900000| PB 0x00000000a7900000| Untracked |  0
| 634|0x00000000a7a00000, 0x00000000a7a00000, 0x00000000a7b00000|  0%| F|  |TAMS 0x00000000a7a00000| PB 0x00000000a7a00000| Untracked |  0
| 635|0x00000000a7b00000, 0x00000000a7b00000, 0x00000000a7c00000|  0%| F|  |TAMS 0x00000000a7b00000| PB 0x00000000a7b00000| Untracked |  0
| 636|0x00000000a7c00000, 0x00000000a7c00000, 0x00000000a7d00000|  0%| F|  |TAMS 0x00000000a7c00000| PB 0x00000000a7c00000| Untracked |  0
| 637|0x00000000a7d00000, 0x00000000a7d00000, 0x00000000a7e00000|  0%| F|  |TAMS 0x00000000a7d00000| PB 0x00000000a7d00000| Untracked |  0
| 638|0x00000000a7e00000, 0x00000000a7e00000, 0x00000000a7f00000|  0%| F|  |TAMS 0x00000000a7e00000| PB 0x00000000a7e00000| Untracked |  0
| 639|0x00000000a7f00000, 0x00000000a7f00000, 0x00000000a8000000|  0%| F|  |TAMS 0x00000000a7f00000| PB 0x00000000a7f00000| Untracked |  0
| 640|0x00000000a8000000, 0x00000000a8000000, 0x00000000a8100000|  0%| F|  |TAMS 0x00000000a8000000| PB 0x00000000a8000000| Untracked |  0
| 641|0x00000000a8100000, 0x00000000a8100000, 0x00000000a8200000|  0%| F|  |TAMS 0x00000000a8100000| PB 0x00000000a8100000| Untracked |  0
| 642|0x00000000a8200000, 0x00000000a8200000, 0x00000000a8300000|  0%| F|  |TAMS 0x00000000a8200000| PB 0x00000000a8200000| Untracked |  0
| 643|0x00000000a8300000, 0x00000000a8300000, 0x00000000a8400000|  0%| F|  |TAMS 0x00000000a8300000| PB 0x00000000a8300000| Untracked |  0
| 644|0x00000000a8400000, 0x00000000a8400000, 0x00000000a8500000|  0%| F|  |TAMS 0x00000000a8400000| PB 0x00000000a8400000| Untracked |  0
| 645|0x00000000a8500000, 0x00000000a8500000, 0x00000000a8600000|  0%| F|  |TAMS 0x00000000a8500000| PB 0x00000000a8500000| Untracked |  0
| 646|0x00000000a8600000, 0x00000000a8600000, 0x00000000a8700000|  0%| F|  |TAMS 0x00000000a8600000| PB 0x00000000a8600000| Untracked |  0
| 647|0x00000000a8700000, 0x00000000a874dec0, 0x00000000a8800000| 30%| E|  |TAMS 0x00000000a8700000| PB 0x00000000a8700000| Complete |  0
| 648|0x00000000a8800000, 0x00000000a8900000, 0x00000000a8900000|100%| E|CS|TAMS 0x00000000a8800000| PB 0x00000000a8800000| Complete |  0
| 649|0x00000000a8900000, 0x00000000a8a00000, 0x00000000a8a00000|100%| E|CS|TAMS 0x00000000a8900000| PB 0x00000000a8900000| Complete |  0
| 650|0x00000000a8a00000, 0x00000000a8b00000, 0x00000000a8b00000|100%| E|CS|TAMS 0x00000000a8a00000| PB 0x00000000a8a00000| Complete |  0
| 651|0x00000000a8b00000, 0x00000000a8c00000, 0x00000000a8c00000|100%| E|CS|TAMS 0x00000000a8b00000| PB 0x00000000a8b00000| Complete |  0
| 652|0x00000000a8c00000, 0x00000000a8d00000, 0x00000000a8d00000|100%| E|CS|TAMS 0x00000000a8c00000| PB 0x00000000a8c00000| Complete |  0
| 653|0x00000000a8d00000, 0x00000000a8e00000, 0x00000000a8e00000|100%| E|CS|TAMS 0x00000000a8d00000| PB 0x00000000a8d00000| Complete |  0
| 654|0x00000000a8e00000, 0x00000000a8f00000, 0x00000000a8f00000|100%| E|CS|TAMS 0x00000000a8e00000| PB 0x00000000a8e00000| Complete |  0
| 655|0x00000000a8f00000, 0x00000000a9000000, 0x00000000a9000000|100%| E|CS|TAMS 0x00000000a8f00000| PB 0x00000000a8f00000| Complete |  0
| 656|0x00000000a9000000, 0x00000000a9100000, 0x00000000a9100000|100%| E|CS|TAMS 0x00000000a9000000| PB 0x00000000a9000000| Complete |  0
| 657|0x00000000a9100000, 0x00000000a9200000, 0x00000000a9200000|100%| E|CS|TAMS 0x00000000a9100000| PB 0x00000000a9100000| Complete |  0
| 658|0x00000000a9200000, 0x00000000a9300000, 0x00000000a9300000|100%| E|CS|TAMS 0x00000000a9200000| PB 0x00000000a9200000| Complete |  0
| 659|0x00000000a9300000, 0x00000000a9400000, 0x00000000a9400000|100%| E|CS|TAMS 0x00000000a9300000| PB 0x00000000a9300000| Complete |  0
| 660|0x00000000a9400000, 0x00000000a9500000, 0x00000000a9500000|100%| E|CS|TAMS 0x00000000a9400000| PB 0x00000000a9400000| Complete |  0
| 661|0x00000000a9500000, 0x00000000a9600000, 0x00000000a9600000|100%| E|CS|TAMS 0x00000000a9500000| PB 0x00000000a9500000| Complete |  0
| 662|0x00000000a9600000, 0x00000000a9700000, 0x00000000a9700000|100%| E|CS|TAMS 0x00000000a9600000| PB 0x00000000a9600000| Complete |  0
| 663|0x00000000a9700000, 0x00000000a9800000, 0x00000000a9800000|100%| E|CS|TAMS 0x00000000a9700000| PB 0x00000000a9700000| Complete |  0
| 664|0x00000000a9800000, 0x00000000a9900000, 0x00000000a9900000|100%| E|CS|TAMS 0x00000000a9800000| PB 0x00000000a9800000| Complete |  0
| 665|0x00000000a9900000, 0x00000000a9a00000, 0x00000000a9a00000|100%| E|CS|TAMS 0x00000000a9900000| PB 0x00000000a9900000| Complete |  0
| 666|0x00000000a9a00000, 0x00000000a9b00000, 0x00000000a9b00000|100%| E|CS|TAMS 0x00000000a9a00000| PB 0x00000000a9a00000| Complete |  0
| 667|0x00000000a9b00000, 0x00000000a9c00000, 0x00000000a9c00000|100%| E|CS|TAMS 0x00000000a9b00000| PB 0x00000000a9b00000| Complete |  0
| 668|0x00000000a9c00000, 0x00000000a9d00000, 0x00000000a9d00000|100%| E|CS|TAMS 0x00000000a9c00000| PB 0x00000000a9c00000| Complete |  0
| 669|0x00000000a9d00000, 0x00000000a9e00000, 0x00000000a9e00000|100%| E|CS|TAMS 0x00000000a9d00000| PB 0x00000000a9d00000| Complete |  0
| 670|0x00000000a9e00000, 0x00000000a9f00000, 0x00000000a9f00000|100%| E|CS|TAMS 0x00000000a9e00000| PB 0x00000000a9e00000| Complete |  0
| 671|0x00000000a9f00000, 0x00000000aa000000, 0x00000000aa000000|100%| E|CS|TAMS 0x00000000a9f00000| PB 0x00000000a9f00000| Complete |  0
| 672|0x00000000aa000000, 0x00000000aa100000, 0x00000000aa100000|100%| E|CS|TAMS 0x00000000aa000000| PB 0x00000000aa000000| Complete |  0
| 673|0x00000000aa100000, 0x00000000aa200000, 0x00000000aa200000|100%| E|CS|TAMS 0x00000000aa100000| PB 0x00000000aa100000| Complete |  0
| 674|0x00000000aa200000, 0x00000000aa2ffff8, 0x00000000aa300000| 99%| E|CS|TAMS 0x00000000aa200000| PB 0x00000000aa200000| Complete |  0
| 675|0x00000000aa300000, 0x00000000aa400000, 0x00000000aa400000|100%| E|CS|TAMS 0x00000000aa300000| PB 0x00000000aa300000| Complete |  0
| 676|0x00000000aa400000, 0x00000000aa500000, 0x00000000aa500000|100%| E|CS|TAMS 0x00000000aa400000| PB 0x00000000aa400000| Complete |  0
| 677|0x00000000aa500000, 0x00000000aa600000, 0x00000000aa600000|100%| E|CS|TAMS 0x00000000aa500000| PB 0x00000000aa500000| Complete |  0
| 678|0x00000000aa600000, 0x00000000aa700000, 0x00000000aa700000|100%| E|CS|TAMS 0x00000000aa600000| PB 0x00000000aa600000| Complete |  0
| 679|0x00000000aa700000, 0x00000000aa800000, 0x00000000aa800000|100%| E|CS|TAMS 0x00000000aa700000| PB 0x00000000aa700000| Complete |  0
| 680|0x00000000aa800000, 0x00000000aa900000, 0x00000000aa900000|100%| E|CS|TAMS 0x00000000aa800000| PB 0x00000000aa800000| Complete |  0
| 681|0x00000000aa900000, 0x00000000aaa00000, 0x00000000aaa00000|100%| E|CS|TAMS 0x00000000aa900000| PB 0x00000000aa900000| Complete |  0
| 682|0x00000000aaa00000, 0x00000000aab00000, 0x00000000aab00000|100%| E|CS|TAMS 0x00000000aaa00000| PB 0x00000000aaa00000| Complete |  0
| 683|0x00000000aab00000, 0x00000000aac00000, 0x00000000aac00000|100%| E|CS|TAMS 0x00000000aab00000| PB 0x00000000aab00000| Complete |  0
| 684|0x00000000aac00000, 0x00000000aad00000, 0x00000000aad00000|100%| E|CS|TAMS 0x00000000aac00000| PB 0x00000000aac00000| Complete |  0
| 685|0x00000000aad00000, 0x00000000aae00000, 0x00000000aae00000|100%| E|CS|TAMS 0x00000000aad00000| PB 0x00000000aad00000| Complete |  0
| 686|0x00000000aae00000, 0x00000000aaf00000, 0x00000000aaf00000|100%| E|CS|TAMS 0x00000000aae00000| PB 0x00000000aae00000| Complete |  0
| 687|0x00000000aaf00000, 0x00000000ab000000, 0x00000000ab000000|100%| E|CS|TAMS 0x00000000aaf00000| PB 0x00000000aaf00000| Complete |  0
| 688|0x00000000ab000000, 0x00000000ab0ffff8, 0x00000000ab100000| 99%| E|  |TAMS 0x00000000ab000000| PB 0x00000000ab000000| Complete |  0
| 689|0x00000000ab100000, 0x00000000ab200000, 0x00000000ab200000|100%| E|CS|TAMS 0x00000000ab100000| PB 0x00000000ab100000| Complete |  0
| 690|0x00000000ab200000, 0x00000000ab300000, 0x00000000ab300000|100%| E|CS|TAMS 0x00000000ab200000| PB 0x00000000ab200000| Complete |  0
| 691|0x00000000ab300000, 0x00000000ab400000, 0x00000000ab400000|100%| E|CS|TAMS 0x00000000ab300000| PB 0x00000000ab300000| Complete |  0
| 692|0x00000000ab400000, 0x00000000ab500000, 0x00000000ab500000|100%| E|CS|TAMS 0x00000000ab400000| PB 0x00000000ab400000| Complete |  0
| 693|0x00000000ab500000, 0x00000000ab600000, 0x00000000ab600000|100%| E|CS|TAMS 0x00000000ab500000| PB 0x00000000ab500000| Complete |  0
| 694|0x00000000ab600000, 0x00000000ab700000, 0x00000000ab700000|100%| E|CS|TAMS 0x00000000ab600000| PB 0x00000000ab600000| Complete |  0
| 695|0x00000000ab700000, 0x00000000ab800000, 0x00000000ab800000|100%| E|CS|TAMS 0x00000000ab700000| PB 0x00000000ab700000| Complete |  0
| 696|0x00000000ab800000, 0x00000000ab900000, 0x00000000ab900000|100%| E|CS|TAMS 0x00000000ab800000| PB 0x00000000ab800000| Complete |  0
| 697|0x00000000ab900000, 0x00000000aba00000, 0x00000000aba00000|100%| E|CS|TAMS 0x00000000ab900000| PB 0x00000000ab900000| Complete |  0
| 698|0x00000000aba00000, 0x00000000abb00000, 0x00000000abb00000|100%| E|CS|TAMS 0x00000000aba00000| PB 0x00000000aba00000| Complete |  0
| 699|0x00000000abb00000, 0x00000000abc00000, 0x00000000abc00000|100%| E|CS|TAMS 0x00000000abb00000| PB 0x00000000abb00000| Complete |  0
| 700|0x00000000abc00000, 0x00000000abd00000, 0x00000000abd00000|100%| E|CS|TAMS 0x00000000abc00000| PB 0x00000000abc00000| Complete |  0
| 701|0x00000000abd00000, 0x00000000abe00000, 0x00000000abe00000|100%| E|CS|TAMS 0x00000000abd00000| PB 0x00000000abd00000| Complete |  0
| 702|0x00000000abe00000, 0x00000000abf00000, 0x00000000abf00000|100%| E|CS|TAMS 0x00000000abe00000| PB 0x00000000abe00000| Complete |  0
| 703|0x00000000abf00000, 0x00000000ac000000, 0x00000000ac000000|100%| E|CS|TAMS 0x00000000abf00000| PB 0x00000000abf00000| Complete |  0
| 704|0x00000000ac000000, 0x00000000ac100000, 0x00000000ac100000|100%| E|CS|TAMS 0x00000000ac000000| PB 0x00000000ac000000| Complete |  0
| 705|0x00000000ac100000, 0x00000000ac200000, 0x00000000ac200000|100%| E|CS|TAMS 0x00000000ac100000| PB 0x00000000ac100000| Complete |  0
| 706|0x00000000ac200000, 0x00000000ac300000, 0x00000000ac300000|100%| E|CS|TAMS 0x00000000ac200000| PB 0x00000000ac200000| Complete |  0
| 707|0x00000000ac300000, 0x00000000ac400000, 0x00000000ac400000|100%| E|CS|TAMS 0x00000000ac300000| PB 0x00000000ac300000| Complete |  0
| 708|0x00000000ac400000, 0x00000000ac500000, 0x00000000ac500000|100%| E|CS|TAMS 0x00000000ac400000| PB 0x00000000ac400000| Complete |  0
| 709|0x00000000ac500000, 0x00000000ac600000, 0x00000000ac600000|100%| E|CS|TAMS 0x00000000ac500000| PB 0x00000000ac500000| Complete |  0
| 710|0x00000000ac600000, 0x00000000ac700000, 0x00000000ac700000|100%| E|CS|TAMS 0x00000000ac600000| PB 0x00000000ac600000| Complete |  0
| 711|0x00000000ac700000, 0x00000000ac800000, 0x00000000ac800000|100%| E|CS|TAMS 0x00000000ac700000| PB 0x00000000ac700000| Complete |  0
| 712|0x00000000ac800000, 0x00000000ac900000, 0x00000000ac900000|100%| E|CS|TAMS 0x00000000ac800000| PB 0x00000000ac800000| Complete |  0
| 713|0x00000000ac900000, 0x00000000aca00000, 0x00000000aca00000|100%| E|CS|TAMS 0x00000000ac900000| PB 0x00000000ac900000| Complete |  0
| 714|0x00000000aca00000, 0x00000000acb00000, 0x00000000acb00000|100%| E|CS|TAMS 0x00000000aca00000| PB 0x00000000aca00000| Complete |  0
| 715|0x00000000acb00000, 0x00000000acc00000, 0x00000000acc00000|100%| E|CS|TAMS 0x00000000acb00000| PB 0x00000000acb00000| Complete |  0
| 716|0x00000000acc00000, 0x00000000acd00000, 0x00000000acd00000|100%| E|CS|TAMS 0x00000000acc00000| PB 0x00000000acc00000| Complete |  0
| 717|0x00000000acd00000, 0x00000000ace00000, 0x00000000ace00000|100%| E|CS|TAMS 0x00000000acd00000| PB 0x00000000acd00000| Complete |  0
| 718|0x00000000ace00000, 0x00000000acf00000, 0x00000000acf00000|100%| E|CS|TAMS 0x00000000ace00000| PB 0x00000000ace00000| Complete |  0
| 719|0x00000000acf00000, 0x00000000ad000000, 0x00000000ad000000|100%| E|CS|TAMS 0x00000000acf00000| PB 0x00000000acf00000| Complete |  0
| 720|0x00000000ad000000, 0x00000000ad100000, 0x00000000ad100000|100%| E|CS|TAMS 0x00000000ad000000| PB 0x00000000ad000000| Complete |  0
| 721|0x00000000ad100000, 0x00000000ad200000, 0x00000000ad200000|100%| E|CS|TAMS 0x00000000ad100000| PB 0x00000000ad100000| Complete |  0
| 722|0x00000000ad200000, 0x00000000ad300000, 0x00000000ad300000|100%| E|CS|TAMS 0x00000000ad200000| PB 0x00000000ad200000| Complete |  0
| 723|0x00000000ad300000, 0x00000000ad400000, 0x00000000ad400000|100%| E|CS|TAMS 0x00000000ad300000| PB 0x00000000ad300000| Complete |  0
| 724|0x00000000ad400000, 0x00000000ad500000, 0x00000000ad500000|100%| E|CS|TAMS 0x00000000ad400000| PB 0x00000000ad400000| Complete |  0
| 725|0x00000000ad500000, 0x00000000ad600000, 0x00000000ad600000|100%| E|CS|TAMS 0x00000000ad500000| PB 0x00000000ad500000| Complete |  0
| 726|0x00000000ad600000, 0x00000000ad700000, 0x00000000ad700000|100%| E|CS|TAMS 0x00000000ad600000| PB 0x00000000ad600000| Complete |  0
| 727|0x00000000ad700000, 0x00000000ad800000, 0x00000000ad800000|100%| E|CS|TAMS 0x00000000ad700000| PB 0x00000000ad700000| Complete |  0
| 728|0x00000000ad800000, 0x00000000ad900000, 0x00000000ad900000|100%| E|CS|TAMS 0x00000000ad800000| PB 0x00000000ad800000| Complete |  0
| 729|0x00000000ad900000, 0x00000000ada00000, 0x00000000ada00000|100%| E|CS|TAMS 0x00000000ad900000| PB 0x00000000ad900000| Complete |  0
| 730|0x00000000ada00000, 0x00000000adb00000, 0x00000000adb00000|100%| E|CS|TAMS 0x00000000ada00000| PB 0x00000000ada00000| Complete |  0
| 731|0x00000000adb00000, 0x00000000adc00000, 0x00000000adc00000|100%| E|CS|TAMS 0x00000000adb00000| PB 0x00000000adb00000| Complete |  0
| 732|0x00000000adc00000, 0x00000000add00000, 0x00000000add00000|100%| E|CS|TAMS 0x00000000adc00000| PB 0x00000000adc00000| Complete |  0
| 733|0x00000000add00000, 0x00000000ade00000, 0x00000000ade00000|100%| E|CS|TAMS 0x00000000add00000| PB 0x00000000add00000| Complete |  0
| 734|0x00000000ade00000, 0x00000000adf00000, 0x00000000adf00000|100%| E|CS|TAMS 0x00000000ade00000| PB 0x00000000ade00000| Complete |  0
| 735|0x00000000adf00000, 0x00000000ae000000, 0x00000000ae000000|100%| E|CS|TAMS 0x00000000adf00000| PB 0x00000000adf00000| Complete |  0
| 736|0x00000000ae000000, 0x00000000ae100000, 0x00000000ae100000|100%| E|CS|TAMS 0x00000000ae000000| PB 0x00000000ae000000| Complete |  0
| 737|0x00000000ae100000, 0x00000000ae200000, 0x00000000ae200000|100%| E|CS|TAMS 0x00000000ae100000| PB 0x00000000ae100000| Complete |  0
| 738|0x00000000ae200000, 0x00000000ae300000, 0x00000000ae300000|100%| E|CS|TAMS 0x00000000ae200000| PB 0x00000000ae200000| Complete |  0
| 739|0x00000000ae300000, 0x00000000ae400000, 0x00000000ae400000|100%| E|CS|TAMS 0x00000000ae300000| PB 0x00000000ae300000| Complete |  0
| 740|0x00000000ae400000, 0x00000000ae500000, 0x00000000ae500000|100%| E|CS|TAMS 0x00000000ae400000| PB 0x00000000ae400000| Complete |  0
| 741|0x00000000ae500000, 0x00000000ae600000, 0x00000000ae600000|100%| E|CS|TAMS 0x00000000ae500000| PB 0x00000000ae500000| Complete |  0
| 742|0x00000000ae600000, 0x00000000ae700000, 0x00000000ae700000|100%| E|CS|TAMS 0x00000000ae600000| PB 0x00000000ae600000| Complete |  0
| 743|0x00000000ae700000, 0x00000000ae800000, 0x00000000ae800000|100%| E|CS|TAMS 0x00000000ae700000| PB 0x00000000ae700000| Complete |  0
| 744|0x00000000ae800000, 0x00000000ae900000, 0x00000000ae900000|100%| E|CS|TAMS 0x00000000ae800000| PB 0x00000000ae800000| Complete |  0
| 745|0x00000000ae900000, 0x00000000aea00000, 0x00000000aea00000|100%| E|CS|TAMS 0x00000000ae900000| PB 0x00000000ae900000| Complete |  0
| 746|0x00000000aea00000, 0x00000000aeb00000, 0x00000000aeb00000|100%| E|CS|TAMS 0x00000000aea00000| PB 0x00000000aea00000| Complete |  0
| 747|0x00000000aeb00000, 0x00000000aec00000, 0x00000000aec00000|100%| E|CS|TAMS 0x00000000aeb00000| PB 0x00000000aeb00000| Complete |  0
| 748|0x00000000aec00000, 0x00000000aed00000, 0x00000000aed00000|100%| E|CS|TAMS 0x00000000aec00000| PB 0x00000000aec00000| Complete |  0
| 749|0x00000000aed00000, 0x00000000aee00000, 0x00000000aee00000|100%| E|CS|TAMS 0x00000000aed00000| PB 0x00000000aed00000| Complete |  0
| 750|0x00000000aee00000, 0x00000000aef00000, 0x00000000aef00000|100%| E|CS|TAMS 0x00000000aee00000| PB 0x00000000aee00000| Complete |  0
| 751|0x00000000aef00000, 0x00000000af000000, 0x00000000af000000|100%| E|CS|TAMS 0x00000000aef00000| PB 0x00000000aef00000| Complete |  0
| 752|0x00000000af000000, 0x00000000af100000, 0x00000000af100000|100%| E|CS|TAMS 0x00000000af000000| PB 0x00000000af000000| Complete |  0
| 753|0x00000000af100000, 0x00000000af200000, 0x00000000af200000|100%| E|CS|TAMS 0x00000000af100000| PB 0x00000000af100000| Complete |  0
| 754|0x00000000af200000, 0x00000000af300000, 0x00000000af300000|100%| E|CS|TAMS 0x00000000af200000| PB 0x00000000af200000| Complete |  0
| 755|0x00000000af300000, 0x00000000af400000, 0x00000000af400000|100%| E|CS|TAMS 0x00000000af300000| PB 0x00000000af300000| Complete |  0
| 756|0x00000000af400000, 0x00000000af500000, 0x00000000af500000|100%| E|CS|TAMS 0x00000000af400000| PB 0x00000000af400000| Complete |  0
| 757|0x00000000af500000, 0x00000000af600000, 0x00000000af600000|100%| E|CS|TAMS 0x00000000af500000| PB 0x00000000af500000| Complete |  0
| 758|0x00000000af600000, 0x00000000af700000, 0x00000000af700000|100%| E|CS|TAMS 0x00000000af600000| PB 0x00000000af600000| Complete |  0
| 759|0x00000000af700000, 0x00000000af800000, 0x00000000af800000|100%| E|CS|TAMS 0x00000000af700000| PB 0x00000000af700000| Complete |  0
| 760|0x00000000af800000, 0x00000000af900000, 0x00000000af900000|100%| E|CS|TAMS 0x00000000af800000| PB 0x00000000af800000| Complete |  0
| 761|0x00000000af900000, 0x00000000afa00000, 0x00000000afa00000|100%| E|CS|TAMS 0x00000000af900000| PB 0x00000000af900000| Complete |  0
| 762|0x00000000afa00000, 0x00000000afb00000, 0x00000000afb00000|100%| E|CS|TAMS 0x00000000afa00000| PB 0x00000000afa00000| Complete |  0
| 763|0x00000000afb00000, 0x00000000afc00000, 0x00000000afc00000|100%| E|CS|TAMS 0x00000000afb00000| PB 0x00000000afb00000| Complete |  0
| 764|0x00000000afc00000, 0x00000000afd00000, 0x00000000afd00000|100%| E|CS|TAMS 0x00000000afc00000| PB 0x00000000afc00000| Complete |  0
| 765|0x00000000afd00000, 0x00000000afe00000, 0x00000000afe00000|100%| E|CS|TAMS 0x00000000afd00000| PB 0x00000000afd00000| Complete |  0
| 766|0x00000000afe00000, 0x00000000aff00000, 0x00000000aff00000|100%| E|CS|TAMS 0x00000000afe00000| PB 0x00000000afe00000| Complete |  0
| 767|0x00000000aff00000, 0x00000000b0000000, 0x00000000b0000000|100%| E|CS|TAMS 0x00000000aff00000| PB 0x00000000aff00000| Complete |  0
| 768|0x00000000b0000000, 0x00000000b0100000, 0x00000000b0100000|100%| E|CS|TAMS 0x00000000b0000000| PB 0x00000000b0000000| Complete |  0
| 769|0x00000000b0100000, 0x00000000b0200000, 0x00000000b0200000|100%| E|CS|TAMS 0x00000000b0100000| PB 0x00000000b0100000| Complete |  0
| 770|0x00000000b0200000, 0x00000000b0300000, 0x00000000b0300000|100%| E|CS|TAMS 0x00000000b0200000| PB 0x00000000b0200000| Complete |  0
| 771|0x00000000b0300000, 0x00000000b0400000, 0x00000000b0400000|100%| E|CS|TAMS 0x00000000b0300000| PB 0x00000000b0300000| Complete |  0
| 772|0x00000000b0400000, 0x00000000b0500000, 0x00000000b0500000|100%| E|CS|TAMS 0x00000000b0400000| PB 0x00000000b0400000| Complete |  0
|2022|0x00000000fe600000, 0x00000000fe700000, 0x00000000fe700000|100%| E|CS|TAMS 0x00000000fe600000| PB 0x00000000fe600000| Complete |  0
|2023|0x00000000fe700000, 0x00000000fe800000, 0x00000000fe800000|100%| E|CS|TAMS 0x00000000fe700000| PB 0x00000000fe700000| Complete |  0
|2024|0x00000000fe800000, 0x00000000fe900000, 0x00000000fe900000|100%| E|CS|TAMS 0x00000000fe800000| PB 0x00000000fe800000| Complete |  0
|2025|0x00000000fe900000, 0x00000000fea00000, 0x00000000fea00000|100%| E|CS|TAMS 0x00000000fe900000| PB 0x00000000fe900000| Complete |  0
|2026|0x00000000fea00000, 0x00000000feb00000, 0x00000000feb00000|100%| E|CS|TAMS 0x00000000fea00000| PB 0x00000000fea00000| Complete |  0
|2027|0x00000000feb00000, 0x00000000fec00000, 0x00000000fec00000|100%| E|CS|TAMS 0x00000000feb00000| PB 0x00000000feb00000| Complete |  0
|2028|0x00000000fec00000, 0x00000000fed00000, 0x00000000fed00000|100%| E|CS|TAMS 0x00000000fec00000| PB 0x00000000fec00000| Complete |  0
|2029|0x00000000fed00000, 0x00000000fee00000, 0x00000000fee00000|100%| E|CS|TAMS 0x00000000fed00000| PB 0x00000000fed00000| Complete |  0
|2030|0x00000000fee00000, 0x00000000fef00000, 0x00000000fef00000|100%| E|CS|TAMS 0x00000000fee00000| PB 0x00000000fee00000| Complete |  0
|2031|0x00000000fef00000, 0x00000000ff000000, 0x00000000ff000000|100%| E|CS|TAMS 0x00000000fef00000| PB 0x00000000fef00000| Complete |  0
|2032|0x00000000ff000000, 0x00000000ff100000, 0x00000000ff100000|100%| E|CS|TAMS 0x00000000ff000000| PB 0x00000000ff000000| Complete |  0
|2033|0x00000000ff100000, 0x00000000ff200000, 0x00000000ff200000|100%| E|CS|TAMS 0x00000000ff100000| PB 0x00000000ff100000| Complete |  0
|2034|0x00000000ff200000, 0x00000000ff300000, 0x00000000ff300000|100%| E|CS|TAMS 0x00000000ff200000| PB 0x00000000ff200000| Complete |  0
|2035|0x00000000ff300000, 0x00000000ff400000, 0x00000000ff400000|100%| E|CS|TAMS 0x00000000ff300000| PB 0x00000000ff300000| Complete |  0
|2036|0x00000000ff400000, 0x00000000ff500000, 0x00000000ff500000|100%| E|CS|TAMS 0x00000000ff400000| PB 0x00000000ff400000| Complete |  0
|2037|0x00000000ff500000, 0x00000000ff600000, 0x00000000ff600000|100%| E|CS|TAMS 0x00000000ff500000| PB 0x00000000ff500000| Complete |  0
|2038|0x00000000ff600000, 0x00000000ff700000, 0x00000000ff700000|100%| E|CS|TAMS 0x00000000ff600000| PB 0x00000000ff600000| Complete |  0
|2039|0x00000000ff700000, 0x00000000ff800000, 0x00000000ff800000|100%| O|Cm|TAMS 0x00000000ff700000| PB 0x00000000ff700000| Complete |  0
|2040|0x00000000ff800000, 0x00000000ff900000, 0x00000000ff900000|100%| E|CS|TAMS 0x00000000ff800000| PB 0x00000000ff800000| Complete |  0
|2041|0x00000000ff900000, 0x00000000ffa00000, 0x00000000ffa00000|100%| E|CS|TAMS 0x00000000ff900000| PB 0x00000000ff900000| Complete |  0
|2042|0x00000000ffa00000, 0x00000000ffb00000, 0x00000000ffb00000|100%| E|CS|TAMS 0x00000000ffa00000| PB 0x00000000ffa00000| Complete |  0
|2043|0x00000000ffb00000, 0x00000000ffc00000, 0x00000000ffc00000|100%| E|CS|TAMS 0x00000000ffb00000| PB 0x00000000ffb00000| Complete |  0
|2044|0x00000000ffc00000, 0x00000000ffd00000, 0x00000000ffd00000|100%| E|CS|TAMS 0x00000000ffc00000| PB 0x00000000ffc00000| Complete |  0
|2045|0x00000000ffd00000, 0x00000000ffe00000, 0x00000000ffe00000|100%| E|CS|TAMS 0x00000000ffd00000| PB 0x00000000ffd00000| Complete |  0
|2046|0x00000000ffe00000, 0x00000000fff00000, 0x00000000fff00000|100%| E|CS|TAMS 0x00000000ffe00000| PB 0x00000000ffe00000| Complete |  0
|2047|0x00000000fff00000, 0x0000000100000000, 0x0000000100000000|100%| E|CS|TAMS 0x00000000fff00000| PB 0x00000000fff00000| Complete |  0

Card table byte_map: [0x000001ab500b0000,0x000001ab504b0000] _byte_map_base: 0x000001ab4fcb0000

Marking Bits: (CMBitMap*) 0x000001ab37f6f180
 Bits: [0x000001ab504b0000, 0x000001ab524b0000)

Polling page: 0x000001ab35ba0000

Metaspace:

Usage:
  Non-class:    131.22 MB used.
      Class:     21.24 MB used.
       Both:    152.46 MB used.

Virtual space:
  Non-class space:      192.00 MB reserved,     133.19 MB ( 69%) committed,  3 nodes.
      Class space:      416.00 MB reserved,      22.88 MB (  5%) committed,  1 nodes.
             Both:      608.00 MB reserved,     156.06 MB ( 26%) committed. 

Chunk freelists:
   Non-Class:  10.72 MB
       Class:  9.08 MB
        Both:  19.80 MB

MaxMetaspaceSize: 512.00 MB
CompressedClassSpaceSize: 416.00 MB
Initial GC threshold: 21.00 MB
Current GC threshold: 255.75 MB
CDS: on
 - commit_granule_bytes: 65536.
 - commit_granule_words: 8192.
 - virtual_space_node_default_size: 8388608.
 - enlarge_chunks_in_place: 1.
 - use_allocation_guard: 0.


Internal statistics:

num_allocs_failed_limit: 6.
num_arena_births: 5786.
num_arena_deaths: 326.
num_vsnodes_births: 4.
num_vsnodes_deaths: 0.
num_space_committed: 2494.
num_space_uncommitted: 0.
num_chunks_returned_to_freelist: 488.
num_chunks_taken_from_freelist: 13490.
num_chunk_merges: 162.
num_chunk_splits: 8578.
num_chunks_enlarged: 5364.
num_inconsistent_stats: 0.

CodeHeap 'non-profiled nmethods': size=120064Kb used=17194Kb max_used=17194Kb free=102870Kb
 bounds [0x000001ab48100000, 0x000001ab491d0000, 0x000001ab4f640000]
CodeHeap 'profiled nmethods': size=120000Kb used=32358Kb max_used=33018Kb free=87641Kb
 bounds [0x000001ab40640000, 0x000001ab42690000, 0x000001ab47b70000]
CodeHeap 'non-nmethods': size=5696Kb used=3078Kb max_used=3127Kb free=2618Kb
 bounds [0x000001ab47b70000, 0x000001ab47e90000, 0x000001ab48100000]
CodeCache: size=245760Kb, used=52630Kb, max_used=53339Kb, free=193129Kb
 total_blobs=21939, nmethods=20778, adapters=1065, full_count=0
Compilation: enabled, stopped_count=0, restarted_count=0

Compilation events (20 events):
Event: 120.891 Thread 0x000001ab062be270 34338       4       org.apache.commons.compress.archivers.tar.TarUtils::formatLongOctalOrBinaryBytes (105 bytes)
Event: 120.892 Thread 0x000001ab552b0d80 nmethod 34342 0x000001ab4250ab08 code [0x000001ab4250b1a0, 0x000001ab4250ee50]
Event: 120.895 Thread 0x000001ab062be270 nmethod 34338 0x000001ab4903c988 code [0x000001ab4903caa0, 0x000001ab4903cde8]
Event: 120.908 Thread 0x000001ab062be270 34343       4       sun.nio.cs.UTF_8::newEncoder (9 bytes)
Event: 120.913 Thread 0x000001ab062be270 nmethod 34343 0x000001ab4903c108 code [0x000001ab4903c240, 0x000001ab4903c908]
Event: 120.913 Thread 0x000001ab062be270 34344       4       com.android.aaptcompiler.TableExtractor::extractResource (1837 bytes)
Event: 120.918 Thread 0x000001ab552b0d80 34346       3       com.android.tools.r8.graph.L2::a (262 bytes)
Event: 120.918 Thread 0x000001ab552b0d80 nmethod 34346 0x000001ab41d04588 code [0x000001ab41d04760, 0x000001ab41d05050]
Event: 120.918 Thread 0x000001ab552b0d80 34345       3       com.android.tools.r8.graph.L2::a (21 bytes)
Event: 120.919 Thread 0x000001ab552b0d80 nmethod 34345 0x000001ab42023908 code [0x000001ab42023a40, 0x000001ab42023cb0]
Event: 120.919 Thread 0x000001ab552b0d80 34348       3       com.android.tools.r8.graph.w2::<init> (57 bytes)
Event: 120.919 Thread 0x000001ab552b0d80 nmethod 34348 0x000001ab424cc288 code [0x000001ab424cc3c0, 0x000001ab424cc790]
Event: 120.926 Thread 0x000001ab55290450 nmethod 34339 0x000001ab48fe8608 code [0x000001ab48fe8ac0, 0x000001ab48feb1e8]
Event: 120.926 Thread 0x000001ab55290450 34347       4       com.android.aaptcompiler.TableExtractor::parseXml (494 bytes)
Event: 120.938 Thread 0x000001ab552b0d80 34349       3       com.android.aapt.Resources$Plural$Builder::addEntry (52 bytes)
Event: 120.939 Thread 0x000001ab552b0d80 nmethod 34349 0x000001ab418c5088 code [0x000001ab418c5220, 0x000001ab418c58a8]
Event: 120.939 Thread 0x000001ab552b0d80 34350       3       com.android.aapt.Resources$Plural$Builder::ensureEntryIsMutable (35 bytes)
Event: 120.939 Thread 0x000001ab552b0d80 nmethod 34350 0x000001ab418c4c88 code [0x000001ab418c4dc0, 0x000001ab418c5000]
Event: 120.957 Thread 0x000001ab552b0d80 34351       3       com.android.aapt.Resources$Plural$Entry$Builder::buildPartial0 (103 bytes)
Event: 120.958 Thread 0x000001ab552b0d80 nmethod 34351 0x000001ab42509388 code [0x000001ab42509540, 0x000001ab4250a0f0]

GC Heap History (20 events):
Event: 99.401 GC heap before
{Heap before GC invocations=83 (full 0):
 garbage-first heap   total reserved 2097152K, committed 657408K, used 581521K [0x0000000080000000, 0x0000000100000000)
  region size 1024K, 197 young (201728K), 12 survivors (12288K)
 Metaspace       used 140357K, committed 144000K, reserved 557056K
  class space    used 19953K, committed 21632K, reserved 425984K
}
Event: 99.407 GC heap after
{Heap after GC invocations=84 (full 0):
 garbage-first heap   total reserved 2097152K, committed 657408K, used 398262K [0x0000000080000000, 0x0000000100000000)
  region size 1024K, 17 young (17408K), 17 survivors (17408K)
 Metaspace       used 140357K, committed 144000K, reserved 557056K
  class space    used 19953K, committed 21632K, reserved 425984K
}
Event: 100.080 GC heap before
{Heap before GC invocations=85 (full 0):
 garbage-first heap   total reserved 2097152K, committed 664576K, used 590774K [0x0000000080000000, 0x0000000100000000)
  region size 1024K, 206 young (210944K), 17 survivors (17408K)
 Metaspace       used 143512K, committed 147008K, reserved 557056K
  class space    used 20299K, committed 21888K, reserved 425984K
}
Event: 100.087 GC heap after
{Heap after GC invocations=86 (full 0):
 garbage-first heap   total reserved 2097152K, committed 664576K, used 406153K [0x0000000080000000, 0x0000000100000000)
  region size 1024K, 22 young (22528K), 22 survivors (22528K)
 Metaspace       used 143512K, committed 147008K, reserved 557056K
  class space    used 20299K, committed 21888K, reserved 425984K
}
Event: 100.701 GC heap before
{Heap before GC invocations=86 (full 0):
 garbage-first heap   total reserved 2097152K, committed 664576K, used 602761K [0x0000000080000000, 0x0000000100000000)
  region size 1024K, 215 young (220160K), 22 survivors (22528K)
 Metaspace       used 143654K, committed 147200K, reserved 557056K
  class space    used 20328K, committed 21952K, reserved 425984K
}
Event: 100.711 GC heap after
{Heap after GC invocations=87 (full 0):
 garbage-first heap   total reserved 2097152K, committed 664576K, used 403374K [0x0000000080000000, 0x0000000100000000)
  region size 1024K, 16 young (16384K), 16 survivors (16384K)
 Metaspace       used 143654K, committed 147200K, reserved 557056K
  class space    used 20328K, committed 21952K, reserved 425984K
}
Event: 100.997 GC heap before
{Heap before GC invocations=87 (full 0):
 garbage-first heap   total reserved 2097152K, committed 664576K, used 463790K [0x0000000080000000, 0x0000000100000000)
  region size 1024K, 77 young (78848K), 16 survivors (16384K)
 Metaspace       used 143788K, committed 147328K, reserved 557056K
  class space    used 20338K, committed 21952K, reserved 425984K
}
Event: 101.003 GC heap after
{Heap after GC invocations=88 (full 0):
 garbage-first heap   total reserved 2097152K, committed 664576K, used 406071K [0x0000000080000000, 0x0000000100000000)
  region size 1024K, 10 young (10240K), 10 survivors (10240K)
 Metaspace       used 143788K, committed 147328K, reserved 557056K
  class space    used 20338K, committed 21952K, reserved 425984K
}
Event: 101.927 GC heap before
{Heap before GC invocations=89 (full 0):
 garbage-first heap   total reserved 2097152K, committed 680960K, used 615991K [0x0000000080000000, 0x0000000100000000)
  region size 1024K, 213 young (218112K), 10 survivors (10240K)
 Metaspace       used 145331K, committed 148928K, reserved 557056K
  class space    used 20527K, committed 22144K, reserved 425984K
}
Event: 101.933 GC heap after
{Heap after GC invocations=90 (full 0):
 garbage-first heap   total reserved 2097152K, committed 680960K, used 414397K [0x0000000080000000, 0x0000000100000000)
  region size 1024K, 18 young (18432K), 18 survivors (18432K)
 Metaspace       used 145331K, committed 148928K, reserved 557056K
  class space    used 20527K, committed 22144K, reserved 425984K
}
Event: 109.243 GC heap before
{Heap before GC invocations=90 (full 0):
 garbage-first heap   total reserved 2097152K, committed 680960K, used 632509K [0x0000000080000000, 0x0000000100000000)
  region size 1024K, 223 young (228352K), 18 survivors (18432K)
 Metaspace       used 147696K, committed 151360K, reserved 557056K
  class space    used 20795K, committed 22464K, reserved 425984K
}
Event: 109.262 GC heap after
{Heap after GC invocations=91 (full 0):
 garbage-first heap   total reserved 2097152K, committed 707584K, used 457584K [0x0000000080000000, 0x0000000100000000)
  region size 1024K, 28 young (28672K), 28 survivors (28672K)
 Metaspace       used 147696K, committed 151360K, reserved 557056K
  class space    used 20795K, committed 22464K, reserved 425984K
}
Event: 111.802 GC heap before
{Heap before GC invocations=91 (full 0):
 garbage-first heap   total reserved 2097152K, committed 707584K, used 542576K [0x0000000080000000, 0x0000000100000000)
  region size 1024K, 112 young (114688K), 28 survivors (28672K)
 Metaspace       used 148014K, committed 151616K, reserved 557056K
  class space    used 20826K, committed 22464K, reserved 425984K
}
Event: 111.814 GC heap after
{Heap after GC invocations=92 (full 0):
 garbage-first heap   total reserved 2097152K, committed 707584K, used 487424K [0x0000000080000000, 0x0000000100000000)
  region size 1024K, 26 young (26624K), 26 survivors (26624K)
 Metaspace       used 148014K, committed 151616K, reserved 557056K
  class space    used 20826K, committed 22464K, reserved 425984K
}
Event: 114.200 GC heap before
{Heap before GC invocations=93 (full 0):
 garbage-first heap   total reserved 2097152K, committed 818176K, used 680960K [0x0000000080000000, 0x0000000100000000)
  region size 1024K, 158 young (161792K), 26 survivors (26624K)
 Metaspace       used 148460K, committed 152128K, reserved 557056K
  class space    used 20867K, committed 22528K, reserved 425984K
}
Event: 114.211 GC heap after
{Heap after GC invocations=94 (full 0):
 garbage-first heap   total reserved 2097152K, committed 818176K, used 505312K [0x0000000080000000, 0x0000000100000000)
  region size 1024K, 17 young (17408K), 17 survivors (17408K)
 Metaspace       used 148460K, committed 152128K, reserved 557056K
  class space    used 20867K, committed 22528K, reserved 425984K
}
Event: 117.250 GC heap before
{Heap before GC invocations=94 (full 0):
 garbage-first heap   total reserved 2097152K, committed 818176K, used 703968K [0x0000000080000000, 0x0000000100000000)
  region size 1024K, 212 young (217088K), 17 survivors (17408K)
 Metaspace       used 152301K, committed 155968K, reserved 622592K
  class space    used 21223K, committed 22848K, reserved 425984K
}
Event: 117.261 GC heap after
{Heap after GC invocations=95 (full 0):
 garbage-first heap   total reserved 2097152K, committed 818176K, used 508065K [0x0000000080000000, 0x0000000100000000)
  region size 1024K, 11 young (11264K), 11 survivors (11264K)
 Metaspace       used 152301K, committed 155968K, reserved 622592K
  class space    used 21223K, committed 22848K, reserved 425984K
}
Event: 119.268 GC heap before
{Heap before GC invocations=95 (full 0):
 garbage-first heap   total reserved 2097152K, committed 818176K, used 715937K [0x0000000080000000, 0x0000000100000000)
  region size 1024K, 215 young (220160K), 11 survivors (11264K)
 Metaspace       used 153389K, committed 157120K, reserved 622592K
  class space    used 21369K, committed 23104K, reserved 425984K
}
Event: 119.272 GC heap after
{Heap after GC invocations=96 (full 0):
 garbage-first heap   total reserved 2097152K, committed 818176K, used 508828K [0x0000000080000000, 0x0000000100000000)
  region size 1024K, 12 young (12288K), 12 survivors (12288K)
 Metaspace       used 153389K, committed 157120K, reserved 622592K
  class space    used 21369K, committed 23104K, reserved 425984K
}

Dll operation events (16 events):
Event: 0.009 Loaded shared library C:\Program Files\Java\jdk-23\bin\java.dll
Event: 0.032 Loaded shared library C:\Program Files\Java\jdk-23\bin\jsvml.dll
Event: 0.051 Loaded shared library C:\Program Files\Java\jdk-23\bin\zip.dll
Event: 0.054 Loaded shared library C:\Program Files\Java\jdk-23\bin\instrument.dll
Event: 0.055 Loaded shared library C:\Program Files\Java\jdk-23\bin\net.dll
Event: 0.057 Loaded shared library C:\Program Files\Java\jdk-23\bin\nio.dll
Event: 0.059 Loaded shared library C:\Program Files\Java\jdk-23\bin\zip.dll
Event: 0.341 Loaded shared library C:\Program Files\Java\jdk-23\bin\jimage.dll
Event: 0.506 Loaded shared library C:\Program Files\Java\jdk-23\bin\verify.dll
Event: 0.570 Loaded shared library C:\Users\denis\.gradle\native\1def1411415f61bf3af743bc5b6707747c0891f09f0c88961ee8f79bc544acac\windows-amd64\native-platform.dll
Event: 0.577 Loaded shared library C:\Users\denis\.gradle\native\0.2.7\x86_64-windows-gnu\gradle-fileevents.dll
Event: 1.470 Loaded shared library C:\Program Files\Java\jdk-23\bin\management.dll
Event: 1.472 Loaded shared library C:\Program Files\Java\jdk-23\bin\management_ext.dll
Event: 1.557 Loaded shared library C:\Program Files\Java\jdk-23\bin\extnet.dll
Event: 1.696 Loaded shared library C:\Program Files\Java\jdk-23\bin\sunmscapi.dll
Event: 101.199 Loaded shared library C:\Program Files\Java\jdk-23\bin\rmi.dll

Deoptimization events (20 events):
Event: 120.729 Thread 0x000001ab7c8e04a0 DEOPT PACKING pc=0x000001ab4891c434 sp=0x00000069068fa880
Event: 120.729 Thread 0x000001ab7c8e04a0 DEOPT UNPACKING pc=0x000001ab47bc4402 sp=0x00000069068fa838 mode 2
Event: 120.729 Thread 0x000001ab7c8e04a0 Uncommon trap: trap_request=0xffffffc6 fr.pc=0x000001ab4891c434 relative=0x00000000000002b4
Event: 120.729 Thread 0x000001ab7c8e04a0 Uncommon trap: reason=bimorphic_or_optimized_type_check action=maybe_recompile pc=0x000001ab4891c434 method=java.util.Map.computeIfAbsent(Ljava/lang/Object;Ljava/util/function/Function;)Ljava/lang/Object; @ 7 c2
Event: 120.729 Thread 0x000001ab7c8e04a0 DEOPT PACKING pc=0x000001ab4891c434 sp=0x00000069068fa880
Event: 120.729 Thread 0x000001ab7c8e04a0 DEOPT UNPACKING pc=0x000001ab47bc4402 sp=0x00000069068fa838 mode 2
Event: 120.753 Thread 0x000001ab77ba1900 Uncommon trap: trap_request=0xffffffde fr.pc=0x000001ab49046094 relative=0x00000000000005b4
Event: 120.753 Thread 0x000001ab77ba1900 Uncommon trap: reason=class_check action=maybe_recompile pc=0x000001ab49046094 method=org.apache.commons.io.output.ProxyOutputStream.write([BII)V @ 2 c2
Event: 120.753 Thread 0x000001ab77ba1900 DEOPT PACKING pc=0x000001ab49046094 sp=0x0000006900cfec60
Event: 120.753 Thread 0x000001ab77ba1900 DEOPT UNPACKING pc=0x000001ab47bc4402 sp=0x0000006900cfec50 mode 2
Event: 120.809 Thread 0x000001ab7b713860 DEOPT PACKING pc=0x000001ab425be1fb sp=0x000000690c2fd8e0
Event: 120.809 Thread 0x000001ab7b713860 DEOPT UNPACKING pc=0x000001ab47bc4b22 sp=0x000000690c2fce90 mode 0
Event: 120.822 Thread 0x000001ab7b713860 DEOPT PACKING pc=0x000001ab42626d0f sp=0x000000690c2fdc40
Event: 120.822 Thread 0x000001ab7b713860 DEOPT UNPACKING pc=0x000001ab47bc4b22 sp=0x000000690c2fd248 mode 0
Event: 120.852 Thread 0x000001ab7b713860 Uncommon trap: trap_request=0xffffff45 fr.pc=0x000001ab491b2ab4 relative=0x0000000000001234
Event: 120.852 Thread 0x000001ab7b713860 Uncommon trap: reason=unstable_if action=reinterpret pc=0x000001ab491b2ab4 method=com.android.aaptcompiler.proto.ProtoSerializeKt.serializeConfigToPb(Lcom/android/aaptcompiler/ConfigDescription;Ljava/lang/String;Lcom/android/utils/ILogger;)Lcom/android/aa
Event: 120.852 Thread 0x000001ab7b713860 DEOPT PACKING pc=0x000001ab491b2ab4 sp=0x000000690c2fdbd0
Event: 120.852 Thread 0x000001ab7b713860 DEOPT UNPACKING pc=0x000001ab47bc4402 sp=0x000000690c2fdb78 mode 2
Event: 120.869 Thread 0x000001ab7b714580 DEOPT PACKING pc=0x000001ab425be1fb sp=0x000000690c0fdba0
Event: 120.869 Thread 0x000001ab7b714580 DEOPT UNPACKING pc=0x000001ab47bc4b22 sp=0x000000690c0fd150 mode 0

Classes loaded (20 events):
Event: 120.060 Loading class java/io/PrintWriter$1
Event: 120.060 Loading class jdk/internal/access/JavaIOPrintWriterAccess
Event: 120.060 Loading class jdk/internal/access/JavaIOPrintWriterAccess done
Event: 120.060 Loading class java/io/PrintWriter$1 done
Event: 120.185 Loading class java/util/zip/ZipOutputStream
Event: 120.185 Loading class java/util/zip/ZipOutputStream done
Event: 120.191 Loading class java/util/zip/ZipOutputStream$XEntry
Event: 120.191 Loading class java/util/zip/ZipOutputStream$XEntry done
Event: 120.200 Loading class java/util/Vector$Itr
Event: 120.200 Loading class java/util/Vector$Itr done
Event: 120.370 Loading class sun/nio/fs/Globs
Event: 120.370 Loading class sun/nio/fs/Globs done
Event: 120.371 Loading class java/util/regex/Pattern$SliceU
Event: 120.371 Loading class java/util/regex/Pattern$SliceU done
Event: 120.371 Loading class sun/nio/fs/WindowsFileSystem$2
Event: 120.371 Loading class sun/nio/fs/WindowsFileSystem$2 done
Event: 120.505 Loading class java/util/zip/ZipInputStream
Event: 120.506 Loading class java/util/zip/ZipInputStream done
Event: 120.683 Loading class java/io/UTFDataFormatException
Event: 120.683 Loading class java/io/UTFDataFormatException done

Classes unloaded (20 events):
Event: 119.455 Thread 0x000001ab55149dc0 Unloading class 0x000001ab585cb400 'java/lang/invoke/LambdaForm$MH+0x000001ab585cb400'
Event: 119.455 Thread 0x000001ab55149dc0 Unloading class 0x000001ab585cb000 'java/lang/invoke/LambdaForm$DMH+0x000001ab585cb000'
Event: 119.455 Thread 0x000001ab55149dc0 Unloading class 0x000001ab585ca800 'java/lang/invoke/LambdaForm$MH+0x000001ab585ca800'
Event: 119.455 Thread 0x000001ab55149dc0 Unloading class 0x000001ab585c9c00 'java/lang/invoke/LambdaForm$MH+0x000001ab585c9c00'
Event: 119.455 Thread 0x000001ab55149dc0 Unloading class 0x000001ab585c9400 'java/lang/invoke/LambdaForm$MH+0x000001ab585c9400'
Event: 119.455 Thread 0x000001ab55149dc0 Unloading class 0x000001ab585c8c00 'java/lang/invoke/LambdaForm$MH+0x000001ab585c8c00'
Event: 119.455 Thread 0x000001ab55149dc0 Unloading class 0x000001ab585c8400 'java/lang/invoke/LambdaForm$MH+0x000001ab585c8400'
Event: 119.455 Thread 0x000001ab55149dc0 Unloading class 0x000001ab585c8000 'java/lang/invoke/LambdaForm$DMH+0x000001ab585c8000'
Event: 119.455 Thread 0x000001ab55149dc0 Unloading class 0x000001ab585c5400 'java/lang/invoke/LambdaForm$MH+0x000001ab585c5400'
Event: 119.455 Thread 0x000001ab55149dc0 Unloading class 0x000001ab585c4c00 'java/lang/invoke/LambdaForm$MH+0x000001ab585c4c00'
Event: 119.455 Thread 0x000001ab55149dc0 Unloading class 0x000001ab585c4000 'java/lang/invoke/LambdaForm$MH+0x000001ab585c4000'
Event: 119.455 Thread 0x000001ab55149dc0 Unloading class 0x000001ab585bc800 'java/lang/invoke/LambdaForm$MH+0x000001ab585bc800'
Event: 119.455 Thread 0x000001ab55149dc0 Unloading class 0x000001ab585bbc00 'java/lang/invoke/LambdaForm$MH+0x000001ab585bbc00'
Event: 119.455 Thread 0x000001ab55149dc0 Unloading class 0x000001ab585bb400 'java/lang/invoke/LambdaForm$MH+0x000001ab585bb400'
Event: 119.455 Thread 0x000001ab55149dc0 Unloading class 0x000001ab585bac00 'java/lang/invoke/LambdaForm$MH+0x000001ab585bac00'
Event: 119.455 Thread 0x000001ab55149dc0 Unloading class 0x000001ab585ba000 'java/lang/invoke/LambdaForm$MH+0x000001ab585ba000'
Event: 119.455 Thread 0x000001ab55149dc0 Unloading class 0x000001ab585b9800 'java/lang/invoke/LambdaForm$MH+0x000001ab585b9800'
Event: 119.455 Thread 0x000001ab55149dc0 Unloading class 0x000001ab585b9000 'java/lang/invoke/LambdaForm$MH+0x000001ab585b9000'
Event: 119.455 Thread 0x000001ab55149dc0 Unloading class 0x000001ab585b8800 'java/lang/invoke/LambdaForm$MH+0x000001ab585b8800'
Event: 119.455 Thread 0x000001ab55149dc0 Unloading class 0x000001ab585b8400 'java/lang/invoke/LambdaForm$MH+0x000001ab585b8400'

Classes redefined (0 events):
No events

Internal exceptions (20 events):
Event: 119.800 Thread 0x000001ab7c8dfe10 Exception <a 'sun/nio/fs/WindowsException'{0x00000000aff84698}> (0x00000000aff84698) 
thrown [s\open\src\hotspot\share\prims\jni.cpp, line 520]
Event: 119.801 Thread 0x000001ab7c8dfe10 Exception <a 'sun/nio/fs/WindowsException'{0x00000000aff86750}> (0x00000000aff86750) 
thrown [s\open\src\hotspot\share\prims\jni.cpp, line 520]
Event: 119.959 Thread 0x000001ab7c8dfe10 Exception <a 'java/lang/NoSuchMethodError'{0x00000000af1ad228}: static Lorg/gradle/api/internal/tasks/compile/DaemonJavaCompiler$JavaCompilerParameters;.<clinit>()V> (0x00000000af1ad228) 
thrown [s\open\src\hotspot\share\prims\jni.cpp, line 1111]
Event: 119.960 Thread 0x000001ab7c8dfe10 Exception <a 'java/lang/NoSuchMethodError'{0x00000000af1afea0}: static Lorg/gradle/api/internal/tasks/compile/daemon/CompilerWorkerExecutor$CompilerParameters;.<clinit>()V> (0x00000000af1afea0) 
thrown [s\open\src\hotspot\share\prims\jni.cpp, line 1111]
Event: 119.962 Thread 0x000001ab7c8dfe10 Exception <a 'java/lang/NoSuchMethodError'{0x00000000af1df8c0}: static Ljava/lang/Object;.<clinit>()V> (0x00000000af1df8c0) 
thrown [s\open\src\hotspot\share\prims\jni.cpp, line 1111]
Event: 119.962 Thread 0x000001ab7c8dfe10 Exception <a 'java/lang/NoSuchMethodError'{0x00000000af1f4588}: static Ljava/util/AbstractList;.<clinit>()V> (0x00000000af1f4588) 
thrown [s\open\src\hotspot\share\prims\jni.cpp, line 1111]
Event: 119.964 Thread 0x000001ab7c8dfe10 Exception <a 'java/lang/NoSuchMethodError'{0x00000000af047338}: static Lorg/gradle/api/internal/tasks/compile/DefaultJavaCompileSpecFactory$DefaultForkingJavaCompileSpec;.<clinit>()V> (0x00000000af047338) 
thrown [s\open\src\hotspot\share\prims\jni.cpp, line 1111]
Event: 119.965 Thread 0x000001ab7c8dfe10 Exception <a 'java/lang/NoSuchMethodError'{0x00000000af04faf8}: static Lorg/gradle/api/internal/tasks/compile/DefaultJavaCompileSpec;.<clinit>()V> (0x00000000af04faf8) 
thrown [s\open\src\hotspot\share\prims\jni.cpp, line 1111]
Event: 119.965 Thread 0x000001ab7c8dfe10 Exception <a 'java/lang/NoSuchMethodError'{0x00000000af054f10}: static Lorg/gradle/api/internal/tasks/compile/DefaultJvmLanguageCompileSpec;.<clinit>()V> (0x00000000af054f10) 
thrown [s\open\src\hotspot\share\prims\jni.cpp, line 1111]
Event: 119.966 Thread 0x000001ab7c8dfe10 Exception <a 'java/lang/NoSuchMethodError'{0x00000000af081f68}: static Lorg/gradle/api/internal/tasks/compile/MinimalJavaCompileOptions;.<clinit>()V> (0x00000000af081f68) 
thrown [s\open\src\hotspot\share\prims\jni.cpp, line 1111]
Event: 119.968 Thread 0x000001ab7c8dfe10 Exception <a 'java/lang/NoSuchMethodError'{0x00000000af0e8330}: static Lorg/gradle/api/internal/tasks/compile/MinimalJavaCompilerDaemonForkOptions;.<clinit>()V> (0x00000000af0e8330) 
thrown [s\open\src\hotspot\share\prims\jni.cpp, line 1111]
Event: 119.968 Thread 0x000001ab7c8dfe10 Exception <a 'java/lang/NoSuchMethodError'{0x00000000af0eaa10}: static Lorg/gradle/api/internal/tasks/compile/MinimalCompilerDaemonForkOptions;.<clinit>()V> (0x00000000af0eaa10) 
thrown [s\open\src\hotspot\share\prims\jni.cpp, line 1111]
Event: 120.067 Thread 0x000001ab7c8dfe10 Exception <a 'java/lang/NoSuchMethodError'{0x00000000aeaa2708}: static Lorg/gradle/process/internal/worker/request/WorkerAction;.<clinit>()V> (0x00000000aeaa2708) 
thrown [s\open\src\hotspot\share\prims\jni.cpp, line 1111]
Event: 120.077 Thread 0x000001ab7c8e6da0 Exception <a 'sun/nio/fs/WindowsException'{0x00000000ae86a4a0}> (0x00000000ae86a4a0) 
thrown [s\open\src\hotspot\share\prims\jni.cpp, line 520]
Event: 120.077 Thread 0x000001ab7c8e6da0 Exception <a 'sun/nio/fs/WindowsException'{0x00000000ae86c670}> (0x00000000ae86c670) 
thrown [s\open\src\hotspot\share\prims\jni.cpp, line 520]
Event: 120.077 Thread 0x000001ab7c8e6da0 Exception <a 'sun/nio/fs/WindowsException'{0x00000000ae86e538}> (0x00000000ae86e538) 
thrown [s\open\src\hotspot\share\prims\jni.cpp, line 520]
Event: 120.310 Thread 0x000001ab7c8e04a0 Implicit null exception at 0x000001ab48ab8f78 to 0x000001ab48aba1a8
Event: 120.591 Thread 0x000001ab7c8e0b30 Exception <a 'sun/nio/fs/WindowsException'{0x00000000acf27368}> (0x00000000acf27368) 
thrown [s\open\src\hotspot\share\prims\jni.cpp, line 520]
Event: 120.593 Thread 0x000001ab7c8e0b30 Exception <a 'sun/nio/fs/WindowsException'{0x00000000acf295e0}> (0x00000000acf295e0) 
thrown [s\open\src\hotspot\share\prims\jni.cpp, line 520]
Event: 120.594 Thread 0x000001ab7c8e0b30 Exception <a 'sun/nio/fs/WindowsException'{0x00000000acf2b620}> (0x00000000acf2b620) 
thrown [s\open\src\hotspot\share\prims\jni.cpp, line 520]

VM Operations (20 events):
Event: 119.455 Executing VM operation: G1PauseRemark
Event: 119.470 Executing VM operation: G1PauseRemark done
Event: 119.533 Executing VM operation: G1PauseCleanup
Event: 119.533 Executing VM operation: G1PauseCleanup done
Event: 119.563 Executing VM operation: HandshakeAllThreads (Deoptimize)
Event: 119.563 Executing VM operation: HandshakeAllThreads (Deoptimize) done
Event: 119.566 Executing VM operation: HandshakeAllThreads (Deoptimize)
Event: 119.566 Executing VM operation: HandshakeAllThreads (Deoptimize) done
Event: 119.806 Executing VM operation: HandshakeAllThreads (Deoptimize)
Event: 119.807 Executing VM operation: HandshakeAllThreads (Deoptimize) done
Event: 119.940 Executing VM operation: HandshakeAllThreads (Deoptimize)
Event: 119.940 Executing VM operation: HandshakeAllThreads (Deoptimize) done
Event: 120.145 Executing VM operation: HandshakeAllThreads (HandshakeForDeflation)
Event: 120.145 Executing VM operation: HandshakeAllThreads (HandshakeForDeflation) done
Event: 120.145 Executing VM operation: RendezvousGCThreads
Event: 120.145 Executing VM operation: RendezvousGCThreads done
Event: 120.613 Executing VM operation: HandshakeAllThreads (Deoptimize)
Event: 120.614 Executing VM operation: HandshakeAllThreads (Deoptimize) done
Event: 120.732 Executing VM operation: HandshakeAllThreads (Deoptimize)
Event: 120.733 Executing VM operation: HandshakeAllThreads (Deoptimize) done

Memory protections (0 events):
No events

Nmethod flushes (20 events):
Event: 119.468 Thread 0x000001ab55149dc0 flushing  nmethod 0x000001ab42021988
Event: 119.468 Thread 0x000001ab55149dc0 flushing  nmethod 0x000001ab42336a08
Event: 119.468 Thread 0x000001ab55149dc0 flushing  nmethod 0x000001ab42336f88
Event: 119.468 Thread 0x000001ab55149dc0 flushing  nmethod 0x000001ab42337288
Event: 119.468 Thread 0x000001ab55149dc0 flushing  nmethod 0x000001ab4233a308
Event: 119.468 Thread 0x000001ab55149dc0 flushing  nmethod 0x000001ab423b5388
Event: 119.468 Thread 0x000001ab55149dc0 flushing  nmethod 0x000001ab4246d708
Event: 119.468 Thread 0x000001ab55149dc0 flushing  nmethod 0x000001ab424c1708
Event: 119.468 Thread 0x000001ab55149dc0 flushing  nmethod 0x000001ab424c8408
Event: 119.468 Thread 0x000001ab55149dc0 flushing  nmethod 0x000001ab424c8b88
Event: 119.468 Thread 0x000001ab55149dc0 flushing  nmethod 0x000001ab424c9a08
Event: 119.468 Thread 0x000001ab55149dc0 flushing  nmethod 0x000001ab424cbc08
Event: 119.468 Thread 0x000001ab55149dc0 flushing  nmethod 0x000001ab42521908
Event: 119.468 Thread 0x000001ab55149dc0 flushing  nmethod 0x000001ab42521d88
Event: 119.468 Thread 0x000001ab55149dc0 flushing  nmethod 0x000001ab42522388
Event: 119.468 Thread 0x000001ab55149dc0 flushing  nmethod 0x000001ab42522988
Event: 119.468 Thread 0x000001ab55149dc0 flushing  nmethod 0x000001ab42522d88
Event: 119.468 Thread 0x000001ab55149dc0 flushing  nmethod 0x000001ab42524d08
Event: 119.468 Thread 0x000001ab55149dc0 flushing  nmethod 0x000001ab42527908
Event: 119.468 Thread 0x000001ab55149dc0 flushing  nmethod 0x000001ab42527d88

Events (20 events):
Event: 118.179 Thread 0x000001ab062be940 Thread exited: 0x000001ab062be940
Event: 118.390 Thread 0x000001ab062bf6e0 Thread added: 0x000001ab7ed2b170
Event: 118.633 Thread 0x000001ab7ed2b170 Thread exited: 0x000001ab7ed2b170
Event: 118.691 Thread 0x000001ab062bf6e0 Thread exited: 0x000001ab062bf6e0
Event: 119.314 Thread 0x000001ab55290450 Thread added: 0x000001ab05b123b0
Event: 119.476 Thread 0x000001ab05b123b0 Thread exited: 0x000001ab05b123b0
Event: 119.478 Thread 0x000001ab7f9cdb30 Thread exited: 0x000001ab7f9cdb30
Event: 119.478 Thread 0x000001ab7f9d57e0 Thread exited: 0x000001ab7f9d57e0
Event: 119.785 Thread 0x000001ab552b0d80 Thread added: 0x000001ab069e77d0
Event: 119.827 Thread 0x000001ab552b0d80 Thread added: 0x000001ab062be270
Event: 119.875 Thread 0x000001ab7c8dfe10 Thread added: 0x000001ab7b725920
Event: 120.049 Thread 0x000001ab7c8dfe10 Thread added: 0x000001ab7f9cdb30
Event: 120.110 Thread 0x000001ab7b724570 Thread added: 0x000001ab7f9c85e0
Event: 120.137 Thread 0x000001ab7f9c85e0 Thread exited: 0x000001ab7f9c85e0
Event: 120.359 Thread 0x000001ab7c8e6da0 Thread added: 0x000001ab7f9ce1c0
Event: 120.444 Thread 0x000001ab77b9e480 Thread added: 0x000001ab7f9c85e0
Event: 120.456 Thread 0x000001ab7f9c85e0 Thread exited: 0x000001ab7f9c85e0
Event: 120.840 Thread 0x000001ab7c8e0b30 Thread added: 0x000001ab7f9cad40
Event: 120.853 Thread 0x000001ab7b712b40 Thread added: 0x000001ab7f9d7220
Event: 120.857 Thread 0x000001ab7f9d7220 Thread exited: 0x000001ab7f9d7220


Dynamic libraries:
0x00007ff795600000 - 0x00007ff795610000 	C:\Program Files\Java\jdk-23\bin\java.exe
0x00007ffbc1fd0000 - 0x00007ffbc21e8000 	C:\Windows\SYSTEM32\ntdll.dll
0x00007ffbc0e20000 - 0x00007ffbc0ee4000 	C:\Windows\System32\KERNEL32.DLL
0x00007ffbbf790000 - 0x00007ffbbfb63000 	C:\Windows\System32\KERNELBASE.dll
0x00007ffbbf0e0000 - 0x00007ffbbf1f1000 	C:\Windows\System32\ucrtbase.dll
0x00007ffbacf00000 - 0x00007ffbacf17000 	C:\Program Files\Java\jdk-23\bin\jli.dll
0x00007ffb87350000 - 0x00007ffb8736b000 	C:\Program Files\Java\jdk-23\bin\VCRUNTIME140.dll
0x00007ffbbfc80000 - 0x00007ffbbfe32000 	C:\Windows\System32\USER32.dll
0x00007ffbbfc40000 - 0x00007ffbbfc66000 	C:\Windows\System32\win32u.dll
0x00007ffbc0bb0000 - 0x00007ffbc0bd9000 	C:\Windows\System32\GDI32.dll
0x00007ffbbf2c0000 - 0x00007ffbbf3db000 	C:\Windows\System32\gdi32full.dll
0x00007ffbadac0000 - 0x00007ffbadd5c000 	C:\Windows\WinSxS\amd64_microsoft.windows.common-controls_6595b64144ccf1df_6.0.22621.6060_none_2712eda17382d24b\COMCTL32.dll
0x00007ffbbfb70000 - 0x00007ffbbfc0a000 	C:\Windows\System32\msvcp_win.dll
0x00007ffbc0750000 - 0x00007ffbc07f7000 	C:\Windows\System32\msvcrt.dll
0x00007ffbc0870000 - 0x00007ffbc08a1000 	C:\Windows\System32\IMM32.DLL
0x00007ffbb59f0000 - 0x00007ffbb59fc000 	C:\Program Files\Java\jdk-23\bin\vcruntime140_1.dll
0x00007ffb55d00000 - 0x00007ffb55d8e000 	C:\Program Files\Java\jdk-23\bin\msvcp140.dll
0x00007ffaccc80000 - 0x00007ffacd9cf000 	C:\Program Files\Java\jdk-23\bin\server\jvm.dll
0x00007ffbc08b0000 - 0x00007ffbc0961000 	C:\Windows\System32\ADVAPI32.dll
0x00007ffbc0be0000 - 0x00007ffbc0c88000 	C:\Windows\System32\sechost.dll
0x00007ffbbfc10000 - 0x00007ffbbfc38000 	C:\Windows\System32\bcrypt.dll
0x00007ffbc0ce0000 - 0x00007ffbc0df8000 	C:\Windows\System32\RPCRT4.dll
0x00007ffbc12c0000 - 0x00007ffbc1331000 	C:\Windows\System32\WS2_32.dll
0x00007ffbbdf30000 - 0x00007ffbbdf7d000 	C:\Windows\SYSTEM32\POWRPROF.dll
0x00007ffbb5590000 - 0x00007ffbb55c4000 	C:\Windows\SYSTEM32\WINMM.dll
0x00007ffbb2390000 - 0x00007ffbb239a000 	C:\Windows\SYSTEM32\VERSION.dll
0x00007ffbbdf10000 - 0x00007ffbbdf23000 	C:\Windows\SYSTEM32\UMPDC.dll
0x00007ffbbe1b0000 - 0x00007ffbbe1c8000 	C:\Windows\SYSTEM32\kernel.appcore.dll
0x00007ffbb59a0000 - 0x00007ffbb59aa000 	C:\Program Files\Java\jdk-23\bin\jimage.dll
0x00007ffbbc5b0000 - 0x00007ffbbc7e3000 	C:\Windows\SYSTEM32\DBGHELP.DLL
0x00007ffbc1770000 - 0x00007ffbc1b01000 	C:\Windows\System32\combase.dll
0x00007ffbc0f10000 - 0x00007ffbc0fe8000 	C:\Windows\System32\OLEAUT32.dll
0x00007ffba34a0000 - 0x00007ffba34d2000 	C:\Windows\SYSTEM32\dbgcore.DLL
0x00007ffbbf710000 - 0x00007ffbbf78b000 	C:\Windows\System32\bcryptPrimitives.dll
0x00007ffb7eb90000 - 0x00007ffb7eb9f000 	C:\Program Files\Java\jdk-23\bin\instrument.dll
0x00007ffb860b0000 - 0x00007ffb860ce000 	C:\Program Files\Java\jdk-23\bin\java.dll
0x00007ffbc0ff0000 - 0x00007ffbc1191000 	C:\Windows\System32\ole32.dll
0x00007ffbbfe40000 - 0x00007ffbc06dc000 	C:\Windows\System32\SHELL32.dll
0x00007ffbbf3e0000 - 0x00007ffbbf51f000 	C:\Windows\System32\wintypes.dll
0x00007ffbbcff0000 - 0x00007ffbbd90a000 	C:\Windows\SYSTEM32\windows.storage.dll
0x00007ffbc0990000 - 0x00007ffbc0a94000 	C:\Windows\System32\SHCORE.dll
0x00007ffbc06e0000 - 0x00007ffbc0749000 	C:\Windows\System32\shlwapi.dll
0x00007ffbbf010000 - 0x00007ffbbf035000 	C:\Windows\SYSTEM32\profapi.dll
0x00007ffb55c20000 - 0x00007ffb55cf7000 	C:\Program Files\Java\jdk-23\bin\jsvml.dll
0x00007ffb7f610000 - 0x00007ffb7f627000 	C:\Program Files\Java\jdk-23\bin\zip.dll
0x00007ffbb0790000 - 0x00007ffbb07a0000 	C:\Program Files\Java\jdk-23\bin\net.dll
0x00007ffbbe690000 - 0x00007ffbbe6f9000 	C:\Windows\system32\mswsock.dll
0x00007ffb803b0000 - 0x00007ffb803c6000 	C:\Program Files\Java\jdk-23\bin\nio.dll
0x00007ffb87220000 - 0x00007ffb87230000 	C:\Program Files\Java\jdk-23\bin\verify.dll
0x00007ffb7bcb0000 - 0x00007ffb7bcd7000 	C:\Users\denis\.gradle\native\1def1411415f61bf3af743bc5b6707747c0891f09f0c88961ee8f79bc544acac\windows-amd64\native-platform.dll
0x00007ffb477a0000 - 0x00007ffb47818000 	C:\Users\denis\.gradle\native\0.2.7\x86_64-windows-gnu\gradle-fileevents.dll
0x00007ffb86e80000 - 0x00007ffb86e8a000 	C:\Program Files\Java\jdk-23\bin\management.dll
0x00007ffb84640000 - 0x00007ffb8464b000 	C:\Program Files\Java\jdk-23\bin\management_ext.dll
0x00007ffbc0e00000 - 0x00007ffbc0e08000 	C:\Windows\System32\PSAPI.DLL
0x00007ffbbdbe0000 - 0x00007ffbbdc0d000 	C:\Windows\SYSTEM32\IPHLPAPI.DLL
0x00007ffbc0e10000 - 0x00007ffbc0e19000 	C:\Windows\System32\NSI.dll
0x00007ffb7eba0000 - 0x00007ffb7eba9000 	C:\Program Files\Java\jdk-23\bin\extnet.dll
0x00007ffbbe8e0000 - 0x00007ffbbe8fb000 	C:\Windows\SYSTEM32\CRYPTSP.dll
0x00007ffbbe110000 - 0x00007ffbbe147000 	C:\Windows\system32\rsaenh.dll
0x00007ffbbe780000 - 0x00007ffbbe7a8000 	C:\Windows\SYSTEM32\USERENV.dll
0x00007ffbbe900000 - 0x00007ffbbe90c000 	C:\Windows\SYSTEM32\CRYPTBASE.dll
0x00007ffb7e9c0000 - 0x00007ffb7e9ce000 	C:\Program Files\Java\jdk-23\bin\sunmscapi.dll
0x00007ffbbf5a0000 - 0x00007ffbbf708000 	C:\Windows\System32\CRYPT32.dll
0x00007ffbbea80000 - 0x00007ffbbeaae000 	C:\Windows\SYSTEM32\ncrypt.dll
0x00007ffbbea40000 - 0x00007ffbbea77000 	C:\Windows\SYSTEM32\NTASN1.dll
0x00007ffb8f6c0000 - 0x00007ffb8f6c8000 	C:\Windows\system32\wshunix.dll
0x00007ffbbe2c0000 - 0x00007ffbbe2f4000 	C:\Windows\SYSTEM32\ntmarta.dll
0x00007ffbb61a0000 - 0x00007ffbb61a7000 	C:\Program Files\Java\jdk-23\bin\rmi.dll

dbghelp: loaded successfully - version: 4.0.5 - missing functions: none
symbol engine: initialized successfully - sym options: 0x614 - pdb path: .;C:\Program Files\Java\jdk-23\bin;C:\Windows\SYSTEM32;C:\Windows\WinSxS\amd64_microsoft.windows.common-controls_6595b64144ccf1df_6.0.22621.6060_none_2712eda17382d24b;C:\Program Files\Java\jdk-23\bin\server;C:\Users\denis\.gradle\native\1def1411415f61bf3af743bc5b6707747c0891f09f0c88961ee8f79bc544acac\windows-amd64;C:\Users\denis\.gradle\native\0.2.7\x86_64-windows-gnu

VM Arguments:
jvm_args: --add-opens=java.base/java.lang=ALL-UNNAMED --add-opens=java.base/java.lang.invoke=ALL-UNNAMED --add-opens=java.base/java.util=ALL-UNNAMED --add-opens=java.prefs/java.util.prefs=ALL-UNNAMED --add-exports=jdk.compiler/com.sun.tools.javac.api=ALL-UNNAMED --add-exports=jdk.compiler/com.sun.tools.javac.util=ALL-UNNAMED --add-opens=java.base/java.util=ALL-UNNAMED --add-opens=java.prefs/java.util.prefs=ALL-UNNAMED --add-opens=java.base/java.nio.charset=ALL-UNNAMED --add-opens=java.base/java.net=ALL-UNNAMED --add-opens=java.base/java.util.concurrent.atomic=ALL-UNNAMED --add-opens=java.xml/javax.xml.namespace=ALL-UNNAMED -XX:MaxMetaspaceSize=512m -Xmx2048m -Dfile.encoding=UTF-8 -Duser.country=IE -Duser.language=en -Duser.variant -javaagent:C:\Users\denis\.gradle\wrapper\dists\gradle-8.14.3-bin\cv11ve7ro1n3o1j4so8xd9n66\gradle-8.14.3\lib\agents\gradle-instrumentation-agent-8.14.3.jar 
java_command: org.gradle.launcher.daemon.bootstrap.GradleDaemon 8.14.3
java_class_path (initial): C:\Users\denis\.gradle\wrapper\dists\gradle-8.14.3-bin\cv11ve7ro1n3o1j4so8xd9n66\gradle-8.14.3\lib\gradle-daemon-main-8.14.3.jar
Launcher Type: SUN_STANDARD

[Global flags]
     intx CICompilerCount                          = 4                                         {product} {ergonomic}
   size_t CompressedClassSpaceSize                 = 436207616                                 {product} {ergonomic}
     uint ConcGCThreads                            = 3                                         {product} {ergonomic}
     uint G1ConcRefinementThreads                  = 10                                        {product} {ergonomic}
   size_t G1HeapRegionSize                         = 1048576                                   {product} {ergonomic}
   size_t InitialHeapSize                          = 532676608                                 {product} {ergonomic}
   size_t MarkStackSize                            = 4194304                                   {product} {ergonomic}
   size_t MarkStackSizeMax                         = 536870912                                 {product} {ergonomic}
   size_t MaxHeapSize                              = 2147483648                                {product} {command line}
   size_t MaxMetaspaceSize                         = 536870912                                 {product} {command line}
   size_t MaxNewSize                               = 1287651328                                {product} {ergonomic}
   size_t MinHeapDeltaBytes                        = 1048576                                   {product} {ergonomic}
   size_t MinHeapSize                              = 8388608                                   {product} {ergonomic}
    uintx NonNMethodCodeHeapSize                   = 5832704                                {pd product} {ergonomic}
    uintx NonProfiledCodeHeapSize                  = 122945536                              {pd product} {ergonomic}
    uintx ProfiledCodeHeapSize                     = 122880000                              {pd product} {ergonomic}
    uintx ReservedCodeCacheSize                    = 251658240                              {pd product} {ergonomic}
     bool SegmentedCodeCache                       = true                                      {product} {ergonomic}
   size_t SoftMaxHeapSize                          = 2147483648                             {manageable} {ergonomic}
     bool UseCompressedOops                        = true                           {product lp64_product} {ergonomic}
     bool UseG1GC                                  = true                                      {product} {ergonomic}
     bool UseLargePagesIndividualAllocation        = false                                  {pd product} {ergonomic}

Logging:
Log output configuration:
 #0: stdout all=warning uptime,level,tags foldmultilines=false
 #1: stderr all=off uptime,level,tags foldmultilines=false

Environment Variables:
PATH=C:\Program Files (x86)\VMware\VMware Workstation\bin\;c:\Users\denis\AppData\Local\Programs\cursor\resources\app\bin;c:\Users\denis\AppData\Local\Programs\cursor\resources\app\bin;C:\Users\denis\AppData\Local\Thorium\Application;C:\Python313\Scripts\;C:\Python313\;c:\Users\denis\AppData\Local\Programs\cursor\resources\app\bin;C:\Program Files\Common Files\Oracle\Java\javapath;C:\Windows\system32;C:\Windows;C:\Windows\System32\Wbem;C:\Windows\System32\WindowsPowerShell\v1.0\;C:\Windows\System32\OpenSSH\;C:\Program Files (x86)\NVIDIA Corporation\PhysX\Common;C:\Program Files\dotnet\;C:\Program Files\Git\cmd;C:\Users\denis\AppData\Local\Microsoft\WindowsApps;C:\Program Files\JetBrains\IntelliJ IDEA Community Edition 2024.3\bin;c:\Users\denis\AppData\Local\Programs\cursor\resources\app\bin;C:\ProgramData\chocolatey\bin;C:\Program Files\PostgreSQL\17\bin;C:\Users\denis\AppData\Local\GitHubDesktop\bin;C:\Users\denis\AppData\Local\Programs\cursor\resources\app\bin;c:\Users\denis\AppData\Lo;C:\Program Files\Docker\Docker\resources\bin;C:\Program Files\NVIDIA Corporation\NVIDIA App\NvDLISR;C:\Program Files\Go\bin;C:\Program Files\Mullvad VPN\resources;C:\Users\denis\AppData\Local\nvm;C:\nvm4w\nodejs;C:\Program Files\Wolfram Research\WolframScript\;C:\Users\denis\scoop\shims;C:\Program Files (x86)\VMware\VMware Workstation\bin\;c:\Users\denis\AppData\Local\Programs\cursor\resources\app\bin;c:\Users\denis\AppData\Local\Programs\cursor\resources\app\bin;C:\Users\denis\AppData\Local\Thorium\Application;C:\Python313\Scripts\;C:\Python313\;c:\Users\denis\AppData\Local\Programs\cursor\resources\app\bin;C:\Program Files\Common Files\Oracle\Java\javapath;C:\Windows\system32;C:\Windows;C:\Windows\System32\Wbem;C:\Windows\System32\WindowsPowerShell\v1.0\;C:\Windows\System32\OpenSSH\;C:\Program Files (x86)\NVIDIA Corporation\PhysX\Common;C:\Program Files\dotnet\;C:\Program Files\Git\cmd;C:\Users\denis\AppData\Local\Microsoft\WindowsApps;C:\Program Files\JetBrains\IntelliJ IDEA Community Edition 2024.3\bin;c:\Users\denis\AppData\Local\Programs\cursor\resources\app\bin;C:\ProgramData\chocolatey\bin;C:\Program Files\PostgreSQL\17\bin;C:\Users\denis\AppData\Local\GitHubDesktop\bin;C:\Users\denis\AppData\Local\Programs\cursor\resources\app\bin;c:\Users\denis\AppData\Lo;C:\Program Files\Docker\Docker\resources\bin;C:\Program Files\NVIDIA Corporation\NVIDIA App\NvDLISR;C:\Program Files\Go\bin;C:\Program Files\Mullvad VPN\resources;C:\Users\denis\AppData\Local\nvm;C:\nvm4w\nodejs;C:\Program Files\Wolfram Research\WolframScript\;C:\Users\denis\.local\bin;C:\Ruby34-x64\bin;C:\Users\denis\AppData\Local\Android\Sdk\platform-tools;C:\Users\denis\AppData\Local\Android\Sdk\platform-tools;C:\Users\denis\AppData\Local\Programs\Microsoft VS Code\bin;C:\Program Files\JetBrains\IntelliJ IDEA Community Edition 2025.2.3\bin;C:\Users\denis\.dotnet\tools;C:\Users\denis\go\bin;C:\Users\denis\AppData\Local\JetBrains\Toolbox\scripts;C:\Program Files\JetBrains\IntelliJ IDEA 2025.2.4\bin;C:\Users\denis\AppData\Roaming\npm;C:\Users\denis\AppData\Local\Programs\Antigravity\bin;c:\program files (x86)\steam\ext\bin;C:\Android\Sdk\platform-tools;C:\Android\Sdk\cmdline-tools\latest\bin;;C:\Android\Sdk\platform-tools;C:\Android\Sdk\cmdline-tools\latest\bin;C:\Program Files\JetBrains\CLion 2025.3.2\bin
USERNAME=denis
OS=Windows_NT
PROCESSOR_IDENTIFIER=Intel64 Family 6 Model 186 Stepping 2, GenuineIntel
TMP=C:\Users\denis\AppData\Local\Temp
TEMP=C:\Users\denis\AppData\Local\Temp




Periodic native trim disabled

---------------  S Y S T E M  ---------------

OS:
 Windows 11 , 64 bit Build 22621 (10.0.22621.5415)
OS uptime: 0 days 6:21 hours

CPU: total 12 (initial active 12) (6 cores per cpu, 2 threads per core) family 6 model 186 stepping 2 microcode 0x5103, cx8, cmov, fxsr, ht, mmx, 3dnowpref, sse, sse2, sse3, ssse3, sse4.1, sse4.2, popcnt, lzcnt, tsc, tscinvbit, avx, avx2, aes, erms, clmul, bmi1, bmi2, adx, sha, fma, vzeroupper, clflush, clflushopt, clwb, serialize, rdtscp, rdpid, fsrm, gfni, f16c, pku, cet_ibt, cet_ss
Processor Information for the first 12 processors :
  Max Mhz: 2100, Current Mhz: 2100, Mhz Limit: 2100

Memory: 4k page, system-wide physical 32471M (9665M free)
TotalPageFile size 32471M (AvailPageFile size 17M)
current process WorkingSet (physical memory assigned to process): 1290M, peak: 1291M
current process commit charge ("private bytes"): 1346M, peak: 1348M

vm_info: Java HotSpot(TM) 64-Bit Server VM (23.0.1+11-39) for windows-amd64 JRE (23.0.1+11-39), built on 2024-09-30T07:20:43Z with MS VC++ 17.6 (VS2022)

END.
