#
# There is insufficient memory for the Java Runtime Environment to continue.
# Native memory allocation (mmap) failed to map 65536 bytes. Error detail: Failed to commit metaspace.
# Possible reasons:
#   The system is out of physical RAM or swap space
#   This process is running with CompressedOops enabled, and the Java Heap may be blocking the growth of the native heap
# Possible solutions:
#   Reduce memory load on the system
#   Increase physical memory or swap space
#   Check if swap backing store is full
#   Decrease Java heap size (-Xmx/-Xms)
#   Decrease number of Java threads
#   Decrease Java thread stack sizes (-Xss)
#   Set larger code cache with -XX:ReservedCodeCacheSize=
#   JVM is running with Unscaled Compressed Oops mode in which the Java heap is
#     placed in the first 4GB address space. The Java Heap base address is the
#     maximum limit for the native heap growth. Please use -XX:HeapBaseMinAddress
#     to set the Java Heap base and to place the Java Heap above 4GB virtual address.
# This output file may be truncated or incomplete.
#
#  Out of Memory Error (virtualSpaceNode.cpp:113), pid=34100, tid=32224
#
# JRE version: Java(TM) SE Runtime Environment (23.0.1+11) (build 23.0.1+11-39)
# Java VM: Java HotSpot(TM) 64-Bit Server VM (23.0.1+11-39, mixed mode, sharing, tiered, compressed oops, compressed class ptrs, g1 gc, windows-amd64)
# No core dump will be written. Minidumps are not enabled by default on client versions of Windows
#

---------------  S U M M A R Y ------------

Command Line: --add-opens=java.base/java.lang=ALL-UNNAMED --add-opens=java.base/java.lang.invoke=ALL-UNNAMED --add-opens=java.base/java.util=ALL-UNNAMED --add-opens=java.prefs/java.util.prefs=ALL-UNNAMED --add-exports=jdk.compiler/com.sun.tools.javac.api=ALL-UNNAMED --add-exports=jdk.compiler/com.sun.tools.javac.util=ALL-UNNAMED --add-opens=java.base/java.util=ALL-UNNAMED --add-opens=java.prefs/java.util.prefs=ALL-UNNAMED --add-opens=java.base/java.nio.charset=ALL-UNNAMED --add-opens=java.base/java.net=ALL-UNNAMED --add-opens=java.base/java.util.concurrent.atomic=ALL-UNNAMED --add-opens=java.xml/javax.xml.namespace=ALL-UNNAMED -XX:MaxMetaspaceSize=512m -Xmx2048m -Dfile.encoding=UTF-8 -Duser.country=IE -Duser.language=en -Duser.variant -javaagent:C:\Users\denis\.gradle\wrapper\dists\gradle-8.14.3-bin\cv11ve7ro1n3o1j4so8xd9n66\gradle-8.14.3\lib\agents\gradle-instrumentation-agent-8.14.3.jar org.gradle.launcher.daemon.bootstrap.GradleDaemon 8.14.3

Host: 13th Gen Intel(R) Core(TM) i5-13420H, 12 cores, 31G,  Windows 11 , 64 bit Build 22621 (10.0.22621.5415)
Time: Thu Feb  5 23:16:47 2026 GMT Standard Time elapsed time: 718.935930 seconds (0d 0h 11m 58s)

---------------  T H R E A D  ---------------

Current thread (0x0000027ac19a58e0):  JavaThread "Execution worker Thread 3"        [_thread_in_vm, id=32224, stack(0x000000c26f900000,0x000000c26fa00000) (1024K)]

Stack: [0x000000c26f900000,0x000000c26fa00000]
Native frames: (J=compiled Java code, j=interpreted, Vv=VM code, C=native code)
V  [jvm.dll+0x6e08b9]  (no source info available)
V  [jvm.dll+0x87dc83]  (no source info available)
V  [jvm.dll+0x88010e]  (no source info available)
V  [jvm.dll+0x8807e3]  (no source info available)
V  [jvm.dll+0x27aee6]  (no source info available)
V  [jvm.dll+0x87988e]  (no source info available)
V  [jvm.dll+0x682035]  (no source info available)
V  [jvm.dll+0x1e09dc]  (no source info available)
V  [jvm.dll+0x1e07ae]  (no source info available)
V  [jvm.dll+0x684988]  (no source info available)
V  [jvm.dll+0x2219dc]  (no source info available)
V  [jvm.dll+0x682a4e]  (no source info available)
V  [jvm.dll+0x266407]  (no source info available)
V  [jvm.dll+0x20dd18]  (no source info available)
V  [jvm.dll+0x2129e0]  (no source info available)
V  [jvm.dll+0x20811e]  (no source info available)
V  [jvm.dll+0x5be6df]  (no source info available)
V  [jvm.dll+0x7f3ad6]  (no source info available)
V  [jvm.dll+0x475cf6]  (no source info available)
V  [jvm.dll+0x47bb98]  (no source info available)
C  [java.dll+0x17d4]  (no source info available)
C  0x0000027aea0fea7c  (no source info available)

The last pc belongs to native nmethod (printed below).
Java frames: (J=compiled Java code, j=interpreted, Vv=VM code)
J 838  java.lang.ClassLoader.defineClass1(Ljava/lang/ClassLoader;Ljava/lang/String;[BIILjava/security/ProtectionDomain;Ljava/lang/String;)Ljava/lang/Class; java.base@23.0.1 (0 bytes) @ 0x0000027aea0fe9e1 [0x0000027aea0fe920+0x00000000000000c1]
J 31158 c2 java.net.URLClassLoader.findClass(Ljava/lang/String;)Ljava/lang/Class; java.base@23.0.1 (47 bytes) @ 0x0000027aead389d8 [0x0000027aead38040+0x0000000000000998]
J 55883 c2 org.gradle.internal.classloader.VisitableURLClassLoader$InstrumentingVisitableURLClassLoader.findClass(Ljava/lang/String;)Ljava/lang/Class; (36 bytes) @ 0x0000027aeab23cd8 [0x0000027aeab23980+0x0000000000000358]
J 11111 c2 java.lang.ClassLoader.loadClass(Ljava/lang/String;Z)Ljava/lang/Class; java.base@23.0.1 (121 bytes) @ 0x0000027aea3252bc [0x0000027aea322aa0+0x000000000000281c]
J 3926 c2 java.lang.ClassLoader.loadClass(Ljava/lang/String;)Ljava/lang/Class; java.base@23.0.1 (7 bytes) @ 0x0000027aea270f3c [0x0000027aea270f00+0x000000000000003c]
v  ~StubRoutines::call_stub 0x0000027ae9b20fcd
j  com.android.tools.r8.internal.W9.a(Lcom/android/tools/r8/internal/nB;Lcom/android/tools/r8/internal/xb;Lcom/android/tools/r8/internal/kb;)V+61
J 62319 c1 com.android.tools.r8.internal.kb.a(Lcom/android/tools/r8/internal/nB;IZ)V (1189 bytes) @ 0x0000027ae40a9c54 [0x0000027ae40a57c0+0x0000000000004494]
j  com.android.tools.r8.internal.nB.a(Lcom/android/tools/r8/graph/K5;Lcom/android/tools/r8/internal/sX$a;)Lcom/android/tools/r8/internal/sB;+1229
j  com.android.tools.r8.graph.G.a(Ljava/util/List;Lcom/android/tools/r8/graph/K5;Lcom/android/tools/r8/graph/K5;Lcom/android/tools/r8/graph/y;Lcom/android/tools/r8/internal/Uz;Lcom/android/tools/r8/internal/o20;Lcom/android/tools/r8/internal/q70;Lcom/android/tools/r8/graph/proto/j;Lcom/android/tools/r8/internal/sX$a;)Lcom/android/tools/r8/internal/sB;+78
j  com.android.tools.r8.graph.G.a(Lcom/android/tools/r8/graph/K5;Lcom/android/tools/r8/graph/y;Lcom/android/tools/r8/internal/sX$a;)Lcom/android/tools/r8/internal/sB;+102
j  com.android.tools.r8.graph.x4.a(Lcom/android/tools/r8/graph/K5;Lcom/android/tools/r8/graph/y;Lcom/android/tools/r8/internal/sX$a;)Lcom/android/tools/r8/internal/sB;+7
j  com.android.tools.r8.graph.K5.a(Lcom/android/tools/r8/graph/y;Lcom/android/tools/r8/internal/sX$a;)Lcom/android/tools/r8/internal/sB;+22
j  com.android.tools.r8.internal.xB.c(Lcom/android/tools/r8/graph/K5;Lcom/android/tools/r8/internal/Z40;Lcom/android/tools/r8/internal/RX;Lcom/android/tools/r8/internal/Lf;Lcom/android/tools/r8/internal/sX$a;Lcom/android/tools/r8/internal/at0;)Lcom/android/tools/r8/internal/at0;+149
j  com.android.tools.r8.internal.i80.a(Lcom/android/tools/r8/graph/K5;Lcom/android/tools/r8/internal/ga;Lcom/android/tools/r8/internal/Z40;Lcom/android/tools/r8/internal/RX;Lcom/android/tools/r8/internal/Lf;Lcom/android/tools/r8/internal/at0;)Lcom/android/tools/r8/internal/at0;+97
j  com.android.tools.r8.internal.i80$$Lambda+0x0000027a832654b8.get()Ljava/lang/Object;+28
j  com.android.tools.r8.internal.xv.a(Lcom/android/tools/r8/origin/Origin;Lcom/android/tools/r8/position/Position;Ljava/util/function/Supplier;)Ljava/lang/Object;+1
j  com.android.tools.r8.internal.i80.a(Lcom/android/tools/r8/graph/K5;Lcom/android/tools/r8/internal/ga;Lcom/android/tools/r8/internal/Z40;Lcom/android/tools/r8/internal/Pi;Lcom/android/tools/r8/internal/Lf;Lcom/android/tools/r8/internal/at0;)V+42
j  com.android.tools.r8.internal.Pi.a(Lcom/android/tools/r8/graph/K5;Lcom/android/tools/r8/internal/ga;Lcom/android/tools/r8/internal/at0;)V+944
j  com.android.tools.r8.internal.i80.a(Lcom/android/tools/r8/graph/H2;Lcom/android/tools/r8/internal/ga;Lcom/android/tools/r8/internal/Pi;Lcom/android/tools/r8/internal/mJ;Lcom/android/tools/r8/internal/at0;)V+86
j  com.android.tools.r8.internal.Pc.a(Lcom/android/tools/r8/graph/H2;Lcom/android/tools/r8/internal/ga;Lcom/android/tools/r8/internal/at0;)V+28
j  com.android.tools.r8.internal.Nc.a(Lcom/android/tools/r8/internal/ga;Lcom/android/tools/r8/graph/H2;)Lcom/android/tools/r8/internal/at0;+22
j  com.android.tools.r8.internal.Pc.b(Lcom/android/tools/r8/internal/ga;Lcom/android/tools/r8/graph/H2;)Lcom/android/tools/r8/internal/at0;+3
j  com.android.tools.r8.internal.Pc$$Lambda+0x0000027a83262dc0.apply(Ljava/lang/Object;)Ljava/lang/Object;+12
j  com.android.tools.r8.internal.Fs0.a(Lcom/android/tools/r8/internal/Ss0;Ljava/lang/Object;I)Ljava/lang/Object;+2
j  com.android.tools.r8.internal.Fs0$$Lambda+0x0000027a83260650.a(Ljava/lang/Object;I)Ljava/lang/Object;+6
j  com.android.tools.r8.internal.Fs0.a(Lcom/android/tools/r8/internal/Xs0;Ljava/lang/Object;I)Ljava/lang/Object;+3
j  com.android.tools.r8.internal.Fs0$$Lambda+0x0000027a831a1da0.call()Ljava/lang/Object;+12
j  com.google.common.util.concurrent.TrustedListenableFutureTask$TrustedFutureInterruptibleTask.runInterruptibly()Ljava/lang/Object;+4
j  com.google.common.util.concurrent.InterruptibleTask.run()V+37
j  com.google.common.util.concurrent.TrustedListenableFutureTask.run()V+10
j  com.google.common.util.concurrent.MoreExecutors$DirectExecutorService.execute(Ljava/lang/Runnable;)V+5
j  java.util.concurrent.AbstractExecutorService.submit(Ljava/util/concurrent/Callable;)Ljava/util/concurrent/Future;+20 java.base@23.0.1
j  com.google.common.util.concurrent.AbstractListeningExecutorService.submit(Ljava/util/concurrent/Callable;)Lcom/google/common/util/concurrent/ListenableFuture;+2
j  com.google.common.util.concurrent.AbstractListeningExecutorService.submit(Ljava/util/concurrent/Callable;)Ljava/util/concurrent/Future;+2
j  com.android.tools.r8.internal.Gs0.submit(Ljava/util/concurrent/Callable;Ljava/util/concurrent/ExecutorService;)Ljava/util/concurrent/Future;+2
j  com.android.tools.r8.internal.ss0.a(Ljava/util/concurrent/Callable;)V+13
j  com.android.tools.r8.internal.Fs0.a(Lcom/android/tools/r8/internal/ss0;Lcom/android/tools/r8/internal/Xs0;ILjava/lang/Object;)V+16
j  com.android.tools.r8.internal.Fs0$$Lambda+0x0000027a831a14f0.a(ILjava/lang/Object;)V+10
j  com.android.tools.r8.internal.my.a(Lcom/android/tools/r8/internal/mI;Lcom/android/tools/r8/internal/VH;Ljava/lang/Object;)V+6
j  com.android.tools.r8.internal.my$$Lambda+0x0000027a831a1b68.accept(Ljava/lang/Object;)V+9
J 43238 c2 java.util.ArrayList.forEach(Ljava/util/function/Consumer;)V java.base@23.0.1 (74 bytes) @ 0x0000027aea6f633c [0x0000027aea6f62a0+0x000000000000009c]
j  com.android.tools.r8.internal.Fs0$$Lambda+0x0000027a83260878.forEach(Ljava/util/function/Consumer;)V+5
j  com.android.tools.r8.internal.my.a(Lcom/android/tools/r8/internal/mI;)V+14
j  com.android.tools.r8.internal.Fs0.a(Lcom/android/tools/r8/internal/my;Lcom/android/tools/r8/internal/Xs0;Ljava/util/function/Predicate;Lcom/android/tools/r8/threading/ThreadingModule;Ljava/util/concurrent/ExecutorService;)Ljava/util/ArrayList;+25
j  com.android.tools.r8.internal.Fs0.a(Ljava/lang/Iterable;Lcom/android/tools/r8/internal/Xs0;Lcom/android/tools/r8/threading/ThreadingModule;Ljava/util/concurrent/ExecutorService;)Ljava/util/ArrayList;+15
j  com.android.tools.r8.internal.Fs0.a(Ljava/lang/Iterable;Lcom/android/tools/r8/internal/Ss0;Lcom/android/tools/r8/threading/ThreadingModule;Ljava/util/concurrent/ExecutorService;)Ljava/util/ArrayList;+9
j  com.android.tools.r8.internal.Pc.a(Lcom/android/tools/r8/internal/Qc;Ljava/util/concurrent/ExecutorService;Lcom/android/tools/r8/internal/at0;)V+577
j  com.android.tools.r8.internal.i80.a(Lcom/android/tools/r8/graph/y;Ljava/util/concurrent/ExecutorService;)V+200
j  com.android.tools.r8.D8.d(Lcom/android/tools/r8/utils/i;Lcom/android/tools/r8/internal/QJ;Ljava/util/concurrent/ExecutorService;)V+397
j  com.android.tools.r8.D8.b(Lcom/android/tools/r8/utils/i;Lcom/android/tools/r8/internal/QJ;Ljava/util/concurrent/ExecutorService;)V+3
j  com.android.tools.r8.D8$$Lambda+0x0000027a83123080.run()V+12
j  com.android.tools.r8.internal.xv.a(Lcom/android/tools/r8/internal/yg0;Lcom/android/tools/r8/internal/xv$a;)V+2
j  com.android.tools.r8.internal.xv.b(Lcom/android/tools/r8/internal/yg0;Lcom/android/tools/r8/internal/xv$a;)V+2
j  com.android.tools.r8.D8.run(Lcom/android/tools/r8/D8Command;Ljava/util/concurrent/ExecutorService;)V+22
j  com.android.builder.dexing.D8DexArchiveBuilder.convert(Ljava/util/stream/Stream;Ljava/nio/file/Path;Ljava/nio/file/Path;Lcom/android/builder/dexing/DependencyGraphUpdater;)V+298
j  com.android.build.gradle.internal.dependency.BaseDexingTransform.process(Ljava/io/File;Lkotlin/jvm/functions/Function2;Ljava/util/List;Ljava/io/File;Ljava/io/File;ZLcom/android/build/gradle/internal/dependency/DesugarGraph;)V+795
j  com.android.build.gradle.internal.dependency.BaseDexingTransform.processNonIncrementally(Ljava/io/File;Ljava/util/List;Ljava/io/File;Ljava/io/File;ZLjava/io/File;)V+112
j  com.android.build.gradle.internal.dependency.BaseDexingTransform.transform(Lorg/gradle/api/artifacts/transform/TransformOutputs;)V+367
j  org.gradle.api.internal.artifacts.transform.DefaultTransform.transform(Lorg/gradle/api/provider/Provider;Ljava/io/File;Lorg/gradle/api/internal/artifacts/transform/TransformDependencies;Lorg/gradle/work/InputChanges;)Lorg/gradle/api/internal/artifacts/transform/TransformExecutionResult;+42
j  org.gradle.api.internal.artifacts.transform.AbstractTransformExecution$2.call(Lorg/gradle/internal/operations/BuildOperationContext;)Lorg/gradle/api/internal/artifacts/transform/TransformExecutionResult;+96
j  org.gradle.api.internal.artifacts.transform.AbstractTransformExecution$2.call(Lorg/gradle/internal/operations/BuildOperationContext;)Ljava/lang/Object;+2
J 32099 c2 org.gradle.internal.operations.DefaultBuildOperationRunner$CallableBuildOperationWorker.execute(Lorg/gradle/internal/operations/BuildOperation;Lorg/gradle/internal/operations/BuildOperationContext;)V (10 bytes) @ 0x0000027aeadd8188 [0x0000027aeadd8120+0x0000000000000068]
J 42342 c2 org.gradle.internal.operations.DefaultBuildOperationRunner$2.execute(Lorg/gradle/internal/operations/BuildOperationDescriptor;Lorg/gradle/internal/operations/BuildOperationState;Lorg/gradle/internal/operations/BuildOperationState;Lorg/gradle/internal/operations/DefaultBuildOperationRunner$ReadableBuildOperationContext;Lorg/gradle/internal/operations/DefaultBuildOperationRunner$BuildOperationExecutionListener;)Ljava/lang/Object; (12 bytes) @ 0x0000027aea21a744 [0x0000027aea21a6a0+0x00000000000000a4]
J 43770 c2 org.gradle.internal.operations.DefaultBuildOperationRunner.execute(Lorg/gradle/internal/operations/BuildOperationDescriptor$Builder;Lorg/gradle/internal/operations/BuildOperationState;Lorg/gradle/internal/operations/DefaultBuildOperationRunner$BuildOperationExecution;)Ljava/lang/Object; (147 bytes) @ 0x0000027aea37f534 [0x0000027aea37ed40+0x00000000000007f4]
J 32155 c2 org.gradle.internal.operations.DefaultBuildOperationRunner.call(Lorg/gradle/internal/operations/CallableBuildOperation;)Ljava/lang/Object; (24 bytes) @ 0x0000027aeaddea1c [0x0000027aeadde860+0x00000000000001bc]
j  org.gradle.api.internal.artifacts.transform.AbstractTransformExecution.executeWithinTransformerListener(Lorg/gradle/internal/execution/UnitOfWork$ExecutionRequest;)Lorg/gradle/internal/execution/UnitOfWork$WorkOutput;+13
j  org.gradle.api.internal.artifacts.transform.AbstractTransformExecution.execute(Lorg/gradle/internal/execution/UnitOfWork$ExecutionRequest;)Lorg/gradle/internal/execution/UnitOfWork$WorkOutput;+19
j  org.gradle.internal.execution.steps.ExecuteStep.executeInternal(Lorg/gradle/internal/execution/UnitOfWork;Lorg/gradle/internal/execution/steps/InputChangesContext;)Lorg/gradle/internal/execution/steps/Result;+16
j  org.gradle.internal.execution.steps.ExecuteStep.access$000(Lorg/gradle/internal/execution/UnitOfWork;Lorg/gradle/internal/execution/steps/InputChangesContext;)Lorg/gradle/internal/execution/steps/Result;+2
j  org.gradle.internal.execution.steps.ExecuteStep$1.call(Lorg/gradle/internal/operations/BuildOperationContext;)Lorg/gradle/internal/execution/steps/Result;+8
j  org.gradle.internal.execution.steps.ExecuteStep$1.call(Lorg/gradle/internal/operations/BuildOperationContext;)Ljava/lang/Object;+2
J 32099 c2 org.gradle.internal.operations.DefaultBuildOperationRunner$CallableBuildOperationWorker.execute(Lorg/gradle/internal/operations/BuildOperation;Lorg/gradle/internal/operations/BuildOperationContext;)V (10 bytes) @ 0x0000027aeadd8188 [0x0000027aeadd8120+0x0000000000000068]
J 42342 c2 org.gradle.internal.operations.DefaultBuildOperationRunner$2.execute(Lorg/gradle/internal/operations/BuildOperationDescriptor;Lorg/gradle/internal/operations/BuildOperationState;Lorg/gradle/internal/operations/BuildOperationState;Lorg/gradle/internal/operations/DefaultBuildOperationRunner$ReadableBuildOperationContext;Lorg/gradle/internal/operations/DefaultBuildOperationRunner$BuildOperationExecutionListener;)Ljava/lang/Object; (12 bytes) @ 0x0000027aea21a744 [0x0000027aea21a6a0+0x00000000000000a4]
J 43770 c2 org.gradle.internal.operations.DefaultBuildOperationRunner.execute(Lorg/gradle/internal/operations/BuildOperationDescriptor$Builder;Lorg/gradle/internal/operations/BuildOperationState;Lorg/gradle/internal/operations/DefaultBuildOperationRunner$BuildOperationExecution;)Ljava/lang/Object; (147 bytes) @ 0x0000027aea37f534 [0x0000027aea37ed40+0x00000000000007f4]
J 32155 c2 org.gradle.internal.operations.DefaultBuildOperationRunner.call(Lorg/gradle/internal/operations/CallableBuildOperation;)Ljava/lang/Object; (24 bytes) @ 0x0000027aeaddea1c [0x0000027aeadde860+0x00000000000001bc]
j  org.gradle.internal.execution.steps.ExecuteStep.execute(Lorg/gradle/internal/execution/UnitOfWork;Lorg/gradle/internal/execution/steps/ChangingOutputsContext;)Lorg/gradle/internal/execution/steps/Result;+28
j  org.gradle.internal.execution.steps.ExecuteStep.execute(Lorg/gradle/internal/execution/UnitOfWork;Lorg/gradle/internal/execution/steps/Context;)Lorg/gradle/internal/execution/steps/Result;+6
j  org.gradle.internal.execution.steps.CancelExecutionStep.execute(Lorg/gradle/internal/execution/UnitOfWork;Lorg/gradle/internal/execution/steps/Context;)Lorg/gradle/internal/execution/steps/Result;+35
j  org.gradle.internal.execution.steps.TimeoutStep.executeWithoutTimeout(Lorg/gradle/internal/execution/UnitOfWork;Lorg/gradle/internal/execution/steps/Context;)Lorg/gradle/internal/execution/steps/Result;+6
j  org.gradle.internal.execution.steps.TimeoutStep.execute(Lorg/gradle/internal/execution/UnitOfWork;Lorg/gradle/internal/execution/steps/Context;)Lorg/gradle/internal/execution/steps/Result;+92
j  org.gradle.internal.execution.steps.PreCreateOutputParentsStep.execute(Lorg/gradle/internal/execution/UnitOfWork;Lorg/gradle/internal/execution/steps/ChangingOutputsContext;)Lorg/gradle/internal/execution/steps/Result;+24
j  org.gradle.internal.execution.steps.PreCreateOutputParentsStep.execute(Lorg/gradle/internal/execution/UnitOfWork;Lorg/gradle/internal/execution/steps/Context;)Lorg/gradle/internal/execution/steps/Result;+6
j  org.gradle.internal.execution.steps.RemovePreviousOutputsStep.execute(Lorg/gradle/internal/execution/UnitOfWork;Lorg/gradle/internal/execution/steps/ChangingOutputsContext;)Lorg/gradle/internal/execution/steps/Result;+57
j  org.gradle.internal.execution.steps.RemovePreviousOutputsStep.execute(Lorg/gradle/internal/execution/UnitOfWork;Lorg/gradle/internal/execution/steps/Context;)Lorg/gradle/internal/execution/steps/Result;+6
j  org.gradle.internal.execution.steps.BroadcastChangingOutputsStep.execute(Lorg/gradle/internal/execution/UnitOfWork;Lorg/gradle/internal/execution/steps/InputChangesContext;)Lorg/gradle/internal/execution/steps/Result;+53
j  org.gradle.internal.execution.steps.BroadcastChangingOutputsStep.execute(Lorg/gradle/internal/execution/UnitOfWork;Lorg/gradle/internal/execution/steps/Context;)Lorg/gradle/internal/execution/steps/Result;+6
j  org.gradle.internal.execution.steps.CaptureOutputsAfterExecutionStep.execute(Lorg/gradle/internal/execution/UnitOfWork;Lorg/gradle/internal/execution/steps/WorkspaceContext;)Lorg/gradle/internal/execution/steps/AfterExecutionResult;+6
j  org.gradle.internal.execution.steps.CaptureOutputsAfterExecutionStep.execute(Lorg/gradle/internal/execution/UnitOfWork;Lorg/gradle/internal/execution/steps/Context;)Lorg/gradle/internal/execution/steps/Result;+6
j  org.gradle.internal.execution.steps.ResolveInputChangesStep.execute(Lorg/gradle/internal/execution/UnitOfWork;Lorg/gradle/internal/execution/steps/IncrementalCachingContext;)Lorg/gradle/internal/execution/steps/Result;+22
j  org.gradle.internal.execution.steps.ResolveInputChangesStep.execute(Lorg/gradle/internal/execution/UnitOfWork;Lorg/gradle/internal/execution/steps/Context;)Lorg/gradle/internal/execution/steps/Result;+6
j  org.gradle.internal.execution.steps.BuildCacheStep.executeWithoutCache(Lorg/gradle/internal/execution/UnitOfWork;Lorg/gradle/internal/execution/steps/WorkspaceContext;)Lorg/gradle/internal/execution/steps/AfterExecutionResult;+6
j  org.gradle.internal.execution.steps.BuildCacheStep.lambda$execute$1(Lorg/gradle/internal/execution/UnitOfWork;Lorg/gradle/internal/execution/steps/WorkspaceContext;Lorg/gradle/internal/execution/caching/CachingState$Disabled;)Lorg/gradle/internal/execution/steps/AfterExecutionResult;+3
j  org.gradle.internal.execution.steps.BuildCacheStep$$Lambda+0x0000027a814ccae0.apply(Ljava/lang/Object;)Ljava/lang/Object;+16
j  org.gradle.internal.Either$Right.fold(Ljava/util/function/Function;Ljava/util/function/Function;)Ljava/lang/Object;+5
j  org.gradle.internal.execution.caching.CachingState.fold(Ljava/util/function/Function;Ljava/util/function/Function;)Ljava/lang/Object;+6
j  org.gradle.internal.execution.steps.BuildCacheStep.execute(Lorg/gradle/internal/execution/UnitOfWork;Lorg/gradle/internal/execution/steps/WorkspaceContext;)Lorg/gradle/internal/execution/steps/AfterExecutionResult;+25
j  org.gradle.internal.execution.steps.BuildCacheStep.execute(Lorg/gradle/internal/execution/UnitOfWork;Lorg/gradle/internal/execution/steps/Context;)Lorg/gradle/internal/execution/steps/Result;+6
j  org.gradle.internal.execution.steps.StoreExecutionStateStep.execute(Lorg/gradle/internal/execution/UnitOfWork;Lorg/gradle/internal/execution/steps/PreviousExecutionContext;)Lorg/gradle/internal/execution/steps/AfterExecutionResult;+6
j  org.gradle.internal.execution.steps.StoreExecutionStateStep.execute(Lorg/gradle/internal/execution/UnitOfWork;Lorg/gradle/internal/execution/steps/Context;)Lorg/gradle/internal/execution/steps/Result;+6
j  org.gradle.internal.execution.steps.SkipUpToDateStep.executeBecause(Lorg/gradle/internal/execution/UnitOfWork;Lcom/google/common/collect/ImmutableList;Lorg/gradle/internal/execution/steps/IncrementalChangesContext;)Lorg/gradle/internal/execution/steps/UpToDateResult;+11
j  org.gradle.internal.execution.steps.SkipUpToDateStep.lambda$execute$2(Lorg/gradle/internal/execution/UnitOfWork;Lcom/google/common/collect/ImmutableList;Lorg/gradle/internal/execution/steps/IncrementalChangesContext;)Lorg/gradle/internal/execution/steps/UpToDateResult;+4
j  org.gradle.internal.execution.steps.SkipUpToDateStep$$Lambda+0x0000027a8262a490.get()Ljava/lang/Object;+16
J 60061 c1 org.gradle.internal.execution.steps.SkipUpToDateStep.execute(Lorg/gradle/internal/execution/UnitOfWork;Lorg/gradle/internal/execution/steps/IncrementalChangesContext;)Lorg/gradle/internal/execution/steps/UpToDateResult; (72 bytes) @ 0x0000027ae48417a4 [0x0000027ae4841220+0x0000000000000584]
J 60080 c1 org.gradle.internal.execution.steps.SkipUpToDateStep.execute(Lorg/gradle/internal/execution/UnitOfWork;Lorg/gradle/internal/execution/steps/Context;)Lorg/gradle/internal/execution/steps/Result; (10 bytes) @ 0x0000027ae2cfbf34 [0x0000027ae2cfbea0+0x0000000000000094]
J 59755 c1 org.gradle.internal.execution.steps.legacy.MarkSnapshottingInputsFinishedStep.execute(Lorg/gradle/internal/execution/UnitOfWork;Lorg/gradle/internal/execution/steps/Context;)Lorg/gradle/internal/execution/steps/Result; (10 bytes) @ 0x0000027ae3ee7024 [0x0000027ae3ee6c60+0x00000000000003c4]
J 60064 c1 org.gradle.internal.execution.steps.ResolveIncrementalCachingStateStep.executeDelegate(Lorg/gradle/internal/execution/UnitOfWork;Lorg/gradle/internal/execution/steps/IncrementalChangesContext;Lorg/gradle/internal/execution/caching/CachingState;)Lorg/gradle/internal/execution/steps/UpToDateResult; (23 bytes) @ 0x0000027ae304acf4 [0x0000027ae304abc0+0x0000000000000134]
J 60063 c1 org.gradle.internal.execution.steps.ResolveIncrementalCachingStateStep.executeDelegate(Lorg/gradle/internal/execution/UnitOfWork;Lorg/gradle/internal/execution/steps/ValidationFinishedContext;Lorg/gradle/internal/execution/caching/CachingState;)Lorg/gradle/internal/execution/steps/UpToDateResult; (11 bytes) @ 0x0000027ae2b7e1b4 [0x0000027ae2b7e120+0x0000000000000094]
J 59770 c1 org.gradle.internal.execution.steps.AbstractResolveCachingStateStep.execute(Lorg/gradle/internal/execution/UnitOfWork;Lorg/gradle/internal/execution/steps/ValidationFinishedContext;)Lorg/gradle/internal/execution/steps/CachingResult; (67 bytes) @ 0x0000027ae3951574 [0x0000027ae394fe60+0x0000000000001714]
J 59127 c1 org.gradle.internal.execution.steps.AbstractResolveCachingStateStep.execute(Lorg/gradle/internal/execution/UnitOfWork;Lorg/gradle/internal/execution/steps/Context;)Lorg/gradle/internal/execution/steps/Result; (10 bytes) @ 0x0000027ae425d334 [0x0000027ae425d2a0+0x0000000000000094]
j  org.gradle.internal.execution.steps.ResolveChangesStep.execute(Lorg/gradle/internal/execution/UnitOfWork;Lorg/gradle/internal/execution/steps/ValidationFinishedContext;)Lorg/gradle/internal/execution/steps/Result;+43
J 60062 c1 org.gradle.internal.execution.steps.ResolveChangesStep.execute(Lorg/gradle/internal/execution/UnitOfWork;Lorg/gradle/internal/execution/steps/Context;)Lorg/gradle/internal/execution/steps/Result; (10 bytes) @ 0x0000027ae2b54234 [0x0000027ae2b541a0+0x0000000000000094]
J 59750 c1 org.gradle.internal.execution.steps.ValidateStep.execute(Lorg/gradle/internal/execution/UnitOfWork;Lorg/gradle/internal/execution/steps/BeforeExecutionContext;)Lorg/gradle/internal/execution/steps/Result; (261 bytes) @ 0x0000027ae3eeb6dc [0x0000027ae3ee7f40+0x000000000000379c]
J 59128 c1 org.gradle.internal.execution.steps.ValidateStep.execute(Lorg/gradle/internal/execution/UnitOfWork;Lorg/gradle/internal/execution/steps/Context;)Lorg/gradle/internal/execution/steps/Result; (10 bytes) @ 0x0000027ae425c534 [0x0000027ae425c4a0+0x0000000000000094]
J 59099 c1 org.gradle.internal.execution.steps.AbstractCaptureStateBeforeExecutionStep.execute(Lorg/gradle/internal/execution/UnitOfWork;Lorg/gradle/internal/execution/steps/PreviousExecutionContext;)Lorg/gradle/internal/execution/steps/CachingResult; (41 bytes) @ 0x0000027ae415ed5c [0x0000027ae415ea60+0x00000000000002fc]
J 59098 c1 org.gradle.internal.execution.steps.AbstractCaptureStateBeforeExecutionStep.execute(Lorg/gradle/internal/execution/UnitOfWork;Lorg/gradle/internal/execution/steps/Context;)Lorg/gradle/internal/execution/steps/Result; (10 bytes) @ 0x0000027ae415f1b4 [0x0000027ae415f120+0x0000000000000094]
J 59364 c1 org.gradle.internal.execution.steps.AbstractSkipEmptyWorkStep.execute(Lorg/gradle/internal/execution/UnitOfWork;Lorg/gradle/internal/execution/steps/WorkspaceContext;)Lorg/gradle/internal/execution/steps/CachingResult; (87 bytes) @ 0x0000027ae50f260c [0x0000027ae50f1de0+0x000000000000082c]
J 59363 c1 org.gradle.internal.execution.steps.AbstractSkipEmptyWorkStep.execute(Lorg/gradle/internal/execution/UnitOfWork;Lorg/gradle/internal/execution/steps/Context;)Lorg/gradle/internal/execution/steps/Result; (10 bytes) @ 0x0000027ae50f2c34 [0x0000027ae50f2ba0+0x0000000000000094]
J 53971 c1 org.gradle.internal.execution.steps.legacy.MarkSnapshottingInputsStartedStep.execute(Lorg/gradle/internal/execution/UnitOfWork;Lorg/gradle/internal/execution/steps/Context;)Lorg/gradle/internal/execution/steps/Result; (37 bytes) @ 0x0000027ae387debc [0x0000027ae387dce0+0x00000000000001dc]
J 58959 c1 org.gradle.internal.execution.steps.LoadPreviousExecutionStateStep.execute(Lorg/gradle/internal/execution/UnitOfWork;Lorg/gradle/internal/execution/steps/WorkspaceContext;)Lorg/gradle/internal/execution/steps/AfterExecutionResult; (70 bytes) @ 0x0000027ae52470cc [0x0000027ae5246dc0+0x000000000000030c]
J 54143 c1 org.gradle.internal.execution.steps.LoadPreviousExecutionStateStep.execute(Lorg/gradle/internal/execution/UnitOfWork;Lorg/gradle/internal/execution/steps/Context;)Lorg/gradle/internal/execution/steps/Result; (10 bytes) @ 0x0000027ae386839c [0x0000027ae3868240+0x000000000000015c]
J 58967 c1 org.gradle.internal.execution.steps.HandleStaleOutputsStep.execute(Lorg/gradle/internal/execution/UnitOfWork;Lorg/gradle/internal/execution/steps/WorkspaceContext;)Lorg/gradle/internal/execution/steps/AfterExecutionResult; (45 bytes) @ 0x0000027ae5245e74 [0x0000027ae5245d80+0x00000000000000f4]
J 59358 c1 org.gradle.internal.execution.steps.HandleStaleOutputsStep.execute(Lorg/gradle/internal/execution/UnitOfWork;Lorg/gradle/internal/execution/steps/Context;)Lorg/gradle/internal/execution/steps/Result; (10 bytes) @ 0x0000027ae40935b4 [0x0000027ae4093520+0x0000000000000094]
J 58956 c1 org.gradle.internal.execution.steps.AssignMutableWorkspaceStep.lambda$execute$0(Lorg/gradle/internal/execution/steps/IdentityContext;Lorg/gradle/internal/execution/UnitOfWork;Ljava/io/File;Lorg/gradle/internal/execution/history/ExecutionHistoryStore;)Lorg/gradle/internal/execution/steps/WorkspaceResult; (51 bytes) @ 0x0000027ae5247914 [0x0000027ae5247760+0x00000000000001b4]
J 59366 c1 org.gradle.internal.execution.steps.AssignMutableWorkspaceStep$$Lambda+0x0000027a8260d268.executeInWorkspace(Ljava/io/File;Lorg/gradle/internal/execution/history/ExecutionHistoryStore;)Ljava/lang/Object; (18 bytes) @ 0x0000027ae50f1624 [0x0000027ae50f15a0+0x0000000000000084]
j  org.gradle.internal.execution.workspace.impl.NonLockingMutableWorkspaceProvider.withWorkspace(Ljava/lang/String;Lorg/gradle/internal/execution/workspace/MutableWorkspaceProvider$WorkspaceAction;)Ljava/lang/Object;+19
j  org.gradle.internal.execution.steps.AssignMutableWorkspaceStep.execute(Lorg/gradle/internal/execution/UnitOfWork;Lorg/gradle/internal/execution/steps/IdentityContext;)Lorg/gradle/internal/execution/steps/WorkspaceResult;+26
J 58957 c1 org.gradle.internal.execution.steps.AssignMutableWorkspaceStep.execute(Lorg/gradle/internal/execution/UnitOfWork;Lorg/gradle/internal/execution/steps/Context;)Lorg/gradle/internal/execution/steps/Result; (10 bytes) @ 0x0000027ae5246ab4 [0x0000027ae5246a20+0x0000000000000094]
j  org.gradle.internal.execution.steps.ChoosePipelineStep.execute(Lorg/gradle/internal/execution/UnitOfWork;Lorg/gradle/internal/execution/steps/IdentityContext;)Lorg/gradle/internal/execution/steps/Result;+32
j  org.gradle.internal.execution.steps.ChoosePipelineStep.execute(Lorg/gradle/internal/execution/UnitOfWork;Lorg/gradle/internal/execution/steps/Context;)Lorg/gradle/internal/execution/steps/Result;+6
J 59071 c1 org.gradle.internal.execution.steps.ExecuteWorkBuildOperationFiringStep.lambda$execute$0(Lorg/gradle/internal/execution/UnitOfWork;Lorg/gradle/internal/execution/steps/IdentityContext;Lorg/gradle/internal/operations/BuildOperationContext;)Lorg/gradle/internal/execution/steps/CachingResult; (78 bytes) @ 0x0000027ae536a23c [0x0000027ae536a1c0+0x000000000000007c]
J 59049 c1 org.gradle.internal.execution.steps.ExecuteWorkBuildOperationFiringStep$$Lambda+0x0000027a818f1470.apply(Ljava/lang/Object;)Ljava/lang/Object; (20 bytes) @ 0x0000027ae41ea9ec [0x0000027ae41ea920+0x00000000000000cc]
J 33718 c2 org.gradle.internal.execution.steps.BuildOperationStep$1.call(Lorg/gradle/internal/operations/BuildOperationContext;)Ljava/lang/Object; (11 bytes) @ 0x0000027aea2982c0 [0x0000027aea298280+0x0000000000000040]
J 32099 c2 org.gradle.internal.operations.DefaultBuildOperationRunner$CallableBuildOperationWorker.execute(Lorg/gradle/internal/operations/BuildOperation;Lorg/gradle/internal/operations/BuildOperationContext;)V (10 bytes) @ 0x0000027aeadd8188 [0x0000027aeadd8120+0x0000000000000068]
J 42342 c2 org.gradle.internal.operations.DefaultBuildOperationRunner$2.execute(Lorg/gradle/internal/operations/BuildOperationDescriptor;Lorg/gradle/internal/operations/BuildOperationState;Lorg/gradle/internal/operations/BuildOperationState;Lorg/gradle/internal/operations/DefaultBuildOperationRunner$ReadableBuildOperationContext;Lorg/gradle/internal/operations/DefaultBuildOperationRunner$BuildOperationExecutionListener;)Ljava/lang/Object; (12 bytes) @ 0x0000027aea21a744 [0x0000027aea21a6a0+0x00000000000000a4]
J 43770 c2 org.gradle.internal.operations.DefaultBuildOperationRunner.execute(Lorg/gradle/internal/operations/BuildOperationDescriptor$Builder;Lorg/gradle/internal/operations/BuildOperationState;Lorg/gradle/internal/operations/DefaultBuildOperationRunner$BuildOperationExecution;)Ljava/lang/Object; (147 bytes) @ 0x0000027aea37f534 [0x0000027aea37ed40+0x00000000000007f4]
J 33725 c2 org.gradle.internal.execution.steps.BuildOperationStep.operation(Ljava/util/function/Function;Lorg/gradle/internal/operations/BuildOperationDescriptor$Builder;)Ljava/lang/Object; (20 bytes) @ 0x0000027aea2b6284 [0x0000027aea2b6080+0x0000000000000204]
J 59266 c1 org.gradle.internal.execution.steps.ExecuteWorkBuildOperationFiringStep.lambda$execute$1(Lorg/gradle/internal/execution/UnitOfWork;Lorg/gradle/internal/execution/steps/IdentityContext;Ljava/lang/String;)Lorg/gradle/internal/execution/steps/CachingResult; (41 bytes) @ 0x0000027ae2b6adf4 [0x0000027ae2b6aa80+0x0000000000000374]
J 59227 c1 org.gradle.internal.execution.steps.ExecuteWorkBuildOperationFiringStep$$Lambda+0x0000027a814bfda8.apply(Ljava/lang/Object;)Ljava/lang/Object; (20 bytes) @ 0x0000027ae40f4b54 [0x0000027ae40f4aa0+0x00000000000000b4]
J 26597 c1 org.gradle.internal.execution.steps.ExecuteWorkBuildOperationFiringStep.execute(Lorg/gradle/internal/execution/UnitOfWork;Lorg/gradle/internal/execution/steps/Context;)Lorg/gradle/internal/execution/steps/Result; (10 bytes) @ 0x0000027ae4d00ebc [0x0000027ae4d006a0+0x000000000000081c]
J 59253 c1 org.gradle.internal.execution.steps.IdentityCacheStep.executeInCache(Lorg/gradle/internal/execution/UnitOfWork;Lorg/gradle/internal/execution/steps/IdentityContext;)Lorg/gradle/internal/execution/ExecutionEngine$IdentityCacheResult; (45 bytes) @ 0x0000027ae55154d4 [0x0000027ae5515460+0x0000000000000074]
J 59321 c1 org.gradle.internal.execution.steps.IdentityCacheStep$$Lambda+0x0000027a818f1248.get()Ljava/lang/Object; (16 bytes) @ 0x0000027ae55f599c [0x0000027ae55f5920+0x000000000000007c]
J 59438 c1 org.gradle.cache.Cache$$Lambda+0x0000027a8111b488.apply(Ljava/lang/Object;)Ljava/lang/Object; (9 bytes) @ 0x0000027ae5542114 [0x0000027ae55420a0+0x0000000000000074]
J 35022 c2 java.util.concurrent.ConcurrentHashMap.computeIfAbsent(Ljava/lang/Object;Ljava/util/function/Function;)Ljava/lang/Object; java.base@23.0.1 (576 bytes) @ 0x0000027aeaf4d340 [0x0000027aeaf4ca40+0x0000000000000900]
J 59091 c1 org.gradle.cache.ManualEvictionInMemoryCache.get(Ljava/lang/Object;Ljava/util/function/Function;)Ljava/lang/Object; (12 bytes) @ 0x0000027ae4161e14 [0x0000027ae4161da0+0x0000000000000074]
j  org.gradle.cache.Cache.get(Ljava/lang/Object;Ljava/util/function/Supplier;)Ljava/lang/Object;+8
J 59423 c1 org.gradle.internal.execution.steps.IdentityCacheStep.lambda$executeDeferred$1(Lorg/gradle/cache/Cache;Lorg/gradle/internal/execution/UnitOfWork$Identity;Lorg/gradle/internal/execution/UnitOfWork;Lorg/gradle/internal/execution/steps/IdentityContext;)Lorg/gradle/internal/Try; (41 bytes) @ 0x0000027ae5546504 [0x0000027ae55463a0+0x0000000000000164]
J 59387 c1 org.gradle.internal.execution.steps.IdentityCacheStep$$Lambda+0x0000027a818f3850.get()Ljava/lang/Object; (24 bytes) @ 0x0000027ae50ecf24 [0x0000027ae50ecea0+0x0000000000000084]
J 60180 c2 org.gradle.internal.Deferrable$3.completeAndGet()Ljava/lang/Object; (46 bytes) @ 0x0000027aeb25636c [0x0000027aeb2562a0+0x00000000000000cc]
J 34975 c2 org.gradle.internal.Deferrable$1.completeAndGet()Ljava/lang/Object; (18 bytes) @ 0x0000027aea7785a4 [0x0000027aea778560+0x0000000000000044]
J 34975 c2 org.gradle.internal.Deferrable$1.completeAndGet()Ljava/lang/Object; (18 bytes) @ 0x0000027aea7785a4 [0x0000027aea778560+0x0000000000000044]
j  org.gradle.api.internal.artifacts.transform.TransformStepNode$ChainedTransformStepNode$TransformPreviousArtifacts$1.lambda$transform$0(Lorg/gradle/api/internal/tasks/NodeExecutionContext;Lorg/gradle/api/internal/artifacts/transform/TransformStepSubject;)Lorg/gradle/internal/Try;+25
j  org.gradle.api.internal.artifacts.transform.TransformStepNode$ChainedTransformStepNode$TransformPreviousArtifacts$1$$Lambda+0x0000027a8307c000.apply(Ljava/lang/Object;)Ljava/lang/Object;+12
j  org.gradle.internal.Try$Success.flatMap(Ljava/util/function/Function;)Lorg/gradle/internal/Try;+5
j  org.gradle.api.internal.artifacts.transform.TransformStepNode$ChainedTransformStepNode$TransformPreviousArtifacts$1.transform()Lorg/gradle/api/internal/artifacts/transform/TransformStepSubject;+23
j  org.gradle.api.internal.artifacts.transform.TransformStepNode$TransformStepBuildOperation.call(Lorg/gradle/internal/operations/BuildOperationContext;)Lorg/gradle/api/internal/artifacts/transform/TransformStepSubject;+10
j  org.gradle.api.internal.artifacts.transform.TransformStepNode$TransformStepBuildOperation.call(Lorg/gradle/internal/operations/BuildOperationContext;)Ljava/lang/Object;+2
J 32099 c2 org.gradle.internal.operations.DefaultBuildOperationRunner$CallableBuildOperationWorker.execute(Lorg/gradle/internal/operations/BuildOperation;Lorg/gradle/internal/operations/BuildOperationContext;)V (10 bytes) @ 0x0000027aeadd8188 [0x0000027aeadd8120+0x0000000000000068]
J 42342 c2 org.gradle.internal.operations.DefaultBuildOperationRunner$2.execute(Lorg/gradle/internal/operations/BuildOperationDescriptor;Lorg/gradle/internal/operations/BuildOperationState;Lorg/gradle/internal/operations/BuildOperationState;Lorg/gradle/internal/operations/DefaultBuildOperationRunner$ReadableBuildOperationContext;Lorg/gradle/internal/operations/DefaultBuildOperationRunner$BuildOperationExecutionListener;)Ljava/lang/Object; (12 bytes) @ 0x0000027aea21a744 [0x0000027aea21a6a0+0x00000000000000a4]
J 43770 c2 org.gradle.internal.operations.DefaultBuildOperationRunner.execute(Lorg/gradle/internal/operations/BuildOperationDescriptor$Builder;Lorg/gradle/internal/operations/BuildOperationState;Lorg/gradle/internal/operations/DefaultBuildOperationRunner$BuildOperationExecution;)Ljava/lang/Object; (147 bytes) @ 0x0000027aea37f534 [0x0000027aea37ed40+0x00000000000007f4]
J 32155 c2 org.gradle.internal.operations.DefaultBuildOperationRunner.call(Lorg/gradle/internal/operations/CallableBuildOperation;)Ljava/lang/Object; (24 bytes) @ 0x0000027aeaddea1c [0x0000027aeadde860+0x00000000000001bc]
j  org.gradle.api.internal.artifacts.transform.TransformStepNode$AbstractTransformArtifacts.calculateValue(Lorg/gradle/api/internal/tasks/NodeExecutionContext;)Lorg/gradle/api/internal/artifacts/transform/TransformStepSubject;+42
j  org.gradle.api.internal.artifacts.transform.TransformStepNode$AbstractTransformArtifacts.calculateValue(Lorg/gradle/api/internal/tasks/NodeExecutionContext;)Ljava/lang/Object;+2
J 60148 c2 org.gradle.internal.model.CalculatedValueContainer.finalizeIfNotAlready(Lorg/gradle/api/internal/tasks/NodeExecutionContext;)V (17 bytes) @ 0x0000027aea77488c [0x0000027aea7746c0+0x00000000000001cc]
j  org.gradle.internal.model.CalculatedValueContainer.run(Lorg/gradle/api/internal/tasks/NodeExecutionContext;)V+2
j  org.gradle.api.internal.artifacts.transform.TransformStepNode.execute(Lorg/gradle/api/internal/tasks/NodeExecutionContext;)V+5
J 50791 c1 org.gradle.execution.plan.WorkNodeExecutor.execute(Lorg/gradle/execution/plan/Node;Lorg/gradle/api/internal/tasks/NodeExecutionContext;)Z (21 bytes) @ 0x0000027ae52165ec [0x0000027ae52162c0+0x000000000000032c]
J 50789 c1 org.gradle.execution.taskgraph.DefaultTaskExecutionGraph$InvokeNodeExecutorsAction.execute(Lorg/gradle/execution/plan/Node;)V (85 bytes) @ 0x0000027ae2bde54c [0x0000027ae2bdde40+0x000000000000070c]
J 50788 c1 org.gradle.execution.taskgraph.DefaultTaskExecutionGraph$InvokeNodeExecutorsAction.execute(Ljava/lang/Object;)V (9 bytes) @ 0x0000027ae30fa28c [0x0000027ae30fa140+0x000000000000014c]
J 50786 c1 org.gradle.execution.taskgraph.DefaultTaskExecutionGraph$BuildOperationAwareExecutionAction$$Lambda+0x0000027a825d34a0.run()V (12 bytes) @ 0x0000027ae31eb59c [0x0000027ae31eb440+0x000000000000015c]
J 49250 c1 org.gradle.internal.operations.CurrentBuildOperationRef.with(Lorg/gradle/internal/operations/BuildOperationRef;Ljava/lang/Runnable;)V (35 bytes) @ 0x0000027ae2c5f6b4 [0x0000027ae2c5f180+0x0000000000000534]
J 49293 c1 org.gradle.execution.taskgraph.DefaultTaskExecutionGraph$BuildOperationAwareExecutionAction.execute(Ljava/lang/Object;)V (9 bytes) @ 0x0000027ae50d368c [0x0000027ae50d3120+0x000000000000056c]
J 49291 c1 org.gradle.execution.plan.DefaultPlanExecutor$ExecutorWorker.execute(Ljava/lang/Object;Lorg/gradle/execution/plan/WorkSource;Lorg/gradle/api/Action;)V (88 bytes) @ 0x0000027ae4eefc44 [0x0000027ae4eefaa0+0x00000000000001a4]
j  org.gradle.execution.plan.DefaultPlanExecutor$ExecutorWorker.run()V+75
J 53112 c2 org.gradle.internal.concurrent.AbstractManagedExecutor$1.run()V (57 bytes) @ 0x0000027aea156fbc [0x0000027aea156d00+0x00000000000002bc]
J 43086 c1 java.util.concurrent.ThreadPoolExecutor.runWorker(Ljava/util/concurrent/ThreadPoolExecutor$Worker;)V java.base@23.0.1 (187 bytes) @ 0x0000027ae29f217c [0x0000027ae29f1820+0x000000000000095c]
J 45995 c1 java.util.concurrent.ThreadPoolExecutor$Worker.run()V java.base@23.0.1 (9 bytes) @ 0x0000027ae57c6e2c [0x0000027ae57c6da0+0x000000000000008c]
J 42899 c1 java.lang.Thread.run()V java.base@23.0.1 (23 bytes) @ 0x0000027ae47e8964 [0x0000027ae47e8760+0x0000000000000204]
v  ~StubRoutines::call_stub 0x0000027ae9b20fcd
Lock stack of current Java thread (top to bottom):
LockStack[1]: java.lang.Object 
{0x00000000b0723bc8} - klass: 'java/lang/Object'
 - ---- fields (total size 2 words):
LockStack[0]: [I 
{0x00000000b93c8170} - klass: {type array int}
 - length: 0


Compiled method (n/a) 719224  838     n 0       java.lang.ClassLoader::defineClass1 (native)
 total in heap  [0x0000027aea0fe808,0x0000027aea0fedc0] = 1464
 relocation     [0x0000027aea0fe8e0,0x0000027aea0fe918] = 56
 main code      [0x0000027aea0fe920,0x0000027aea0fedbf] = 1183
 stub code      [0x0000027aea0fedbf,0x0000027aea0fedc0] = 1

[Constant Pool (empty)]

[MachCode]
[Entry Point]
  # {method} {0x0000027a80478b70} 'defineClass1' '(Ljava/lang/ClassLoader;Ljava/lang/String;[BIILjava/security/ProtectionDomain;Ljava/lang/String;)Ljava/lang/Class;' in 'java/lang/ClassLoader'
  # parm0:    rdx:rdx   = 'java/lang/ClassLoader'
  # parm1:    r8:r8     = 'java/lang/String'
  # parm2:    r9:r9     = '[B'
  # parm3:    rdi       = int
  # parm4:    rsi       = int
  # parm5:    rcx:rcx   = 'java/security/ProtectionDomain'
  # parm6:    [sp+0xa0]   = 'java/lang/String'  (sp of caller)
  0x0000027aea0fe920: 6690 448b | 5208 443b 

  0x0000027aea0fe928: ;   {runtime_call ic_miss_stub}
  0x0000027aea0fe928: 5008 0f85 | b0fb a6ff 
[Verified Entry Point]
  0x0000027aea0fe930: 8984 2400 | 80ff ff55 | 488b ec48 | 81ec 9000 | 0000 6690 | 4181 7f20 | 4c00 0000 

  0x0000027aea0fe94c: ;   {runtime_call StubRoutines (final stubs)}
  0x0000027aea0fe94c: 7405 e8ed | 8da5 ff48 | 837d 1000 | 488d 4510 | 480f 4445 | 1048 8944 | 2440 4889 | 4c24 7048 
  0x0000027aea0fe96c: 83f9 0048 | 8d44 2470 | 480f 4444 | 2470 4889 | 4424 3848 | 8974 2430 | 4889 7c24 | 284c 894c 
  0x0000027aea0fe98c: 2458 4983 | f900 488d | 4424 5848 | 0f44 4424 | 5848 8944 | 2420 4c89 | 4424 5049 | 83f8 004c 
  0x0000027aea0fe9ac: 8d4c 2450 | 4c0f 444c | 2450 4889 | 5424 4848 | 83fa 004c | 8d44 2448 | 4c0f 4444 

  0x0000027aea0fe9c8: ;   {oop(a 'java/lang/Class'{0x0000000080304030} = 'java/lang/ClassLoader')}
  0x0000027aea0fe9c8: 2448 49be | 3040 3080 | 0000 0000 | 4c89 7424 | 784c 8d74 | 2478 498b | d6c5 f877 

  0x0000027aea0fe9e4: ;   {internal_word}
  0x0000027aea0fe9e4: 49ba e1e9 | 0fea 7a02 | 0000 4d89 | 97a8 0300 | 0049 89a7 | a003 0000 

  0x0000027aea0fe9fc: ;   {external_word}
  0x0000027aea0fe9fc: 49ba 41ad | fe38 fb7f | 0000 4180 | 3a00 0f84 | 4e00 0000 | 5241 5041 

  0x0000027aea0fea14: ;   {metadata({method} {0x0000027a80478b70} 'defineClass1' '(Ljava/lang/ClassLoader;Ljava/lang/String;[BIILjava/security/ProtectionDomain;Ljava/lang/String;)Ljava/lang/Class;' in 'java/lang/ClassLoader')}
  0x0000027aea0fea14: 5148 ba68 | 8b47 807a | 0200 0049 | 8bcf 4883 | ec20 40f6 | c40f 0f84 | 1900 0000 | 4883 ec08 
  0x0000027aea0fea34: ;   {runtime_call}
  0x0000027aea0fea34: 48b8 10ee | ae38 fb7f | 0000 ffd0 | 4883 c408 | e90c 0000 

  0x0000027aea0fea48: ;   {runtime_call}
  0x0000027aea0fea48: 0048 b810 | eeae 38fb | 7f00 00ff | d048 83c4 | 2041 5941 | 585a 498d | 8fc0 0300 | 0041 c787 
  0x0000027aea0fea68: 4404 0000 | 0400 0000 

  0x0000027aea0fea70: ;   {runtime_call}
  0x0000027aea0fea70: 48b8 9416 | f0ac fb7f | 0000 ffd0 | c5f8 7741 | c787 4404 | 0000 0500 | 0000 f083 | 4424 c000 
  0x0000027aea0fea90: 493b af48 | 0400 000f | 870e 0000 | 0041 83bf | 4004 0000 | 000f 842b | 0000 00c5 | f877 4889 
  0x0000027aea0feab0: 45f8 498b | cf4c 8be4 | 4883 ec20 | 4883 e4f0 

  0x0000027aea0feac0: ;   {runtime_call}
  0x0000027aea0feac0: 48b8 90a9 | 7838 fb7f | 0000 ffd0 | 498b e44d | 33e4 488b | 45f8 41c7 | 8744 0400 | 0008 0000 
  0x0000027aea0feae0: 0041 83bf | c804 0000 | 020f 84a3 

  0x0000027aea0feaec: ;   {external_word}
  0x0000027aea0feaec: 0200 0049 | ba41 adfe | 38fb 7f00 | 0041 803a | 000f 844c | 0000 0048 

  0x0000027aea0feb04: ;   {metadata({method} {0x0000027a80478b70} 'defineClass1' '(Ljava/lang/ClassLoader;Ljava/lang/String;[BIILjava/security/ProtectionDomain;Ljava/lang/String;)Ljava/lang/Class;' in 'java/lang/ClassLoader')}
  0x0000027aea0feb04: 8945 f848 | ba68 8b47 | 807a 0200 | 0049 8bcf | 4883 ec20 | 40f6 c40f | 0f84 1900 | 0000 4883 
  0x0000027aea0feb24: ;   {runtime_call}
  0x0000027aea0feb24: ec08 48b8 | 10ee ae38 | fb7f 0000 | ffd0 4883 | c408 e90c 

  0x0000027aea0feb38: ;   {runtime_call}
  0x0000027aea0feb38: 0000 0048 | b810 eeae | 38fb 7f00 | 00ff d048 | 83c4 2048 | 8b45 f849 | c787 a003 | 0000 0000 
  0x0000027aea0feb58: 0000 49c7 | 87a8 0300 | 0000 0000 | 00c5 f877 | 4885 c00f | 84fe 0100 | 00a8 030f | 8508 0000 
  0x0000027aea0feb78: 0048 8b00 | e9ee 0100 | 00a8 010f | 8509 0000 | 0048 8b40 | fee9 dd01 | 0000 488b | 40ff 4180 
  0x0000027aea0feb98: 7f38 000f | 84ce 0100 | 0048 83f8 | 000f 84c4 | 0100 0049 | 8b4f 2848 | 83f9 000f | 8414 0000 
  0x0000027aea0febb8: 0048 83e9 | 0849 894f | 2849 034f | 3048 8901 | e9a2 0100 | 0048 81ec | d000 0000 | 4889 0424 
  0x0000027aea0febd8: 4889 4c24 | 0848 8954 | 2410 4889 | 7424 1848 | 897c 2420 | 4c89 4424 | 284c 894c | 2430 4c89 
  0x0000027aea0febf8: 5424 384c | 895c 2440 | c5fb 1144 | 2450 c5fb | 114c 2458 | c5fb 1154 | 2460 c5fb | 115c 2468 
  0x0000027aea0fec18: c5fb 1164 | 2470 c5fb | 116c 2478 | c5fb 11b4 | 2480 0000 | 00c5 fb11 | bc24 8800 | 0000 c57b 
  0x0000027aea0fec38: ;   {no_reloc}
  0x0000027aea0fec38: 1184 2490 | 0000 00c5 | 7b11 8c24 | 9800 0000 | c57b 1194 | 24a0 0000 | 00c5 7b11 | 9c24 a800 
  0x0000027aea0fec58: 0000 c57b | 11a4 24b0 | 0000 00c5 | 7b11 ac24 | b800 0000 | c57b 11b4 | 24c0 0000 | 00c5 7b11 
  0x0000027aea0fec78: bc24 c800 | 0000 498b | d748 8bc8 | 4883 ec20 | 40f6 c40f | 0f84 1900 | 0000 4883 

  0x0000027aea0fec94: ;   {runtime_call}
  0x0000027aea0fec94: ec08 48b8 | e007 6c38 | fb7f 0000 | ffd0 4883 | c408 e90c 

  0x0000027aea0feca8: ;   {runtime_call}
  0x0000027aea0feca8: 0000 0048 | b8e0 076c | 38fb 7f00 | 00ff d048 | 83c4 20c5 | 7b10 bc24 | c800 0000 | c57b 10b4 
  0x0000027aea0fecc8: 24c0 0000 | 00c5 7b10 | ac24 b800 | 0000 c57b | 10a4 24b0 | 0000 00c5 | 7b10 9c24 | a800 0000 
  0x0000027aea0fece8: c57b 1094 | 24a0 0000 | 00c5 7b10 | 8c24 9800 | 0000 c57b | 1084 2490 | 0000 00c5 | fb10 bc24 
  0x0000027aea0fed08: 8800 0000 | c5fb 10b4 | 2480 0000 | 00c5 fb10 | 6c24 78c5 | fb10 6424 | 70c5 fb10 | 5c24 68c5 
  0x0000027aea0fed28: fb10 5424 | 60c5 fb10 | 4c24 58c5 | fb10 4424 | 504c 8b5c | 2440 4c8b | 5424 384c | 8b4c 2430 
  0x0000027aea0fed48: 4c8b 4424 | 2848 8b7c | 2420 488b | 7424 1848 | 8b54 2410 | 488b 4c24 | 0848 8b04 | 2448 81c4 
  0x0000027aea0fed68: d000 0000 | c5f8 7749 | 8b8f 3004 | 0000 c781 | 0001 0000 | 0000 0000 | c949 837f | 0800 0f85 
  0x0000027aea0fed88: 0100 0000 

  0x0000027aea0fed8c: ;   {runtime_call StubRoutines (initial stubs)}
  0x0000027aea0fed8c: c3e9 2e21 | a2ff c5f8 | 7748 8945 | f84c 8be4 | 4883 ec20 | 4883 e4f0 

  0x0000027aea0feda4: ;   {runtime_call}
  0x0000027aea0feda4: 48b8 c022 | af38 fb7f | 0000 ffd0 | 498b e44d | 33e4 488b | 45f8 e930 | fdff fff4 
[/MachCode]


Compiled method (c2) 719235 31158   !   4       java.net.URLClassLoader::findClass (47 bytes)
 total in heap  [0x0000027aead37808,0x0000027aead408a0] = 37016
 relocation     [0x0000027aead378e0,0x0000027aead38040] = 1888
 main code      [0x0000027aead38040,0x0000027aead3ff78] = 32568
 stub code      [0x0000027aead3ff78,0x0000027aead401e8] = 624
 oops           [0x0000027aead401e8,0x0000027aead40240] = 88
 metadata       [0x0000027aead40240,0x0000027aead408a0] = 1632
 immutable data [0x0000027ab8301ee0,0x0000027ab8309760] = 30848
 dependencies   [0x0000027ab8301ee0,0x0000027ab83020a8] = 456
 nul chk table  [0x0000027ab83020a8,0x0000027ab8302260] = 440
 handler table  [0x0000027ab8302260,0x0000027ab83029e0] = 1920
 scopes pcs     [0x0000027ab83029e0,0x0000027ab8303900] = 3872
 scopes data    [0x0000027ab8303900,0x0000027ab8309760] = 24160

[Constant Pool (empty)]

[MachCode]
[Instructions begin]
  0x0000027aead38040: 6690 448b | 5208 443b 

  0x0000027aead38048: ;   {runtime_call ic_miss_stub}
  0x0000027aead38048: 5008 0f85 | 9064 e3fe 
[Verified Entry Point]
  0x0000027aead38050: 8984 2400 | 80ff ff55 | 4881 ec00 | 0100 0090 | 4181 7f20 | 4c00 0000 | 0f85 ff7e | 0000 4c89 
  0x0000027aead38070: 4424 5048 | 8954 2458 | 448b 5a58 | 4585 db0f | 8463 1c00 | 0049 8beb | 488b d54c | 8944 2420 
  0x0000027aead38090: ;   {static_call}
  0x0000027aead38090: c5f8 77e8 

  0x0000027aead38094: ; ImmutableOopMap {rbp=Oop [32]=Oop [80]=Oop [88]=Oop }
                      ;*invokestatic ensureMaterializedForStackWalk {reexecute=0 rethrow=0 return_oop=0}
                      ; - java.security.AccessController::executePrivileged@5 (line 812)
                      ; - java.security.AccessController::doPrivileged@13 (line 714)
                      ; - java.net.URLClassLoader::findClass@13 (line 420)
  0x0000027aead38094: 9849 3bff 

  0x0000027aead38098: ;   {other}
  0x0000027aead38098: 0f1f 8400 | 9008 0000 | 488b dd4c | 8b5c 2450 

  0x0000027aead380a8: ; implicit exception: dispatches to 0x0000027aead3e660
  0x0000027aead380a8: 418b 4b14 | 4180 7b10 | 000f 85ae | 3200 0044 | 8b49 0c45 | 85c9 0f86 | 1b03 0000 | 418d 71ff 
  0x0000027aead380c8: 413b f10f | 83c7 4500 | 0041 8d79 | fd4c 8be9 | 8079 102e | 0f84 c21c | 0000 83ff | 010f 8ed1 
  0x0000027aead380e8: 0200 00bd | 0100 0000 | 458b d144 | 2bd5 4183 | c2fd 4533 | c03b fd45 | 0f4c d041 | 81fa a00f 
  0x0000027aead38108: 0000 baa0 | 0f00 0044 | 0f47 d244 | 03d5 eb0a | 0f1f 8400 | 0000 0000 | 8be8 4863 | c544 0fbe 
  0x0000027aead38128: 4401 1041 | 83f8 2e74 | 570f be54 | 0111 83fa | 2e74 4644 | 0fbe 4401 | 1241 83f8 | 2e74 3e0f 
  0x0000027aead38148: be54 0113 | 83fa 2e74 | 2d8d 4504 | 413b c27c | c74d 8b97 | 5004 0000 | 83c5 034d | 8bc3 c5fb 
  0x0000027aead38168: ; ImmutableOopMap {r11=Oop r8=Oop rcx=NarrowOop rbx=Oop r13=Oop xmm0=Oop [88]=Oop }
                      ;*if_icmpne {reexecute=1 rethrow=0 return_oop=0}
                      ; - (reexecute) java.lang.StringLatin1::replace@28 (line 408)
                      ; - java.lang.String::replace@18 (line 3024)
                      ; - java.net.URLClassLoader$1::run@8 (line 423)
                      ; - java.net.URLClassLoader$1::run@1 (line 421)
                      ; - java.security.AccessController::executePrivileged@29 (line 816)
                      ; - java.security.AccessController::doPrivileged@13 (line 714)
                      ; - java.net.URLClassLoader::findClass@13 (line 420)
  0x0000027aead38168: 1044 2458 

  0x0000027aead3816c: ;   {poll}
  0x0000027aead3816c: 4185 023b | c70f 8d4a | 0200 008b | e8e9 72ff | ffff 83c5 | 02ff c5eb | 0383 c502 | 413b e90f 
  0x0000027aead3818c: 8d4e 0200 | 0041 81f9 | 0000 1000 | 0f87 1539 | 0000 4d8b | 87b8 0100 | 004d 63d1 | 4983 c217 
  0x0000027aead381ac: 4983 e2f8 | 498b d049 | 03d2 493b | 97c8 0100 | 000f 83f0 | 3800 0049 | 8997 b801 | 0000 0f0d 
  0x0000027aead381cc: 8a00 0100 | 0049 c700 | 0100 0000 | 0f0d 8a40 

  0x0000027aead381dc: ;   {metadata({type array byte})}
  0x0000027aead381dc: 0100 0041 | c740 0818 | 5d16 0045 | 8948 0c0f | 0d8a 8001 | 0000 85ed | 7e62 448d | 55ff 453b 
  0x0000027aead381fc: d10f 83f9 | 4500 0045 | 85c9 0f86 | f045 0000 | 41ba e803 | 0000 33d2 | c5f9 6ec6 | 448b f78b 
  0x0000027aead3821c: c52b c233 | f63b ea0f | 4cc6 3de8 | 0300 0041 | 0f47 c203 | c248 63fa | 0fbe 7439 | 1041 8874 
  0x0000027aead3823c: 3810 ffc2 | 3bd0 7ced | 498b bf50 

  0x0000027aead38248: ; ImmutableOopMap {r11=Oop r8=Oop rcx=NarrowOop rbx=Oop r13=Oop [88]=Oop }
                      ;*goto {reexecute=1 rethrow=0 return_oop=0}
                      ; - (reexecute) java.lang.StringLatin1::replace@76 (line 415)
                      ; - java.lang.String::replace@18 (line 3024)
                      ; - java.net.URLClassLoader$1::run@8 (line 423)
                      ; - java.net.URLClassLoader$1::run@1 (line 421)
                      ; - java.security.AccessController::executePrivileged@29 (line 816)
                      ; - java.security.AccessController::doPrivileged@13 (line 714)
                      ; - java.net.URLClassLoader::findClass@13 (line 420)
                      ;   {poll}
  0x0000027aead38248: 0400 0085 | 073b d57c | cac5 f97e | c641 8bfe | 413b e90f | 8d15 0100 | 0041 3be9 | 0f83 f044 
  0x0000027aead38268: 0000 413b | f10f 83e7 | 4400 008d | 7501 4863 | d544 0fbe | 5411 1041 | 83fa 2e0f | 847a 0c00 
  0x0000027aead38288: 0045 8854 | 1010 448d | 5501 443b | d67d 0541 | 8bea ebda | 443b d70f | 8da8 0000 | 00ff c5e9 
  0x0000027aead382a8: 7b00 0000 | 41ba 2f00 | 0000 4588 | 5430 1383 | c504 3bea | 7d5c 4863 | f544 0fbe | 5431 1041 
  0x0000027aead382c8: 83fa 2e74 | 3545 8854 | 3010 440f | be54 3111 | 4183 fa2e | 7434 4588 | 5430 1144 | 0fbe 5431 
  0x0000027aead382e8: 1241 83fa | 2e74 1b45 | 8854 3012 | 440f be54 | 3113 4183 | fa2e 75b2 | ebaa 41ba | 2f00 0000 
  0x0000027aead38308: ebc3 41ba | 2f00 0000 | ebdd 41ba | 2f00 0000 | ebc4 498b | 9750 0400 

  0x0000027aead38320: ; ImmutableOopMap {r11=Oop r8=Oop rcx=NarrowOop rbx=Oop r13=Oop [88]=Oop }
                      ;*goto {reexecute=1 rethrow=0 return_oop=0}
                      ; - (reexecute) java.lang.StringLatin1::replace@113 (line 422)
                      ; - java.lang.String::replace@18 (line 3024)
                      ; - java.net.URLClassLoader$1::run@8 (line 423)
                      ; - java.net.URLClassLoader$1::run@1 (line 421)
                      ; - java.security.AccessController::executePrivileged@29 (line 816)
                      ; - java.security.AccessController::doPrivileged@13 (line 714)
                      ; - java.net.URLClassLoader::findClass@13 (line 420)
                      ;   {poll}
  0x0000027aead38320: 0085 023b | ef7d 2941 | 8bd1 2bd5 | 83c2 fd33 | c03b fd0f | 4cd0 81fa | a00f 0000 | 41ba a00f 
  0x0000027aead38340: 0000 410f | 47d2 03d5 | e971 ffff | ff41 8bea | 413b e97d | 2166 6690 | 4c63 d542 | 0fbe 5411 
  0x0000027aead38360: 1083 fa2e | 0f84 7419 | 0000 4388 | 5410 10ff | c541 3be9 | 7ce2 498b | 97b8 0100 | 004c 8bd2 
  0x0000027aead38380: 4983 c218 | 4d3b 97c8 | 0100 000f | 8397 3700 | 004d 8997 | b801 0000 | 410f 0d8a | 0001 0000 
  0x0000027aead383a0: 48c7 0201 

  0x0000027aead383a4: ;   {metadata('java/lang/String')}
  0x0000027aead383a4: 0000 00c7 | 4208 d80d | 1700 4489 | 620c 4c89 | 6210 4489 | 4214 eb25 | b801 0000 | 0041 3bc1 
  0x0000027aead383c4: 7d19 6690 | 440f be54 | 0110 4183 | fa2e 0f84 | 023d 0000 | ffc0 413b | c17c e933 | d248 85d2 
  0x0000027aead383e4: 0f84 ec18 | 0000 4889 | 5c24 284c | 895c 2450 

  0x0000027aead383f4: ;   {oop(".class"{0x0000000080302608})}
  0x0000027aead383f4: 49b8 0826 | 3080 0000 | 0000 498b | eb66 6690 

  0x0000027aead38404: ;   {optimized virtual_call}
  0x0000027aead38404: c5f8 77e8 

  0x0000027aead38408: ; ImmutableOopMap {rbp=Oop [40]=Oop [80]=Oop [88]=Oop }
                      ;*invokevirtual concat {reexecute=0 rethrow=0 return_oop=1}
                      ; - java.net.URLClassLoader$1::run@13 (line 423)
                      ; - java.net.URLClassLoader$1::run@1 (line 421)
                      ; - java.security.AccessController::executePrivileged@29 (line 816)
                      ; - java.security.AccessController::doPrivileged@13 (line 714)
                      ; - java.net.URLClassLoader::findClass@13 (line 420)
  0x0000027aead38408: c419 9cff 

  0x0000027aead3840c: ;   {other}
  0x0000027aead3840c: 0f1f 8400 | 040c 0004 | 4c8b 5424 | 5845 8b5a | 5445 85db | 0f84 4e42 | 0000 4c89 | 5424 7049 
  0x0000027aead3842c: 8bd3 4c8b | c045 33c9 

  0x0000027aead38434: ;   {optimized virtual_call}
  0x0000027aead38434: c5f8 77e8 

  0x0000027aead38438: ; ImmutableOopMap {rbp=Oop [40]=Oop [80]=Oop [88]=Oop [112]=Oop }
                      ;*invokevirtual getResource {reexecute=0 rethrow=0 return_oop=1}
                      ; - java.net.URLClassLoader$1::run@26 (line 424)
                      ; - java.net.URLClassLoader$1::run@1 (line 421)
                      ; - java.security.AccessController::executePrivileged@29 (line 816)
                      ; - java.security.AccessController::doPrivileged@13 (line 714)
                      ; - java.net.URLClassLoader::findClass@13 (line 420)
  0x0000027aead38438: 94b2 f3ff 

  0x0000027aead3843c: ;   {other}
  0x0000027aead3843c: 0f1f 8400 | 340c 0005 | 488b f848 | 85c0 0f84 | 4d01 0000 | c5f8 7749 | ba70 b6a7 | 38fb 7f00 
  0x0000027aead3845c: 0041 ffd2 

  0x0000027aead38460: ;   {other}
  0x0000027aead38460: 0f1f 8400 | 0000 0000 | 4889 4424 | 6848 8bcd | 448b 5114 

  0x0000027aead38474: ; implicit exception: dispatches to 0x0000027aead3e6a0
  0x0000027aead38474: 458b 420c | 440f be59 | 10c4 4222 | f7c8 41ff | c945 85db | 0f85 533c | 0000 418d | 40ff 413b 
  0x0000027aead38494: c141 0f4f | c185 c00f | 8cf2 0000 | 0045 85c0 | 0f86 0a44 | 0000 413b | c00f 8301 | 4400 0044 
  0x0000027aead384b4: 8d58 ff45 | 0fbe 4402 | 1041 83f8 | 2e0f 8453 | 0a00 0044 | 8d40 ff45 | 3bc3 7e05 | 418b c0eb 
  0x0000027aead384d4: e241 83f8 | 020f 8ec9 | 4700 00ff | c88d 58fe | 4533 c083 | f802 410f | 4cd8 81fb | a00f 0000 
  0x0000027aead384f4: 41bb a00f | 0000 410f | 47db 448b | d844 2bdb | 0f1f 8400 | 0000 0000 | 6666 6690 | 4863 d845 
  0x0000027aead38514: 0fbe 4c1a | 1041 83f9 | 2e0f 84f7 | 0900 0045 | 0fbe 441a | 0f41 83f8 | 2e0f 84db | 0900 0045 
  0x0000027aead38534: 0fbe 4c1a | 0e41 83f9 | 2e0f 84cf | 0900 0045 | 0fbe 4c1a | 0d41 83f9 | 2e0f 84c4 | 0900 0083 
  0x0000027aead38554: c0fc 413b | c37f b549 

  0x0000027aead3855c: ;   {no_reloc}
  0x0000027aead3855c: 8bb7 5004 | 0000 498b | ea4c 8bd9 

  0x0000027aead38568: ; ImmutableOopMap {r10=NarrowOop r11=Oop r8=Oop rcx=Oop rdi=Oop rbp=Oop [40]=Oop [112]=Oop }
                      ;*goto {reexecute=1 rethrow=0 return_oop=0}
                      ; - (reexecute) java.lang.StringLatin1::lastIndexOf@35 (line 395)
                      ; - java.lang.String::lastIndexOf@13 (line 2664)
                      ; - java.lang.String::lastIndexOf@8 (line 2626)
                      ; - java.net.URLClassLoader::defineClass@7 (line 486)
                      ; - java.net.URLClassLoader$1::run@43 (line 427)
                      ; - java.net.URLClassLoader$1::run@1 (line 421)
                      ; - java.security.AccessController::executePrivileged@29 (line 816)
                      ; - java.security.AccessController::doPrivileged@13 (line 714)
                      ; - java.net.URLClassLoader::findClass@13 (line 420)
                      ;   {poll}
  0x0000027aead38568: 4c8b c785 | 0683 f802 | 0f8f 6bff | ffff 83f8 | ff7e 1890 | 450f be5c | 0210 4183 | fb2e 0f84 
  0x0000027aead38588: 8e09 0000 | ffc8 83f8 | ff7f e9b8 | ffff ffff | e97d 0900 | 0033 ede9 | b108 0000 | 41ff caeb 
  0x0000027aead385a8: 0a41 83c2 | feeb 0441 | 83c2 fd41 | 83fa ff0f | 8429 2100 | 0044 8b5e | 1445 8b4b | 0c0f be4e 
  0x0000027aead385c8: 10c4 c272 | f7e9 8d55 | 0144 3bd2 | 0f83 024b | 0000 443b | d50f 8419 | 1700 0085 | c90f 856e 
  0x0000027aead385e8: 3400 0045 | 85d2 0f84 | e61f 0000 | 498b 8fb8 | 0100 0048 | 8bf9 4883 | c718 493b | bfc8 0100 
  0x0000027aead38608: 000f 83e0 | 3600 0049 | 89bf b801 | 0000 0f0d | 8f00 0100 | 0048 c701 | 0100 0000 

  0x0000027aead38624: ;   {metadata('java/lang/String')}
  0x0000027aead38624: c741 08d8 | 0d17 0044 | 8961 0c4c | 8961 1049 | 8bfb 4889 | bc24 c800 | 0000 498d | 7b10 453b 
  0x0000027aead38644: d10f 85d4 | 0000 004d | 63d1 4181 | f900 0010 | 000f 875d | 3b00 004c | 8954 2438 | 488b ef48 
  0x0000027aead38664: 894c 2468 | 4489 5c24 | 6444 896c | 2460 4c89 | 7424 5848 | 895c 2430 | 4c89 4424 | 2048 8974 
  0x0000027aead38684: 2450 4d8b | 97b8 0100 | 004c 8b44 | 2438 4983 | c017 4983 | e0f8 4d8b | da4d 03d8 | 4d3b 9fc8 
  0x0000027aead386a4: 0100 000f | 8336 3b00 | 004d 899f | b801 0000 | 410f 0d8b | 0001 0000 | 4d8b c249 | c700 0100 
  0x0000027aead386c4: 0000 410f | 0d8b 4001 

  0x0000027aead386cc: ;   {metadata({type array byte})}
  0x0000027aead386cc: 0000 41c7 | 4008 185d | 1600 4589 | 480c 410f | 0d8b 8001 | 0000 498b | d048 83c2 | 1049 8bd8 
  0x0000027aead386ec: 4c8b 5424 | 3849 83c2 | 0749 c1ea | 0348 8bcd | 4d8b c2c5 | f877 49ba | 205c b5e9 | 7a02 0000 
  0x0000027aead3870c: ;   {other}
  0x0000027aead3870c: 41ff d20f | 1f84 0000 | 0000 004c | 8bdb e91f | 0100 0045 | 3bca 418b | e941 0f4f | ea44 3bcd 
  0x0000027aead3872c: 0f82 8247 | 0000 443b | d50f 8279 | 4700 0045 | 8bca 4d63 | c949 83c1 | 174d 8bd9 | 4983 e3f8 
  0x0000027aead3874c: 4181 fa00 | 0010 000f | 8778 3800 | 004c 899c | 2490 0000 | 004c 894c | 2448 4889 | 7c24 4048 
  0x0000027aead3876c: 894c 2468 | 4489 5424 | 3844 896c | 2460 4c89 | 7424 5848 | 895c 2430 | 4c89 4424 | 2048 8974 
  0x0000027aead3878c: 2450 4d8b | 9fb8 0100 | 004d 8bc3 | 4c8b 9424 | 9000 0000 | 4d03 c24d | 3b87 c801 | 0000 0f83 
  0x0000027aead387ac: 5638 0000 | 4d89 87b8 | 0100 0041 | 0f0d 8800 | 0100 0049 | c703 0100 | 0000 410f | 0d88 4001 
  0x0000027aead387cc: ;   {metadata({type array byte})}
  0x0000027aead387cc: 0000 41c7 | 4308 185d | 1600 448b | 5424 3845 | 8953 0c41 | 0f0d 8880 | 0100 0049 | 8bd3 4883 
  0x0000027aead387ec: c210 4c8b | 4424 4849 | c1e8 0385 | ed0f 84f4 | 4500 0041 | 3bea 0f8c | 1c29 0000 | 498b db4c 
  0x0000027aead3880c: 8b94 2490 | 0000 0049 | 83c2 f049 | c1ea 0348 | 8b4c 2440 | 4d8b c2c5 | f877 49ba | 205c b5e9 
  0x0000027aead3882c: 7a02 0000 

  0x0000027aead38830: ;   {other}
  0x0000027aead38830: 41ff d20f | 1f84 0000 | 0000 004c | 8bdb 4180 | 7f38 000f | 8565 2700 | 004c 8b4c | 2468 4d8b 
  0x0000027aead38850: d345 8951 | 144d 8bd1 | 4d33 da49 | c1eb 144d | 85db 741a | 49c1 ea09 | 48b9 0000 | c5f1 7a02 
  0x0000027aead38870: 0000 4903 | ca80 3902 | 0f85 6827 | 0000 4588 | 6110 488b | 7424 504c | 8b44 2420 | 488b 5c24 
  0x0000027aead38890: 304c 8b74 | 2458 448b | 6c24 6045 | 85ed 7418 | 418b 5514 | 85d2 0f85 | ff14 0000 | 418b 4d10 
  0x0000027aead388b0: 85c9 0f85 | b42b 0000 

  0x0000027aead388b8: ;   {oop(a 'java/security/cert/Certificate'[0] {0x0000000080333518})}
  0x0000027aead388b8: 49ba 1835 | 3380 0000 | 0000 488b | 4c24 7044 | 8b59 2c45 | 85db 0f84 | 903f 0000 | 4c89 5424 
  0x0000027aead388d8: 604c 8974 | 2458 4889 | 5c24 304c | 8944 2420 | 4889 7424 | 5049 8bd3 | 4d8b c14d | 8bca bf01 
  0x0000027aead388f8: 0000 0048 | 8974 2440 | 4889 7424 | 4848 8be9 

  0x0000027aead38908: ;   {optimized virtual_call}
  0x0000027aead38908: c5f8 77e8 

  0x0000027aead3890c: ; ImmutableOopMap {rbp=Oop [32]=Oop [40]=Oop [64]=Oop [72]=Oop [80]=Oop [88]=Oop [96]=Oop [112]=Oop [120]=Oop [128]=Oop }
                      ;*invokevirtual putVal {reexecute=0 rethrow=0 return_oop=1}
                      ; - java.util.concurrent.ConcurrentHashMap::putIfAbsent@4 (line 1544)
                      ; - java.lang.ClassLoader::checkCerts@62 (line 1169)
                      ; - java.lang.ClassLoader::preDefineClass@113 (line 918)
                      ; - java.lang.ClassLoader::defineClass@4 (line 1024)
                      ; - java.security.SecureClassLoader::defineClass@12 (line 150)
                      ; - java.net.URLClassLoader::defineClass@220 (line 524)
                      ; - java.net.URLClassLoader$1::run@43 (line 427)
                      ; - java.net.URLClassLoader$1::run@1 (line 421)
                      ; - java.security.AccessController::executePrivileged@29 (line 816)
                      ; - java.security.AccessController::doPrivileged@13 (line 714)
                      ; - java.net.URLClassLoader::findClass@13 (line 420)
  0x0000027aead3890c: a041 a3ff 

  0x0000027aead38910: ;   {other}
  0x0000027aead38910: 0f1f 8400 | 0811 0007 | 4885 c074 | 3344 8b50 

  0x0000027aead38920: ;   {metadata('java/security/cert/Certificate'[])}
  0x0000027aead38920: 0841 81fa | b838 2200 | 0f85 525c | 0000 4c8b | d048 8b5c | 2460 448b | 4b0c 458b | 420c 4585 
  0x0000027aead38940: c90f 8778 | 1900 0045 | 85c0 0f87 | dc47 0000 | 4c8b 5c24 | 5845 8b53 | 1045 85d2 | 0f84 1527 
  0x0000027aead38960: 0000 418b | 6a0c 448b | 5538 4585 | d20f 8421 | 3f00 004c | 895c 2438 | 498b d24c | 8bc5 4c8b 
  0x0000027aead38980: 5424 504c | 8954 2440 | 488b 6c24 | 7066 6690 

  0x0000027aead38990: ;   {optimized virtual_call}
  0x0000027aead38990: c5f8 77e8 

  0x0000027aead38994: ; ImmutableOopMap {rbp=Oop [32]=Oop [40]=Oop [56]=Oop [64]=Oop [80]=Oop [112]=Oop [120]=Oop [128]=Oop }
                      ;*invokevirtual toExternalForm {reexecute=0 rethrow=0 return_oop=1}
                      ; - java.net.URL::toExternalForm@5 (line 1203)
                      ; - java.net.URL::toString@1 (line 1189)
                      ; - java.lang.ClassLoader::defineClassSourceLocation@22 (line 928)
                      ; - java.lang.ClassLoader::defineClass@12 (line 1025)
                      ; - java.security.SecureClassLoader::defineClass@12 (line 150)
                      ; - java.net.URLClassLoader::defineClass@220 (line 524)
                      ; - java.net.URLClassLoader$1::run@43 (line 427)
                      ; - java.net.URLClassLoader$1::run@1 (line 421)
                      ; - java.security.AccessController::executePrivileged@29 (line 816)
                      ; - java.security.AccessController::doPrivileged@13 (line 714)
                      ; - java.net.URLClassLoader::findClass@13 (line 420)
  0x0000027aead38994: 380e 69ff 

  0x0000027aead38998: ;   {other}
  0x0000027aead38998: 0f1f 8400 | 9011 0008 | 4c8b 5c24 | 384c 895c | 2460 488b | 5424 704c | 8b44 2450 | 4c8b 8c24 
  0x0000027aead389b8: 8000 0000 | 33ff 8bb4 | 2488 0000 | 0049 8bcb | 4889 0424 | 488b ea90 

  0x0000027aead389d0: ;   {static_call}
  0x0000027aead389d0: c5f8 77e8 

  0x0000027aead389d4: ; ImmutableOopMap {rbp=Oop [32]=Oop [40]=Oop [80]=Oop [96]=Oop [112]=Oop [120]=Oop }
                      ;*invokestatic defineClass1 {reexecute=0 rethrow=0 return_oop=1}
                      ; - java.lang.ClassLoader::defineClass@27 (line 1026)
                      ; - java.security.SecureClassLoader::defineClass@12 (line 150)
                      ; - java.net.URLClassLoader::defineClass@220 (line 524)
                      ; - java.net.URLClassLoader$1::run@43 (line 427)
                      ; - java.net.URLClassLoader$1::run@1 (line 421)
                      ; - java.security.AccessController::executePrivileged@29 (line 816)
                      ; - java.security.AccessController::doPrivileged@13 (line 714)
                      ; - java.net.URLClassLoader::findClass@13 (line 420)
  0x0000027aead389d4: 585f 3cff 

  0x0000027aead389d8: ;   {other}
  0x0000027aead389d8: 0f1f 8400 | d011 0009 | 488b d844 | 8b50 3c45 | 85d2 0f85 | 3001 0000 | 4c8b 5010 

  0x0000027aead389f4: ; implicit exception: dispatches to 0x0000027aead3ec44
  0x0000027aead389f4: 458b 4208 | 4585 c00f | 8cb3 4800 | 0044 8b58 | 2c45 85db | 0f84 8d14 | 0000 4d8b | c345 8b50 
  0x0000027aead38a14: 1441 8b7a | 0c45 0fbe | 5810 c462 | 22f7 cf41 | ffc9 4585 | db0f 8568 | 3800 0044 | 8d5f ff45 
  0x0000027aead38a34: 3bd9 450f | 4fd9 4585 | db0f 8cd5 | 0000 0085 | ff0f 860d | 4800 0044 | 3bdf 0f83 | 0448 0000 
  0x0000027aead38a54: 458d 4bff | 430f be4c | 1a10 83f9 | 2e0f 84d0 | 0000 0041 | 8d4b ff41 | 3bc9 7e05 | 448b d9eb 
  0x0000027aead38a74: e383 f902 | 0f8e 6e48 | 0000 41ff | cb41 8d4b | fe45 33c9 | 4183 fb02 | 410f 4cc9 | 81f9 a00f 
  0x0000027aead38a94: 0000 41b9 | a00f 0000 | 410f 47c9 | 418b f32b | f166 6666 | 0f1f 8400 | 0000 0000 | 4d63 cb43 
  0x0000027aead38ab4: 0fbe 7c0a | 1083 ff2e | 7479 430f | be7c 0a0f | 83ff 2e74 | 5f43 0fbe | 4c0a 0e83 | f92e 7459 
  0x0000027aead38ad4: ;   {no_reloc}
  0x0000027aead38ad4: 470f be4c | 0a0d 4183 | f92e 7453 | 4183 c3fc | 443b de7f | c749 8b97 | 5004 0000 

  0x0000027aead38af0: ; ImmutableOopMap {r10=NarrowOop r8=Oop rbx=Oop rsi=Oop [32]=Oop [40]=Oop [80]=Oop [96]=Oop [112]=Oop [120]=Oop }
                      ;*goto {reexecute=1 rethrow=0 return_oop=0}
                      ; - (reexecute) java.lang.StringLatin1::lastIndexOf@35 (line 395)
                      ; - java.lang.String::lastIndexOf@13 (line 2664)
                      ; - java.lang.String::lastIndexOf@8 (line 2626)
                      ; - java.lang.Class::getPackageName@47 (line 1257)
                      ; - java.lang.ClassLoader::postDefineClass@2 (line 935)
                      ; - java.lang.ClassLoader::defineClass@37 (line 1027)
                      ; - java.security.SecureClassLoader::defineClass@12 (line 150)
                      ; - java.net.URLClassLoader::defineClass@220 (line 524)
                      ; - java.net.URLClassLoader$1::run@43 (line 427)
                      ; - java.net.URLClassLoader$1::run@1 (line 421)
                      ; - java.security.AccessController::executePrivileged@29 (line 816)
                      ; - java.security.AccessController::doPrivileged@13 (line 714)
                      ; - java.net.URLClassLoader::findClass@13 (line 420)
                      ;   {poll}
  0x0000027aead38af0: 498b f285 | 0241 83fb | 027f 8641 | 83fb ff7e | 1766 6690 | 430f be4c | 1a10 83f9 | 2e74 2841 
  0x0000027aead38b10: ffcb 4183 | fbff 7fec | 41bb ffff | ffff eb17 | 4d8b c2e9 | cf02 0000 | 41ff cbeb | 0a41 83c3 
  0x0000027aead38b30: feeb 0441 | 83c3 fd41 | 83fb ff0f | 8469 0200 | 0041 8b48 | 1444 8b51 | 0c41 0fbe | 7810 c4c2 
  0x0000027aead38b50: 42f7 ea44 | 8d4d 0145 | 3bd9 0f83 | 454b 0000 | 443b dd0f | 8433 1200 | 0085 ff0f | 85e7 3000 
  0x0000027aead38b70: 0045 85db | 0f84 981b | 0000 498b | b7b8 0100 | 004c 8bc6 | 4983 c018 | 4d3b 87c8 | 0100 000f 
  0x0000027aead38b90: 83a0 3400 | 004d 8987 | b801 0000 | 410f 0d88 | 0001 0000 | 48c7 0601 

  0x0000027aead38ba8: ;   {metadata('java/lang/String')}
  0x0000027aead38ba8: 0000 00c7 | 4608 d80d | 1700 4489 | 660c 4c89 | 6610 4c8b | c14c 8984 | 24b0 0000 | 004c 8d49 
  0x0000027aead38bc8: 1045 3bda | 0f85 9200 | 0000 4d63 | c241 81fa | 0000 1000 | 0f87 e636 | 0000 498b | bfb8 0100 
  0x0000027aead38be8: 004d 8d58 | 1749 83e3 | f848 8bd7 | 4903 d349 | 3b97 c801 | 0000 0f83 | c436 0000 | 4989 97b8 
  0x0000027aead38c08: 0100 000f | 0d8a 0001 | 0000 48c7 | 0701 0000 | 000f 0d8a | 4001 0000 

  0x0000027aead38c20: ;   {metadata({type array byte})}
  0x0000027aead38c20: c747 0818 | 5d16 0044 | 8957 0c0f | 0d8a 8001 | 0000 488b | d748 83c2 | 1049 83c0 | 0749 c1e8 
  0x0000027aead38c40: 0349 8bc9 | c5f8 7749 | ba20 5cb5 | e97a 0200 | 0041 ffd2 

  0x0000027aead38c54: ;   {other}
  0x0000027aead38c54: 0f1f 8400 | 0000 0000 | 4c8b efe9 | c900 0000 | 453b d341 | 8bea 410f | 4feb 443b | d50f 8210 
  0x0000027aead38c74: 4900 0044 | 3bdd 0f82 | 0749 0000 | 458b c349 | 63c8 4883 | c117 4c8b | c149 83e0 | f841 81fb 
  0x0000027aead38c94: 0000 1000 | 0f87 db33 | 0000 4d8b | afb8 0100 | 004d 8bd5 | 4d03 d04d | 3b97 c801 | 0000 0f83 
  0x0000027aead38cb4: c133 0000 | 4d89 97b8 | 0100 0041 | 0f0d 8a00 | 0100 0049 | c745 0001 | 0000 0041 | 0f0d 8a40 
  0x0000027aead38cd4: ;   {metadata({type array byte})}
  0x0000027aead38cd4: 0100 0041 | c745 0818 | 5d16 0045 | 895d 0c41 | 0f0d 8a80 | 0100 004d | 8bd5 4983 | c210 48c1 
  0x0000027aead38cf4: e903 85ed | 0f84 2048 | 0000 413b | eb0f 8c6c | 2c00 0049 | 83c0 f049 | c1e8 0349 | 8bc9 498b 
  0x0000027aead38d14: d2c5 f877 | 49ba 205c | b5e9 7a02 | 0000 41ff 

  0x0000027aead38d24: ;   {other}
  0x0000027aead38d24: d20f 1f84 | 0000 0000 | 0041 807f | 3800 0f85 | b026 0000 | 4c8b d64d | 8bc5 4489 | 4614 4d8b 
  0x0000027aead38d44: dd4d 33da | 49c1 eb14 | 4d85 db74 | 1a49 c1ea | 0948 b900 | 00c5 f17a | 0200 0049 | 03ca 8039 
  0x0000027aead38d64: 020f 85b0 | 2600 0044 | 8866 1048 | 8bd6 4889 | 5c24 384c | 8b54 2470 | 4c89 5424 | 204c 8b54 
  0x0000027aead38d84: 2450 4c89 | 5424 4848 | 8b6c 2420 

  0x0000027aead38d90: ;   {optimized virtual_call}
  0x0000027aead38d90: c5f8 77e8 

  0x0000027aead38d94: ; ImmutableOopMap {rbp=Oop [32]=Oop [40]=Oop [56]=Oop [72]=Oop [80]=Oop [96]=Oop [112]=Oop [120]=Oop }
                      ;*invokevirtual intern {reexecute=0 rethrow=0 return_oop=1}
                      ; - java.lang.Class::getPackageName@65 (line 1258)
                      ; - java.lang.ClassLoader::postDefineClass@2 (line 935)
                      ; - java.lang.ClassLoader::defineClass@37 (line 1027)
                      ; - java.security.SecureClassLoader::defineClass@12 (line 150)
                      ; - java.net.URLClassLoader::defineClass@220 (line 524)
                      ; - java.net.URLClassLoader$1::run@43 (line 427)
                      ; - java.net.URLClassLoader$1::run@1 (line 421)
                      ; - java.security.AccessController::executePrivileged@29 (line 816)
                      ; - java.security.AccessController::doPrivileged@13 (line 714)
                      ; - java.net.URLClassLoader::findClass@13 (line 420)
  0x0000027aead38d94: 98d8 38ff 

  0x0000027aead38d98: ;   {other}
  0x0000027aead38d98: 0f1f 8400 | 9015 000b | 4889 4424 | 2048 8b5c | 2438 4180 | 7f38 000f | 852c 2500 | 004c 8bd3 
  0x0000027aead38db8: 488b 7c24 | 204c 8bc7 | 4489 433c | 4c8b df4d | 33da 49c1 | eb14 4d85 | db74 1f48 | 85ff 741a 
  0x0000027aead38dd8: 49c1 ea09 | 48b9 0000 | c5f1 7a02 | 0000 4903 | ca80 3902 | 0f85 2225 | 0000 4c8b | 4424 2044 
  0x0000027aead38df8: 8b53 3048 | 895c 2440 | 4d8b ca48 | 8b54 2470 | 4c8b 5424 | 504c 8954 | 2420 488b | ea66 6690 
  0x0000027aead38e18: ;   {optimized virtual_call}
  0x0000027aead38e18: c5f8 77e8 

  0x0000027aead38e1c: ; ImmutableOopMap {rbp=Oop [32]=Oop [40]=Oop [64]=Oop [80]=Oop [96]=Oop [112]=Oop [120]=Oop }
                      ;*invokevirtual getNamedPackage {reexecute=0 rethrow=0 return_oop=1}
                      ; - java.lang.ClassLoader::postDefineClass@9 (line 935)
                      ; - java.lang.ClassLoader::defineClass@37 (line 1027)
                      ; - java.security.SecureClassLoader::defineClass@12 (line 150)
                      ; - java.net.URLClassLoader::defineClass@220 (line 524)
                      ; - java.net.URLClassLoader$1::run@43 (line 427)
                      ; - java.net.URLClassLoader$1::run@1 (line 421)
                      ; - java.security.AccessController::executePrivileged@29 (line 816)
                      ; - java.security.AccessController::doPrivileged@13 (line 714)
                      ; - java.net.URLClassLoader::findClass@13 (line 420)
  0x0000027aead38e1c: 3072 88ff 

  0x0000027aead38e20: ;   {other}
  0x0000027aead38e20: 0f1f 8400 | 1816 000c | 4c8b 5424 | 6045 8b42 | 1045 85c0 | 741a 458b | 5014 4585 | d20f 858d 
  0x0000027aead38e40: 1000 0045 | 8b58 1045 | 85db 0f85 | dc28 0000 | 488b 6c24 | 4048 8bd5 

  0x0000027aead38e58: ;   {static_call}
  0x0000027aead38e58: c5f8 77e8 

  0x0000027aead38e5c: ; ImmutableOopMap {rbp=Oop [40]=Oop [80]=Oop }
                      ;*invokestatic ensureMaterializedForStackWalk {reexecute=0 rethrow=0 return_oop=0}
                      ; - java.security.AccessController::executePrivileged@56 (line 824)
                      ; - java.security.AccessController::doPrivileged@13 (line 714)
                      ; - java.net.URLClassLoader::findClass@13 (line 420)
  0x0000027aead38e5c: d03b 3bff 

  0x0000027aead38e60: ;   {other}
  0x0000027aead38e60: 0f1f 8400 | 5816 000d | 4885 ed74 | 1c48 8bc5 | c5f8 7748 | 81c4 0001 

  0x0000027aead38e78: ;   {poll_return}
  0x0000027aead38e78: 0000 5d49 | 3ba7 4804 | 0000 0f87 | cf70 0000 | c349 8b87 | b801 0000 | 4c8b d049 | 83c2 284d 
  0x0000027aead38e98: 3b97 c801 | 0000 0f83 | d32c 0000 | 4d89 97b8 | 0100 0041 | 0f0d 8a00 | 0100 0048 | c700 0100 
  0x0000027aead38eb8: ;   {metadata('java/lang/ClassNotFoundException')}
  0x0000027aead38eb8: 0000 c740 | 0878 121b | 0044 8960 | 0c4c 8960 | 104c 8960 | 184c 8960 | 2048 8be8 | 488b d54c 
  0x0000027aead38ed8: 8b44 2450 | 4533 c990 

  0x0000027aead38ee0: ;   {optimized virtual_call}
  0x0000027aead38ee0: c5f8 77e8 

  0x0000027aead38ee4: ; ImmutableOopMap {rbp=Oop }
                      ;*invokespecial <init> {reexecute=0 rethrow=0 return_oop=0}
                      ; - java.lang.ClassNotFoundException::<init>@3 (line 71)
                      ; - java.net.URLClassLoader::findClass@41 (line 445)
  0x0000027aead38ee4: e893 6bff 

  0x0000027aead38ee8: ;   {other}
  0x0000027aead38ee8: 0f1f 8400 | e016 000e | 488b d5c5 | f877 4881 | c400 0100 

  0x0000027aead38efc: ;   {runtime_call _rethrow_Java}
  0x0000027aead38efc: 005d e95d | 79f0 fe41 | ba2f 0000 | 00e9 7bf3 | ffff ffc8 | eb08 83c0 | feeb 0383 | c0fd 448b 
  0x0000027aead38f1c: ;   {metadata('jdk/internal/loader/URLClassPath$JarLoader$2')}
  0x0000027aead38f1c: 5f08 4181 | fb88 022f | 000f 85ca | 1700 004c | 8bdf 458b | 4320 458b | 501c 83f8 | ff0f 8440 
  0x0000027aead38f3c: 0500 0044 | 8b49 1445 | 8b59 0c0f | be51 10c4 | c26a f7eb | 448d 4501 | 413b c00f | 8343 4100 
  0x0000027aead38f5c: 003b c50f | 848a 0d00 | 0085 d20f | 85a1 2a00 | 0085 c00f | 8456 1600 | 004d 8b87 | b801 0000 
  0x0000027aead38f7c: 498b d848 | 83c3 1849 | 3b9f c801 | 0000 0f83 | 042d 0000 | 4989 9fb8 | 0100 000f | 0d8b 0001 
  0x0000027aead38f9c: 0000 49c7 | 0001 0000 

  0x0000027aead38fa4: ;   {metadata('java/lang/String')}
  0x0000027aead38fa4: 0041 c740 | 08d8 0d17 | 0045 8960 | 0c4d 8960 | 1049 8bd9 | 4889 9c24 | a000 0000 | 498d 5910 
  0x0000027aead38fc4: 413b c30f | 85c5 0000 | 0049 63d3 | 4181 fb00 | 0010 000f | 8794 3100 | 0048 8954 | 2420 488b 
  0x0000027aead38fe4: eb4c 8944 | 2460 4489 | 4c24 5c44 | 8954 2458 | 4889 7c24 | 4848 894c | 2450 4d8b | 97b8 0100 
  0x0000027aead39004: 004c 8d42 | 1749 83e0 | f84d 8bca | 4d03 c84d | 3b8f c801 | 0000 0f83 | 7231 0000 | 4d89 8fb8 
  0x0000027aead39024: 0100 0041 | 0f0d 8900 | 0100 004d | 8bc2 49c7 | 0001 0000 | 0041 0f0d | 8940 0100 

  0x0000027aead39040: ;   {metadata({type array byte})}
  0x0000027aead39040: 0041 c740 | 0818 5d16 | 0045 8958 | 0c41 0f0d | 8980 0100 | 0049 8bd0 | 4883 c210 | 498b d84c 
  0x0000027aead39060: 8b54 2420 | 4983 c207 | 49c1 ea03 | 488b cd4d | 8bc2 c5f8 | 7749 ba20 | 5cb5 e97a | 0200 0041 
  0x0000027aead39080: ;   {other}
  0x0000027aead39080: ffd2 0f1f | 8400 0000 | 0000 4c8b | dbe9 0501 | 0000 443b | d841 8beb | 0f4f e844 | 3bdd 0f82 
  0x0000027aead390a0: bb3d 0000 | 3bc5 0f82 | b33d 0000 | 448b d84d | 63cb 4983 | c117 4d8b | d949 83e3 | f83d 0000 
  0x0000027aead390c0: 1000 0f87 | b32e 0000 | 4c89 5c24 | 404c 894c | 2438 4889 | 5c24 304c | 8944 2460 | 4489 5424 
  0x0000027aead390e0: 5889 4424 | 2048 897c | 2448 4889 | 4c24 504d | 8b9f b801 | 0000 4d8b | c34c 8b54 | 2440 4d03 
  0x0000027aead39100: c24d 3b87 | c801 0000 | 0f83 942e | 0000 4d89 | 87b8 0100 | 0041 0f0d | 8800 0100 | 0049 c703 
  0x0000027aead39120: 0100 0000 | 410f 0d88 | 4001 0000 

  0x0000027aead3912c: ;   {metadata({type array byte})}
  0x0000027aead3912c: 41c7 4308 | 185d 1600 | 448b d041 | 8943 0c41 | 0f0d 8880 | 0100 0049 | 8bd3 4883 | c210 4c8b 
  0x0000027aead3914c: 4424 3849 | c1e8 0385 | ed0f 842c | 3c00 0041 | 3bea 0f8c | 1a1f 0000 | 498b db4c | 8b54 2440 
  0x0000027aead3916c: 4983 c2f0 | 49c1 ea03 | 488b 4c24 | 304d 8bc2 | c5f8 7749 | ba20 5cb5 | e97a 0200 | 0041 ffd2 
  0x0000027aead3918c: ;   {other}
  0x0000027aead3918c: 0f1f 8400 | 0000 0000 | 4c8b db41 | 807f 3800 | 0f85 7d1d | 0000 4c8b | 4c24 604d | 8bd1 498b 
  0x0000027aead391ac: cb41 8949 | 144d 33da | 49c1 eb14 | 4d85 db74 | 1a49 c1ea | 0948 b900 | 00c5 f17a | 0200 0049 
  0x0000027aead391cc: 03ca 8039 | 020f 8580 | 1d00 0045 | 8861 1048 | 8b4c 2450 | 488b 7c24 | 4844 8b54 | 2458 4c89 
  0x0000027aead391ec: 8c24 b000 | 0000 448b 

  0x0000027aead391f4: ;   {metadata('jdk/internal/loader/URLClassPath$JarLoader$2')}
  0x0000027aead391f4: 5f08 4181 | fb88 022f | 000f 85db | 1b00 004c 

  0x0000027aead39204: ;   {oop(a 'java/lang/Class'{0x0000000080303ca0} = 'jdk/internal/access/SharedSecrets')}
  0x0000027aead39204: 8bdf 49b8 | a03c 3080 | 0000 0000 | 418b 98d4 | 0000 0044 | 8b4b 0841 | 8b53 2044 

  0x0000027aead39220: ;   {metadata('java/util/jar/JavaUtilJarAccessImpl')}
  0x0000027aead39220: 8b42 1841 | 81f9 9038 | 3c00 0f85 | fc38 0000 

  0x0000027aead39230: ; implicit exception: dispatches to 0x0000027aead3e92c
  0x0000027aead39230: 418b 5008 | 498b f048 | 8d9c 24e0 | 0000 004c | 8b0e 418b | 9f18 0600 | 0041 f6c1 | 020f 8537 
  0x0000027aead39250: 0000 0081 | fb67 0600 | 000f 8f4b | 0000 0049 | 3b74 1ff8 | 7416 498b | c148 83c8 | 0149 83e1 
  0x0000027aead39270: fef0 4c0f | b10e 0f85 | 2e00 0000 | 4989 341f | 4183 8718 | 0600 0008 | eb17 4833 | c0f0 4d0f 
  0x0000027aead39290: b179 3e74 | 0c4c 3bf8 | 7510 49ff | 8186 0000 | 0049 ff87 | 5005 0000 | 33c0 0f85 | d438 0000 
  0x0000027aead392b0: 453b 6034 | 750d 410f | b658 1285 | db0f 85ca | 0c00 0045 | 3b60 340f | 851c 1300 | 0048 8d84 
  0x0000027aead392d0: 24e0 0000 | 0049 ff8f | 5005 0000 | 418b 8718 | 0600 004c | 8b06 493b | 7407 f80f | 852e 0000 
  0x0000027aead392f0: 0041 83af | 1806 0000 | 0849 3b74 | 07f0 0f84 | 4d00 0000 | 498b c048 | 83e0 fc49 | 83c8 01f0 
  0x0000027aead39310: 4c0f b106 | 0f85 f66b | 0000 e932 | 0000 0049 

  0x0000027aead39320: ;   {no_reloc}
  0x0000027aead39320: 83b8 8600 | 0000 0075 | 1e49 8b80 | 9600 0000 | 490b 808e | 0000 000f | 85e7 6b00 | 0049 c740 
  0x0000027aead39340: 3e00 0000 | 00eb 0a49 | ff88 8600 | 0000 4533 | c00f 858e | 3800 0045 | 8b43 2041 | 8b68 1844 
  0x0000027aead39360: ;   {metadata('java/util/jar/JarFile')}
  0x0000027aead39360: 8b4d 0841 | 81f9 2859 | 2700 0f85 | b538 0000 | 4c89 5c24 | 3044 8954 | 2420 4889 | 7c24 5848 
  0x0000027aead39380: 894c 2450 | 488b d548 | 894c 2438 | 488b 6c24 | 7066 6690 

  0x0000027aead39394: ;   {optimized virtual_call}
  0x0000027aead39394: c5f8 77e8 

  0x0000027aead39398: ; ImmutableOopMap {rbp=Oop [32]=NarrowOop [40]=Oop [48]=Oop [56]=Oop [80]=Oop [88]=Oop [112]=Oop [176]=Oop }
                      ;*invokevirtual getManifestFromReference {reexecute=0 rethrow=0 return_oop=1}
                      ; - java.util.jar.JarFile::getManifest@1 (line 405)
                      ; - jdk.internal.loader.URLClassPath$JarLoader$2::getManifest@22 (line 842)
                      ; - java.net.URLClassLoader::defineClass@34 (line 491)
                      ; - java.net.URLClassLoader$1::run@43 (line 427)
                      ; - java.net.URLClassLoader$1::run@1 (line 421)
                      ; - java.security.AccessController::executePrivileged@29 (line 816)
                      ; - java.security.AccessController::doPrivileged@13 (line 714)
                      ; - java.net.URLClassLoader::findClass@13 (line 420)
  0x0000027aead39398: 1496 f5ff 

  0x0000027aead3939c: ;   {other}
  0x0000027aead3939c: 0f1f 8400 | 941b 000f | 488b 4c24 | 3848 8b7c | 2458 448b | 5424 2048 | 8944 2478 | 4489 5424 
  0x0000027aead393bc: 6048 897c | 2458 4889 | 4c24 5048 | 8b54 2470 | 4c8b 8424 | b000 0000 | 4889 7c24 | 2048 8944 
  0x0000027aead393dc: 2440 448b | 5c24 6044 | 895c 2448 | 488b ea90 

  0x0000027aead393ec: ;   {optimized virtual_call}
  0x0000027aead393ec: c5f8 77e8 

  0x0000027aead393f0: ; ImmutableOopMap {rbp=Oop [32]=Oop [40]=Oop [64]=Oop [72]=NarrowOop [80]=Oop [88]=Oop [96]=NarrowOop [112]=Oop [120]=Oop [176]=Oop }
                      ;*invokevirtual getDefinedPackage {reexecute=0 rethrow=0 return_oop=1}
                      ; - java.net.URLClassLoader::getAndVerifyPackage@2 (line 457)
                      ; - java.net.URLClassLoader::defineClass@46 (line 492)
                      ; - java.net.URLClassLoader$1::run@43 (line 427)
                      ; - java.net.URLClassLoader$1::run@1 (line 421)
                      ; - java.security.AccessController::executePrivileged@29 (line 816)
                      ; - java.security.AccessController::doPrivileged@13 (line 714)
                      ; - java.net.URLClassLoader::findClass@13 (line 420)
  0x0000027aead393f0: 5c59 88ff 

  0x0000027aead393f4: ;   {other}
  0x0000027aead393f4: 0f1f 8400 | ec1b 0010 | 4885 c00f | 8431 0900 | 0044 8b58 | 1045 8b53 | 1c45 85d2 | 0f85 4a3d 
  0x0000027aead39414: 0000 448b | 5014 418b | 6a24 85ed | 0f85 a13d | 0000 4c8b | 5424 404d | 85d2 7440 | 4c89 5424 
  0x0000027aead39434: 4848 8b54 | 2470 4c8b | 8424 b000 | 0000 4d8b | ca48 8944 | 2438 4c8b | 5424 504c | 8954 2440 
  0x0000027aead39454: 488b ea90 

  0x0000027aead39458: ;   {optimized virtual_call}
  0x0000027aead39458: c5f8 77e8 

  0x0000027aead3945c: ; ImmutableOopMap {rbp=Oop [32]=Oop [40]=Oop [56]=Oop [64]=Oop [72]=Oop [80]=Oop [88]=Oop [96]=NarrowOop [112]=Oop [176]=Oop }
                      ;*invokevirtual isSealed {reexecute=0 rethrow=0 return_oop=0}
                      ; - java.net.URLClassLoader::getAndVerifyPackage@68 (line 469)
                      ; - java.net.URLClassLoader::defineClass@46 (line 492)
                      ; - java.net.URLClassLoader$1::run@43 (line 427)
                      ; - java.net.URLClassLoader$1::run@1 (line 421)
                      ; - java.security.AccessController::executePrivileged@29 (line 816)
                      ; - java.security.AccessController::doPrivileged@13 (line 714)
                      ; - java.net.URLClassLoader::findClass@13 (line 420)
  0x0000027aead3945c: f081 41ff 

  0x0000027aead39460: ;   {other}
  0x0000027aead39460: 0f1f 8400 | 581c 0011 | 85c0 0f85 | b33d 0000 | 488b 4c24 | 5048 8b7c | 2420 448b | 5424 6048 
  0x0000027aead39480: 8d9c 24e0 | 0000 004c | 8b1f 418b | 9f18 0600 | 0041 f6c3 | 020f 8537 | 0000 0081 | fb67 0600 
  0x0000027aead394a0: 000f 8f4b | 0000 0049 | 3b7c 1ff8 | 7416 498b | c348 83c8 | 0149 83e3 | fef0 4c0f | b11f 0f85 
  0x0000027aead394c0: 2e00 0000 | 4989 3c1f | 4183 8718 | 0600 0008 | eb17 4833 | c0f0 4d0f | b17b 3e74 | 0c4c 3bf8 
  0x0000027aead394e0: 7510 49ff | 8386 0000 | 0049 ff87 | 5005 0000 | 33c0 0f85 | 5c34 0000 | 448b 4708 | 443b 670c 
  0x0000027aead39500: 0f85 bc00 

  0x0000027aead39504: ;   {metadata('jdk/internal/loader/URLClassPath$JarLoader$2')}
  0x0000027aead39504: 0000 4181 | f888 022f | 000f 850e | 1200 0048 | 8bdf 448b | 5b20 458b | 4b18 8b6b | 1c45 85c9 
  0x0000027aead39524: 0f84 063a | 0000 4489 | 4424 2044 | 8954 2460 | 4889 7c24 | 5848 894c | 2450 498b | d14c 8bc5 
  0x0000027aead39544: 4889 7c24 | 3048 895c | 2440 4889 | 5c24 4848 | 8b6c 2470 

  0x0000027aead39558: ;   {optimized virtual_call}
  0x0000027aead39558: c5f8 77e8 

  0x0000027aead3955c: ; ImmutableOopMap {rbp=Oop [40]=Oop [48]=Oop [64]=Oop [72]=Oop [80]=Oop [88]=Oop [96]=NarrowOop [112]=Oop }
                      ;*invokevirtual getInputStream {reexecute=0 rethrow=0 return_oop=1}
                      ; - jdk.internal.loader.URLClassPath$JarLoader$2::getInputStream@11 (line 837)
                      ; - jdk.internal.loader.Resource::cachedInputStream@9 (line 77)
                      ; - jdk.internal.loader.Resource::getByteBuffer@1 (line 163)
                      ; - java.net.URLClassLoader::defineClass@132 (line 511)
                      ; - java.net.URLClassLoader$1::run@43 (line 427)
                      ; - java.net.URLClassLoader$1::run@1 (line 421)
                      ; - java.security.AccessController::executePrivileged@29 (line 816)
                      ; - java.security.AccessController::doPrivileged@13 (line 714)
                      ; - java.net.URLClassLoader::findClass@13 (line 420)
  0x0000027aead3955c: 701b 42ff 

  0x0000027aead39560: ;   {other}
  0x0000027aead39560: 0f1f 8400 | 581d 0012 | 488b d841 | 807f 3800 | 0f85 541c | 0000 488b | 7c24 584c | 8bd7 4c8b 
  0x0000027aead39580: c344 8947 | 0c4c 8bdb | 4d33 da49 | c1eb 144d | 85db 741f | 4885 db74 | 1a49 c1ea | 0948 b900 
  0x0000027aead395a0: 00c5 f17a | 0200 0049 | 03ca 8039 | 020f 854f | 1c00 0048 | 8b4c 2450 | 448b 5424 | 6044 8b44 
  0x0000027aead395c0: 2420 8b6f | 0c48 8d84 | 24e0 0000 | 0049 ff8f | 5005 0000 | 418b 8718 | 0600 004c | 8b1f 493b 
  0x0000027aead395e0: 7c07 f80f | 852e 0000 | 0041 83af | 1806 0000 | 0849 3b7c | 07f0 0f84 | 4d00 0000 | 498b c348 
  0x0000027aead39600: 83e0 fc49 | 83cb 01f0 | 4c0f b11f | 0f85 b768 | 0000 e932 | 0000 0049 | 83bb 8600 | 0000 0075 
  0x0000027aead39620: 1e49 8b83 | 9600 0000 | 490b 838e | 0000 000f | 85a8 6800 | 0049 c743 | 3e00 0000 | 00eb 0a49 
  0x0000027aead39640: ff8b 8600 | 0000 4533 | db0f 853f | 3300 0044 

  0x0000027aead39650: ;   {metadata('java/util/zip/ZipFile$ZipFileInflaterInputStream')}
  0x0000027aead39650: 8b4d 0841 | 81f9 805d | 3c00 0f85 | 940b 0000 

  0x0000027aead39660: ;   {metadata('jdk/internal/loader/URLClassPath$JarLoader$2')}
  0x0000027aead39660: 4181 f888 | 022f 000f | 851b 1000 | 0044 8954 | 2458 4889 | 4c24 5048 | 8bd7 4889 | 7c24 2048 
  0x0000027aead39680: 894c 2430 | 4889 5424 | 3848 894c | 2440 488b | 6c24 7090 

  0x0000027aead39694: ;   {optimized virtual_call}
  0x0000027aead39694: c5f8 77e8 

  0x0000027aead39698: ; ImmutableOopMap {rbp=Oop [32]=Oop [40]=Oop [48]=Oop [56]=Oop [64]=Oop [80]=Oop [88]=NarrowOop [112]=Oop }
                      ;*invokevirtual getBytes {reexecute=0 rethrow=0 return_oop=1}
                      ; - java.net.URLClassLoader::defineClass@179 (line 519)
                      ; - java.net.URLClassLoader$1::run@43 (line 427)
                      ; - java.net.URLClassLoader$1::run@1 (line 421)
                      ; - java.security.AccessController::executePrivileged@29 (line 816)
                      ; - java.security.AccessController::doPrivileged@13 (line 714)
                      ; - java.net.URLClassLoader::findClass@13 (line 420)
  0x0000027aead39698: d433 60ff 

  0x0000027aead3969c: ;   {other}
  0x0000027aead3969c: 0f1f 8400 | 941e 0013 | 4889 8424 | a000 0000 | 4c8b 5424 | 2045 8b42 

  0x0000027aead396b4: ;   {metadata('jdk/internal/loader/URLClassPath$JarLoader$2')}
  0x0000027aead396b4: 0841 81f8 | 8802 2f00 | 0f85 0f10 | 0000 4c8b | 5c24 2041 | 8b6b 1c44 

  0x0000027aead396cc: ;   {metadata('java/util/jar/JarFile$JarFileEntry')}
  0x0000027aead396cc: 8b45 0841 | 81f8 3826 | 3c00 0f85 | 8c35 0000 | 4c8b dd45 | 8b43 6445 | 0fb6 4812 | 453b 6034 
  0x0000027aead396ec: 7509 4585 | c90f 85c6 | 0800 0045 | 8b43 5c45 | 85c0 0f85 | f30d 0000 | 458b 4364 

  0x0000027aead39708: ; implicit exception: dispatches to 0x0000027aead3eaac
  0x0000027aead39708: 418b 6834 | 85ed 0f85 | 500d 0000 | 4533 c94d | 8b9f b801 | 0000 4d8b | c349 83c0 | 284d 3b87 
  0x0000027aead39728: c801 0000 | 0f83 6724 | 0000 4d89 | 87b8 0100 | 0041 0f0d | 8800 0100 | 0049 c703 | 0100 0000 
  0x0000027aead39748: ;   {metadata('java/security/CodeSource')}
  0x0000027aead39748: 41c7 4308 | 3082 1600 | 4589 630c | 4d89 6310 | 4d89 6318 | 4d89 6320 | 448b 4424 | 5845 8943 
  0x0000027aead39768: 0c45 85c0 | 0f84 6a38 | 0000 4c89 | 5c24 304c | 894c 2420 | 4c89 5424 | 7849 8bd0 | 488b 6c24 
  0x0000027aead39788: 7066 6690 

  0x0000027aead3978c: ;   {static_call}
  0x0000027aead3978c: c5f8 77e8 

  0x0000027aead39790: ; ImmutableOopMap {rbp=Oop [32]=Oop [40]=Oop [48]=Oop [80]=Oop [112]=Oop [120]=Oop [160]=Oop }
                      ;*invokestatic urlNoFragString {reexecute=0 rethrow=0 return_oop=1}
                      ; - java.security.CodeSource::<init>@30 (line 123)
                      ; - java.net.URLClassLoader::defineClass@198 (line 522)
                      ; - java.net.URLClassLoader$1::run@43 (line 427)
                      ; - java.net.URLClassLoader$1::run@1 (line 421)
                      ; - java.security.AccessController::executePrivileged@29 (line 816)
                      ; - java.security.AccessController::doPrivileged@13 (line 714)
                      ; - java.net.URLClassLoader::findClass@13 (line 420)
  0x0000027aead39790: 8c75 3000 

  0x0000027aead39794: ;   {other}
  0x0000027aead39794: 0f1f 8400 | 8c1f 0014 | 488b d841 | 807f 3800 | 0f85 e616 | 0000 4c8b | 4424 304c | 8bd3 4589 
  0x0000027aead397b4: 5020 4c8b | d34d 8bd8 | 4d33 d349 | c1ea 144d | 85d2 741f | 4885 db74 | 1a49 c1eb | 0948 b900 
  0x0000027aead397d4: 00c5 f17a | 0200 0049 | 03cb 8039 | 020f 85e1 | 1600 004c | 8b4c 2420 | 4d85 c90f | 85fd 0800 
  0x0000027aead397f4: 004c 8984 | 2480 0000 | 00c5 f877 | 49ba 70b6 | a738 fb7f | 0000 41ff 

  0x0000027aead3980c: ;   {other}
  0x0000027aead3980c: d20f 1f84 | 0000 0000 | 0048 2b44 | 2468 4889 

  0x0000027aead3981c: ;   {oop(a 'jdk/internal/perf/PerfCounter'{0x0000000080303f28})}
  0x0000027aead3981c: 4424 5849 | bb28 3f30 | 8000 0000 | 0048 8d9c | 24e0 0000 | 004d 8b13 | 418b 9f18 | 0600 0041 
  0x0000027aead3983c: f6c2 020f | 8537 0000 | 0081 fb67 | 0600 000f | 8f4b 0000 | 004d 3b5c | 1ff8 7416 | 498b c248 
  0x0000027aead3985c: 83c8 0149 | 83e2 fef0 | 4d0f b113 | 0f85 2e00 | 0000 4d89 | 1c1f 4183 | 8718 0600 | 0008 eb17 
  0x0000027aead3987c: 4833 c0f0 | 4d0f b17a | 3e74 0c4c | 3bf8 7510 | 49ff 8286 | 0000 0049 | ff87 5005 | 0000 33c0 
  0x0000027aead3989c: 0f85 2931 

  0x0000027aead398a0: ;   {oop(a 'jdk/internal/perf/PerfCounter'{0x0000000080303f28})}
  0x0000027aead398a0: 0000 49ba | 283f 3080 | 0000 0000 | 458b 5a10 

  0x0000027aead398b0: ; implicit exception: dispatches to 0x0000027aead3e710
  0x0000027aead398b0: 418b 6b24 | 85ed 0f85 | 6c37 0000 | 418b 6b1c | 85ed 0f8c | 3531 0000 | 85ed 0f84 | 602f 0000 
  0x0000027aead398d0: 4d8b 5310 | 4c8b 5c24 | 584d 011a 

  0x0000027aead398dc: ;   {oop(a 'jdk/internal/perf/PerfCounter'{0x0000000080303f28})}
  0x0000027aead398dc: 49bb 283f | 3080 0000 | 0000 488d | 8424 e000 | 0000 49ff | 8f50 0500 | 0041 8b87 | 1806 0000 
  0x0000027aead398fc: 4d8b 134d | 3b5c 07f8 | 0f85 2e00 | 0000 4183 | af18 0600 | 0008 4d3b | 5c07 f00f | 844d 0000 
  0x0000027aead3991c: 0049 8bc2 | 4883 e0fc | 4983 ca01 | f04d 0fb1 | 130f 854f | 6500 00e9 | 3200 0000 | 4983 ba86 
  0x0000027aead3993c: 0000 0000 | 751e 498b | 8296 0000 | 0049 0b82 | 8e00 0000 | 0f85 4065 | 0000 49c7 | 423e 0000 
  0x0000027aead3995c: 0000 eb0a | 49ff 8a86 | 0000 0045 | 33d2 0f85 | c030 0000 | 4c8b 8c24 | a000 0000 

  0x0000027aead39978: ; implicit exception: dispatches to 0x0000027aead3e740
  0x0000027aead39978: 458b 410c | 498b 8fb8 | 0100 004c | 8bd1 4983 | c210 4d3b | 97c8 0100 | 000f 8335 | 2200 004d 
  0x0000027aead39998: 8997 b801 | 0000 410f | 0d8a 0001 | 0000 48c7 | 0101 0000 

  0x0000027aead399ac: ;   {metadata('java/security/SecureClassLoader$CodeSourceKey')}
  0x0000027aead399ac: 00c7 4108 | e047 2300 | 4489 610c | 4c8b 9424 | 8000 0000 | 4d8b da44 | 8959 0c49 | 8bbf b801 
  0x0000027aead399cc: 0000 488b | 5c24 708b | 6b50 4c8b | d749 83c2 | 104d 3b97 | c801 0000 | 0f83 2322 | 0000 4d89 
  0x0000027aead399ec: 97b8 0100 | 0041 0f0d | 8a00 0100 | 0048 c707 | 0100 0000 

  0x0000027aead39a00: ;   {metadata('java/security/SecureClassLoader$1')}
  0x0000027aead39a00: c747 0830 | 4c23 004c | 8bdb 4489 | 5f0c 448b 

  0x0000027aead39a10: ;   {metadata('java/util/concurrent/ConcurrentHashMap')}
  0x0000027aead39a10: 5d08 4181 | fb48 bc1a | 000f 8543 | 3000 0044 | 8984 2488 | 0000 004c | 898c 2480 | 0000 0048 
  0x0000027aead39a30: 895c 2470 | 488b d54c | 8bc1 4c8b | cf48 8beb 

  0x0000027aead39a40: ;   {optimized virtual_call}
  0x0000027aead39a40: c5f8 77e8 

  0x0000027aead39a44: ; ImmutableOopMap {rbp=Oop [40]=Oop [80]=Oop [112]=Oop [120]=Oop [128]=Oop }
                      ;*invokeinterface computeIfAbsent {reexecute=0 rethrow=0 return_oop=1}
                      ; - java.security.SecureClassLoader::getProtectionDomain@28 (line 222)
                      ; - java.security.SecureClassLoader::defineClass@9 (line 150)
                      ; - java.net.URLClassLoader::defineClass@220 (line 524)
                      ; - java.net.URLClassLoader$1::run@43 (line 427)
                      ; - java.net.URLClassLoader$1::run@1 (line 421)
                      ; - java.security.AccessController::executePrivileged@29 (line 816)
                      ; - java.security.AccessController::doPrivileged@13 (line 714)
                      ; - java.net.URLClassLoader::findClass@13 (line 420)
  0x0000027aead39a44: 0830 2100 

  0x0000027aead39a48: ;   {other}
  0x0000027aead39a48: 0f1f 8400 | 4022 0015 

  0x0000027aead39a50: ; implicit exception: dispatches to 0x0000027aead3e7a0
  0x0000027aead39a50: 448b 5008 

  0x0000027aead39a54: ;   {metadata('java/security/ProtectionDomain')}
  0x0000027aead39a54: 4181 fa08 | 7d16 000f | 85eb 4a00 | 0048 8b74 | 2450 448b | 5614 458b | 5a0c 4c8b | f045 85db 
  0x0000027aead39a74: 0f86 2630 | 0000 440f | be4e 1049 | 8bd2 4585 | c90f 85b2 | 1500 0049 | 8d7a 1041 | 8bd3 b82f 
  0x0000027aead39a94: 0000 0048 | 8bdf 83fa | 100f 8c79 | 0000 0083 | fa20 0f8c | 3600 0000 | c5f9 6ec0 | c4e2 7d78 
  0x0000027aead39ab4: c0c5 edef | d28b ca83 | e1e0 83e2 | 1fc5 fe6f | 0bc5 f574 | c8c4 e27d | 17d1 0f83 | 6900 0000 
  0x0000027aead39ad4: 4883 c320 | 83e9 2075 | e4e9 0d00 | 0000 c5f9 | 6ec0 c5e9 | efd2 c4e2 | 7900 c283 | fa10 0f8c 
  0x0000027aead39af4: 2400 0000 | 8bca 83e1 | f083 e20f | c5fa 6f0b | c5f1 74c8 | c4e2 7917 | d10f 832a | 0000 0048 
  0x0000027aead39b14: 83c3 1083 | e910 75e4 | 85d2 0f84 | 1200 0000 | 0fb6 0b3b | c174 1c48 | 83c3 0183 | ea01 7402 
  0x0000027aead39b34: ebee bbff | ffff ffeb | 0dc5 fdd7 | c90f bcc1 | 4803 d848 | 2bdf 83fb | ff0f 8547 

  0x0000027aead39b50: ;   {no_reloc}
  0x0000027aead39b50: 3400 0044 | 8b56 1480 | 7e10 000f | 8549 1800 | 0041 8b6a | 0c85 ed0f | 867b 2f00 | 0045 0fb6 
  0x0000027aead39b70: 5a10 4183 | fb5b 0f84 | e034 0000 | 8b4e 148b | 590c 440f | be46 10c4 | 623a f7cb | 458d 51fb 
  0x0000027aead39b90: 4585 d27c | 1c45 85c0 | 0f85 7312 | 0000 83fb | 040f 8611 | 3100 0080 | 7910 6a0f | 8453 0100 
  0x0000027aead39bb0: 0045 8b6e | 1041 ffc9 | 4585 c00f | 8550 2500 | 0044 8d53 | ff45 3bd1 | 450f 4fd1 | 4585 d20f 
  0x0000027aead39bd0: 8c1d 1200 | 0085 db0f | 860f 2d00 | 0044 3bd3 | 0f83 062d | 0000 418d 

  0x0000027aead39be8: ;   {oop(""{0x0000000080302580})}
  0x0000027aead39be8: 7aff 49b8 | 8025 3080 | 0000 0000 | 48bb 0000 | c5f1 7a02 | 0000 460f | be4c 1110 | 4183 f92e 
  0x0000027aead39c08: 0f84 a5e9 | ffff 458d | 5aff 443b | df7e 0545 | 8bd3 ebe2 | 4183 fb02 | 0f8e 8a30 | 0000 41ff 
  0x0000027aead39c28: ca45 8d4a | fe45 33db | 4183 fa02 | 450f 4ccb | 4181 f9a0 | 0f00 00bf | a00f 0000 | 440f 47cf 
  0x0000027aead39c48: 458b da45 | 2bd9 6690 | 4963 d20f | be7c 1110 | 83ff 2e0f | 8452 e9ff | ff44 0fbe | 4c11 0f41 
  0x0000027aead39c68: 83f9 2e0f | 8433 e9ff | ff0f be7c | 110e 83ff | 2e0f 842a | e9ff ff0f | be7c 110d | 83ff 2e0f 
  0x0000027aead39c88: 8422 e9ff | ff41 83c2 | fc45 3bd3 | 7fba 498b | 8750 0400 

  0x0000027aead39c9c: ; ImmutableOopMap {r8=Oop rcx=NarrowOop rsi=Oop rbp=Oop r13=NarrowOop r14=Oop [40]=Oop [112]=Oop [120]=Oop [128]=Oop }
                      ;*goto {reexecute=1 rethrow=0 return_oop=0}
                      ; - (reexecute) java.lang.StringLatin1::lastIndexOf@35 (line 395)
                      ; - java.lang.String::lastIndexOf@13 (line 2664)
                      ; - java.lang.String::lastIndexOf@8 (line 2626)
                      ; - java.lang.ClassLoader::checkCerts@3 (line 1161)
                      ; - java.lang.ClassLoader::preDefineClass@113 (line 918)
                      ; - java.lang.ClassLoader::defineClass@4 (line 1024)
                      ; - java.security.SecureClassLoader::defineClass@12 (line 150)
                      ; - java.net.URLClassLoader::defineClass@220 (line 524)
                      ; - java.net.URLClassLoader$1::run@43 (line 427)
                      ; - java.net.URLClassLoader$1::run@1 (line 421)
                      ; - java.security.AccessController::executePrivileged@29 (line 816)
                      ; - java.security.AccessController::doPrivileged@13 (line 714)
                      ; - java.net.URLClassLoader::findClass@13 (line 420)
  0x0000027aead39c9c: 0048 8be9 

  0x0000027aead39ca0: ;   {poll}
  0x0000027aead39ca0: 8500 4183 | fa02 0f8f | 7dff ffff | 4183 faff | 0f8e 5011 | 0000 6690 | 460f be5c | 1110 4183 
  0x0000027aead39cc0: fb2e 0f84 | ebe8 ffff | 41ff ca41 | 83fa ff7f | e7e9 3011 | 0000 498b | d3e9 0ce7 | ffff ba2f 
  0x0000027aead39ce0: 0000 00e9 | 82e6 ffff | 33db e9b4 | e3ff ff48 | 898c 24b0 | 0000 00e9 | f6f4 ffff | 4c8b cee9 
  0x0000027aead39d00: 97eb ffff | 8079 1161 | 0f85 a3fe | ffff 8079 | 1276 0f85 | 99fe ffff | 8079 1361 | 0f85 8ffe 
  0x0000027aead39d20: ffff 440f | be59 1441 | 83fb 2e0f | 8580 feff | ffe9 2611 

  0x0000027aead39d34: ;   {metadata('java/lang/IllegalArgumentException')}
  0x0000027aead39d34: 0000 48bd | d817 1b80 | 7a02 0000 | 4c8b 5424 | 404d 85d2 | 0f84 4215 | 0000 4c89 | 5424 2044 
  0x0000027aead39d54: 8b54 2448 | 498b fa48 | 8b54 2470 | 4c8b 8424 | b000 0000 | 4c8b 4c24 | 204c 8b54 | 2450 4c89 
  0x0000027aead39d74: 5424 3090 

  0x0000027aead39d78: ;   {optimized virtual_call}
  0x0000027aead39d78: c5f8 77e8 

  0x0000027aead39d7c: ; ImmutableOopMap {[32]=Oop [40]=Oop [48]=Oop [80]=Oop [88]=Oop [96]=NarrowOop [112]=Oop [176]=Oop }
                      ;*invokevirtual definePackage {reexecute=0 rethrow=0 return_oop=1}
                      ; - java.net.URLClassLoader::defineClass@64 (line 495)
                      ; - java.net.URLClassLoader$1::run@43 (line 427)
                      ; - java.net.URLClassLoader$1::run@1 (line 421)
                      ; - java.security.AccessController::executePrivileged@29 (line 816)
                      ; - java.security.AccessController::doPrivileged@13 (line 714)
                      ; - java.net.URLClassLoader::findClass@13 (line 420)
  0x0000027aead39d7c: c064 6df8 

  0x0000027aead39d80: ;   {other}
  0x0000027aead39d80: 0f1f 8400 | 7825 0017 | 488b 4c24 | 5048 8b7c | 2458 448b | 5424 60e9 | e3f6 ffff | 498b f0e9 
  0x0000027aead39da0: cbef ffff | 33ed e9dd | e3ff ff8b | 4a0c 448b | 5208 4c63 | d948 8bea | 49c1 e302 | 81f9 0000 
  0x0000027aead39dc0: 0400 0f87 | 0029 0000 | 4c89 5c24 | 3889 5424 | 604c 894c | 2468 4c89 | 7424 5848 | 895c 2430 
  0x0000027aead39de0: 4c89 4424 | 2048 8974 | 2450 4d8b | 9fb8 0100 | 004c 8b44 | 2438 4983 | c017 4983 | e0f8 4d8b 
  0x0000027aead39e00: cb4d 03c8 | 4d3b 8fc8 | 0100 000f | 83d9 2800 | 004d 898f | b801 0000 | 410f 0d89 | 0001 0000 
  0x0000027aead39e20: 49c7 0301 | 0000 0045 | 8953 0841 | 894b 0c41 | 0f0d 8940 | 0100 0041 | 0f0d 8980 | 0100 0044 
  0x0000027aead39e40: 8b54 2460 | 498d 4a10 | 498b d348 | 83c2 1049 | 8bdb 4c8b | 5424 3849 | 83c2 0749 | c1ea 034d 
  0x0000027aead39e60: 8bc2 c5f8 | 7749 ba20 | 5cb5 e97a | 0200 0041 

  0x0000027aead39e70: ;   {other}
  0x0000027aead39e70: ffd2 0f1f | 8400 0000 | 0000 4c8b | d348 8b74 | 2450 4c8b | 4424 2048 | 8b5c 2430 | 4c8b 7424 
  0x0000027aead39e90: 584c 8b4c | 2468 e927 | eaff ff48 | 8be8 488b | d04c 8b54 | 2470 4c89 | 5424 6890 

  0x0000027aead39eac: ;   {optimized virtual_call}
  0x0000027aead39eac: c5f8 77e8 

  0x0000027aead39eb0: ; ImmutableOopMap {rbp=Oop [32]=Oop [40]=Oop [80]=Oop [96]=Oop [104]=Oop [112]=Oop [120]=Oop }
                      ;*invokevirtual initClassName {reexecute=0 rethrow=0 return_oop=1}
                      ; - java.lang.Class::getName@14 (line 1037)
                      ; - java.lang.Class::getPackageName@40 (line 1256)
                      ; - java.lang.ClassLoader::postDefineClass@2 (line 935)
                      ; - java.lang.ClassLoader::defineClass@37 (line 1027)
                      ; - java.security.SecureClassLoader::defineClass@12 (line 150)
                      ; - java.net.URLClassLoader::defineClass@220 (line 524)
                      ; - java.net.URLClassLoader$1::run@43 (line 427)
                      ; - java.net.URLClassLoader$1::run@1 (line 421)
                      ; - java.security.AccessController::executePrivileged@29 (line 816)
                      ; - java.security.AccessController::doPrivileged@13 (line 714)
                      ; - java.net.URLClassLoader::findClass@13 (line 420)
  0x0000027aead39eb0: fc42 3aff 

  0x0000027aead39eb4: ;   {other}
  0x0000027aead39eb4: 0f1f 8400 | ac26 0018 | 4c8b c048 | 85c0 0f84 | 503b 0000 | 488b dde9 | 41eb ffff | 418b 7a0c 
  0x0000027aead39ed4: 458b 4a08 | 498b ea48 | 63f7 48c1 | e602 81ff | 0000 0400 | 0f87 2628 | 0000 498b | 9fb8 0100 
  0x0000027aead39ef4: 004c 8d5e | 1749 83e3 | f84c 8bc3 | 4d03 c34d | 3b87 c801 | 0000 0f83 | 0428 0000 | 4d89 87b8 
  0x0000027aead39f14: 0100 0041 | 0f0d 8800 | 0100 0048 | c703 0100 | 0000 4489 | 4b08 897b | 0c41 0f0d | 8840 0100 
  0x0000027aead39f34: 0041 0f0d | 8880 0100 | 0049 8d4a | 1048 8bd3 | 4883 c210 | 4883 c607 | 48c1 ee03 | 4c8b c6c5 
  0x0000027aead39f54: f877 49ba | 205c b5e9 | 7a02 0000 

  0x0000027aead39f60: ;   {other}
  0x0000027aead39f60: 41ff d20f | 1f84 0000 | 0000 0048 | 8b54 2440 | 4c8b c348 | 8b6c 2450 

  0x0000027aead39f78: ;   {optimized virtual_call}
  0x0000027aead39f78: c5f8 77e8 

  0x0000027aead39f7c: ; ImmutableOopMap {rbp=Oop [40]=Oop [64]=Oop [80]=Oop [112]=Oop [120]=Oop }
                      ;*invokevirtual setSigners {reexecute=0 rethrow=0 return_oop=0}
                      ; - java.lang.ClassLoader::setSigners@2 (line 1316)
                      ; - java.lang.ClassLoader::postDefineClass@35 (line 940)
                      ; - java.lang.ClassLoader::defineClass@37 (line 1027)
                      ; - java.security.SecureClassLoader::defineClass@12 (line 150)
                      ; - java.net.URLClassLoader::defineClass@220 (line 524)
                      ; - java.net.URLClassLoader$1::run@43 (line 427)
                      ; - java.net.URLClassLoader$1::run@1 (line 421)
                      ; - java.security.AccessController::executePrivileged@29 (line 816)
                      ; - java.security.AccessController::doPrivileged@13 (line 714)
                      ; - java.net.URLClassLoader::findClass@13 (line 420)
  0x0000027aead39f7c: 30ce 2e00 

  0x0000027aead39f80: ;   {other}
  0x0000027aead39f80: 0f1f 8400 | 7827 0019 | e9c3 eeff | ff41 0fb6 | 6810 85ed | 0f85 3a3c | 0000 458b | 481c 458b 
  0x0000027aead39fa0: 4918 418b | 5918 85db | 7c0a 453b | 6140 0f85 | b61d 0000 | 4588 6012 | e906 f3ff | ff49 8bc8 
  0x0000027aead39fc0: 488d 9c24 | e000 0000 | 4c8b 0941 | 8b9f 1806 | 0000 41f6 | c102 0f85 | 3700 0000 | 81fb 6706 
  0x0000027aead39fe0: 0000 0f8f | 4b00 0000 | 493b 4c1f | f874 1649 | 8bc1 4883 | c801 4983 | e1fe f04c | 0fb1 090f 
  0x0000027aead3a000: 852e 0000 | 0049 890c | 1f41 8387 | 1806 0000 | 08eb 1748 | 33c0 f04d | 0fb1 793e | 740c 4c3b 
  0x0000027aead3a020: f875 1049 | ff81 8600 | 0000 49ff | 8750 0500 | 0033 c00f | 8503 3a00 | 0041 0fb6 | 6810 85ed 
  0x0000027aead3a040: 0f85 e23b | 0000 458b | 481c 418b | 7918 8b5f | 1885 db7c | 0a44 3b67 | 400f 85df | 1d00 0048 
  0x0000027aead3a060: 8d84 24e0 | 0000 0049 | ff8f 5005 | 0000 418b | 8718 0600 | 004c 8b09 | 493b 4c07 

  0x0000027aead3a07c: ;   {no_reloc}
  0x0000027aead3a07c: f80f 852e | 0000 0041 | 83af 1806 | 0000 0849 | 3b4c 07f0 | 0f84 4d00 | 0000 498b | c148 83e0 
  0x0000027aead3a09c: fc49 83c9 | 01f0 4c0f | b109 0f85 | 8f5d 0000 | e932 0000 | 0049 83b9 | 8600 0000 | 0075 1e49 
  0x0000027aead3a0bc: 8b81 9600 | 0000 490b | 818e 0000 | 000f 8580 | 5d00 0049 | c741 3e00 | 0000 00eb | 0a49 ff89 
  0x0000027aead3a0dc: 8600 0000 | 4533 c90f | 859a 3900 | 0045 8860 | 12e9 05f6 | ffff 458b | 510c 4d63 | da49 c1e3 
  0x0000027aead3a0fc: 0241 81fa | 0000 0400 | 0f87 8226 | 0000 498b | eb4c 8944 | 2458 4c89 | 4c24 484d | 8b9f b801 
  0x0000027aead3a11c: 0000 4c8d | 4517 4983 | e0f8 4d8b | cb4d 03c8 | 4d3b 8fc8 | 0100 000f | 8360 2600 | 004d 898f 
  0x0000027aead3a13c: b801 0000 | 410f 0d89 | 0001 0000 | 49c7 0301 | 0000 0041 | 0f0d 8940 

  0x0000027aead3a154: ;   {metadata('java/security/CodeSigner'[])}
  0x0000027aead3a154: 0100 0041 | c743 0860 | 602e 0145 | 8953 0c41 | 0f0d 8980 | 0100 004d | 8bd3 488b | 4c24 4848 
  0x0000027aead3a174: 83c1 1049 | 8bd2 4883 | c210 498b | da4c 8d55 | 0749 c1ea | 034d 8bc2 | c5f8 7749 | ba20 5cb5 
  0x0000027aead3a194: e97a 0200 | 0041 ffd2 

  0x0000027aead3a19c: ;   {other}
  0x0000027aead3a19c: 0f1f 8400 | 0000 0000 | 4180 7f38 | 000f 8559 | 2000 004c | 8b44 2458 | 4c8b db4d | 8bd3 4589 
  0x0000027aead3a1bc: 5010 4d8b | d04d 33da | 49c1 eb14 | 4d85 db74 | 1a49 c1ea | 0948 b900 | 00c5 f17a | 0200 0049 
  0x0000027aead3a1dc: 03ca 8039 | 020f 8559 | 2000 004c | 8984 2480 | 0000 00e9 | 09f6 ffff 

  0x0000027aead3a1f4: ;   {metadata('java/util/jar/JarVerifier$VerifierStream')}
  0x0000027aead3a1f4: 4181 f950 | 772e 010f | 845f f4ff 

  0x0000027aead3a200: ;   {metadata('sun/nio/ByteBuffered')}
  0x0000027aead3a200: ff48 b838 | 3a40 807a | 0200 0048 | be00 0000 | 807a 0200 | 0049 03f1 | 4c8b 5e20 | 4c3b d80f 
  0x0000027aead3a220: 84a1 3800 | 0045 8bc8 | 458b ea4c | 8bc7 4c8b | d148 33ff | 4c8b 9ea0 | 0000 0049 | 8bd3 48c1 
  0x0000027aead3a240: e230 0f89 | 2100 0000 | f348 0fb8 | d248 8b5e | 2848 3b04 | d374 1549 | 0fba e310 | 730b 49c1 
  0x0000027aead3a260: ;   {runtime_call StubRoutines (compiler stubs)}
  0x0000027aead3a260: cb0f e8f0 | 43ef feeb | 0348 ffc7 | 4885 ff0f | 8448 3800 | 0049 8bca | 498b f845 | 8bd5 458b 
  0x0000027aead3a280: c1e9 daf3 | ffff 8b8c | 24a8 0000 | 00ff c13b | 8c24 c800 | 0000 7c08 | 4533 d2e9 | f700 0000 
  0x0000027aead3a2a0: 488b 9c24 | 9800 0000 | 4c8b 5424 | 6044 8b8c | 24c8 0000 | 0044 8b84 | 24cc 0000 | 00eb 2e45 
  0x0000027aead3a2c0: 3bc8 0f85 | d139 0000 | 418d 79ff | 413b f90f | 832f 3800 | 0045 85c0 | 0f86 2638 | 0000 418d 
  0x0000027aead3a2e0: 48ff 413b | c80f 8381 | 3800 0033 | c98b 7c8b | 1085 ff0f | 841b 3400 | 004c 8bdf | 33ed 4889 
  0x0000027aead3a300: 9c24 9800 | 0000 4489 | 8c24 c800 | 0000 4489 | 8424 cc00 | 0000 898c | 24a8 0000 | 0089 bc24 
  0x0000027aead3a320: ac00 0000 | 4c89 9c24 | d000 0000 | 0f1f 4000 | 4c89 5424 | 6045 8b54 | aa10 4d8b | c248 8b94 
  0x0000027aead3a340: 24d0 0000 | 004c 8b54 | 2450 4c89 | 5424 3890 

  0x0000027aead3a350: ;   {optimized virtual_call}
  0x0000027aead3a350: c5f8 77e8 

  0x0000027aead3a354: ; ImmutableOopMap {[32]=Oop [40]=Oop [56]=Oop [80]=Oop [88]=Oop [96]=Oop [112]=Oop [120]=Oop [128]=Oop [152]=Oop [172]=NarrowOop [208]=Oop }
                      ;*invokevirtual equals {reexecute=0 rethrow=0 return_oop=0}
                      ; - java.lang.ClassLoader::compareCerts@81 (line 1196)
                      ; - java.lang.ClassLoader::checkCerts@80 (line 1170)
                      ; - java.lang.ClassLoader::preDefineClass@113 (line 918)
                      ; - java.lang.ClassLoader::defineClass@4 (line 1024)
                      ; - java.security.SecureClassLoader::defineClass@12 (line 150)
                      ; - java.net.URLClassLoader::defineClass@220 (line 524)
                      ; - java.net.URLClassLoader$1::run@43 (line 427)
                      ; - java.net.URLClassLoader$1::run@1 (line 421)
                      ; - java.security.AccessController::executePrivileged@29 (line 816)
                      ; - java.security.AccessController::doPrivileged@13 (line 714)
                      ; - java.net.URLClassLoader::findClass@13 (line 420)
  0x0000027aead3a354: 8844 e3fe 

  0x0000027aead3a358: ;   {other}
  0x0000027aead3a358: 0f1f 8400 | 502b 001a | 85c0 0f85 | 1eff ffff | ffc5 3bac | 24cc 0000 | 000f 8d41 | 3600 004c 
  0x0000027aead3a378: 8b54 2460 | ebb2 448b | 9424 a000 | 0000 41ff | c244 3b94 | 24cc 0000 | 000f 8db9 | e5ff ff4c 
  0x0000027aead3a398: 8b4c 2460 | 478b 4491 | 1045 85c0 | 0f84 ea33 | 0000 4d8b | d833 ed44 | 8994 24a0 | 0000 0044 
  0x0000027aead3a3b8: 8984 24a4 | 0000 004c | 899c 24c0 | 0000 0066 | 0f1f 8400 | 0000 0000 | 4c8b 9424 | 9800 0000 
  0x0000027aead3a3d8: 458b 54aa | 104d 8bc2 | 488b 9424 | c000 0000 | 4c8b 5424 | 504c 8954 | 2438 6690 

  0x0000027aead3a3f4: ;   {optimized virtual_call}
  0x0000027aead3a3f4: c5f8 77e8 

  0x0000027aead3a3f8: ; ImmutableOopMap {[32]=Oop [40]=Oop [56]=Oop [80]=Oop [88]=Oop [96]=Oop [112]=Oop [120]=Oop [128]=Oop [152]=Oop [164]=NarrowOop [192]=Oop }
                      ;*invokevirtual equals {reexecute=0 rethrow=0 return_oop=0}
                      ; - java.lang.ClassLoader::compareCerts@166 (line 1208)
                      ; - java.lang.ClassLoader::checkCerts@80 (line 1170)
                      ; - java.lang.ClassLoader::preDefineClass@113 (line 918)
                      ; - java.lang.ClassLoader::defineClass@4 (line 1024)
                      ; - java.security.SecureClassLoader::defineClass@12 (line 150)
                      ; - java.net.URLClassLoader::defineClass@220 (line 524)
                      ; - java.net.URLClassLoader$1::run@43 (line 427)
                      ; - java.net.URLClassLoader$1::run@1 (line 421)
                      ; - java.security.AccessController::executePrivileged@29 (line 816)
                      ; - java.security.AccessController::doPrivileged@13 (line 714)
                      ; - java.net.URLClassLoader::findClass@13 (line 420)
  0x0000027aead3a3f8: e443 e3fe 

  0x0000027aead3a3fc: ;   {other}
  0x0000027aead3a3fc: 0f1f 8400 | f42b 001b | 85c0 0f85 | 72ff ffff | ffc5 3bac | 24c8 0000 | 007c b9ba | 45ff ffff 
  0x0000027aead3a41c: 4c8b 5424 | 384c 8954 | 2420 4c8b | 5424 704c | 8954 2430 | 4c8b 5424 | 784c 8954 | 2468 4c8b 
  0x0000027aead3a43c: 9424 8000 | 0000 4c89 | 5424 7044 | 8b94 2488 | 0000 0044 | 8954 2478 

  0x0000027aead3a454: ;   {runtime_call UncommonTrapBlob}
  0x0000027aead3a454: c5f8 77e8 

  0x0000027aead3a458: ; ImmutableOopMap {[32]=Oop [40]=Oop [48]=Oop [88]=Oop [96]=Oop [104]=Oop [112]=Oop [152]=Oop }
                      ;*if_icmpge {reexecute=1 rethrow=0 return_oop=0}
                      ; - (reexecute) java.lang.ClassLoader::compareCerts@152 (line 1207)
                      ; - java.lang.ClassLoader::checkCerts@80 (line 1170)
                      ; - java.lang.ClassLoader::preDefineClass@113 (line 918)
                      ; - java.lang.ClassLoader::defineClass@4 (line 1024)
                      ; - java.security.SecureClassLoader::defineClass@12 (line 150)
                      ; - java.net.URLClassLoader::defineClass@220 (line 524)
                      ; - java.net.URLClassLoader$1::run@43 (line 427)
                      ; - java.net.URLClassLoader$1::run@1 (line 421)
                      ; - java.security.AccessController::executePrivileged@29 (line 816)
                      ; - java.security.AccessController::doPrivileged@13 (line 714)
                      ; - java.net.URLClassLoader::findClass@13 (line 420)
  0x0000027aead3a458: 049f e3fe 

  0x0000027aead3a45c: ;   {other}
  0x0000027aead3a45c: 0f1f 8400 | 542c 001c | 4c89 5c24 | 204c 8954 | 2460 498b | d366 6690 

  0x0000027aead3a474: ;   {optimized virtual_call}
  0x0000027aead3a474: c5f8 77e8 

  0x0000027aead3a478: ; ImmutableOopMap {rbp=NarrowOop [32]=Oop [40]=Oop [80]=Oop [88]=NarrowOop [96]=Oop [112]=Oop [160]=Oop }
                      ;*invokevirtual realEntry {reexecute=0 rethrow=0 return_oop=1}
                      ; - java.util.jar.JarFile$JarFileEntry::getCodeSigners@46 (line 674)
                      ; - jdk.internal.loader.URLClassPath$JarLoader$2::getCodeSigners@4 (line 847)
                      ; - java.net.URLClassLoader::defineClass@185 (line 521)
                      ; - java.net.URLClassLoader$1::run@43 (line 427)
                      ; - java.net.URLClassLoader$1::run@1 (line 421)
                      ; - java.security.AccessController::executePrivileged@29 (line 816)
                      ; - java.security.AccessController::doPrivileged@13 (line 714)
                      ; - java.net.URLClassLoader::findClass@13 (line 420)
  0x0000027aead3a478: 6443 e3fe 

  0x0000027aead3a47c: ;   {other}
  0x0000027aead3a47c: 0f1f 8400 | 742c 001d | 488b d54c | 8bc0 6690 

  0x0000027aead3a48c: ;   {optimized virtual_call}
  0x0000027aead3a48c: c5f8 77e8 

  0x0000027aead3a490: ; ImmutableOopMap {[32]=Oop [40]=Oop [80]=Oop [88]=NarrowOop [96]=Oop [112]=Oop [160]=Oop }
                      ;*invokevirtual getCodeSigners {reexecute=0 rethrow=0 return_oop=1}
                      ; - java.util.jar.JarFile$JarFileEntry::getCodeSigners@49 (line 674)
                      ; - jdk.internal.loader.URLClassPath$JarLoader$2::getCodeSigners@4 (line 847)
                      ; - java.net.URLClassLoader::defineClass@185 (line 521)
                      ; - java.net.URLClassLoader$1::run@43 (line 427)
                      ; - java.net.URLClassLoader$1::run@1 (line 421)
                      ; - java.security.AccessController::executePrivileged@29 (line 816)
                      ; - java.security.AccessController::doPrivileged@13 (line 714)
                      ; - java.net.URLClassLoader::findClass@13 (line 420)
  0x0000027aead3a490: 4c43 e3fe 

  0x0000027aead3a494: ;   {other}
  0x0000027aead3a494: 0f1f 8400 | 8c2c 001e | 488b d841 | 807f 3800 | 0f85 a331 | 0000 4c8b | 4c24 2048 | 8bcb 4c8b 
  0x0000027aead3a4b4: c145 8941 | 5c4d 8bd1 | 4c8b d94d | 33da 49c1 | eb14 4d85 | db0f 8411 | 3100 0048 | 85c9 0f84 
  0x0000027aead3a4d4: 6b31 0000 | 49c1 ea09 | 48b9 0000 | c5f1 7a02 | 0000 4903 | ca80 3902 | 0f85 f930 | 0000 4c8b 
  0x0000027aead3a4f4: 5424 6041 | 8b48 0c4d | 8bc8 4863 | d948 c1e3 | 0281 f900 | 0004 000f | 87af 2200 | 0048 895c 
  0x0000027aead3a514: 2420 498b | e944 8bd9 | 4489 4424 | 5c4c 8954 | 2448 4d8b | 97b8 0100 | 004d 8bc2 | 4c8d 5317 
  0x0000027aead3a534: 4983 e2f8 | 4d8b c84d | 03ca 4d3b | 8fc8 0100 | 000f 838a | 2200 004d | 898f b801 | 0000 410f 
  0x0000027aead3a554: 0d89 0001 | 0000 4d8b | d049 c702 | 0100 0000 | 410f 0d89 | 4001 0000 

  0x0000027aead3a56c: ;   {metadata('java/security/CodeSigner'[])}
  0x0000027aead3a56c: 41c7 4208 | 6060 2e01 | 4189 480c | 410f 0d89 | 8001 0000 | 4d8b d044 | 8b44 245c | 498d 4810 
  0x0000027aead3a58c: 498b d248 | 83c2 1049 | 8bda 4c8b | 5424 2049 | 83c2 0749 | c1ea 034d | 8bc2 c5f8 | 7749 ba20 
  0x0000027aead3a5ac: 5cb5 e97a | 0200 0041 

  0x0000027aead3a5b4: ;   {other}
  0x0000027aead3a5b4: ffd2 0f1f | 8400 0000 | 0000 4c8b | 5424 484c | 8bcb e94c 

  0x0000027aead3a5c8: ;   {oop(""{0x0000000080302580})}
  0x0000027aead3a5c8: f1ff ff49 | b980 2530 | 8000 0000 | 00e9 10ec 

  0x0000027aead3a5d8: ;   {oop(""{0x0000000080302580})}
  0x0000027aead3a5d8: ffff 49b9 | 8025 3080 | 0000 0000 | e9b2 e2ff | ff41 0fb6 | 5811 85db | 0f85 d7ec | ffff 4889 
  0x0000027aead3a5f8: 7424 3044 | 8944 244c | 4c89 5c24 | 6044 8954 | 2448 4889 | 7c24 5848 | 894c 2450 | 4889 8c24 
  0x0000027aead3a618: 9000 0000 

  0x0000027aead3a61c: ;   {static_call}
  0x0000027aead3a61c: c5f8 77e8 

  0x0000027aead3a620: ; ImmutableOopMap {[40]=Oop [48]=Oop [72]=NarrowOop [76]=NarrowOop [80]=Oop [88]=Oop [96]=Oop [112]=Oop [144]=Oop [176]=Oop }
                      ;*invokestatic beginInit {reexecute=0 rethrow=0 return_oop=1}
                      ; - java.util.jar.JarFile::ensureInitialization@31 (line 1068)
                      ; - java.util.jar.JavaUtilJarAccessImpl::ensureInitialization@1 (line 42)
                      ; - jdk.internal.loader.URLClassPath$JarLoader$2::getManifest@10 (line 841)
                      ; - java.net.URLClassLoader::defineClass@34 (line 491)
                      ; - java.net.URLClassLoader$1::run@43 (line 427)
                      ; - java.net.URLClassLoader$1::run@1 (line 421)
                      ; - java.security.AccessController::executePrivileged@29 (line 816)
                      ; - java.security.AccessController::doPrivileged@13 (line 714)
                      ; - java.net.URLClassLoader::findClass@13 (line 420)
  0x0000027aead3a620: 435b 0000 

  0x0000027aead3a624: ;   {other}
  0x0000027aead3a624: 0f1f 8400 | 1c2e 001f | 4889 4424 | 7848 8b54 | 2430 488b | 6c24 5090 

  0x0000027aead3a63c: ;   {optimized virtual_call}
  0x0000027aead3a63c: c5f8 77e8 

  0x0000027aead3a640: ; ImmutableOopMap {rbp=Oop [40]=Oop [48]=Oop [72]=NarrowOop [76]=NarrowOop [80]=Oop [88]=Oop [96]=Oop [112]=Oop [120]=Oop [176]=Oop }
                      ;*invokevirtual initializeVerifier {reexecute=0 rethrow=0 return_oop=0}
                      ; - java.util.jar.JarFile::ensureInitialization@36 (line 1070)
                      ; - java.util.jar.JavaUtilJarAccessImpl::ensureInitialization@1 (line 42)
                      ; - jdk.internal.loader.URLClassPath$JarLoader$2::getManifest@10 (line 841)
                      ; - java.net.URLClassLoader::defineClass@34 (line 491)
                      ; - java.net.URLClassLoader$1::run@43 (line 427)
                      ; - java.net.URLClassLoader$1::run@1 (line 421)
                      ; - java.security.AccessController::executePrivileged@29 (line 816)
                      ; - java.security.AccessController::doPrivileged@13 (line 714)
                      ; - java.net.URLClassLoader::findClass@13 (line 420)
  0x0000027aead3a640: 245a 0000 

  0x0000027aead3a644: ;   {other}
  0x0000027aead3a644: 0f1f 8400 | 3c2e 0020 | 448b 5424 | 4c41 c642 | 1101 488b | 5424 7890 

  0x0000027aead3a65c: ;   {static_call}
  0x0000027aead3a65c: c5f8 77e8 

  0x0000027aead3a660: ; ImmutableOopMap {rbp=Oop [40]=Oop [48]=Oop [72]=NarrowOop [80]=Oop [88]=Oop [96]=Oop [112]=Oop [176]=Oop }
                      ;*invokestatic endInit {reexecute=0 rethrow=0 return_oop=0}
                      ; - java.util.jar.JarFile::ensureInitialization@45 (line 1073)
                      ; - java.util.jar.JavaUtilJarAccessImpl::ensureInitialization@1 (line 42)
                      ; - jdk.internal.loader.URLClassPath$JarLoader$2::getManifest@10 (line 841)
                      ; - java.net.URLClassLoader::defineClass@34 (line 491)
                      ; - java.net.URLClassLoader$1::run@43 (line 427)
                      ; - java.net.URLClassLoader$1::run@1 (line 421)
                      ; - java.security.AccessController::executePrivileged@29 (line 816)
                      ; - java.security.AccessController::doPrivileged@13 (line 714)
                      ; - java.net.URLClassLoader::findClass@13 (line 420)
  0x0000027aead3a660: 135a 0000 

  0x0000027aead3a664: ;   {other}
  0x0000027aead3a664: 0f1f 8400 | 5c2e 0021 | 488b cd48 | 8b7c 2458 | 448b 5424 | 484c 8b5c | 2460 488b | 7424 30e9 
  0x0000027aead3a684: 45ec ffff | 4489 5424 | 5848 897c | 2420 4889 | 4c24 5048 | 8bd7 4c8b | 5424 704c | 8954 2430 
  0x0000027aead3a6a4: 4889 4c24 | 3890 c5f8 | 7748 b830 | 9a92 a47a 

  0x0000027aead3a6b4: ;   {virtual_call}
  0x0000027aead3a6b4: 0200 00e8 

  0x0000027aead3a6b8: ; ImmutableOopMap {[32]=Oop [40]=Oop [48]=Oop [56]=Oop [80]=Oop [88]=NarrowOop [112]=Oop }
                      ;*invokevirtual getBytes {reexecute=0 rethrow=0 return_oop=1}
                      ; - java.net.URLClassLoader::defineClass@179 (line 519)
                      ; - java.net.URLClassLoader$1::run@43 (line 427)
                      ; - java.net.URLClassLoader$1::run@1 (line 421)
                      ; - java.security.AccessController::executePrivileged@29 (line 816)
                      ; - java.security.AccessController::doPrivileged@13 (line 714)
                      ; - java.net.URLClassLoader::findClass@13 (line 420)
  0x0000027aead3a6b8: 2444 e3fe 

  0x0000027aead3a6bc: ;   {other}
  0x0000027aead3a6bc: 0f1f 8400 | b42e 0022 | 4889 8424 | a000 0000 | e9db efff 

  0x0000027aead3a6d0: ;   {metadata('jdk/internal/loader/URLClassPath$FileLoader$1')}
  0x0000027aead3a6d0: ff41 81f8 | 784d 6501 | 0f85 f635 | 0000 4533 | c9e9 31f0 

  0x0000027aead3a6e4: ;   {oop(""{0x0000000080302580})}
  0x0000027aead3a6e4: ffff 49b9 | 8025 3080 | 0000 0000 | e9a6 e1ff 

  0x0000027aead3a6f4: ;   {metadata('jdk/internal/loader/URLClassPath$FileLoader$1')}
  0x0000027aead3a6f4: ff41 81fb | 784d 6501 | 0f85 1236 | 0000 4c8b | df45 8b43 | 1c45 8b50 | 0ce9 24e8 

  0x0000027aead3a710: ;   {oop(""{0x0000000080302580})}
  0x0000027aead3a710: ffff 48be | 8025 3080 | 0000 0000 | e94e e6ff 

  0x0000027aead3a720: ;   {metadata('jdk/internal/loader/URLClassPath$FileLoader$1')}
  0x0000027aead3a720: ff41 81f8 | 784d 6501 | 0f85 3236 | 0000 488b | df49 8b87 | b801 0000 | 4c8b d849 | 83c3 204d 
  0x0000027aead3a740: 3b9f c801 | 0000 0f83 | f12b 0000 | 4d89 9fb8 | 0100 0041 | 0f0d 8b00 | 0100 0048 | c700 0100 
  0x0000027aead3a760: ;   {metadata('java/io/FileInputStream')}
  0x0000027aead3a760: 0000 c740 | 0868 4417 | 0044 8960 | 0c4c 8960 | 104c 8960 | 1848 8bd0 | 448b 5b18 | 498b 87b8 
  0x0000027aead3a780: 0100 004c | 8bc8 4983 | c110 4d3b | 8fc8 0100 | 000f 835d | 2b00 004d | 898f b801 | 0000 410f 
  0x0000027aead3a7a0: 0d89 0001 | 0000 48c7 | 0001 0000 

  0x0000027aead3a7ac: ;   {metadata('java/lang/Object')}
  0x0000027aead3a7ac: 00c7 4008 | f848 1600 | 4489 600c | 4889 4c24 | 5048 897c | 2458 4489 | 5424 6044 | 8944 2420 
  0x0000027aead3a7cc: 4889 5c24 | 7848 8994 | 2480 0000 | 0041 8beb | 4c8b 9424 | 8000 0000 | 4c8b d84c | 8b84 2480 
  0x0000027aead3a7ec: 0000 0045 | 8958 1c4c | 8bd8 4d33 | da49 c1eb | 144d 85db | 741a 49c1 | ea09 48b9 | 0000 c5f1 
  0x0000027aead3a80c: 7a02 0000 | 4903 ca80 | 3902 0f85 | f11b 0000 | 448b c544 | 8b5d 1045 | 8b53 1444 | 895c 2464 
  0x0000027aead3a82c: 896c 2448 | 8b6d 1444 | 8b44 2464 | 4d8b d84c | 895c 2430 | 85ed 0f85 | 0b0a 0000 | 448b 5c24 
  0x0000027aead3a84c: 4849 8beb | 4180 7810 | 000f 85f0 | 1d00 0041 | 8b52 0c4d | 8bda 498d | 7a10 33c0 | 488b df83 
  0x0000027aead3a86c: fa10 0f8c | 7900 0000 | 83fa 200f | 8c36 0000 | 00c5 f96e | d0c4 e27d | 78d2 c5f5 | efc9 8bca 
  0x0000027aead3a88c: 83e1 e083 | e21f c5fe | 6f03 c5fd | 74c2 c4e2 | 7d17 c80f | 8369 0000 | 0048 83c3 | 2083 e920 
  0x0000027aead3a8ac: ;   {no_reloc}
  0x0000027aead3a8ac: 75e4 e90d | 0000 00c5 | f96e d0c5 | f1ef c9c4 | e269 00d1 | 83fa 100f | 8c24 0000 | 008b ca83 
  0x0000027aead3a8cc: e1f0 83e2 | 0fc5 fa6f | 03c5 f974 | c2c4 e279 | 17c8 0f83 | 2a00 0000 | 4883 c310 | 83e9 1075 
  0x0000027aead3a8ec: e485 d20f | 8412 0000 | 000f b60b | 3bc1 741c | 4883 c301 | 83ea 0174 | 02eb eebb | ffff ffff 
  0x0000027aead3a90c: eb0d c5fd | d7c8 0fbc | c148 03d8 | 482b df44 | 8bd3 458b | da45 85d2 | 0f8d e637 | 0000 4180 
  0x0000027aead3a92c: 7f38 000f | 858d 1c00 | 0044 8b5c 

  0x0000027aead3a938: ;   {oop(a 'java/io/File$PathStatus'{0x00000000803006a0})}
  0x0000027aead3a938: 2448 41c7 | 4314 a006 | 3080 4c8b 

  0x0000027aead3a944: ;   {oop(a 'java/io/File$PathStatus'{0x00000000803006a0})}
  0x0000027aead3a944: d549 bba0 | 0630 8000 | 0000 004d | 33da 49c1 | eb14 4d85 | db74 1a49 | c1ea 0948 | b900 00c5 
  0x0000027aead3a964: f17a 0200 | 0049 03ca | 8039 020f | 8585 1c00 | 004d 8b8f | b801 0000 | 4d8b d149 | 83c2 284d 
  0x0000027aead3a984: 3b97 c801 | 0000 0f83 | fc29 0000 | 4d89 97b8 | 0100 0041 | 0f0d 8a00 | 0100 0049 | c701 0100 
  0x0000027aead3a9a4: ;   {metadata('java/io/FileDescriptor')}
  0x0000027aead3a9a4: 0000 41c7 | 4108 504c | 1700 4d89 | 6118 4d89 | 6120 41c7 | 410c ffff | ffff 49c7 | 4110 ffff 
  0x0000027aead3a9c4: ffff 4180 | 7f38 000f | 8545 1900 | 004c 8b94 | 2480 0000 | 004d 8bd9 | 4589 5a10 | 4d8b d94d 
  0x0000027aead3a9e4: 8bc2 4d33 | d849 c1eb | 144d 85db | 741a 49c1 | e809 48b9 | 0000 c5f1 | 7a02 0000 | 4903 c880 
  0x0000027aead3aa04: 3902 0f85 | 521a 0000 | 488d 9c24 | e800 0000 | 4d8b 1941 | 8b9f 1806 | 0000 41f6 | c302 0f85 
  0x0000027aead3aa24: 3700 0000 | 81fb 6706 | 0000 0f8f | 4b00 0000 | 4d3b 4c1f | f874 1649 | 8bc3 4883 | c801 4983 
  0x0000027aead3aa44: e3fe f04d | 0fb1 190f | 852e 0000 | 004d 890c | 1f41 8387 | 1806 0000 | 08eb 1748 | 33c0 f04d 
  0x0000027aead3aa64: 0fb1 7b3e | 740c 4c3b | f875 1049 | ff83 8600 | 0000 49ff | 8750 0500 | 0033 c00f | 8527 3300 
  0x0000027aead3aa84: 0041 8b69 | 1c85 ed0f | 85db 3300 | 0041 807f | 3800 0f85 | ff18 0000 | 4d8b d949 | 8bca 4189 
  0x0000027aead3aaa4: ;   {no_reloc}
  0x0000027aead3aaa4: 491c 4d8b | c24d 33c3 | 49c1 e814 | 4d85 c074 | 1a49 c1eb | 0948 b900 | 00c5 f17a | 0200 0049 
  0x0000027aead3aac4: 03cb 8039 | 020f 85ef | 1900 0048 | 8d84 24e8 | 0000 0049 | ff8f 5005 | 0000 418b | 8718 0600 
  0x0000027aead3aae4: 004d 8b19 | 4d3b 4c07 | f80f 852e | 0000 0041 | 83af 1806 | 0000 084d | 3b4c 07f0 | 0f84 4d00 
  0x0000027aead3ab04: 0000 498b | c348 83e0 | fc49 83cb | 01f0 4d0f | b119 0f85 | d852 0000 | e932 0000 | 0049 83bb 
  0x0000027aead3ab24: 8600 0000 | 0075 1e49 | 8b83 9600 | 0000 490b | 838e 0000 | 000f 85c9 | 5200 0049 | c743 3e00 
  0x0000027aead3ab44: 0000 00eb | 0a49 ff8b | 8600 0000 | 4533 db0f | 8584 3200 | 0041 807f | 3800 0f85 | fe17 0000 
  0x0000027aead3ab64: 448b 5c24 | 6445 895a | 144d 8bda | 4c8b 4c24 | 304d 8bc1 | 4d33 c349 | c1e8 144d | 85c0 741a 
  0x0000027aead3ab84: 49c1 eb09 | 48b9 0000 | c5f1 7a02 | 0000 4903 | cb80 3902 | 0f85 7619 | 0000 498b | ea49 8bd2 
  0x0000027aead3aba4: ;   {no_reloc}
  0x0000027aead3aba4: 4d8b c190 

  0x0000027aead3aba8: ;   {optimized virtual_call}
  0x0000027aead3aba8: c5f8 77e8 

  0x0000027aead3abac: ; ImmutableOopMap {rbp=Oop [40]=Oop [80]=Oop [88]=Oop [96]=NarrowOop [112]=Oop [120]=Oop }
                      ;*invokevirtual open0 {reexecute=0 rethrow=0 return_oop=0}
                      ; - java.io.FileInputStream::open@2 (line 219)
                      ; - java.io.FileInputStream::<init>@96 (line 159)
                      ; - jdk.internal.loader.URLClassPath$FileLoader$1::getInputStream@8 (line 1081)
                      ; - jdk.internal.loader.Resource::cachedInputStream@9 (line 77)
                      ; - jdk.internal.loader.Resource::getByteBuffer@1 (line 163)
                      ; - java.net.URLClassLoader::defineClass@132 (line 511)
                      ; - java.net.URLClassLoader$1::run@43 (line 427)
                      ; - java.net.URLClassLoader$1::run@1 (line 421)
                      ; - java.security.AccessController::executePrivileged@29 (line 816)
                      ; - java.security.AccessController::doPrivileged@13 (line 714)
                      ; - java.net.URLClassLoader::findClass@13 (line 420)
  0x0000027aead3abac: 005e 4dff 

  0x0000027aead3abb0: ;   {other}
  0x0000027aead3abb0: 0f1f 8400 | a833 0023 | 4c8b dd45 | 8b53 104d | 8b4a 1049 | 83f9 ff0f | 84d3 3300 | 004c 894c 
  0x0000027aead3abd0: 2430 4489 | 5424 244c | 899c 2480 | 0000 0049 | 8b87 b801 | 0000 418b | 6a0c 4c8b | d049 83c2 
  0x0000027aead3abf0: 3844 8b5c | 2424 4c89 | 5c24 384d | 3b97 c801 | 0000 0f83 | a827 0000 | 4d89 97b8 | 0100 0041 
  0x0000027aead3ac10: 0f0d 8a00 | 0100 0048 | c700 0100 

  0x0000027aead3ac1c: ;   {metadata('java/io/FileCleanable')}
  0x0000027aead3ac1c: 0000 c740 | 08f0 f82a | 0044 8960 | 0c4c 8960 | 104c 8960 | 184c 8960 | 204c 8960 | 284c 8960 
  0x0000027aead3ac3c: 304c 8bd0 | 4c89 5424 

  0x0000027aead3ac44: ;   {oop(a 'java/lang/ref/Cleaner'{0x000000008030df08})}
  0x0000027aead3ac44: 4049 b908 | df30 8000 | 0000 0049 | 8bd2 4c8b | 4424 3890 

  0x0000027aead3ac58: ;   {optimized virtual_call}
  0x0000027aead3ac58: c5f8 77e8 

  0x0000027aead3ac5c: ; ImmutableOopMap {[36]=NarrowOop [40]=Oop [56]=Oop [64]=Oop [80]=Oop [88]=Oop [96]=NarrowOop [112]=Oop [120]=Oop [128]=Oop }
                      ;*invokespecial <init> {reexecute=0 rethrow=0 return_oop=0}
                      ; - java.io.FileCleanable::<init>@3 (line 100)
                      ; - java.io.FileCleanable::register@42 (line 77)
                      ; - java.io.FileInputStream::<init>@103 (line 160)
                      ; - jdk.internal.loader.URLClassPath$FileLoader$1::getInputStream@8 (line 1081)
                      ; - jdk.internal.loader.Resource::cachedInputStream@9 (line 77)
                      ; - jdk.internal.loader.Resource::getByteBuffer@1 (line 163)
                      ; - java.net.URLClassLoader::defineClass@132 (line 511)
                      ; - java.net.URLClassLoader$1::run@43 (line 427)
                      ; - java.net.URLClassLoader$1::run@1 (line 421)
                      ; - java.security.AccessController::executePrivileged@29 (line 816)
                      ; - java.security.AccessController::doPrivileged@13 (line 714)
                      ; - java.net.URLClassLoader::findClass@13 (line 420)
  0x0000027aead3ac5c: 90ec 48ff 

  0x0000027aead3ac60: ;   {other}
  0x0000027aead3ac60: 0f1f 8400 | 5834 0024 | 4c8b 4424 | 4041 8968 | 304c 8b54 | 2430 4d89 | 5028 488b | 7c24 3848 
  0x0000027aead3ac80: 8d9c 24e8 | 0000 004c | 8b17 418b | 9f18 0600 | 0041 f6c2 | 020f 8537 | 0000 0081 | fb67 0600 
  0x0000027aead3aca0: 000f 8f4b | 0000 0049 | 3b7c 1ff8 | 7416 498b | c248 83c8 | 0149 83e2 | fef0 4c0f | b117 0f85 
  0x0000027aead3acc0: 2e00 0000 | 4989 3c1f | 4183 8718 | 0600 0008 | eb17 4833 | c0f0 4d0f | b17a 3e74 | 0c4c 3bf8 
  0x0000027aead3ace0: 7510 49ff | 8286 0000 | 0049 ff87 | 5005 0000 | 33c0 0f85 | 1631 0000 | 448b 5c24 | 2441 8b6b 
  0x0000027aead3ad00: 2485 ed0f | 85ef 3200 | 0041 807f | 3800 0f85 | c616 0000 | 4c8b d74d | 8bc8 4589 | 4b24 4d8b 
  0x0000027aead3ad20: d84d 33da | 49c1 eb14 | 4d85 db74 | 1a49 c1ea | 0948 b900 | 00c5 f17a | 0200 0049 | 03ca 8039 
  0x0000027aead3ad40: 020f 852a | 1800 0048 | 8d84 24e8 | 0000 0049 | ff8f 5005 | 0000 418b | 8718 0600 

  0x0000027aead3ad5c: ;   {no_reloc}
  0x0000027aead3ad5c: 004c 8b17 | 493b 7c07 | f80f 852e | 0000 0041 | 83af 1806 | 0000 0849 | 3b7c 07f0 | 0f84 4d00 
  0x0000027aead3ad7c: 0000 498b | c248 83e0 | fc49 83ca | 01f0 4c0f | b117 0f85 | 1950 0000 | e932 0000 | 0049 83ba 
  0x0000027aead3ad9c: 8600 0000 | 0075 1e49 | 8b82 9600 | 0000 490b | 828e 0000 | 000f 850a | 5000 0049 | c742 3e00 
  0x0000027aead3adbc: 0000 00eb | 0a49 ff8a | 8600 0000 | 4533 d20f | 8570 3000 | 0048 8b9c | 2480 0000 | 00e9 8de7 
  0x0000027aead3addc: ;   {metadata('jdk/internal/loader/URLClassPath$FileLoader$1')}
  0x0000027aead3addc: ffff 4181 | fb78 4d65 | 010f 8569 | 3100 0033 | c0e9 c1e5 

  0x0000027aead3adf0: ;   {oop(""{0x0000000080302580})}
  0x0000027aead3adf0: ffff 49b8 | 8025 3080 | 0000 0000 | 48bb 0000 | c5f1 7a02 | 0000 41ba | ffff ffff | e9a2 d7ff 
  0x0000027aead3ae10: ff44 0fb7 | 5910 4183 | fb6a 0f85 | 91ed ffff | 440f b759 | 1241 83fb | 610f 8582 | edff ff44 
  0x0000027aead3ae30: 0fb7 5914 | 4183 fb76 | 0f85 73ed | ffff 440f | b759 1641 | 83fb 610f | 8564 edff | ff44 0fb7 
  0x0000027aead3ae50: 5918 4183 | fb2e 0f85 | 55ed ffff | ba37 0100 | 004c 8b54 | 2428 4c89 | 5424 204c | 8b54 2470 
  0x0000027aead3ae70: 4889 7424 | 3048 8974 | 2438 4c89 | 5424 4890 

  0x0000027aead3ae80: ;   {runtime_call UncommonTrapBlob}
  0x0000027aead3ae80: c5f8 77e8 

  0x0000027aead3ae84: ; ImmutableOopMap {[32]=Oop [48]=Oop [56]=Oop [72]=Oop [112]=Oop [120]=Oop [128]=Oop }
                      ;*new {reexecute=0 rethrow=0 return_oop=0}
                      ; - java.lang.ClassLoader::preDefineClass@56 (line 909)
                      ; - java.lang.ClassLoader::defineClass@4 (line 1024)
                      ; - java.security.SecureClassLoader::defineClass@12 (line 150)
                      ; - java.net.URLClassLoader::defineClass@220 (line 524)
                      ; - java.net.URLClassLoader$1::run@43 (line 427)
                      ; - java.net.URLClassLoader$1::run@1 (line 421)
                      ; - java.security.AccessController::executePrivileged@29 (line 816)
                      ; - java.security.AccessController::doPrivileged@13 (line 714)
                      ; - java.net.URLClassLoader::findClass@13 (line 420)
  0x0000027aead3ae84: d894 e3fe 

  0x0000027aead3ae88: ;   {other}
  0x0000027aead3ae88: 0f1f 8400 | 8036 0025 | 4c8b 4424 | 3045 8b58 | 2045 85db | 0f84 0de9 | ffff 4d8b | 5728 498b 
  0x0000027aead3aea8: cb4d 85d2 | 0f84 c220 | 0000 4d8b | 5f30 4b89 | 4c13 f849 | 83c2 f84d | 8957 28e9 | e7e8 ffff 
  0x0000027aead3aec8: 4d8b 5748 | 4d8b 5f40 | f083 4424 | c000 8039 | 000f 8408 | e9ff ff44 | 8821 4d85 | db75 2649 
  0x0000027aead3aee8: 8bd8 498b | d7c5 f877 | 49ba c007 | 6c38 fb7f | 0000 41ff 

  0x0000027aead3aefc: ;   {other}
  0x0000027aead3aefc: d20f 1f84 | 0000 0000 | 004c 8bc3 | e9da e8ff | ff4b 894c | 1af8 4983 | c3f8 4d89 | 5f40 e9c8 
  0x0000027aead3af1c: e8ff ff4c | 8b4c 2460 | 458b 5114 | 4585 d20f | 8476 e2ff | ff4d 8b47 | 2849 8bca | 4d85 c00f 
  0x0000027aead3af3c: 845b 2200 | 004d 8b57 | 304b 894c | 02f8 4983 | c0f8 4d89 | 4728 e950 | e2ff ff4d | 8b57 404d 
  0x0000027aead3af5c: 8b5f 48f0 | 8344 24c0 | 0080 3900 | 0f84 69e2 | ffff 4488 | 214d 85d2 | 7526 498b | d949 8bd7 
  0x0000027aead3af7c: c5f8 7749 | bac0 076c | 38fb 7f00 | 0041 ffd2 

  0x0000027aead3af8c: ;   {other}
  0x0000027aead3af8c: 0f1f 8400 | 0000 0000 | 4c8b cbe9 | 3be2 ffff | 4b89 4c13 | f849 83c2 | f84d 8957 | 40e9 29e2 
  0x0000027aead3afac: ffff 4c8b | 4c24 6845 | 8b51 1445 | 85d2 0f84 | 8ed8 ffff | 4d8b 4728 | 498b ca4d | 85c0 0f84 
  0x0000027aead3afcc: 2822 0000 | 4d8b 5730 | 4b89 4c02 | f849 83c0 | f84d 8947 | 28e9 68d8 | ffff 4d8b | 5748 4d8b 
  0x0000027aead3afec: 5f40 f083 | 4424 c000 | 8039 000f | 8481 d8ff | ff44 8821 | 4d85 db75 | 2649 8bd9 | 498b d7c5 
  0x0000027aead3b00c: f877 49ba | c007 6c38 | fb7f 0000 

  0x0000027aead3b018: ;   {other}
  0x0000027aead3b018: 41ff d20f | 1f84 0000 | 0000 004c | 8bcb e953 | d8ff ff4b | 894c 1af8 | 4983 c3f8 | 4d89 5f40 
  0x0000027aead3b038: e941 d8ff | ff49 8bee | 418b fbd1 | ff41 b82f | 0000 0045 | 33c9 4c8b | 5424 704c | 8954 2438 
  0x0000027aead3b058: ;   {static_call}
  0x0000027aead3b058: c5f8 77e8 

  0x0000027aead3b05c: ; ImmutableOopMap {rbp=Oop [40]=Oop [56]=Oop [80]=Oop [112]=Oop [120]=Oop [128]=Oop }
                      ;*invokestatic indexOf {reexecute=0 rethrow=0 return_oop=0}
                      ; - java.lang.String::indexOf@37 (line 2495)
                      ; - java.lang.ClassLoader::checkName@16 (line 1155)
                      ; - java.lang.ClassLoader::preDefineClass@1 (line 901)
                      ; - java.lang.ClassLoader::defineClass@4 (line 1024)
                      ; - java.security.SecureClassLoader::defineClass@12 (line 150)
                      ; - java.net.URLClassLoader::defineClass@220 (line 524)
                      ; - java.net.URLClassLoader$1::run@43 (line 427)
                      ; - java.net.URLClassLoader$1::run@1 (line 421)
                      ; - java.security.AccessController::executePrivileged@29 (line 816)
                      ; - java.security.AccessController::doPrivileged@13 (line 714)
                      ; - java.net.URLClassLoader::findClass@13 (line 420)
  0x0000027aead3b05c: 803d e3fe 

  0x0000027aead3b060: ;   {other}
  0x0000027aead3b060: 0f1f 8400 | 5838 0026 | 8bd8 488b | 7424 504c | 8bf5 e9d3 | eaff ff33 | c0e9 27d9 | ffff 498b 
  0x0000027aead3b080: db4d 8bd0 | 4c63 c549 | 8d48 104c | 8bd9 4983 | e3f8 488b | fb49 03fb | 48c1 e903 | 4c2b d149 
  0x0000027aead3b0a0: 8bca 4833 | c048 83f9 | 087f 1048 | ffc9 784f | 4889 04cf | 48ff c97d | f7eb 44c5 | fdef c0e9 
  0x0000027aead3b0c0: 0d00 0000 | c5fe 7f07 | c5fe 7f47 | 2048 83c7 | 4048 83e9 | 087d ed48 | 83c1 047c | 0cc5 fe7f 
  0x0000027aead3b0e0: 0748 83c7 | 2048 83e9 | 0448 83c1 | 047e 1048 | ffc9 c5f9 | d607 4883 | c708 48ff | c97d f348 
  0x0000027aead3b100: 8b4c 2430 | c5f8 7749 | ba80 55b5 | e97a 0200 | 0041 ffd2 

  0x0000027aead3b114: ;   {other}
  0x0000027aead3b114: 0f1f 8400 | 0000 0000 | 4c8b dbe9 | 73e0 ffff | 498b db4d | 8bd0 4c63 | c54d 8d58 | 1049 8bcb 
  0x0000027aead3b134: 4883 e1f8 | 488b fb48 | 03f9 49c1 | eb03 4d2b | d349 8bca | 4833 c048 | 83f9 087f | 1048 ffc9 
  0x0000027aead3b154: 784f 4889 | 04cf 48ff | c97d f7eb | 44c5 fdef | c0e9 0d00 | 0000 c5fe | 7f07 c5fe | 7f47 2048 
  0x0000027aead3b174: 83c7 4048 | 83e9 087d | ed48 83c1 | 047c 0cc5 | fe7f 0748 | 83c7 2048 | 83e9 0448 | 83c1 047e 
  0x0000027aead3b194: 1048 ffc9 | c5f9 d607 | 4883 c708 | 48ff c97d | f348 8b4c | 2440 c5f8 | 7749 ba80 | 55b5 e97a 
  0x0000027aead3b1b4: 0200 0041 

  0x0000027aead3b1b8: ;   {other}
  0x0000027aead3b1b8: ffd2 0f1f | 8400 0000 | 0000 4c8b | dbe9 74d6 | ffff 488b | 7c24 5844 | 8b57 0c45 | 85d2 0f84 
  0x0000027aead3b1d8: 9fe3 ffff | 4d8b 5f28 | 498b ca4d | 85db 0f84 | e521 0000 | 4d8b 5730 | 4b89 4c1a | f849 83c3 
  0x0000027aead3b1f8: f84d 895f | 28e9 79e3 | ffff 4d8b | 5740 4d8b | 5f48 f083 | 4424 c000 | 8039 000f | 849a e3ff 
  0x0000027aead3b218: ff44 8821 | 4d85 d275 | 2049 8bd7 | c5f8 7749 | bac0 076c | 38fb 7f00 | 0041 ffd2 

  0x0000027aead3b234: ;   {other}
  0x0000027aead3b234: 0f1f 8400 | 0000 0000 | e972 e3ff | ff4b 894c | 13f8 4983 | c2f8 4d89 | 5740 e960 

  0x0000027aead3b250: ;   {oop(a 'java/io/File$PathStatus'{0x00000000803128c8})}
  0x0000027aead3b250: e3ff ff81 | fdc8 2831 | 800f 8516 | f7ff ffba | 45ff ffff | 4c8b 5424 | 704c 8954 | 2430 4c8b 
  0x0000027aead3b270: 5424 504c | 8954 2438 | 4c89 5424 | 4066 6690 

  0x0000027aead3b280: ;   {runtime_call UncommonTrapBlob}
  0x0000027aead3b280: c5f8 77e8 

  0x0000027aead3b284: ; ImmutableOopMap {rbp=NarrowOop [40]=Oop [48]=Oop [56]=Oop [64]=Oop [88]=Oop [96]=NarrowOop [100]=NarrowOop [120]=Oop [128]=Oop }
                      ;*if_acmpne {reexecute=1 rethrow=0 return_oop=0}
                      ; - (reexecute) java.io.File::isInvalid@38 (line 191)
                      ; - java.io.FileInputStream::<init>@54 (line 153)
                      ; - jdk.internal.loader.URLClassPath$FileLoader$1::getInputStream@8 (line 1081)
                      ; - jdk.internal.loader.Resource::cachedInputStream@9 (line 77)
                      ; - jdk.internal.loader.Resource::getByteBuffer@1 (line 163)
                      ; - java.net.URLClassLoader::defineClass@132 (line 511)
                      ; - java.net.URLClassLoader$1::run@43 (line 427)
                      ; - java.net.URLClassLoader$1::run@1 (line 421)
                      ; - java.security.AccessController::executePrivileged@29 (line 816)
                      ; - java.security.AccessController::doPrivileged@13 (line 714)
                      ; - java.net.URLClassLoader::findClass@13 (line 420)
  0x0000027aead3b284: d890 e3fe 

  0x0000027aead3b288: ;   {other}
  0x0000027aead3b288: 0f1f 8400 | 803a 0027 | 488b 5424 | 704c 8b84 | 24b0 0000 | 0045 33c9 | 33ff 33f6 | 33c9 4533 
  0x0000027aead3b2a8: d24c 8914 | 244c 8954 | 2408 4c89 | 5424 104c | 8b54 2450 | 4c89 5424 | 204c 8b54 | 2458 4c89 
  0x0000027aead3b2c8: 5424 3090 

  0x0000027aead3b2cc: ;   {optimized virtual_call}
  0x0000027aead3b2cc: c5f8 77e8 

  0x0000027aead3b2d0: ; ImmutableOopMap {[32]=Oop [40]=Oop [48]=Oop [80]=Oop [88]=Oop [96]=NarrowOop [112]=Oop [176]=Oop }
                      ;*invokevirtual definePackage {reexecute=0 rethrow=0 return_oop=1}
                      ; - java.net.URLClassLoader::defineClass@81 (line 497)
                      ; - java.net.URLClassLoader$1::run@43 (line 427)
                      ; - java.net.URLClassLoader$1::run@1 (line 421)
                      ; - java.security.AccessController::executePrivileged@29 (line 816)
                      ; - java.security.AccessController::doPrivileged@13 (line 714)
                      ; - java.net.URLClassLoader::findClass@13 (line 420)
  0x0000027aead3b2d0: 0c35 e3fe 

  0x0000027aead3b2d4: ;   {other}
  0x0000027aead3b2d4: 0f1f 8400 | cc3a 0028 | e9a7 eaff | ff44 8b53 | 3c45 85d2 | 0f84 c7da | ffff 4d8b | 5f28 498b 
  0x0000027aead3b2f4: ca4d 85db | 0f84 8723 | 0000 4d8b | 5730 4b89 | 4c1a f849 | 83c3 f84d | 895f 28e9 | a1da ffff 
  0x0000027aead3b314: 4d8b 5740 | 4d8b 5f48 | f083 4424 | c000 8039 | 000f 84c7 | daff ff44 | 8821 4d85 | d275 2049 
  0x0000027aead3b334: 8bd7 c5f8 | 7749 bac0 | 076c 38fb | 7f00 0041 

  0x0000027aead3b344: ;   {other}
  0x0000027aead3b344: ffd2 0f1f | 8400 0000 | 0000 e99f | daff ff4b | 894c 13f8 | 4983 c2f8 | 4d89 5740 | e98d daff 
  0x0000027aead3b364: ff48 895c | 2420 488b | 6c24 5848 | 8bd1 41b8 | 2e00 0000 | 41b9 2f00 | 0000 4c89 | 5c24 304c 
  0x0000027aead3b384: 895c 2438 

  0x0000027aead3b388: ;   {static_call}
  0x0000027aead3b388: c5f8 77e8 

  0x0000027aead3b38c: ; ImmutableOopMap {rbp=Oop [32]=Oop [48]=Oop [56]=Oop [80]=Oop [88]=Oop }
                      ;*invokestatic replace {reexecute=0 rethrow=0 return_oop=1}
                      ; - java.lang.String::replace@30 (line 3025)
                      ; - java.net.URLClassLoader$1::run@8 (line 423)
                      ; - java.net.URLClassLoader$1::run@1 (line 421)
                      ; - java.security.AccessController::executePrivileged@29 (line 816)
                      ; - java.security.AccessController::doPrivileged@13 (line 714)
                      ; - java.net.URLClassLoader::findClass@13 (line 420)
  0x0000027aead3b38c: 503a e3fe 

  0x0000027aead3b390: ;   {other}
  0x0000027aead3b390: 0f1f 8400 | 883b 0029 | 488b d04c | 8b5c 2430 | 488b 5c24 | 20e9 37d0 | ffff 498b | ee48 8974 
  0x0000027aead3b3b0: 2450 498b | d245 33c0 | 4c8b 5424 | 704c 8954 | 2438 4889 | 7424 4090 

  0x0000027aead3b3c8: ;   {static_call}
  0x0000027aead3b3c8: c5f8 77e8 

  0x0000027aead3b3cc: ; ImmutableOopMap {rbp=Oop [40]=Oop [56]=Oop [64]=Oop [80]=Oop [112]=Oop [120]=Oop [128]=Oop }
                      ;*invokestatic charAt {reexecute=0 rethrow=0 return_oop=0}
                      ; - java.lang.String::charAt@21 (line 1631)
                      ; - java.lang.ClassLoader::checkName@25 (line 1155)
                      ; - java.lang.ClassLoader::preDefineClass@1 (line 901)
                      ; - java.lang.ClassLoader::defineClass@4 (line 1024)
                      ; - java.security.SecureClassLoader::defineClass@12 (line 150)
                      ; - java.net.URLClassLoader::defineClass@220 (line 524)
                      ; - java.net.URLClassLoader$1::run@43 (line 427)
                      ; - java.net.URLClassLoader$1::run@1 (line 421)
                      ; - java.security.AccessController::executePrivileged@29 (line 816)
                      ; - java.security.AccessController::doPrivileged@13 (line 714)
                      ; - java.net.URLClassLoader::findClass@13 (line 420)
  0x0000027aead3b3cc: 103a e3fe 

  0x0000027aead3b3d0: ;   {other}
  0x0000027aead3b3d0: 0f1f 8400 | c83b 002a | 488b 7424 | 404c 8bf5 | 448b d8e9 | 8ae7 ffff | 448b 5614 | 4585 d20f 
  0x0000027aead3b3f0: 8443 d9ff | ff4d 8b5f | 2849 8bca | 4d85 db0f | 84ef 2200 | 004d 8b57 | 304b 894c | 1af8 4983 
  0x0000027aead3b410: c3f8 4d89 | 5f28 e91d | d9ff ff4d | 8b57 404d | 8b5f 48f0 | 8344 24c0 | 0080 3900 | 0f84 39d9 
  0x0000027aead3b430: ffff 4488 | 214d 85d2 | 7520 498b | d7c5 f877 | 49ba c007 | 6c38 fb7f | 0000 41ff 

  0x0000027aead3b44c: ;   {other}
  0x0000027aead3b44c: d20f 1f84 | 0000 0000 | 00e9 11d9 | ffff 4b89 | 4c13 f849 | 83c2 f84d | 8957 40e9 | ffd8 ffff 
  0x0000027aead3b46c: 498b 87b8 | 0100 004c | 8bd0 4983 | c218 498b | fd4d 3b97 | c801 0000 | 0f83 9223 | 0000 4d89 
  0x0000027aead3b48c: 97b8 0100 | 0041 0f0d | 8a00 0100 | 0048 c700 | 0100 0000 

  0x0000027aead3b4a0: ;   {metadata('java/util/ArrayList')}
  0x0000027aead3b4a0: c740 0828 | a01e 0044 | 8960 0c44 

  0x0000027aead3b4ac: ;   {oop(a 'java/lang/Object'[0] {0x0000000080301df0})}
  0x0000027aead3b4ac: 8960 10c7 | 4014 f01d | 3080 4c8b | d844 8b51 | 0c45 85d2 | 0f86 d100 | 0000 33ed | eb29 660f 
  0x0000027aead3b4cc: 1f44 0000 | 488b 7424 | 504c 8b44 | 2420 488b | 5c24 304c | 8b74 2438 | 4c8b 4c24 | 4048 8b7c 
  0x0000027aead3b4ec: 2448 4c8b | 5c24 5844 | 8b51 0c41 | 3bea 0f83 | 382b 0000 | 448b 54a9 | 1045 8b52 | 1045 8b52 
  0x0000027aead3b50c: 1089 6c24 | 604c 895c | 2458 4889 | 7c24 484c | 894c 2440 | 418b ed4c | 8974 2438 | 4889 5c24 
  0x0000027aead3b52c: 304c 8944 | 2420 4889 | 7424 504d | 8bc2 498b | d366 6690 

  0x0000027aead3b540: ;   {optimized virtual_call}
  0x0000027aead3b540: c5f8 77e8 

  0x0000027aead3b544: ; ImmutableOopMap {rbp=NarrowOop [32]=Oop [40]=Oop [56]=Oop [64]=Oop [72]=Oop [80]=Oop [88]=Oop [112]=Oop [120]=Oop [128]=Oop }
                      ;*invokevirtual addAll {reexecute=0 rethrow=0 return_oop=0}
                      ; - java.security.CodeSource::getCertificates@57 (line 207)
                      ; - java.lang.ClassLoader::checkCerts@34 (line 1166)
                      ; - java.lang.ClassLoader::preDefineClass@113 (line 918)
                      ; - java.lang.ClassLoader::defineClass@4 (line 1024)
                      ; - java.security.SecureClassLoader::defineClass@12 (line 150)
                      ; - java.net.URLClassLoader::defineClass@220 (line 524)
                      ; - java.net.URLClassLoader$1::run@43 (line 427)
                      ; - java.net.URLClassLoader$1::run@1 (line 421)
                      ; - java.security.AccessController::executePrivileged@29 (line 816)
                      ; - java.security.AccessController::doPrivileged@13 (line 714)
                      ; - java.net.URLClassLoader::findClass@13 (line 420)
  0x0000027aead3b544: e8bb 86ff 

  0x0000027aead3b548: ;   {other}
  0x0000027aead3b548: 0f1f 8400 | 403d 002b | 4d8b 9f50 | 0400 0044 | 8bed 418b | 4d10 8b6c 

  0x0000027aead3b560: ; ImmutableOopMap {rcx=NarrowOop r13=NarrowOop [32]=Oop [40]=Oop [56]=Oop [64]=Oop [72]=Oop [80]=Oop [88]=Oop [112]=Oop [120]=Oop [128]=Oop }
                      ;*goto {reexecute=1 rethrow=0 return_oop=0}
                      ; - (reexecute) java.security.CodeSource::getCertificates@64 (line 206)
                      ; - java.lang.ClassLoader::checkCerts@34 (line 1166)
                      ; - java.lang.ClassLoader::preDefineClass@113 (line 918)
                      ; - java.lang.ClassLoader::defineClass@4 (line 1024)
                      ; - java.security.SecureClassLoader::defineClass@12 (line 150)
                      ; - java.net.URLClassLoader::defineClass@220 (line 524)
                      ; - java.net.URLClassLoader$1::run@43 (line 427)
                      ; - java.net.URLClassLoader$1::run@1 (line 421)
                      ; - java.security.AccessController::executePrivileged@29 (line 816)
                      ; - java.security.AccessController::doPrivileged@13 (line 714)
                      ; - java.net.URLClassLoader::findClass@13 (line 420)
  0x0000027aead3b560: 2460 ffc5 

  0x0000027aead3b564: ;   {poll}
  0x0000027aead3b564: 4185 0344 | 8b59 0c41 | 3beb 0f8c | 5cff ffff | 488b 7424 | 504c 8b44 | 2420 488b | 5c24 304c 
  0x0000027aead3b584: 8b74 2438 | 4c8b 4c24 | 4048 8b7c | 2448 4c8b | 5c24 5849 | 8b87 b801 | 0000 4c8b | d049 83c2 
  0x0000027aead3b5a4: 104d 3b97 | c801 0000 | 0f83 e022 | 0000 4d89 | 97b8 0100 | 0041 0f0d | 8a00 0100 | 0048 c700 
  0x0000027aead3b5c4: 0100 0000 | 410f 0d8a | 4001 0000 

  0x0000027aead3b5d0: ;   {metadata('java/security/cert/Certificate'[])}
  0x0000027aead3b5d0: c740 08b8 | 3822 0041 | 0f0d 8a80 | 0100 0044 | 8960 0c48 | 8974 2450 | 4c89 4424 | 2048 895c 
  0x0000027aead3b5f0: 2430 4c89 | 7424 5844 | 896c 2460 | 4c89 4c24 | 6848 8bef | 4c89 5c24 | 384c 8bc0 | 488b 5424 
  0x0000027aead3b610: 384c 8b54 | 2470 4c89 | 5424 4890 

  0x0000027aead3b61c: ;   {optimized virtual_call}
  0x0000027aead3b61c: c5f8 77e8 

  0x0000027aead3b620: ; ImmutableOopMap {rbp=Oop [32]=Oop [40]=Oop [72]=Oop [80]=Oop [88]=Oop [96]=NarrowOop [104]=Oop [112]=Oop [120]=Oop [128]=Oop }
                      ;*invokevirtual toArray {reexecute=0 rethrow=0 return_oop=1}
                      ; - java.security.CodeSource::getCertificates@73 (line 210)
                      ; - java.lang.ClassLoader::checkCerts@34 (line 1166)
                      ; - java.lang.ClassLoader::preDefineClass@113 (line 918)
                      ; - java.lang.ClassLoader::defineClass@4 (line 1024)
                      ; - java.security.SecureClassLoader::defineClass@12 (line 150)
                      ; - java.net.URLClassLoader::defineClass@220 (line 524)
                      ; - java.net.URLClassLoader$1::run@43 (line 427)
                      ; - java.net.URLClassLoader$1::run@1 (line 421)
                      ; - java.security.AccessController::executePrivileged@29 (line 816)
                      ; - java.security.AccessController::doPrivileged@13 (line 714)
                      ; - java.net.URLClassLoader::findClass@13 (line 420)
  0x0000027aead3b620: 2c67 5d00 

  0x0000027aead3b624: ;   {other}
  0x0000027aead3b624: 0f1f 8400 | 1c3e 002d | 4c8b c844 

  0x0000027aead3b630: ;   {metadata('java/security/cert/Certificate'[])}
  0x0000027aead3b630: 8b50 0841 | 81fa b838 | 2200 0f85 | 902f 0000 | 4180 7f38 | 000f 85a6 | 1d00 0044 | 8b44 2460 
  0x0000027aead3b650: 4c8b dd4d | 8bd1 4589 | 5014 4d8b | d14d 33d3 | 49c1 ea14 | 4d85 d274 | 1a49 c1eb | 0948 b900 
  0x0000027aead3b670: 00c5 f17a | 0200 0049 | 03cb 8039 | 020f 85dd | 1d00 0045 | 8b59 0c45 | 8b51 0849 | 63fb 48c1 
  0x0000027aead3b690: e702 4181 | fb00 0004 | 000f 873e | 2200 0049 | 8b9f b801 | 0000 4c8d | 4717 4983 | e0f8 488b 
  0x0000027aead3b6b0: cb49 03c8 | 493b 8fc8 | 0100 000f | 831c 2200 | 0049 898f | b801 0000 | 0f0d 8900 | 0100 0048 
  0x0000027aead3b6d0: c703 0100 | 0000 4489 | 5308 4489 | 5b0c 0f0d | 8940 0100 | 000f 0d89 | 8001 0000 | 4c89 4c24 
  0x0000027aead3b6f0: 6048 8bef | 488b 4c24 | 6048 83c1 | 1048 8bd3 | 4883 c210 | 4c8d 5507 | 49c1 ea03 | 4d8b c2c5 
  0x0000027aead3b710: f877 49ba | 205c b5e9 | 7a02 0000 

  0x0000027aead3b71c: ;   {other}
  0x0000027aead3b71c: 41ff d20f | 1f84 0000 | 0000 00e9 | 4ee7 ffff | 498b 87b8 | 0100 004c | 8bd0 4983 | c218 498b 
  0x0000027aead3b73c: c84d 3b97 | c801 0000 | 0f83 c621 | 0000 4d89 | 97b8 0100 | 0041 0f0d | 8a00 0100 | 0048 c700 
  0x0000027aead3b75c: 0100 0000 

  0x0000027aead3b760: ;   {metadata('java/util/ArrayList')}
  0x0000027aead3b760: c740 0828 | a01e 0044 | 8960 0c44 

  0x0000027aead3b76c: ;   {oop(a 'java/lang/Object'[0] {0x0000000080301df0})}
  0x0000027aead3b76c: 8960 10c7 | 4014 f01d | 3080 4c8b | c845 8b53 | 0c45 85d2 | 0f86 8200 | 0000 4533 | d2eb 0f0f 
  0x0000027aead3b78c: 1f44 0000 | 488b 4c24 | 204c 8b4c | 2438 418b | 5b0c 443b | d30f 8305 | 2900 0047 | 8b5c 9310 
  0x0000027aead3b7ac: ; implicit exception: dispatches to 0x0000027aead3f07c
  0x0000027aead3b7ac: 418b 5b10 

  0x0000027aead3b7b0: ; implicit exception: dispatches to 0x0000027aead3f0a0
  0x0000027aead3b7b0: 448b 5b10 | 4489 5424 | 484c 894c | 2438 4889 | 4c24 2041 | 8be8 4d8b | c349 8bd1 

  0x0000027aead3b7cc: ;   {optimized virtual_call}
  0x0000027aead3b7cc: c5f8 77e8 

  0x0000027aead3b7d0: ; ImmutableOopMap {rbp=NarrowOop [32]=Oop [40]=Oop [56]=Oop [64]=Oop [80]=Oop [112]=Oop [120]=Oop }
                      ;*invokevirtual addAll {reexecute=0 rethrow=0 return_oop=0}
                      ; - java.security.CodeSource::getCertificates@57 (line 207)
                      ; - java.lang.ClassLoader::postDefineClass@24 (line 938)
                      ; - java.lang.ClassLoader::defineClass@37 (line 1027)
                      ; - java.security.SecureClassLoader::defineClass@12 (line 150)
                      ; - java.net.URLClassLoader::defineClass@220 (line 524)
                      ; - java.net.URLClassLoader$1::run@43 (line 427)
                      ; - java.net.URLClassLoader$1::run@1 (line 421)
                      ; - java.security.AccessController::executePrivileged@29 (line 816)
                      ; - java.security.AccessController::doPrivileged@13 (line 714)
                      ; - java.net.URLClassLoader::findClass@13 (line 420)
  0x0000027aead3b7d0: 0c30 e3fe 

  0x0000027aead3b7d4: ;   {other}
  0x0000027aead3b7d4: 0f1f 8400 | cc3f 002e | 4d8b 8f50 | 0400 0044 | 8bc5 458b | 5810 448b | 5424 4841 

  0x0000027aead3b7f0: ; ImmutableOopMap {r11=NarrowOop r8=NarrowOop [32]=Oop [40]=Oop [56]=Oop [64]=Oop [80]=Oop [112]=Oop [120]=Oop }
                      ;*goto {reexecute=1 rethrow=0 return_oop=0}
                      ; - (reexecute) java.security.CodeSource::getCertificates@64 (line 206)
                      ; - java.lang.ClassLoader::postDefineClass@24 (line 938)
                      ; - java.lang.ClassLoader::defineClass@37 (line 1027)
                      ; - java.security.SecureClassLoader::defineClass@12 (line 150)
                      ; - java.net.URLClassLoader::defineClass@220 (line 524)
                      ; - java.net.URLClassLoader$1::run@43 (line 427)
                      ; - java.net.URLClassLoader$1::run@1 (line 421)
                      ; - java.security.AccessController::executePrivileged@29 (line 816)
                      ; - java.security.AccessController::doPrivileged@13 (line 714)
                      ; - java.net.URLClassLoader::findClass@13 (line 420)
                      ;   {poll}
  0x0000027aead3b7f0: ffc2 4185 | 0145 8b4b | 0c45 3bd1 | 7c92 488b | 4c24 204c | 8b4c 2438 | 498b 87b8 | 0100 004c 
  0x0000027aead3b810: 8bd0 4983 | c210 4d3b | 97c8 0100 | 000f 8327 | 2100 004d | 8997 b801 | 0000 410f | 0d8a 0001 
  0x0000027aead3b830: 0000 48c7 | 0001 0000 | 0041 0f0d | 8a40 0100 

  0x0000027aead3b840: ;   {metadata('java/security/cert/Certificate'[])}
  0x0000027aead3b840: 00c7 4008 | b838 2200 | 410f 0d8a | 8001 0000 | 4489 600c | 4489 4424 | 4848 8be9 | 4c89 4c24 
  0x0000027aead3b860: 204c 8bc0 | 488b 5424 | 2066 6690 

  0x0000027aead3b86c: ;   {optimized virtual_call}
  0x0000027aead3b86c: c5f8 77e8 

  0x0000027aead3b870: ; ImmutableOopMap {rbp=Oop [40]=Oop [64]=Oop [72]=NarrowOop [80]=Oop [112]=Oop [120]=Oop }
                      ;*invokevirtual toArray {reexecute=0 rethrow=0 return_oop=1}
                      ; - java.security.CodeSource::getCertificates@73 (line 210)
                      ; - java.lang.ClassLoader::postDefineClass@24 (line 938)
                      ; - java.lang.ClassLoader::defineClass@37 (line 1027)
                      ; - java.security.SecureClassLoader::defineClass@12 (line 150)
                      ; - java.net.URLClassLoader::defineClass@220 (line 524)
                      ; - java.net.URLClassLoader$1::run@43 (line 427)
                      ; - java.net.URLClassLoader$1::run@1 (line 421)
                      ; - java.security.AccessController::executePrivileged@29 (line 816)
                      ; - java.security.AccessController::doPrivileged@13 (line 714)
                      ; - java.net.URLClassLoader::findClass@13 (line 420)
  0x0000027aead3b870: 6c2f e3fe 

  0x0000027aead3b874: ;   {other}
  0x0000027aead3b874: 0f1f 8400 | 6c40 0030 | 488b d844 

  0x0000027aead3b880: ;   {metadata('java/security/cert/Certificate'[])}
  0x0000027aead3b880: 8b50 0841 | 81fa b838 | 2200 0f85 | 9c2d 0000 | 4180 7f38 | 000f 858e | 1b00 008b | 7424 484c 
  0x0000027aead3b8a0: 8bd5 4c8b | c344 8946 | 144c 8bdb | 4d33 da49 | c1eb 144d | 85db 7416 | 49c1 ea09 | 4c8b 4424 
  0x0000027aead3b8c0: 304d 03c2 | 4180 3802 | 0f85 f21b | 0000 448b | 430c 448b | 5308 4963 | f048 c1e6 | 0241 81f8 
  0x0000027aead3b8e0: 0000 0400 | 0f87 8f20 | 0000 498b | bfb8 0100 | 004c 8d5e | 1749 83e3 | f84c 8bcf | 4d03 cb4d 
  0x0000027aead3b900: 3b8f c801 | 0000 0f83 | 6d20 0000 | 4d89 8fb8 | 0100 0041 | 0f0d 8900 | 0100 0048 | c707 0100 
  0x0000027aead3b920: 0000 4489 | 5708 4489 | 470c 410f | 0d89 4001 | 0000 410f | 0d89 8001 | 0000 488b | cb48 83c1 
  0x0000027aead3b940: 1048 8bd7 | 4883 c210 | 4883 c607 | 48c1 ee03 | 4c8b c6c5 | f877 49ba | 205c b5e9 | 7a02 0000 
  0x0000027aead3b960: ;   {other}
  0x0000027aead3b960: 41ff d20f | 1f84 0000 | 0000 0048 | 8bdf e9f8 | e5ff ff4c | 63c5 4d8d | 5810 498b | d348 83e2 
  0x0000027aead3b980: f849 8bfd | 4803 fa49 | c1eb 0349 | 2bcb 4833 | c048 83f9 | 087f 1048 | ffc9 784f | 4889 04cf 
  0x0000027aead3b9a0: 48ff c97d | f7eb 44c5 | fdef c0e9 | 0d00 0000 | c5fe 7f07 | c5fe 7f47 | 2048 83c7 | 4048 83e9 
  0x0000027aead3b9c0: 087d ed48 | 83c1 047c | 0cc5 fe7f | 0748 83c7 | 2048 83e9 | 0448 83c1 | 047e 1048 | ffc9 c5f9 
  0x0000027aead3b9e0: d607 4883 | c708 48ff | c97d f349 | 8bc9 498b | d2c5 f877 | 49ba 8055 | b5e9 7a02 | 0000 41ff 
  0x0000027aead3ba00: ;   {other}
  0x0000027aead3ba00: d20f 1f84 | 0000 0000 | 00e9 1fd3 | ffff 418b | ea48 897c | 2448 4889 | 4c24 5049 | 8bd1 4533 
  0x0000027aead3ba20: c044 8bc8 | 4c8b 5424 | 704c 8954 | 2438 4889 | 4c24 4090 

  0x0000027aead3ba34: ;   {static_call}
  0x0000027aead3ba34: c5f8 77e8 

  0x0000027aead3ba38: ; ImmutableOopMap {rbp=NarrowOop [40]=Oop [56]=Oop [64]=Oop [72]=Oop [80]=Oop [112]=Oop }
                      ;*invokestatic newString {reexecute=0 rethrow=0 return_oop=1}
                      ; - java.lang.String::substring@54 (line 2931)
                      ; - java.net.URLClassLoader::defineClass@28 (line 489)
                      ; - java.net.URLClassLoader$1::run@43 (line 427)
                      ; - java.net.URLClassLoader$1::run@1 (line 421)
                      ; - java.security.AccessController::executePrivileged@29 (line 816)
                      ; - java.security.AccessController::doPrivileged@13 (line 714)
                      ; - java.net.URLClassLoader::findClass@13 (line 420)
  0x0000027aead3ba38: a433 e3fe 

  0x0000027aead3ba3c: ;   {other}
  0x0000027aead3ba3c: 0f1f 8400 | 3442 0031 | 488b 4c24 | 4048 8b7c | 2448 448b | d54c 8bc8 | e991 d7ff | ff44 896c 
  0x0000027aead3ba5c: 2438 4c89 | 7424 3048 | 895c 2420 | 498b e848 | 8974 2450 | 498b d345 | 33c0 458b | ca4c 8b54 
  0x0000027aead3ba7c: 2470 4c89 | 5424 5890 

  0x0000027aead3ba84: ;   {static_call}
  0x0000027aead3ba84: c5f8 77e8 

  0x0000027aead3ba88: ; ImmutableOopMap {rbp=Oop [40]=Oop [48]=Oop [56]=NarrowOop [80]=Oop [88]=Oop [112]=Oop [120]=Oop [128]=Oop }
                      ;*invokestatic newString {reexecute=0 rethrow=0 return_oop=1}
                      ; - java.lang.String::substring@54 (line 2931)
                      ; - java.lang.ClassLoader::checkCerts@21 (line 1162)
                      ; - java.lang.ClassLoader::preDefineClass@113 (line 918)
                      ; - java.lang.ClassLoader::defineClass@4 (line 1024)
                      ; - java.security.SecureClassLoader::defineClass@12 (line 150)
                      ; - java.net.URLClassLoader::defineClass@220 (line 524)
                      ; - java.net.URLClassLoader$1::run@43 (line 427)
                      ; - java.net.URLClassLoader$1::run@1 (line 421)
                      ; - java.security.AccessController::executePrivileged@29 (line 816)
                      ; - java.security.AccessController::doPrivileged@13 (line 714)
                      ; - java.net.URLClassLoader::findClass@13 (line 420)
  0x0000027aead3ba88: 5433 e3fe 

  0x0000027aead3ba8c: ;   {other}
  0x0000027aead3ba8c: 0f1f 8400 | 8442 0032 | 488b 7424 | 504c 8bc5 | 488b 5c24 | 204c 8b74 | 2430 448b | 6c24 384c 
  0x0000027aead3baac: 8bc8 e9e8 | cdff ff89 | 7c24 6489 | 7424 6089 | 4c24 344c | 896c 2438 | 4489 4c24 | 3048 895c 
  0x0000027aead3bacc: 2428 4c89 | 5c24 504c | 8b54 2458 | 4c89 5424 

  0x0000027aead3badc: ;   {metadata({type array byte})}
  0x0000027aead3badc: 2048 ba18 | 5d16 807a | 0200 0045 | 8bc1 4c89 | 5c24 4890 

  0x0000027aead3baf0: ;   {runtime_call _new_array_Java}
  0x0000027aead3baf0: c5f8 77e8 

  0x0000027aead3baf4: ; ImmutableOopMap {[32]=Oop [40]=Oop [52]=NarrowOop [56]=Oop [72]=Oop [80]=Oop [88]=Oop }
                      ;*invokevirtual allocateUninitializedArray0 {reexecute=0 rethrow=0 return_oop=1}
                      ; - jdk.internal.misc.Unsafe::allocateUninitializedArray@51 (line 1381)
                      ; - java.lang.StringConcatHelper::newArray@33 (line 451)
                      ; - java.lang.StringLatin1::replace@49 (line 414)
                      ; - java.lang.String::replace@18 (line 3024)
                      ; - java.net.URLClassLoader$1::run@8 (line 423)
                      ; - java.net.URLClassLoader$1::run@1 (line 421)
                      ; - java.security.AccessController::executePrivileged@29 (line 816)
                      ; - java.security.AccessController::doPrivileged@13 (line 714)
                      ; - java.net.URLClassLoader::findClass@13 (line 420)
  0x0000027aead3baf4: e8f5 effe 

  0x0000027aead3baf8: ;   {other}
  0x0000027aead3baf8: 0f1f 8400 | f042 0033 | 4c8b 5c24 | 4848 8b5c | 2428 448b | 4c24 304c | 8b6c 2438 | 4c8b c08b 
  0x0000027aead3bb18: 4c24 348b | 7424 608b | 7c24 64e9 | cac6 ffff | 4c89 4424 | 2848 895c | 2420 4c89 | 5c24 5048 
  0x0000027aead3bb38: 8b6c 2458 

  0x0000027aead3bb3c: ;   {metadata('java/lang/String')}
  0x0000027aead3bb3c: 48ba d80d | 1780 7a02 | 0000 4c89 | 5c24 384c | 895c 2440 

  0x0000027aead3bb50: ;   {runtime_call _new_instance_Java}
  0x0000027aead3bb50: c5f8 77e8 

  0x0000027aead3bb54: ; ImmutableOopMap {rbp=Oop [32]=Oop [40]=Oop [56]=Oop [64]=Oop [80]=Oop [88]=Oop }
                      ;*new {reexecute=0 rethrow=0 return_oop=1}
                      ; - java.lang.StringLatin1::replace@116 (line 423)
                      ; - java.lang.String::replace@18 (line 3024)
                      ; - java.net.URLClassLoader$1::run@8 (line 423)
                      ; - java.net.URLClassLoader$1::run@1 (line 421)
                      ; - java.security.AccessController::executePrivileged@29 (line 816)
                      ; - java.security.AccessController::doPrivileged@13 (line 714)
                      ; - java.net.URLClassLoader::findClass@13 (line 420)
  0x0000027aead3bb54: 88f8 effe 

  0x0000027aead3bb58: ;   {other}
  0x0000027aead3bb58: 0f1f 8400 | 5043 0034 | 488b d04c | 8b5c 2438 | 488b 5c24 | 204c 8b44 | 2428 e93f 

  0x0000027aead3bb74: ;   {metadata('java/lang/ClassNotFoundException')}
  0x0000027aead3bb74: c8ff ff48 | ba78 121b | 807a 0200 | 0066 6690 

  0x0000027aead3bb84: ;   {runtime_call _new_instance_Java}
  0x0000027aead3bb84: c5f8 77e8 

  0x0000027aead3bb88: ; ImmutableOopMap {[80]=Oop }
                      ;*new {reexecute=0 rethrow=0 return_oop=1}
                      ; - java.net.URLClassLoader::findClass@36 (line 445)
  0x0000027aead3bb88: 54f8 effe 

  0x0000027aead3bb8c: ;   {other}
  0x0000027aead3bb8c: 0f1f 8400 | 8443 0035 | e938 d3ff | ff4c 894c | 2420 498b 

  0x0000027aead3bba0: ;   {metadata('java/security/CodeSource')}
  0x0000027aead3bba0: ea48 ba30 | 8216 807a | 0200 0090 

  0x0000027aead3bbac: ;   {runtime_call _new_instance_Java}
  0x0000027aead3bbac: c5f8 77e8 

  0x0000027aead3bbb0: ; ImmutableOopMap {rbp=Oop [32]=Oop [40]=Oop [80]=Oop [88]=NarrowOop [112]=Oop [160]=Oop }
                      ;*new {reexecute=0 rethrow=0 return_oop=1}
                      ; - java.net.URLClassLoader::defineClass@190 (line 522)
                      ; - java.net.URLClassLoader$1::run@43 (line 427)
                      ; - java.net.URLClassLoader$1::run@1 (line 421)
                      ; - java.security.AccessController::executePrivileged@29 (line 816)
                      ; - java.security.AccessController::doPrivileged@13 (line 714)
                      ; - java.net.URLClassLoader::findClass@13 (line 420)
  0x0000027aead3bbb0: 2cf8 effe 

  0x0000027aead3bbb4: ;   {other}
  0x0000027aead3bbb4: 0f1f 8400 | ac43 0036 | 4c8b d54c | 8b4c 2420 | 4c8b d8e9 | 94db ffff | 4489 4424 

  0x0000027aead3bbd0: ;   {metadata('java/security/SecureClassLoader$CodeSourceKey')}
  0x0000027aead3bbd0: 2048 bae0 | 4723 807a | 0200 004c | 8b54 2470 | 4c89 5424 | 4066 6690 

  0x0000027aead3bbe8: ;   {runtime_call _new_instance_Java}
  0x0000027aead3bbe8: c5f8 77e8 

  0x0000027aead3bbec: ; ImmutableOopMap {[40]=Oop [64]=Oop [80]=Oop [112]=Oop [120]=Oop [128]=Oop [160]=Oop }
                      ;*new {reexecute=0 rethrow=0 return_oop=1}
                      ; - java.security.SecureClassLoader::getProtectionDomain@6 (line 221)
                      ; - java.security.SecureClassLoader::defineClass@9 (line 150)
                      ; - java.net.URLClassLoader::defineClass@220 (line 524)
                      ; - java.net.URLClassLoader$1::run@43 (line 427)
                      ; - java.net.URLClassLoader$1::run@1 (line 421)
                      ; - java.security.AccessController::executePrivileged@29 (line 816)
                      ; - java.security.AccessController::doPrivileged@13 (line 714)
                      ; - java.net.URLClassLoader::findClass@13 (line 420)
  0x0000027aead3bbec: f0f7 effe 

  0x0000027aead3bbf0: ;   {other}
  0x0000027aead3bbf0: 0f1f 8400 | e843 0037 | 4c8b 8c24 | a000 0000 | 448b 4424 | 2048 8bc8 | e9ab ddff | ff48 894c 
  0x0000027aead3bc10: 2438 4489 | 4424 304c | 894c 2420 

  0x0000027aead3bc1c: ;   {metadata('java/security/SecureClassLoader$1')}
  0x0000027aead3bc1c: 48ba 304c | 2380 7a02 | 0000 4889 | 5c24 6090 

  0x0000027aead3bc2c: ;   {runtime_call _new_instance_Java}
  0x0000027aead3bc2c: c5f8 77e8 

  0x0000027aead3bc30: ; ImmutableOopMap {rbp=NarrowOop [32]=Oop [40]=Oop [56]=Oop [80]=Oop [96]=Oop [112]=Oop [120]=Oop }
                      ;*new {reexecute=0 rethrow=0 return_oop=1}
                      ; - java.security.SecureClassLoader::getProtectionDomain@20 (line 222)
                      ; - java.security.SecureClassLoader::defineClass@9 (line 150)
                      ; - java.net.URLClassLoader::defineClass@220 (line 524)
                      ; - java.net.URLClassLoader$1::run@43 (line 427)
                      ; - java.net.URLClassLoader$1::run@1 (line 421)
                      ; - java.security.AccessController::executePrivileged@29 (line 816)
                      ; - java.security.AccessController::doPrivileged@13 (line 714)
                      ; - java.net.URLClassLoader::findClass@13 (line 420)
  0x0000027aead3bc30: acf7 effe 

  0x0000027aead3bc34: ;   {other}
  0x0000027aead3bc34: 0f1f 8400 | 2c44 0038 | 488b 5c24 | 604c 8b4c | 2420 448b | 4424 3048 | 8b4c 2438 | 488b f8e9 
  0x0000027aead3bc54: afdd ffff | 488b eb48 | 8bd1 4533 | c045 8bcb | 4c8b 5424 | 704c 8954 | 2440 6690 

  0x0000027aead3bc70: ;   {static_call}
  0x0000027aead3bc70: c5f8 77e8 

  0x0000027aead3bc74: ; ImmutableOopMap {rbp=Oop [40]=Oop [64]=Oop [80]=Oop [96]=Oop [112]=Oop [120]=Oop }
                      ;*invokestatic newString {reexecute=0 rethrow=0 return_oop=1}
                      ; - java.lang.String::substring@54 (line 2931)
                      ; - java.lang.Class::getPackageName@62 (line 1258)
                      ; - java.lang.ClassLoader::postDefineClass@2 (line 935)
                      ; - java.lang.ClassLoader::defineClass@37 (line 1027)
                      ; - java.security.SecureClassLoader::defineClass@12 (line 150)
                      ; - java.net.URLClassLoader::defineClass@220 (line 524)
                      ; - java.net.URLClassLoader$1::run@43 (line 427)
                      ; - java.net.URLClassLoader$1::run@1 (line 421)
                      ; - java.security.AccessController::executePrivileged@29 (line 816)
                      ; - java.security.AccessController::doPrivileged@13 (line 714)
                      ; - java.net.URLClassLoader::findClass@13 (line 420)
  0x0000027aead3bc74: 6831 e3fe 

  0x0000027aead3bc78: ;   {other}
  0x0000027aead3bc78: 0f1f 8400 | 7044 0039 | 4885 c00f | 8440 2500 | 0048 8bdd | 488b f0e9 | dbd0 ffff | 4489 5c24 
  0x0000027aead3bc98: 3044 894c | 2424 4489 | 5424 208b | e848 897c | 2448 4889 

  0x0000027aead3bcac: ;   {metadata('java/lang/String')}
  0x0000027aead3bcac: 4c24 5048 | bad8 0d17 | 807a 0200 | 0066 6690 

  0x0000027aead3bcbc: ;   {runtime_call _new_instance_Java}
  0x0000027aead3bcbc: c5f8 77e8 

  0x0000027aead3bcc0: ; ImmutableOopMap {[32]=NarrowOop [36]=NarrowOop [40]=Oop [72]=Oop [80]=Oop [112]=Oop }
                      ;*new {reexecute=0 rethrow=0 return_oop=1}
                      ; - java.lang.StringLatin1::newString@7 (line 856)
                      ; - java.lang.String::substring@41 (line 2930)
                      ; - java.net.URLClassLoader::defineClass@28 (line 489)
                      ; - java.net.URLClassLoader$1::run@43 (line 427)
                      ; - java.net.URLClassLoader$1::run@1 (line 421)
                      ; - java.security.AccessController::executePrivileged@29 (line 816)
                      ; - java.security.AccessController::doPrivileged@13 (line 714)
                      ; - java.net.URLClassLoader::findClass@13 (line 420)
  0x0000027aead3bcc0: 1cf7 effe 

  0x0000027aead3bcc4: ;   {other}
  0x0000027aead3bcc4: 0f1f 8400 | bc44 003a | 4c8b c048 | 8b4c 2450 | 488b 7c24 | 488b c544 | 8b54 2420 | 448b 4c24 
  0x0000027aead3bce4: 2444 8b5c | 2430 e9c6 | d2ff ff44 | 894c 2444 | 4489 5c24 | 4044 8954 | 243c 4489 | 6c24 384c 
  0x0000027aead3bd04: 8974 2430 | 4889 5c24 | 2049 8be8 | 4889 7424 

  0x0000027aead3bd14: ;   {metadata('java/lang/String')}
  0x0000027aead3bd14: 5048 bad8 | 0d17 807a | 0200 004c | 8b54 2470 | 4c89 5424 | 6066 6690 

  0x0000027aead3bd2c: ;   {runtime_call _new_instance_Java}
  0x0000027aead3bd2c: c5f8 77e8 

  0x0000027aead3bd30: ; ImmutableOopMap {rbp=Oop [40]=Oop [48]=Oop [56]=NarrowOop [64]=NarrowOop [80]=Oop [96]=Oop [112]=Oop [120]=Oop [128]=Oop }
                      ;*new {reexecute=0 rethrow=0 return_oop=1}
                      ; - java.lang.StringLatin1::newString@7 (line 856)
                      ; - java.lang.String::substring@41 (line 2930)
                      ; - java.lang.ClassLoader::checkCerts@21 (line 1162)
                      ; - java.lang.ClassLoader::preDefineClass@113 (line 918)
                      ; - java.lang.ClassLoader::defineClass@4 (line 1024)
                      ; - java.security.SecureClassLoader::defineClass@12 (line 150)
                      ; - java.net.URLClassLoader::defineClass@220 (line 524)
                      ; - java.net.URLClassLoader$1::run@43 (line 427)
                      ; - java.net.URLClassLoader$1::run@1 (line 421)
                      ; - java.security.AccessController::executePrivileged@29 (line 816)
                      ; - java.security.AccessController::doPrivileged@13 (line 714)
                      ; - java.net.URLClassLoader::findClass@13 (line 420)
  0x0000027aead3bd30: acf6 effe 

  0x0000027aead3bd34: ;   {other}
  0x0000027aead3bd34: 0f1f 8400 | 2c45 003b | 488b 7424 | 504c 8bc5 | 488b 5c24 | 204c 8b74 | 2430 448b | 6c24 3844 
  0x0000027aead3bd54: 8b54 243c | 448b 5c24 | 4044 8b4c | 2444 488b | c8e9 c9c8 | ffff 8bc3 | 418b d948 | 8974 2430 
  0x0000027aead3bd74: 8954 2420 | 4489 4424 | 644c 895c | 2478 4489 | 5424 6048 | 897c 2458 | 4889 4c24 | 5045 8b59 
  0x0000027aead3bd94: 3841 8bcb | 8d68 1c45 | 8b5b 0c41 | 3beb 0f83 | 4824 0000 | 4c63 c846 | 0fb6 4409 | 2c41 8bf8 
  0x0000027aead3bdb4: 8d68 1d41 | 3beb 0f83 | 7424 0000 | 8b6b 3044 | 8b55 0846 | 0fb6 4409 | 2d41 c1e0 | 0845 8bd8 
  0x0000027aead3bdd4: 440b df41 

  0x0000027aead3bdd8: ;   {metadata('java/util/zip/ZipCoder$UTF8ZipCoder')}
  0x0000027aead3bdd8: 8bf3 4181 | fa58 593f | 000f 8561 | 2500 0044 | 8d58 2e45 | 8bd3 448b | d94d 8bc3 | 488b d545 
  0x0000027aead3bdf8: 8bca 8bfe | 488b 6c24 | 5066 6690 

  0x0000027aead3be04: ;   {optimized virtual_call}
  0x0000027aead3be04: c5f8 77e8 

  0x0000027aead3be08: ; ImmutableOopMap {rbp=Oop [40]=Oop [48]=Oop [80]=Oop [88]=Oop [96]=NarrowOop [100]=NarrowOop [112]=Oop [120]=Oop [176]=Oop }
                      ;*invokevirtual toString {reexecute=0 rethrow=0 return_oop=1}
                      ; - java.util.zip.ZipFile::getEntryName@38 (line 623)
                      ; - java.util.zip.ZipFile::getManifestName@41 (line 1096)
                      ; - java.util.zip.ZipFile$1::getManifestName@2 (line 1149)
                      ; - java.util.jar.JarFile::maybeInstantiateVerifier@20 (line 721)
                      ; - java.util.jar.JarFile::ensureInitialization@1 (line 1063)
                      ; - java.util.jar.JavaUtilJarAccessImpl::ensureInitialization@1 (line 42)
                      ; - jdk.internal.loader.URLClassPath$JarLoader$2::getManifest@10 (line 841)
                      ; - java.net.URLClassLoader::defineClass@34 (line 491)
                      ; - java.net.URLClassLoader$1::run@43 (line 427)
                      ; - java.net.URLClassLoader$1::run@1 (line 421)
                      ; - java.security.AccessController::executePrivileged@29 (line 816)
                      ; - java.security.AccessController::doPrivileged@13 (line 714)
                      ; - java.net.URLClassLoader::findClass@13 (line 420)
  0x0000027aead3be08: 641d 80ff 

  0x0000027aead3be0c: ;   {other}
  0x0000027aead3be0c: 0f1f 8400 | 0446 003c | 4885 c00f | 85e7 0e00 | 0048 8bcd | 488b 7c24 | 5844 8b54 | 2460 4c8b 
  0x0000027aead3be2c: 5c24 7844 | 8b44 2464 | 488b 7424 | 30e9 76e1 | ffff 8b47 | 388d 6b1c 

  0x0000027aead3be44: ; implicit exception: dispatches to 0x0000027aead3f308
  0x0000027aead3be44: 448b 480c | 413b e90f | 832f 2400 | 0048 894c | 2420 4489 | 4424 5c4c | 895c 2478 | 4c89 5424 
  0x0000027aead3be64: 6044 8bc3 | 4863 cb44 | 0fb6 5c08 | 2c41 8bdb | 418d 681d | 413b e90f | 8363 2400 | 008b 6f30 
  0x0000027aead3be84: ; implicit exception: dispatches to 0x0000027aead3f354
  0x0000027aead3be84: 448b 5508 | 440f b64c | 082d 41c1 | e108 458b | d944 0bdb 

  0x0000027aead3be98: ;   {metadata('java/util/zip/ZipCoder$UTF8ZipCoder')}
  0x0000027aead3be98: 418b db41 | 81fa 5859 | 3f00 0f85 | f024 0000 | 458d 582e | 458b d34c | 8bc0 488b | d545 8bca 
  0x0000027aead3beb8: 8bfb 6690 

  0x0000027aead3bebc: ;   {optimized virtual_call}
  0x0000027aead3bebc: c5f8 77e8 

  0x0000027aead3bec0: ; ImmutableOopMap {[32]=Oop [40]=Oop [80]=Oop [88]=NarrowOop [92]=NarrowOop [96]=Oop [112]=Oop [120]=Oop [160]=Oop }
                      ;*invokevirtual toString {reexecute=0 rethrow=0 return_oop=1}
                      ; - java.util.zip.ZipFile::getEntryName@38 (line 623)
                      ; - java.util.zip.ZipFile::getManifestName@41 (line 1096)
                      ; - java.util.zip.ZipFile$1::getManifestName@2 (line 1149)
                      ; - java.util.jar.JarFile::maybeInstantiateVerifier@20 (line 721)
                      ; - java.util.jar.JarFile$JarFileEntry::getCodeSigners@4 (line 669)
                      ; - jdk.internal.loader.URLClassPath$JarLoader$2::getCodeSigners@4 (line 847)
                      ; - java.net.URLClassLoader::defineClass@185 (line 521)
                      ; - java.net.URLClassLoader$1::run@43 (line 427)
                      ; - java.net.URLClassLoader$1::run@1 (line 421)
                      ; - java.security.AccessController::executePrivileged@29 (line 816)
                      ; - java.security.AccessController::doPrivileged@13 (line 714)
                      ; - java.net.URLClassLoader::findClass@13 (line 420)
  0x0000027aead3bec0: 1c29 e3fe 

  0x0000027aead3bec4: ;   {other}
  0x0000027aead3bec4: 0f1f 8400 | bc46 003d | 488b d84c | 8b4c 2420 | 488d 8424 | e000 0000 | 49ff 8f50 | 0500 0041 
  0x0000027aead3bee4: 8b87 1806 | 0000 4d8b | 114d 3b4c | 07f8 0f85 | 2e00 0000 | 4183 af18 | 0600 0008 | 4d3b 4c07 
  0x0000027aead3bf04: f00f 844d | 0000 0049 | 8bc2 4883 | e0fc 4983 | ca01 f04d | 0fb1 110f | 8545 3e00 | 00e9 3200 
  0x0000027aead3bf24: 0000 4983 | ba86 0000 | 0000 751e | 498b 8296 | 0000 0049 | 0b82 8e00 | 0000 0f85 | 363e 0000 
  0x0000027aead3bf44: 49c7 423e | 0000 0000 | eb0a 49ff | 8a86 0000 | 0045 33d2 | 0f85 a624 | 0000 4885 | db0f 85e6 
  0x0000027aead3bf64: 0d00 004c | 8b54 2460 | 4c8b 5c24 | 7844 8b44 | 245c e96e | e1ff ff48 | 894c 2450 | 4889 7c24 
  0x0000027aead3bf84: 4889 4424 | 2044 8954 | 2458 4c89 | 4424 6048 | 895c 2430 | 4c89 4c24 | 384c 895c 

  0x0000027aead3bfa0: ;   {metadata({type array byte})}
  0x0000027aead3bfa0: 2440 48ba | 185d 1680 | 7a02 0000 | 448b 4424 | 2066 6690 

  0x0000027aead3bfb4: ;   {runtime_call _new_array_nozero_Java}
  0x0000027aead3bfb4: c5f8 77e8 

  0x0000027aead3bfb8: ; ImmutableOopMap {[40]=Oop [72]=Oop [80]=Oop [88]=NarrowOop [96]=Oop [112]=Oop [160]=Oop [48]=Derived_oop_[160] }
                      ;*newarray {reexecute=0 rethrow=0 return_oop=1}
                      ; - java.util.Arrays::copyOfRange@59 (line 3852)
                      ; - java.lang.StringLatin1::newString@16 (line 856)
                      ; - java.lang.String::substring@41 (line 2930)
                      ; - java.net.URLClassLoader::defineClass@28 (line 489)
                      ; - java.net.URLClassLoader$1::run@43 (line 427)
                      ; - java.net.URLClassLoader$1::run@1 (line 421)
                      ; - java.security.AccessController::executePrivileged@29 (line 816)
                      ; - java.security.AccessController::doPrivileged@13 (line 714)
                      ; - java.net.URLClassLoader::findClass@13 (line 420)
  0x0000027aead3bfb8: 24ee effe 

  0x0000027aead3bfbc: ;   {other}
  0x0000027aead3bfbc: 0f1f 8400 | b447 003e | 448b 5424 | 204c 8bd8 | e972 d1ff | ff48 8974 | 2450 4c89 | 4424 2048 
  0x0000027aead3bfdc: 895c 2430 | 4c89 7424 | 5844 896c | 2460 4489 | 5424 3848 | 894c 2468 | 4889 7c24 | 404c 894c 
  0x0000027aead3bffc: 2448 4c89 | 9c24 9000 

  0x0000027aead3c004: ;   {metadata({type array byte})}
  0x0000027aead3c004: 0000 48ba | 185d 1680 | 7a02 0000 | 448b 4424 | 3866 6690 

  0x0000027aead3c018: ;   {runtime_call _new_array_nozero_Java}
  0x0000027aead3c018: c5f8 77e8 

  0x0000027aead3c01c: ; ImmutableOopMap {[32]=Oop [40]=Oop [80]=Oop [88]=Oop [96]=NarrowOop [104]=Oop [112]=Oop [120]=Oop [128]=Oop [200]=Oop [64]=Derived_oop_[200] }
                      ;*newarray {reexecute=0 rethrow=0 return_oop=1}
                      ; - java.util.Arrays::copyOfRange@59 (line 3852)
                      ; - java.lang.StringLatin1::newString@16 (line 856)
                      ; - java.lang.String::substring@41 (line 2930)
                      ; - java.lang.ClassLoader::checkCerts@21 (line 1162)
                      ; - java.lang.ClassLoader::preDefineClass@113 (line 918)
                      ; - java.lang.ClassLoader::defineClass@4 (line 1024)
                      ; - java.security.SecureClassLoader::defineClass@12 (line 150)
                      ; - java.net.URLClassLoader::defineClass@220 (line 524)
                      ; - java.net.URLClassLoader$1::run@43 (line 427)
                      ; - java.net.URLClassLoader$1::run@1 (line 421)
                      ; - java.security.AccessController::executePrivileged@29 (line 816)
                      ; - java.security.AccessController::doPrivileged@13 (line 714)
                      ; - java.net.URLClassLoader::findClass@13 (line 420)
  0x0000027aead3c01c: c0ed effe 

  0x0000027aead3c020: ;   {other}
  0x0000027aead3c020: 0f1f 8400 | 1848 003f | 448b 5424 | 384c 8bd8 | e9b2 c7ff | ff44 8954 | 2438 894c | 2424 4489 
  0x0000027aead3c040: 5c24 2048 

  0x0000027aead3c044: ;   {metadata('java/lang/String')}
  0x0000027aead3c044: 8beb 48ba | d80d 1780 | 7a02 0000 

  0x0000027aead3c050: ;   {runtime_call _new_instance_Java}
  0x0000027aead3c050: c5f8 77e8 

  0x0000027aead3c054: ; ImmutableOopMap {rbp=Oop [36]=NarrowOop [40]=Oop [80]=Oop [96]=Oop [112]=Oop [120]=Oop }
                      ;*new {reexecute=0 rethrow=0 return_oop=1}
                      ; - java.lang.StringLatin1::newString@7 (line 856)
                      ; - java.lang.String::substring@41 (line 2930)
                      ; - java.lang.Class::getPackageName@62 (line 1258)
                      ; - java.lang.ClassLoader::postDefineClass@2 (line 935)
                      ; - java.lang.ClassLoader::defineClass@37 (line 1027)
                      ; - java.security.SecureClassLoader::defineClass@12 (line 150)
                      ; - java.net.URLClassLoader::defineClass@220 (line 524)
                      ; - java.net.URLClassLoader$1::run@43 (line 427)
                      ; - java.net.URLClassLoader$1::run@1 (line 421)
                      ; - java.security.AccessController::executePrivileged@29 (line 816)
                      ; - java.security.AccessController::doPrivileged@13 (line 714)
                      ; - java.net.URLClassLoader::findClass@13 (line 420)
  0x0000027aead3c054: 88f3 effe 

  0x0000027aead3c058: ;   {other}
  0x0000027aead3c058: 0f1f 8400 | 5048 0040 | 488b dd44 | 8b5c 2420 | 8b4c 2424 | 448b 5424 | 3848 8bf0 | e941 cbff 
  0x0000027aead3c078: ff4c 8944 | 2468 4889 | 4c24 584c | 894c 2448 | 4889 7424 | 4044 895c | 2438 4889 

  0x0000027aead3c094: ;   {metadata({type array byte})}
  0x0000027aead3c094: 5c24 2048 | ba18 5d16 | 807a 0200 | 0045 8bc3 

  0x0000027aead3c0a4: ;   {runtime_call _new_array_nozero_Java}
  0x0000027aead3c0a4: c5f8 77e8 

  0x0000027aead3c0a8: ; ImmutableOopMap {[32]=Oop [40]=Oop [64]=Oop [80]=Oop [96]=Oop [112]=Oop [120]=Oop [176]=Oop [72]=Derived_oop_[176] }
                      ;*newarray {reexecute=0 rethrow=0 return_oop=1}
                      ; - java.util.Arrays::copyOfRange@59 (line 3852)
                      ; - java.lang.StringLatin1::newString@16 (line 856)
                      ; - java.lang.String::substring@41 (line 2930)
                      ; - java.lang.Class::getPackageName@62 (line 1258)
                      ; - java.lang.ClassLoader::postDefineClass@2 (line 935)
                      ; - java.lang.ClassLoader::defineClass@37 (line 1027)
                      ; - java.security.SecureClassLoader::defineClass@12 (line 150)
                      ; - java.net.URLClassLoader::defineClass@220 (line 524)
                      ; - java.net.URLClassLoader$1::run@43 (line 427)
                      ; - java.net.URLClassLoader$1::run@1 (line 421)
                      ; - java.security.AccessController::executePrivileged@29 (line 816)
                      ; - java.security.AccessController::doPrivileged@13 (line 714)
                      ; - java.net.URLClassLoader::findClass@13 (line 420)
  0x0000027aead3c0a8: 34ed effe 

  0x0000027aead3c0ac: ;   {other}
  0x0000027aead3c0ac: 0f1f 8400 | a448 0041 | 488b 5c24 | 2044 8b5c | 2438 488b | 7424 404c | 8b4c 2448 | 488b 4c24 
  0x0000027aead3c0cc: 584c 8b44 | 2468 4c8b | e8e9 11cc | ffff 8be8 | e9a7 c0ff | ff48 8bef | 498b d241 | b82e 0000 
  0x0000027aead3c0ec: 0048 894c | 2438 6690 

  0x0000027aead3c0f4: ;   {static_call}
  0x0000027aead3c0f4: c5f8 77e8 

  0x0000027aead3c0f8: ; ImmutableOopMap {rbp=Oop [40]=Oop [56]=Oop [80]=Oop [88]=Oop [112]=Oop }
                      ;*invokestatic lastIndexOf {reexecute=0 rethrow=0 return_oop=0}
                      ; - java.lang.String::lastIndexOf@25 (line 2665)
                      ; - java.lang.String::lastIndexOf@8 (line 2626)
                      ; - java.net.URLClassLoader::defineClass@7 (line 486)
                      ; - java.net.URLClassLoader$1::run@43 (line 427)
                      ; - java.net.URLClassLoader$1::run@1 (line 421)
                      ; - java.security.AccessController::executePrivileged@29 (line 816)
                      ; - java.security.AccessController::doPrivileged@13 (line 714)
                      ; - java.net.URLClassLoader::findClass@13 (line 420)
  0x0000027aead3c0f8: e42c e3fe 

  0x0000027aead3c0fc: ;   {other}
  0x0000027aead3c0fc: 0f1f 8400 | f448 0042 | 488b 4c24 | 3848 8bfd | e909 ceff | ff44 896c | 2420 498b | ee48 8974 
  0x0000027aead3c11c: 2450 488b | d141 b82e | 0000 004c | 8b54 2470 | 4c89 5424 | 4048 8974 | 2448 6690 

  0x0000027aead3c138: ;   {static_call}
  0x0000027aead3c138: c5f8 77e8 

  0x0000027aead3c13c: ; ImmutableOopMap {rbp=Oop [32]=NarrowOop [40]=Oop [64]=Oop [72]=Oop [80]=Oop [112]=Oop [120]=Oop [128]=Oop }
                      ;*invokestatic lastIndexOf {reexecute=0 rethrow=0 return_oop=0}
                      ; - java.lang.String::lastIndexOf@25 (line 2665)
                      ; - java.lang.String::lastIndexOf@8 (line 2626)
                      ; - java.lang.ClassLoader::checkCerts@3 (line 1161)
                      ; - java.lang.ClassLoader::preDefineClass@113 (line 918)
                      ; - java.lang.ClassLoader::defineClass@4 (line 1024)
                      ; - java.security.SecureClassLoader::defineClass@12 (line 150)
                      ; - java.net.URLClassLoader::defineClass@220 (line 524)
                      ; - java.net.URLClassLoader$1::run@43 (line 427)
                      ; - java.net.URLClassLoader$1::run@1 (line 421)
                      ; - java.security.AccessController::executePrivileged@29 (line 816)
                      ; - java.security.AccessController::doPrivileged@13 (line 714)
                      ; - java.net.URLClassLoader::findClass@13 (line 420)
  0x0000027aead3c13c: a02c e3fe 

  0x0000027aead3c140: ;   {other}
  0x0000027aead3c140: 0f1f 8400 | 3849 0043 

  0x0000027aead3c148: ;   {oop(""{0x0000000080302580})}
  0x0000027aead3c148: 49b8 8025 | 3080 0000 | 0000 48bb | 0000 c5f1 | 7a02 0000 | 488b 7424 | 484c 8bf5 | 448b 6c24 
  0x0000027aead3c168: 2044 8bd0 | e942 c4ff | ff48 894c | 2450 4889 | 7c24 4844 | 8954 2458 | 4489 4c24 | 5c4c 8944 
  0x0000027aead3c188: 2460 488b | eb48 8954 

  0x0000027aead3c190: ;   {metadata({type array byte})}
  0x0000027aead3c190: 2420 48ba | 185d 1680 | 7a02 0000 | 458b c390 

  0x0000027aead3c1a0: ;   {runtime_call _new_array_nozero_Java}
  0x0000027aead3c1a0: c5f8 77e8 

  0x0000027aead3c1a4: ; ImmutableOopMap {[40]=Oop [72]=Oop [80]=Oop [88]=NarrowOop [92]=NarrowOop [96]=Oop [112]=Oop [160]=Oop rbp=Derived_oop_[160] }
                      ;*invokevirtual clone {reexecute=1 rethrow=0 return_oop=1}
                      ; - (reexecute) java.util.Arrays::copyOfRange@11 (line 3846)
                      ; - java.lang.StringLatin1::newString@16 (line 856)
                      ; - java.lang.String::substring@41 (line 2930)
                      ; - java.net.URLClassLoader::defineClass@28 (line 489)
                      ; - java.net.URLClassLoader$1::run@43 (line 427)
                      ; - java.net.URLClassLoader$1::run@1 (line 421)
                      ; - java.security.AccessController::executePrivileged@29 (line 816)
                      ; - java.security.AccessController::doPrivileged@13 (line 714)
                      ; - java.net.URLClassLoader::findClass@13 (line 420)
  0x0000027aead3c1a4: 38ec effe 

  0x0000027aead3c1a8: ;   {other}
  0x0000027aead3c1a8: 0f1f 8400 | a049 0044 | 4c8b c0e9 | 9dce ffff | 4889 7424 | 504c 8944 | 2420 4889 | 5c24 304c 
  0x0000027aead3c1c8: 8974 2458 | 4489 6c24 | 6044 895c | 2464 4889 | 4c24 6848 | 8bef 4c89 

  0x0000027aead3c1e0: ;   {metadata({type array byte})}
  0x0000027aead3c1e0: 5424 3848 | ba18 5d16 | 807a 0200 | 0045 8bc1 

  0x0000027aead3c1f0: ;   {runtime_call _new_array_nozero_Java}
  0x0000027aead3c1f0: c5f8 77e8 

  0x0000027aead3c1f4: ; ImmutableOopMap {[32]=Oop [40]=Oop [80]=Oop [88]=Oop [96]=NarrowOop [100]=NarrowOop [104]=Oop [112]=Oop [120]=Oop [128]=Oop [200]=Oop rbp=Derived_oop_[200] }
                      ;*invokevirtual clone {reexecute=1 rethrow=0 return_oop=1}
                      ; - (reexecute) java.util.Arrays::copyOfRange@11 (line 3846)
                      ; - java.lang.StringLatin1::newString@16 (line 856)
                      ; - java.lang.String::substring@41 (line 2930)
                      ; - java.lang.ClassLoader::checkCerts@21 (line 1162)
                      ; - java.lang.ClassLoader::preDefineClass@113 (line 918)
                      ; - java.lang.ClassLoader::defineClass@4 (line 1024)
                      ; - java.security.SecureClassLoader::defineClass@12 (line 150)
                      ; - java.net.URLClassLoader::defineClass@220 (line 524)
                      ; - java.net.URLClassLoader$1::run@43 (line 427)
                      ; - java.net.URLClassLoader$1::run@1 (line 421)
                      ; - java.security.AccessController::executePrivileged@29 (line 816)
                      ; - java.security.AccessController::doPrivileged@13 (line 714)
                      ; - java.net.URLClassLoader::findClass@13 (line 420)
  0x0000027aead3c1f4: e8eb effe 

  0x0000027aead3c1f8: ;   {other}
  0x0000027aead3c1f8: 0f1f 8400 | f049 0045 | 4c8b c0e9 | dac4 ffff | 4c8b 4424 | 5845 8b58 | 1045 85db | 0f84 9adf 
  0x0000027aead3c218: ffff 4d8b | 5728 498b | cb4d 85d2 | 0f84 4a1a | 0000 4d8b | 5f30 4b89 | 4c13 f849 | 83c2 f84d 
  0x0000027aead3c238: 8957 28e9 | 74df ffff | 4d8b 5748 | 4d8b 5f40 | f083 4424 | c000 8039 | 000f 8490 | dfff ff44 
  0x0000027aead3c258: 8821 4d85 | db75 2649 | 8bd8 498b | d7c5 f877 | 49ba c007 | 6c38 fb7f | 0000 41ff 

  0x0000027aead3c274: ;   {other}
  0x0000027aead3c274: d20f 1f84 | 0000 0000 | 004c 8bc3 | e962 dfff | ff4b 894c | 1af8 4983 | c3f8 4d89 | 5f40 e950 
  0x0000027aead3c294: dfff ff4c | 8944 2438 | 488b eb49 | 8bd2 41b8 | 2e00 0000 

  0x0000027aead3c2a8: ;   {static_call}
  0x0000027aead3c2a8: c5f8 77e8 

  0x0000027aead3c2ac: ; ImmutableOopMap {rbp=Oop [32]=Oop [40]=Oop [56]=Oop [80]=Oop [96]=Oop [112]=Oop [120]=Oop }
                      ;*invokestatic lastIndexOf {reexecute=0 rethrow=0 return_oop=0}
                      ; - java.lang.String::lastIndexOf@25 (line 2665)
                      ; - java.lang.String::lastIndexOf@8 (line 2626)
                      ; - java.lang.Class::getPackageName@47 (line 1257)
                      ; - java.lang.ClassLoader::postDefineClass@2 (line 935)
                      ; - java.lang.ClassLoader::defineClass@37 (line 1027)
                      ; - java.security.SecureClassLoader::defineClass@12 (line 150)
                      ; - java.net.URLClassLoader::defineClass@220 (line 524)
                      ; - java.net.URLClassLoader$1::run@43 (line 427)
                      ; - java.net.URLClassLoader$1::run@1 (line 421)
                      ; - java.security.AccessController::executePrivileged@29 (line 816)
                      ; - java.security.AccessController::doPrivileged@13 (line 714)
                      ; - java.net.URLClassLoader::findClass@13 (line 420)
  0x0000027aead3c2ac: 302b e3fe 

  0x0000027aead3c2b0: ;   {other}
  0x0000027aead3c2b0: 0f1f 8400 | a84a 0046 | 488b dd4c | 8b44 2438 | 448b d8e9 | 6fc8 ffff | 4c89 4424 | 2049 8be9 
  0x0000027aead3c2d0: 4889 7424 | 6889 4c24 | 5848 895c 

  0x0000027aead3c2dc: ;   {metadata({type array byte})}
  0x0000027aead3c2dc: 2448 48ba | 185d 1680 | 7a02 0000 | 458b c290 

  0x0000027aead3c2ec: ;   {runtime_call _new_array_nozero_Java}
  0x0000027aead3c2ec: c5f8 77e8 

  0x0000027aead3c2f0: ; ImmutableOopMap {[40]=Oop [72]=Oop [80]=Oop [88]=NarrowOop [96]=Oop [104]=Oop [112]=Oop [120]=Oop [176]=Oop rbp=Derived_oop_[176] }
                      ;*invokevirtual clone {reexecute=1 rethrow=0 return_oop=1}
                      ; - (reexecute) java.util.Arrays::copyOfRange@11 (line 3846)
                      ; - java.lang.StringLatin1::newString@16 (line 856)
                      ; - java.lang.String::substring@41 (line 2930)
                      ; - java.lang.Class::getPackageName@62 (line 1258)
                      ; - java.lang.ClassLoader::postDefineClass@2 (line 935)
                      ; - java.lang.ClassLoader::defineClass@37 (line 1027)
                      ; - java.security.SecureClassLoader::defineClass@12 (line 150)
                      ; - java.net.URLClassLoader::defineClass@220 (line 524)
                      ; - java.net.URLClassLoader$1::run@43 (line 427)
                      ; - java.net.URLClassLoader$1::run@1 (line 421)
                      ; - java.security.AccessController::executePrivileged@29 (line 816)
                      ; - java.security.AccessController::doPrivileged@13 (line 714)
                      ; - java.net.URLClassLoader::findClass@13 (line 420)
  0x0000027aead3c2f0: ecea effe 

  0x0000027aead3c2f4: ;   {other}
  0x0000027aead3c2f4: 0f1f 8400 | ec4a 0047 | 488b 5c24 | 4848 8b74 | 2468 4c8b | cd4c 8b44 | 2420 488b | f8e9 1cc9 
  0x0000027aead3c314: ffff 4c8b | 9424 8000 | 0000 458b | 4210 4585 | c00f 84ae | e6ff ff4d | 8b5f 2849 | 8bc8 4d85 
  0x0000027aead3c334: db0f 8479 | 1b00 0049 | 8bf9 488b | 9c24 8000 | 0000 4d8b | 5730 4b89 | 4c1a f849 | 83c3 f84d 
  0x0000027aead3c354: 895f 284c | 8bd3 4c8b | cfe9 77e6 | ffff 458b | 4214 4585 | c00f 84f5 | e7ff ff4d | 8b5f 2849 
  0x0000027aead3c374: 8bc8 4d85 | db0f 8486 | 1b00 0049 | 8bda 4d8b | 5730 4b89 | 4c1a f849 | 83c3 f84d | 895f 284c 
  0x0000027aead3c394: 8bd3 e9c9 | e7ff ff45 | 8b59 1c45 | 85db 0f84 | f4e6 ffff | 4d8b 4728 | 498b cb4d | 85c0 0f84 
  0x0000027aead3c3b4: 271b 0000 | 498b f949 | 8bda 4d8b | 5730 4b89 | 4c02 f849 | 83c0 f84d | 8947 284c | 8bd3 4c8b 
  0x0000027aead3c3d4: cfe9 c2e6 | ffff 458b | 5324 4585 | d20f 842d | e9ff ff4d | 8b4f 2849 | 8bca 4d85 

  0x0000027aead3c3f0: ;   {no_reloc}
  0x0000027aead3c3f0: c90f 8431 | 1b00 004d | 8b57 304b | 894c 0af8 | 4983 c1f8 | 4d89 4f28 | e907 e9ff | ff4d 8b57 
  0x0000027aead3c410: 484d 8b5f | 40f0 8344 | 24c0 0080 | 3900 0f84 | f8e3 ffff | 4488 214d | 85db 7520 | 498b d7c5 
  0x0000027aead3c430: f877 49ba | c007 6c38 | fb7f 0000 

  0x0000027aead3c43c: ;   {other}
  0x0000027aead3c43c: 41ff d20f | 1f84 0000 | 0000 00e9 | d0e3 ffff | 4b89 4c1a | f849 83c3 | f84d 895f | 40e9 bee3 
  0x0000027aead3c45c: ffff 498b | da4d 8b57 | 484d 8b5f | 40f0 8344 | 24c0 0080 | 3900 7432 | 4488 214d | 85db 740f 
  0x0000027aead3c47c: 4b89 4c1a | f849 83c3 | f84d 895f | 40eb 1b49 | 8bd7 c5f8 | 7749 bac0 | 076c 38fb | 7f00 0041 
  0x0000027aead3c49c: ;   {other}
  0x0000027aead3c49c: ffd2 0f1f | 8400 0000 | 0000 4c8b | d345 8b5a | 1045 85db | 0f84 7f1f | 0000 4d8b | cbe9 4ee5 
  0x0000027aead3c4bc: ffff 498b | f949 8bda | 4d8b 5740 | 4d8b 5f48 | f083 4424 | c000 8039 | 0074 3244 | 8821 4d85 
  0x0000027aead3c4dc: d274 0f4b | 894c 13f8 | 4983 c2f8 | 4d89 5740 | eb1b 498b | d7c5 f877 | 49ba c007 | 6c38 fb7f 
  0x0000027aead3c4fc: 0000 41ff 

  0x0000027aead3c500: ;   {other}
  0x0000027aead3c500: d20f 1f84 | 0000 0000 | 004c 8bd3 | 4c8b cfe9 | bbe5 ffff | 4d8b 5f40 | 4d8b 4748 | f083 4424 
  0x0000027aead3c520: c000 8039 | 000f 8473 | e6ff ff44 | 8821 4d85 | db75 2c49 | 8bf9 498b | da49 8bd7 | c5f8 7749 
  0x0000027aead3c540: bac0 076c | 38fb 7f00 | 0041 ffd2 

  0x0000027aead3c54c: ;   {other}
  0x0000027aead3c54c: 0f1f 8400 | 0000 0000 | 4c8b d34c | 8bcf e93f | e6ff ff4b | 894c 18f8 | 4983 c3f8 | 4d89 5f40 
  0x0000027aead3c56c: e92d e6ff | ff4d 8b57 | 404d 8b5f | 48f0 8344 | 24c0 0080 | 3900 0f84 | bfe7 ffff | 4488 214d 
  0x0000027aead3c58c: 85d2 7520 | 498b d7c5 | f877 49ba | c007 6c38 | fb7f 0000 

  0x0000027aead3c5a0: ;   {other}
  0x0000027aead3c5a0: 41ff d20f | 1f84 0000 | 0000 00e9 | 97e7 ffff | 4b89 4c13 | f849 83c2 | f84d 8957 | 40e9 85e7 
  0x0000027aead3c5c0: ffff 448b | 5424 4845 | 8b52 1445 | 85d2 0f84 | 61e3 ffff | 4d8b 5f28 | 498b ca4d | 85db 0f84 
  0x0000027aead3c5e0: 0c1b 0000 | 4d8b 5730 | 4b89 4c1a | f849 83c3 | f84d 895f | 28e9 3be3 | ffff 4d8b | 5740 4d8b 
  0x0000027aead3c600: 5f48 f083 | 4424 c000 | 8039 000f | 8464 e3ff | ff44 8821 | 4d85 d275 | 2049 8bd7 | c5f8 7749 
  0x0000027aead3c620: bac0 076c | 38fb 7f00 | 0041 ffd2 

  0x0000027aead3c62c: ;   {other}
  0x0000027aead3c62c: 0f1f 8400 | 0000 0000 | e93c e3ff | ff4b 894c | 13f8 4983 | c2f8 4d89 | 5740 e92a | e3ff ff41 
  0x0000027aead3c64c: 8b7a 0cd1 | ff49 8bd2 | 4533 c045 | 33c9 6690 

  0x0000027aead3c65c: ;   {static_call}
  0x0000027aead3c65c: c5f8 77e8 

  0x0000027aead3c660: ; ImmutableOopMap {rbp=Oop [40]=Oop [48]=Oop [72]=NarrowOop [80]=Oop [88]=Oop [96]=NarrowOop [100]=NarrowOop [112]=Oop [120]=Oop [128]=Oop }
                      ;*invokestatic indexOf {reexecute=0 rethrow=0 return_oop=0}
                      ; - java.lang.String::indexOf@37 (line 2495)
                      ; - java.io.WinNTFileSystem::isInvalid@5 (line 358)
                      ; - java.io.File::isInvalid@13 (line 188)
                      ; - java.io.FileInputStream::<init>@54 (line 153)
                      ; - jdk.internal.loader.URLClassPath$FileLoader$1::getInputStream@8 (line 1081)
                      ; - jdk.internal.loader.Resource::cachedInputStream@9 (line 77)
                      ; - jdk.internal.loader.Resource::getByteBuffer@1 (line 163)
                      ; - java.net.URLClassLoader::defineClass@132 (line 511)
                      ; - java.net.URLClassLoader$1::run@43 (line 427)
                      ; - java.net.URLClassLoader$1::run@1 (line 421)
                      ; - java.security.AccessController::executePrivileged@29 (line 816)
                      ; - java.security.AccessController::doPrivileged@13 (line 714)
                      ; - java.net.URLClassLoader::findClass@13 (line 420)
  0x0000027aead3c660: 7c27 e3fe 

  0x0000027aead3c664: ;   {other}
  0x0000027aead3c664: 0f1f 8400 | 5c4e 0048 | 448b d0e9 | aae2 ffff | baf6 ffff | ff4c 8b5c | 2428 4c89 | 5c24 2048 
  0x0000027aead3c684: 8944 2438 

  0x0000027aead3c688: ;   {runtime_call UncommonTrapBlob}
  0x0000027aead3c688: c5f8 77e8 

  0x0000027aead3c68c: ; ImmutableOopMap {rbp=Oop [32]=Oop [56]=Oop [88]=Oop }
                      ;*invokevirtual getResource {reexecute=0 rethrow=0 return_oop=0}
                      ; - java.net.URLClassLoader$1::run@26 (line 424)
                      ; - java.net.URLClassLoader$1::run@1 (line 421)
                      ; - java.security.AccessController::executePrivileged@29 (line 816)
                      ; - java.security.AccessController::doPrivileged@13 (line 714)
                      ; - java.net.URLClassLoader::findClass@13 (line 420)
  0x0000027aead3c68c: d07c e3fe 

  0x0000027aead3c690: ;   {other}
  0x0000027aead3c690: 0f1f 8400 | 884e 0049 | ba76 ffff | ff48 895c | 2420 4c89 | 5c24 2889 | 4c24 3044 | 894c 2438 
  0x0000027aead3c6b0: 4c89 5c24 | 4066 6690 

  0x0000027aead3c6b8: ;   {runtime_call UncommonTrapBlob}
  0x0000027aead3c6b8: c5f8 77e8 

  0x0000027aead3c6bc: ; ImmutableOopMap {[32]=Oop [40]=Oop [48]=NarrowOop [64]=Oop [88]=Oop }
                      ;*if_icmpge {reexecute=1 rethrow=0 return_oop=0}
                      ; - (reexecute) java.lang.StringLatin1::replace@19 (line 407)
                      ; - java.lang.String::replace@18 (line 3024)
                      ; - java.net.URLClassLoader$1::run@8 (line 423)
                      ; - java.net.URLClassLoader$1::run@1 (line 421)
                      ; - java.security.AccessController::executePrivileged@29 (line 816)
                      ; - java.security.AccessController::doPrivileged@13 (line 714)
                      ; - java.net.URLClassLoader::findClass@13 (line 420)
  0x0000027aead3c6bc: a07c e3fe 

  0x0000027aead3c6c0: ;   {other}
  0x0000027aead3c6c0: 0f1f 8400 | b84e 004a | 4889 7424 | 504c 8944 | 2420 4889 | 5c24 304c | 8974 2458 | 4c89 4c24 
  0x0000027aead3c6e0: 6889 5424 | 604c 895c | 2438 48ba | 0000 0080 | 7a02 0000 | 4903 d244 | 8bc1 6690 

  0x0000027aead3c6fc: ;   {runtime_call _new_array_Java}
  0x0000027aead3c6fc: c5f8 77e8 

  0x0000027aead3c700: ; ImmutableOopMap {rbp=Oop [32]=Oop [40]=Oop [80]=Oop [88]=Oop [96]=NarrowOop [104]=Oop [112]=Oop [120]=Oop [128]=Oop }
                      ;*invokevirtual clone {reexecute=1 rethrow=0 return_oop=1}
                      ; - (reexecute) java.security.CodeSource::getCertificates@11 (line 200)
                      ; - java.lang.ClassLoader::checkCerts@34 (line 1166)
                      ; - java.lang.ClassLoader::preDefineClass@113 (line 918)
                      ; - java.lang.ClassLoader::defineClass@4 (line 1024)
                      ; - java.security.SecureClassLoader::defineClass@12 (line 150)
                      ; - java.net.URLClassLoader::defineClass@220 (line 524)
                      ; - java.net.URLClassLoader$1::run@43 (line 427)
                      ; - java.net.URLClassLoader$1::run@1 (line 421)
                      ; - java.security.AccessController::executePrivileged@29 (line 816)
                      ; - java.security.AccessController::doPrivileged@13 (line 714)
                      ; - java.net.URLClassLoader::findClass@13 (line 420)
  0x0000027aead3c700: dce9 effe 

  0x0000027aead3c704: ;   {other}
  0x0000027aead3c704: 0f1f 8400 | fc4e 004b | 4c8b d8e9 | 2bd7 ffff | 4889 7424 | 2044 8954 | 2448 48ba | 0000 0080 
  0x0000027aead3c724: 7a02 0000 | 4903 d144 | 8bc7 4c8b | 5424 704c | 8954 2458 

  0x0000027aead3c738: ;   {runtime_call _new_array_Java}
  0x0000027aead3c738: c5f8 77e8 

  0x0000027aead3c73c: ; ImmutableOopMap {rbp=Oop [40]=Oop [64]=Oop [72]=NarrowOop [80]=Oop [88]=Oop [112]=Oop [120]=Oop }
                      ;*invokevirtual clone {reexecute=1 rethrow=0 return_oop=1}
                      ; - (reexecute) java.security.CodeSource::getCertificates@11 (line 200)
                      ; - java.lang.ClassLoader::postDefineClass@24 (line 938)
                      ; - java.lang.ClassLoader::defineClass@37 (line 1027)
                      ; - java.security.SecureClassLoader::defineClass@12 (line 150)
                      ; - java.net.URLClassLoader::defineClass@220 (line 524)
                      ; - java.net.URLClassLoader$1::run@43 (line 427)
                      ; - java.net.URLClassLoader$1::run@1 (line 421)
                      ; - java.security.AccessController::executePrivileged@29 (line 816)
                      ; - java.security.AccessController::doPrivileged@13 (line 714)
                      ; - java.net.URLClassLoader::findClass@13 (line 420)
  0x0000027aead3c73c: a0e9 effe 

  0x0000027aead3c740: ;   {other}
  0x0000027aead3c740: 0f1f 8400 | 384f 004c | 448b 5424 | 4848 8b74 | 2420 488b | d8e9 e3d7 | ffff ba76 | ffff ff48 
  0x0000027aead3c760: 895c 2428 | 4c89 5c24 | 3089 4c24 | 384c 8944 | 2440 4489 | 4c24 4c4c | 895c 2450 

  0x0000027aead3c77c: ;   {runtime_call UncommonTrapBlob}
  0x0000027aead3c77c: c5f8 77e8 

  0x0000027aead3c780: ; ImmutableOopMap {[40]=Oop [48]=Oop [56]=NarrowOop [64]=Oop [80]=Oop [88]=Oop }
                      ;*if_icmpge {reexecute=1 rethrow=0 return_oop=0}
                      ; - (reexecute) java.lang.StringLatin1::replace@82 (line 418)
                      ; - java.lang.String::replace@18 (line 3024)
                      ; - java.net.URLClassLoader$1::run@8 (line 423)
                      ; - java.net.URLClassLoader$1::run@1 (line 421)
                      ; - java.security.AccessController::executePrivileged@29 (line 816)
                      ; - java.security.AccessController::doPrivileged@13 (line 714)
                      ; - java.net.URLClassLoader::findClass@13 (line 420)
  0x0000027aead3c780: dc7b e3fe 

  0x0000027aead3c784: ;   {other}
  0x0000027aead3c784: 0f1f 8400 | 7c4f 004d | 4c89 4c24 | 484c 8944 | 2458 498b 

  0x0000027aead3c798: ;   {metadata('java/security/CodeSigner'[])}
  0x0000027aead3c798: eb48 ba60 | 602e 817a | 0200 0045 | 8bc2 6690 

  0x0000027aead3c7a8: ;   {runtime_call _new_array_Java}
  0x0000027aead3c7a8: c5f8 77e8 

  0x0000027aead3c7ac: ; ImmutableOopMap {[40]=Oop [72]=Oop [80]=Oop [88]=Oop [112]=Oop [120]=Oop [160]=Oop }
                      ;*invokevirtual clone {reexecute=1 rethrow=0 return_oop=1}
                      ; - (reexecute) java.security.CodeSource::<init>@42 (line 128)
                      ; - java.net.URLClassLoader::defineClass@198 (line 522)
                      ; - java.net.URLClassLoader$1::run@43 (line 427)
                      ; - java.net.URLClassLoader$1::run@1 (line 421)
                      ; - java.security.AccessController::executePrivileged@29 (line 816)
                      ; - java.security.AccessController::doPrivileged@13 (line 714)
                      ; - java.net.URLClassLoader::findClass@13 (line 420)
  0x0000027aead3c7ac: 30e9 effe 

  0x0000027aead3c7b0: ;   {other}
  0x0000027aead3c7b0: 0f1f 8400 | a84f 004e | 4c8b d8e9 | abd9 ffff | 4c89 5424 | 4844 8944 | 245c 448b | d949 8be9 
  0x0000027aead3c7d0: 4889 5c24 

  0x0000027aead3c7d4: ;   {metadata('java/security/CodeSigner'[])}
  0x0000027aead3c7d4: 2048 ba60 | 602e 817a | 0200 0045 | 8bc3 6690 

  0x0000027aead3c7e4: ;   {runtime_call _new_array_Java}
  0x0000027aead3c7e4: c5f8 77e8 

  0x0000027aead3c7e8: ; ImmutableOopMap {rbp=Oop [40]=Oop [72]=Oop [80]=Oop [88]=NarrowOop [92]=NarrowOop [112]=Oop [160]=Oop }
                      ;*invokevirtual clone {reexecute=1 rethrow=0 return_oop=1}
                      ; - (reexecute) java.util.jar.JarFile$JarFileEntry::getCodeSigners@70 (line 676)
                      ; - jdk.internal.loader.URLClassPath$JarLoader$2::getCodeSigners@4 (line 847)
                      ; - java.net.URLClassLoader::defineClass@185 (line 521)
                      ; - java.net.URLClassLoader$1::run@43 (line 427)
                      ; - java.net.URLClassLoader$1::run@1 (line 421)
                      ; - java.security.AccessController::executePrivileged@29 (line 816)
                      ; - java.security.AccessController::doPrivileged@13 (line 714)
                      ; - java.net.URLClassLoader::findClass@13 (line 420)
  0x0000027aead3c7e8: f4e8 effe 

  0x0000027aead3c7ec: ;   {other}
  0x0000027aead3c7ec: 0f1f 8400 | e44f 004f | 4c8b c0e9 | 84dd ffff | ba76 ffff | ff48 895c | 2428 4c89 | 5c24 3089 
  0x0000027aead3c80c: 4c24 3844 | 894c 243c | 4c89 4424 | 404c 895c | 2450 6690 

  0x0000027aead3c820: ;   {runtime_call UncommonTrapBlob}
  0x0000027aead3c820: c5f8 77e8 

  0x0000027aead3c824: ; ImmutableOopMap {[40]=Oop [48]=Oop [56]=NarrowOop [64]=Oop [80]=Oop [88]=Oop }
                      ;*if_icmpge {reexecute=1 rethrow=0 return_oop=0}
                      ; - (reexecute) java.lang.StringLatin1::replace@61 (line 415)
                      ; - java.lang.String::replace@18 (line 3024)
                      ; - java.net.URLClassLoader$1::run@8 (line 423)
                      ; - java.net.URLClassLoader$1::run@1 (line 421)
                      ; - java.security.AccessController::executePrivileged@29 (line 816)
                      ; - java.security.AccessController::doPrivileged@13 (line 714)
                      ; - java.net.URLClassLoader::findClass@13 (line 420)
  0x0000027aead3c824: 387b e3fe 

  0x0000027aead3c828: ;   {other}
  0x0000027aead3c828: 0f1f 8400 | 2050 0050 | bae4 ffff | ff4c 8b54 | 2470 4c89 | 5424 304c | 8b54 2450 | 4c89 5424 
  0x0000027aead3c848: 384c 8954 | 2440 4489 | 5c24 7490 

  0x0000027aead3c854: ;   {runtime_call UncommonTrapBlob}
  0x0000027aead3c854: c5f8 77e8 

  0x0000027aead3c858: ; ImmutableOopMap {[40]=Oop [48]=Oop [56]=Oop [64]=Oop [116]=NarrowOop [120]=Oop [128]=Oop [160]=Oop }
                      ;*invokestatic checkIndex {reexecute=0 rethrow=0 return_oop=0}
                      ; - java.nio.Buffer::checkIndex@8 (line 768)
                      ; - java.nio.DirectLongBufferU::get@11 (line 342)
                      ; - jdk.internal.perf.PerfCounter::get@5 (line 84)
                      ; - jdk.internal.perf.PerfCounter::add@1 (line 98)
                      ; - jdk.internal.perf.PerfCounter::addElapsedTimeFrom@6 (line 120)
                      ; - java.net.URLClassLoader::defineClass@207 (line 523)
                      ; - java.net.URLClassLoader$1::run@43 (line 427)
                      ; - java.net.URLClassLoader$1::run@1 (line 421)
                      ; - java.security.AccessController::executePrivileged@29 (line 816)
                      ; - java.security.AccessController::doPrivileged@13 (line 714)
                      ; - java.net.URLClassLoader::findClass@13 (line 420)
  0x0000027aead3c858: 047b e3fe 

  0x0000027aead3c85c: ;   {other}
  0x0000027aead3c85c: 0f1f 8400 | 5450 0051 | baf6 ffff | ff4c 8b5c | 2428 4c89 | 5c24 2048 | 8974 2428 | 4c89 4c24 
  0x0000027aead3c87c: 404c 8954 | 2448 6690 

  0x0000027aead3c884: ;   {runtime_call UncommonTrapBlob}
  0x0000027aead3c884: c5f8 77e8 

  0x0000027aead3c888: ; ImmutableOopMap {[32]=Oop [40]=Oop [64]=Oop [72]=Oop [112]=Oop [120]=Oop }
                      ;*invokevirtual putIfAbsent {reexecute=0 rethrow=0 return_oop=0}
                      ; - java.lang.ClassLoader::checkCerts@62 (line 1169)
                      ; - java.lang.ClassLoader::preDefineClass@113 (line 918)
                      ; - java.lang.ClassLoader::defineClass@4 (line 1024)
                      ; - java.security.SecureClassLoader::defineClass@12 (line 150)
                      ; - java.net.URLClassLoader::defineClass@220 (line 524)
                      ; - java.net.URLClassLoader$1::run@43 (line 427)
                      ; - java.net.URLClassLoader$1::run@1 (line 421)
                      ; - java.security.AccessController::executePrivileged@29 (line 816)
                      ; - java.security.AccessController::doPrivileged@13 (line 714)
                      ; - java.net.URLClassLoader::findClass@13 (line 420)
  0x0000027aead3c888: d47a e3fe 

  0x0000027aead3c88c: ;   {other}
  0x0000027aead3c88c: 0f1f 8400 | 8450 0052 | baf6 ffff | ff4c 8b54 | 2450 4c89 | 5424 3090 

  0x0000027aead3c8a4: ;   {runtime_call UncommonTrapBlob}
  0x0000027aead3c8a4: c5f8 77e8 

  0x0000027aead3c8a8: ; ImmutableOopMap {rbp=NarrowOop [40]=Oop [48]=Oop [80]=Oop [112]=Oop [120]=Oop }
                      ;*invokevirtual toExternalForm {reexecute=0 rethrow=0 return_oop=0}
                      ; - java.net.URL::toExternalForm@5 (line 1203)
                      ; - java.net.URL::toString@1 (line 1189)
                      ; - java.lang.ClassLoader::defineClassSourceLocation@22 (line 928)
                      ; - java.lang.ClassLoader::defineClass@12 (line 1025)
                      ; - java.security.SecureClassLoader::defineClass@12 (line 150)
                      ; - java.net.URLClassLoader::defineClass@220 (line 524)
                      ; - java.net.URLClassLoader$1::run@43 (line 427)
                      ; - java.net.URLClassLoader$1::run@1 (line 421)
                      ; - java.security.AccessController::executePrivileged@29 (line 816)
                      ; - java.security.AccessController::doPrivileged@13 (line 714)
                      ; - java.net.URLClassLoader::findClass@13 (line 420)
  0x0000027aead3c8a8: b47a e3fe 

  0x0000027aead3c8ac: ;   {other}
  0x0000027aead3c8ac: 0f1f 8400 | a450 0053 | ba76 ffff | ff4c 8b5c | 2428 4c89 | 5c24 204c | 8b5c 2458 | 4489 5424 
  0x0000027aead3c8cc: 3889 4424 | 404c 895c | 2450 4889 | 7c24 6090 

  0x0000027aead3c8dc: ;   {runtime_call UncommonTrapBlob}
  0x0000027aead3c8dc: c5f8 77e8 

  0x0000027aead3c8e0: ; ImmutableOopMap {rbp=Oop [32]=Oop [56]=NarrowOop [80]=Oop [96]=Oop [112]=Oop }
                      ;*iflt {reexecute=1 rethrow=0 return_oop=0}
                      ; - (reexecute) java.lang.StringLatin1::lastIndexOf@19 (line 395)
                      ; - java.lang.String::lastIndexOf@13 (line 2664)
                      ; - java.lang.String::lastIndexOf@8 (line 2626)
                      ; - java.net.URLClassLoader::defineClass@7 (line 486)
                      ; - java.net.URLClassLoader$1::run@43 (line 427)
                      ; - java.net.URLClassLoader$1::run@1 (line 421)
                      ; - java.security.AccessController::executePrivileged@29 (line 816)
                      ; - java.security.AccessController::doPrivileged@13 (line 714)
                      ; - java.net.URLClassLoader::findClass@13 (line 420)
  0x0000027aead3c8e0: 7c7a e3fe 

  0x0000027aead3c8e4: ;   {other}
  0x0000027aead3c8e4: 0f1f 8400 | dc50 0054 | ba76 ffff | ff4c 8b5c | 2428 4c89 | 5c24 204c | 8b5c 2470 | 4889 7424 
  0x0000027aead3c904: 304c 895c | 2438 4889 | 7424 4089 | 4c24 4844 | 8954 2450 | 4c89 5c24 | 604c 8b54 | 2478 4c89 
  0x0000027aead3c924: 5424 684c | 8b94 2480 | 0000 004c | 8954 2470 | 4c89 7424 | 7844 89ac | 2480 0000 | 0066 6690 
  0x0000027aead3c944: ;   {runtime_call UncommonTrapBlob}
  0x0000027aead3c944: c5f8 77e8 

  0x0000027aead3c948: ; ImmutableOopMap {[32]=Oop [48]=Oop [56]=Oop [64]=Oop [72]=NarrowOop [96]=Oop [104]=Oop [112]=Oop [120]=Oop [128]=NarrowOop }
                      ;*iflt {reexecute=1 rethrow=0 return_oop=0}
                      ; - (reexecute) java.lang.StringLatin1::lastIndexOf@19 (line 395)
                      ; - java.lang.String::lastIndexOf@13 (line 2664)
                      ; - java.lang.String::lastIndexOf@8 (line 2626)
                      ; - java.lang.ClassLoader::checkCerts@3 (line 1161)
                      ; - java.lang.ClassLoader::preDefineClass@113 (line 918)
                      ; - java.lang.ClassLoader::defineClass@4 (line 1024)
                      ; - java.security.SecureClassLoader::defineClass@12 (line 150)
                      ; - java.net.URLClassLoader::defineClass@220 (line 524)
                      ; - java.net.URLClassLoader$1::run@43 (line 427)
                      ; - java.net.URLClassLoader$1::run@1 (line 421)
                      ; - java.security.AccessController::executePrivileged@29 (line 816)
                      ; - java.security.AccessController::doPrivileged@13 (line 714)
                      ; - java.net.URLClassLoader::findClass@13 (line 420)
  0x0000027aead3c948: 147a e3fe 

  0x0000027aead3c94c: ;   {other}
  0x0000027aead3c94c: 0f1f 8400 | 4451 0055 | 4489 5424 | 3048 897c | 2420 488b | e948 8bd7 | 4c8d 8424 | e000 0000 
  0x0000027aead3c96c: ;   {runtime_call _complete_monitor_locking_Java}
  0x0000027aead3c96c: c5f8 77e8 

  0x0000027aead3c970: ; ImmutableOopMap {rbp=Oop [32]=Oop [40]=Oop [48]=NarrowOop [112]=Oop }
                      ;*synchronization entry
                      ; - jdk.internal.loader.Resource::cachedInputStream@-1 (line 76)
                      ; - jdk.internal.loader.Resource::getByteBuffer@1 (line 163)
                      ; - java.net.URLClassLoader::defineClass@132 (line 511)
                      ; - java.net.URLClassLoader$1::run@43 (line 427)
                      ; - java.net.URLClassLoader$1::run@1 (line 421)
                      ; - java.security.AccessController::executePrivileged@29 (line 816)
                      ; - java.security.AccessController::doPrivileged@13 (line 714)
                      ; - java.net.URLClassLoader::findClass@13 (line 420)
  0x0000027aead3c970: ec59 f0fe 

  0x0000027aead3c974: ;   {other}
  0x0000027aead3c974: 0f1f 8400 | 6c51 0056 | 488b cd48 | 8b7c 2420 | 448b 5424 | 30e9 6acb | ffff 418b | f045 8bea 
  0x0000027aead3c994: 488b d948 | 8bcf 488d | 9424 e000 | 0000 4d8b | c7c5 f877 | 49ba 30dc | ae38 fb7f | 0000 41ff 
  0x0000027aead3c9b4: ;   {other}
  0x0000027aead3c9b4: d20f 1f84 | 0000 0000 | 0048 8bcb | 458b d544 | 8bc6 e984 

  0x0000027aead3c9c8: ;   {oop(a 'jdk/internal/perf/PerfCounter'{0x0000000080303f28})}
  0x0000027aead3c9c8: ccff ff48 | ba28 3f30 | 8000 0000 | 004c 8d84 | 24e0 0000 | 004c 8b54 | 2470 4c89 | 5424 3890 
  0x0000027aead3c9e8: ;   {runtime_call _complete_monitor_locking_Java}
  0x0000027aead3c9e8: c5f8 77e8 

  0x0000027aead3c9ec: ; ImmutableOopMap {[40]=Oop [56]=Oop [80]=Oop [112]=Oop [120]=Oop [128]=Oop [160]=Oop }
                      ;*synchronization entry
                      ; - jdk.internal.perf.PerfCounter::add@-1 (line 98)
                      ; - jdk.internal.perf.PerfCounter::addElapsedTimeFrom@6 (line 120)
                      ; - java.net.URLClassLoader::defineClass@207 (line 523)
                      ; - java.net.URLClassLoader$1::run@43 (line 427)
                      ; - java.net.URLClassLoader$1::run@1 (line 421)
                      ; - java.security.AccessController::executePrivileged@29 (line 816)
                      ; - java.security.AccessController::doPrivileged@13 (line 714)
                      ; - java.net.URLClassLoader::findClass@13 (line 420)
  0x0000027aead3c9ec: 7059 f0fe 

  0x0000027aead3c9f0: ;   {other}
  0x0000027aead3c9f0: 0f1f 8400 | e851 0057 | e9a5 ceff | ffba ccff | ffff 4c8b | 5424 704c | 8954 2430 | 4c8b 5424 
  0x0000027aead3ca10: 504c 8954 | 2438 4c89 | 5424 4044 | 895c 2474 

  0x0000027aead3ca20: ;   {runtime_call UncommonTrapBlob}
  0x0000027aead3ca20: c5f8 77e8 

  0x0000027aead3ca24: ; ImmutableOopMap {[40]=Oop [48]=Oop [56]=Oop [64]=Oop [116]=NarrowOop [120]=Oop [128]=Oop [160]=Oop }
                      ;*invokestatic checkIndex {reexecute=0 rethrow=0 return_oop=0}
                      ; - java.nio.Buffer::checkIndex@8 (line 768)
                      ; - java.nio.DirectLongBufferU::get@11 (line 342)
                      ; - jdk.internal.perf.PerfCounter::get@5 (line 84)
                      ; - jdk.internal.perf.PerfCounter::add@1 (line 98)
                      ; - jdk.internal.perf.PerfCounter::addElapsedTimeFrom@6 (line 120)
                      ; - java.net.URLClassLoader::defineClass@207 (line 523)
                      ; - java.net.URLClassLoader$1::run@43 (line 427)
                      ; - java.net.URLClassLoader$1::run@1 (line 421)
                      ; - java.security.AccessController::executePrivileged@29 (line 816)
                      ; - java.security.AccessController::doPrivileged@13 (line 714)
                      ; - java.net.URLClassLoader::findClass@13 (line 420)
  0x0000027aead3ca24: 3879 e3fe 

  0x0000027aead3ca28: ;   {other}
  0x0000027aead3ca28: 0f1f 8400 | 2052 0058 

  0x0000027aead3ca30: ;   {oop(a 'jdk/internal/perf/PerfCounter'{0x0000000080303f28})}
  0x0000027aead3ca30: 48b9 283f | 3080 0000 | 0000 488d | 9424 e000 | 0000 4d8b | c7c5 f877 | 49ba 30dc | ae38 fb7f 
  0x0000027aead3ca50: 0000 41ff 

  0x0000027aead3ca54: ;   {other}
  0x0000027aead3ca54: d20f 1f84 | 0000 0000 | 00e9 0ecf | ffff bade | ffff ff4c | 8b54 2450 | 4c89 5424 | 384c 8954 
  0x0000027aead3ca74: 2440 4889 | 5c24 484c | 894c 2458 | 4489 4424 | 6048 894c | 2468 4889 | 7c24 7090 

  0x0000027aead3ca90: ;   {runtime_call UncommonTrapBlob}
  0x0000027aead3ca90: c5f8 77e8 

  0x0000027aead3ca94: ; ImmutableOopMap {rbp=NarrowOop [40]=Oop [56]=Oop [64]=Oop [72]=Oop [88]=Oop [104]=Oop [112]=Oop [120]=Oop }
                      ;*invokeinterface computeIfAbsent {reexecute=0 rethrow=0 return_oop=0}
                      ; - java.security.SecureClassLoader::getProtectionDomain@28 (line 222)
                      ; - java.security.SecureClassLoader::defineClass@9 (line 150)
                      ; - java.net.URLClassLoader::defineClass@220 (line 524)
                      ; - java.net.URLClassLoader$1::run@43 (line 427)
                      ; - java.net.URLClassLoader$1::run@1 (line 421)
                      ; - java.security.AccessController::executePrivileged@29 (line 816)
                      ; - java.security.AccessController::doPrivileged@13 (line 714)
                      ; - java.net.URLClassLoader::findClass@13 (line 420)
  0x0000027aead3ca94: c878 e3fe 

  0x0000027aead3ca98: ;   {other}
  0x0000027aead3ca98: 0f1f 8400 | 9052 0059 | ba45 ffff | ff4c 8b54 | 2428 4c89 | 5424 204c | 8b54 2470 | 48ff 7424 
  0x0000027aead3cab8: 5048 8f44 | 2430 4c89 | 5424 3848 | ff74 2450 | 488f 4424 | 404c 8954 | 2450 4c89 | 7424 7090 
  0x0000027aead3cad8: ;   {runtime_call UncommonTrapBlob}
  0x0000027aead3cad8: c5f8 77e8 

  0x0000027aead3cadc: ; ImmutableOopMap {[32]=Oop [48]=Oop [56]=Oop [64]=Oop [80]=Oop [112]=Oop [120]=Oop [128]=Oop }
                      ;*ifeq {reexecute=1 rethrow=0 return_oop=0}
                      ; - (reexecute) java.lang.ClassLoader::checkName@8 (line 1153)
                      ; - java.lang.ClassLoader::preDefineClass@1 (line 901)
                      ; - java.lang.ClassLoader::defineClass@4 (line 1024)
                      ; - java.security.SecureClassLoader::defineClass@12 (line 150)
                      ; - java.net.URLClassLoader::defineClass@220 (line 524)
                      ; - java.net.URLClassLoader$1::run@43 (line 427)
                      ; - java.net.URLClassLoader$1::run@1 (line 421)
                      ; - java.security.AccessController::executePrivileged@29 (line 816)
                      ; - java.security.AccessController::doPrivileged@13 (line 714)
                      ; - java.net.URLClassLoader::findClass@13 (line 420)
  0x0000027aead3cadc: 8078 e3fe 

  0x0000027aead3cae0: ;   {other}
  0x0000027aead3cae0: 0f1f 8400 | d852 005a | bae4 ffff | ff4c 8b5c | 2470 4889 | 7424 384c | 895c 2440 | 4889 7424 
  0x0000027aead3cb00: 484c 895c | 2458 4c8b | 5c24 784c | 895c 2460 | 4c89 7424 | 7844 8954 | 2474 6690 

  0x0000027aead3cb1c: ;   {runtime_call UncommonTrapBlob}
  0x0000027aead3cb1c: c5f8 77e8 

  0x0000027aead3cb20: ; ImmutableOopMap {[40]=Oop [56]=Oop [64]=Oop [72]=Oop [88]=Oop [96]=Oop [116]=NarrowOop [120]=Oop [128]=Oop }
                      ;*invokestatic checkIndex {reexecute=0 rethrow=0 return_oop=0}
                      ; - java.lang.String::checkIndex@5 (line 4930)
                      ; - java.lang.StringLatin1::charAt@3 (line 46)
                      ; - java.lang.String::charAt@12 (line 1629)
                      ; - java.lang.ClassLoader::checkName@25 (line 1155)
                      ; - java.lang.ClassLoader::preDefineClass@1 (line 901)
                      ; - java.lang.ClassLoader::defineClass@4 (line 1024)
                      ; - java.security.SecureClassLoader::defineClass@12 (line 150)
                      ; - java.net.URLClassLoader::defineClass@220 (line 524)
                      ; - java.net.URLClassLoader$1::run@43 (line 427)
                      ; - java.net.URLClassLoader$1::run@1 (line 421)
                      ; - java.security.AccessController::executePrivileged@29 (line 816)
                      ; - java.security.AccessController::doPrivileged@13 (line 714)
                      ; - java.net.URLClassLoader::findClass@13 (line 420)
  0x0000027aead3cb20: 3c78 e3fe 

  0x0000027aead3cb24: ;   {other}
  0x0000027aead3cb24: 0f1f 8400 | 1c53 005b | bade ffff | ff4c 8b4c | 2428 4c89 | 4c24 204c | 8b4c 2470 | 4889 4c24 
  0x0000027aead3cb44: 3048 894c | 2438 4c89 | 4c24 4048 | 897c 2448 | 4c8b 4c24 | 684c 894c | 2458 4489 | 5424 604c 
  0x0000027aead3cb64: 895c 2470 | 895c 2464 | 4489 4424 | 7866 6690 

  0x0000027aead3cb74: ;   {runtime_call UncommonTrapBlob}
  0x0000027aead3cb74: c5f8 77e8 

  0x0000027aead3cb78: ; ImmutableOopMap {[32]=Oop [48]=Oop [56]=Oop [64]=Oop [72]=Oop [96]=NarrowOop [100]=NarrowOop [112]=Oop [120]=NarrowOop [176]=Oop }
                      ;*invokeinterface ensureInitialization {reexecute=0 rethrow=0 return_oop=0}
                      ; - jdk.internal.loader.URLClassPath$JarLoader$2::getManifest@10 (line 841)
                      ; - java.net.URLClassLoader::defineClass@34 (line 491)
                      ; - java.net.URLClassLoader$1::run@43 (line 427)
                      ; - java.net.URLClassLoader$1::run@1 (line 421)
                      ; - java.security.AccessController::executePrivileged@29 (line 816)
                      ; - java.security.AccessController::doPrivileged@13 (line 714)
                      ; - java.net.URLClassLoader::findClass@13 (line 420)
  0x0000027aead3cb78: e477 e3fe 

  0x0000027aead3cb7c: ;   {other}
  0x0000027aead3cb7c: 0f1f 8400 | 7453 005c | 4889 7424 | 4889 5424 | 4044 8944 | 2434 4c89 | 5c24 3844 | 8954 2430 
  0x0000027aead3cb9c: 4889 7c24 | 2048 8be9 | 488b d64c | 8d84 24e0 | 0000 0090 

  0x0000027aead3cbb0: ;   {runtime_call _complete_monitor_locking_Java}
  0x0000027aead3cbb0: c5f8 77e8 

  0x0000027aead3cbb4: ; ImmutableOopMap {rbp=Oop [32]=Oop [40]=Oop [48]=NarrowOop [52]=NarrowOop [56]=Oop [72]=Oop [112]=Oop [176]=Oop }
                      ;*synchronization entry
                      ; - java.util.jar.JarFile::ensureInitialization@-1 (line 1063)
                      ; - java.util.jar.JavaUtilJarAccessImpl::ensureInitialization@1 (line 42)
                      ; - jdk.internal.loader.URLClassPath$JarLoader$2::getManifest@10 (line 841)
                      ; - java.net.URLClassLoader::defineClass@34 (line 491)
                      ; - java.net.URLClassLoader$1::run@43 (line 427)
                      ; - java.net.URLClassLoader$1::run@1 (line 421)
                      ; - java.security.AccessController::executePrivileged@29 (line 816)
                      ; - java.security.AccessController::doPrivileged@13 (line 714)
                      ; - java.net.URLClassLoader::findClass@13 (line 420)
  0x0000027aead3cbb4: a857 f0fe 

  0x0000027aead3cbb8: ;   {other}
  0x0000027aead3cbb8: 0f1f 8400 | b053 005d | 488b cd48 | 8b7c 2420 | 448b 5424 | 304c 8b5c | 2438 448b | 4424 348b 
  0x0000027aead3cbd8: 5424 4048 | 8b74 2448 | e9cb c6ff | ff4c 8bc6 | 498b eb41 | 8bf2 488b | d949 8bc8 | 488d 9424 
  0x0000027aead3cbf8: e000 0000 | 4d8b c7c5 | f877 49ba | 30dc ae38 | fb7f 0000 

  0x0000027aead3cc0c: ;   {other}
  0x0000027aead3cc0c: 41ff d20f | 1f84 0000 | 0000 0048 | 8bcb 448b | d64c 8bdd | e932 c7ff | ffba deff | ffff 4c8b 
  0x0000027aead3cc2c: 4424 7048 | 894c 2438 | 4889 4c24 | 404c 8944 | 2448 4889 | 7c24 504c | 895c 2458 | 4c8b 5c24 
  0x0000027aead3cc4c: 684c 895c | 2460 4489 | 5424 6890 

  0x0000027aead3cc58: ;   {runtime_call UncommonTrapBlob}
  0x0000027aead3cc58: c5f8 77e8 

  0x0000027aead3cc5c: ; ImmutableOopMap {rbp=NarrowOop [40]=Oop [56]=Oop [64]=Oop [72]=Oop [80]=Oop [88]=Oop [104]=NarrowOop [176]=Oop }
                      ;*invokevirtual getManifest {reexecute=0 rethrow=0 return_oop=0}
                      ; - jdk.internal.loader.URLClassPath$JarLoader$2::getManifest@22 (line 842)
                      ; - java.net.URLClassLoader::defineClass@34 (line 491)
                      ; - java.net.URLClassLoader$1::run@43 (line 427)
                      ; - java.net.URLClassLoader$1::run@1 (line 421)
                      ; - java.security.AccessController::executePrivileged@29 (line 816)
                      ; - java.security.AccessController::doPrivileged@13 (line 714)
                      ; - java.net.URLClassLoader::findClass@13 (line 420)
  0x0000027aead3cc5c: 0077 e3fe 

  0x0000027aead3cc60: ;   {other}
  0x0000027aead3cc60: 0f1f 8400 | 5854 005e | bade ffff | ff4c 8b5c | 2470 4c89 | 5c24 304c | 8b5c 2450 | 4c89 5c24 
  0x0000027aead3cc80: 384c 895c | 2440 4c89 | 5424 504c | 8b54 2468 | 4c89 5424 | 6066 6690 

  0x0000027aead3cc98: ;   {runtime_call UncommonTrapBlob}
  0x0000027aead3cc98: c5f8 77e8 

  0x0000027aead3cc9c: ; ImmutableOopMap {rbp=NarrowOop [40]=Oop [48]=Oop [56]=Oop [64]=Oop [80]=Oop [88]=NarrowOop [160]=Oop }
                      ;*invokevirtual getCodeSigners {reexecute=0 rethrow=0 return_oop=0}
                      ; - jdk.internal.loader.URLClassPath$JarLoader$2::getCodeSigners@4 (line 847)
                      ; - java.net.URLClassLoader::defineClass@185 (line 521)
                      ; - java.net.URLClassLoader$1::run@43 (line 427)
                      ; - java.net.URLClassLoader$1::run@1 (line 421)
                      ; - java.security.AccessController::executePrivileged@29 (line 816)
                      ; - java.security.AccessController::doPrivileged@13 (line 714)
                      ; - java.net.URLClassLoader::findClass@13 (line 420)
  0x0000027aead3cc9c: c076 e3fe 

  0x0000027aead3cca0: ;   {other}
  0x0000027aead3cca0: 0f1f 8400 | 9854 005f | 418b c0e9 | c6b8 ffff | 458b d3e9 | f4cf ffff | bae4 ffff | ff4c 8b54 
  0x0000027aead3ccc0: 2428 4c89 | 5424 204c | 8b54 2470 | 4889 7424 | 304c 8954 | 2438 4889 | 7424 4089 | 4c24 4c4c 
  0x0000027aead3cce0: 8954 2458 | 4c8b 5424 | 784c 8954 | 2460 4c89 | 7424 7890 

  0x0000027aead3ccf4: ;   {runtime_call UncommonTrapBlob}
  0x0000027aead3ccf4: c5f8 77e8 

  0x0000027aead3ccf8: ; ImmutableOopMap {[32]=Oop [48]=Oop [56]=Oop [64]=Oop [76]=NarrowOop [88]=Oop [96]=Oop [120]=Oop [128]=Oop }
                      ;*baload {reexecute=0 rethrow=0 return_oop=0}
                      ; - jdk.internal.util.ArraysSupport::mismatch@82 (line 564)
                      ; - java.lang.String::startsWith@70 (line 2386)
                      ; - java.lang.String::startsWith@3 (line 2416)
                      ; - java.lang.ClassLoader::preDefineClass@43 (line 907)
                      ; - java.lang.ClassLoader::defineClass@4 (line 1024)
                      ; - java.security.SecureClassLoader::defineClass@12 (line 150)
                      ; - java.net.URLClassLoader::defineClass@220 (line 524)
                      ; - java.net.URLClassLoader$1::run@43 (line 427)
                      ; - java.net.URLClassLoader$1::run@1 (line 421)
                      ; - java.security.AccessController::executePrivileged@29 (line 816)
                      ; - java.security.AccessController::doPrivileged@13 (line 714)
                      ; - java.net.URLClassLoader::findClass@13 (line 420)
  0x0000027aead3ccf8: 6476 e3fe 

  0x0000027aead3ccfc: ;   {other}
  0x0000027aead3ccfc: 0f1f 8400 | f454 0060 | 448b 5c24 

  0x0000027aead3cd08: ;   {metadata('java/util/jar/JarFile')}
  0x0000027aead3cd08: 2041 81fb | 2859 2700 | 0f85 6617 | 0000 488b | 5424 3090 

  0x0000027aead3cd1c: ;   {optimized virtual_call}
  0x0000027aead3cd1c: c5f8 77e8 

  0x0000027aead3cd20: ; ImmutableOopMap {rbp=Oop [40]=Oop [48]=Oop [80]=Oop [88]=Oop [96]=NarrowOop [100]=NarrowOop [112]=Oop [120]=Oop [176]=Oop }
                      ;*invokevirtual getManifestFromReference {reexecute=0 rethrow=0 return_oop=1}
                      ; - java.util.jar.JarFile::getManifest@1 (line 405)
                      ; - java.util.jar.JarFile::maybeInstantiateVerifier@31 (line 723)
                      ; - java.util.jar.JarFile::ensureInitialization@1 (line 1063)
                      ; - java.util.jar.JavaUtilJarAccessImpl::ensureInitialization@1 (line 42)
                      ; - jdk.internal.loader.URLClassPath$JarLoader$2::getManifest@10 (line 841)
                      ; - java.net.URLClassLoader::defineClass@34 (line 491)
                      ; - java.net.URLClassLoader$1::run@43 (line 427)
                      ; - java.net.URLClassLoader$1::run@1 (line 421)
                      ; - java.security.AccessController::executePrivileged@29 (line 816)
                      ; - java.security.AccessController::doPrivileged@13 (line 714)
                      ; - java.net.URLClassLoader::findClass@13 (line 420)
  0x0000027aead3cd20: 8c5c f5ff 

  0x0000027aead3cd24: ;   {other}
  0x0000027aead3cd24: 0f1f 8400 | 1c55 0061 | 488b cd48 | 8b7c 2458 | 448b 5424 | 604c 8b5c | 2478 448b | 4424 6448 
  0x0000027aead3cd44: 8b74 2430 | e976 c5ff | ff44 8b5c | 245c 458b 

  0x0000027aead3cd54: ;   {metadata('java/util/jar/JarFile')}
  0x0000027aead3cd54: 4308 4181 | f828 5927 | 000f 8561 | 1700 0049 | 8bd1 6690 

  0x0000027aead3cd68: ;   {optimized virtual_call}
  0x0000027aead3cd68: c5f8 77e8 

  0x0000027aead3cd6c: ; ImmutableOopMap {[40]=Oop [80]=Oop [88]=NarrowOop [96]=Oop [112]=Oop [120]=Oop [160]=Oop }
                      ;*invokevirtual getManifestFromReference {reexecute=0 rethrow=0 return_oop=1}
                      ; - java.util.jar.JarFile::getManifest@1 (line 405)
                      ; - java.util.jar.JarFile::maybeInstantiateVerifier@31 (line 723)
                      ; - java.util.jar.JarFile$JarFileEntry::getCodeSigners@4 (line 669)
                      ; - jdk.internal.loader.URLClassPath$JarLoader$2::getCodeSigners@4 (line 847)
                      ; - java.net.URLClassLoader::defineClass@185 (line 521)
                      ; - java.net.URLClassLoader$1::run@43 (line 427)
                      ; - java.net.URLClassLoader$1::run@1 (line 421)
                      ; - java.security.AccessController::executePrivileged@29 (line 816)
                      ; - java.security.AccessController::doPrivileged@13 (line 714)
                      ; - java.net.URLClassLoader::findClass@13 (line 420)
  0x0000027aead3cd6c: 701a e3fe 

  0x0000027aead3cd70: ;   {other}
  0x0000027aead3cd70: 0f1f 8400 | 6855 0062 | 4c8b 5424 | 604c 8b5c | 2478 e970 | c9ff ff49 | 83c0 fe49 | 8bc8 488b 
  0x0000027aead3cd90: fa48 33c0 | 4883 f908 | 7f10 48ff | c978 4f48 | 8904 cf48 | ffc9 7df7 | eb44 c5fd | efc0 e90d 
  0x0000027aead3cdb0: 0000 00c5 | fe7f 07c5 | fe7f 4720 | 4883 c740 | 4883 e908 | 7ded 4883 | c104 7c0c | c5fe 7f07 
  0x0000027aead3cdd0: 4883 c720 | 4883 e904 | 4883 c104 | 7e10 48ff | c9c5 f9d6 | 0748 83c7 | 0848 ffc9 | 7df3 e9a4 
  0x0000027aead3cdf0: c3ff ff49 | 83c0 fe49 | 8bc8 488b | fa48 33c0 | 4883 f908 | 7f10 48ff | c978 4f48 | 8904 cf48 
  0x0000027aead3ce10: ffc9 7df7 | eb44 c5fd | efc0 e90d | 0000 00c5 | fe7f 07c5 | fe7f 4720 | 4883 c740 | 4883 e908 
  0x0000027aead3ce30: 7ded 4883 | c104 7c0c | c5fe 7f07 | 4883 c720 | 4883 e904 | 4883 c104 | 7e10 48ff | c9c5 f9d6 
  0x0000027aead3ce50: 0748 83c7 | 0848 ffc9 | 7df3 e9df | b9ff ffba | ccff ffff | 4c8b 5c24 | 284c 895c 

  0x0000027aead3ce6c: ;   {no_reloc}
  0x0000027aead3ce6c: 2420 4c8b | 5c24 7048 | 894c 2430 | 8944 243c | 4889 4c24 | 404c 895c | 2448 4889 | 7c24 584c 
  0x0000027aead3ce8c: 8b5c 2468 | 4c89 5c24 | 6044 8954 | 2468 4c89 | 4424 7844 | 894c 246c 

  0x0000027aead3cea4: ;   {runtime_call UncommonTrapBlob}
  0x0000027aead3cea4: c5f8 77e8 

  0x0000027aead3cea8: ; ImmutableOopMap {[32]=Oop [48]=Oop [64]=Oop [72]=Oop [88]=Oop [104]=NarrowOop [108]=NarrowOop [120]=Oop }
                      ;*newarray {reexecute=1 rethrow=0 return_oop=0}
                      ; - (reexecute) java.util.Arrays::copyOfRange@59 (line 3852)
                      ; - java.lang.StringLatin1::newString@16 (line 856)
                      ; - java.lang.String::substring@41 (line 2930)
                      ; - java.net.URLClassLoader::defineClass@28 (line 489)
                      ; - java.net.URLClassLoader$1::run@43 (line 427)
                      ; - java.net.URLClassLoader$1::run@1 (line 421)
                      ; - java.security.AccessController::executePrivileged@29 (line 816)
                      ; - java.security.AccessController::doPrivileged@13 (line 714)
                      ; - java.net.URLClassLoader::findClass@13 (line 420)
  0x0000027aead3cea8: b474 e3fe 

  0x0000027aead3ceac: ;   {other}
  0x0000027aead3ceac: 0f1f 8400 | a456 0063 | bacc ffff | ff4c 8b44 | 2428 4c89 | 4424 204c | 8b44 2470 | 4889 7424 
  0x0000027aead3cecc: 304c 8944 | 2438 4889 | 7424 4044 | 8954 244c | 4c89 4424 | 584c 8b54 | 2478 4c89 | 5424 604c 
  0x0000027aead3ceec: 8b94 2480 | 0000 004c | 8954 2468 | 448b 9424 | 8800 0000 | 4489 5424 | 704c 8974 | 2478 4489 
  0x0000027aead3cf0c: 6c24 7448 | 898c 2488 | 0000 0044 | 899c 2490 | 0000 0090 

  0x0000027aead3cf20: ;   {runtime_call UncommonTrapBlob}
  0x0000027aead3cf20: c5f8 77e8 

  0x0000027aead3cf24: ; ImmutableOopMap {[32]=Oop [48]=Oop [56]=Oop [64]=Oop [88]=Oop [96]=Oop [104]=Oop [116]=NarrowOop [120]=Oop [136]=Oop [144]=NarrowOop }
                      ;*newarray {reexecute=1 rethrow=0 return_oop=0}
                      ; - (reexecute) java.util.Arrays::copyOfRange@59 (line 3852)
                      ; - java.lang.StringLatin1::newString@16 (line 856)
                      ; - java.lang.String::substring@41 (line 2930)
                      ; - java.lang.ClassLoader::checkCerts@21 (line 1162)
                      ; - java.lang.ClassLoader::preDefineClass@113 (line 918)
                      ; - java.lang.ClassLoader::defineClass@4 (line 1024)
                      ; - java.security.SecureClassLoader::defineClass@12 (line 150)
                      ; - java.net.URLClassLoader::defineClass@220 (line 524)
                      ; - java.net.URLClassLoader$1::run@43 (line 427)
                      ; - java.net.URLClassLoader$1::run@1 (line 421)
                      ; - java.security.AccessController::executePrivileged@29 (line 816)
                      ; - java.security.AccessController::doPrivileged@13 (line 714)
                      ; - java.net.URLClassLoader::findClass@13 (line 420)
  0x0000027aead3cf24: 3874 e3fe 

  0x0000027aead3cf28: ;   {other}
  0x0000027aead3cf28: 0f1f 8400 | 2057 0064 | baf6 ffff | ff4c 8b5c | 2470 4889 | 4c24 3848 | 894c 2440 | 4c89 5c24 
  0x0000027aead3cf48: 4848 897c | 2458 4c8b | 5c24 684c | 895c 2460 | 4489 5424 | 6848 895c | 2470 6690 

  0x0000027aead3cf64: ;   {runtime_call UncommonTrapBlob}
  0x0000027aead3cf64: c5f8 77e8 

  0x0000027aead3cf68: ; ImmutableOopMap {rbp=NarrowOop [40]=Oop [56]=Oop [64]=Oop [72]=Oop [88]=Oop [104]=NarrowOop [112]=Oop }
                      ;*invokevirtual getInputStream {reexecute=0 rethrow=0 return_oop=0}
                      ; - jdk.internal.loader.URLClassPath$JarLoader$2::getInputStream@11 (line 837)
                      ; - jdk.internal.loader.Resource::cachedInputStream@9 (line 77)
                      ; - jdk.internal.loader.Resource::getByteBuffer@1 (line 163)
                      ; - java.net.URLClassLoader::defineClass@132 (line 511)
                      ; - java.net.URLClassLoader$1::run@43 (line 427)
                      ; - java.net.URLClassLoader$1::run@1 (line 421)
                      ; - java.security.AccessController::executePrivileged@29 (line 816)
                      ; - java.security.AccessController::doPrivileged@13 (line 714)
                      ; - java.net.URLClassLoader::findClass@13 (line 420)
  0x0000027aead3cf68: f473 e3fe 

  0x0000027aead3cf6c: ;   {other}
  0x0000027aead3cf6c: 0f1f 8400 | 6457 0065 | 498b f849 | 8bd7 c5f8 | 7749 bae0 | 076c 38fb | 7f00 0041 

  0x0000027aead3cf88: ;   {other}
  0x0000027aead3cf88: ffd2 0f1f | 8400 0000 | 0000 4c8b | c7e9 15c8 | ffff ba45 | ffff ff4c | 8b54 2428 | 4c89 5424 
  0x0000027aead3cfa8: 204c 8b54 | 2470 4889 | 7424 304c | 8954 2438 | 4889 7424 | 404c 8954 | 2450 4c89 | 7424 7089 
  0x0000027aead3cfc8: 5c24 6c90 

  0x0000027aead3cfcc: ;   {runtime_call UncommonTrapBlob}
  0x0000027aead3cfcc: c5f8 77e8 

  0x0000027aead3cfd0: ; ImmutableOopMap {[32]=Oop [48]=Oop [56]=Oop [64]=Oop [80]=Oop [112]=Oop [120]=Oop [128]=Oop }
                      ;*if_icmpne {reexecute=1 rethrow=0 return_oop=0}
                      ; - (reexecute) java.lang.ClassLoader::checkName@20 (line 1155)
                      ; - java.lang.ClassLoader::preDefineClass@1 (line 901)
                      ; - java.lang.ClassLoader::defineClass@4 (line 1024)
                      ; - java.security.SecureClassLoader::defineClass@12 (line 150)
                      ; - java.net.URLClassLoader::defineClass@220 (line 524)
                      ; - java.net.URLClassLoader$1::run@43 (line 427)
                      ; - java.net.URLClassLoader$1::run@1 (line 421)
                      ; - java.security.AccessController::executePrivileged@29 (line 816)
                      ; - java.security.AccessController::doPrivileged@13 (line 714)
                      ; - java.net.URLClassLoader::findClass@13 (line 420)
  0x0000027aead3cfd0: 8c73 e3fe 

  0x0000027aead3cfd4: ;   {other}
  0x0000027aead3cfd4: 0f1f 8400 | cc57 0066 | ba45 ffff | ff48 8b6c | 2450 488b | 4c24 2848 | 894c 2420 | 488b 4c24 
  0x0000027aead3cff4: 7048 894c | 2428 4c89 | 5424 484c | 8b54 2468 | 4c89 5424 | 504c 895c | 2468 4c89 | 4c24 7844 
  0x0000027aead3d014: 8944 2474 

  0x0000027aead3d018: ;   {runtime_call UncommonTrapBlob}
  0x0000027aead3d018: c5f8 77e8 

  0x0000027aead3d01c: ; ImmutableOopMap {rbp=Oop [32]=Oop [40]=Oop [72]=Oop [104]=Oop [116]=NarrowOop [120]=Oop [160]=Oop }
                      ;*ifnull {reexecute=1 rethrow=0 return_oop=0}
                      ; - (reexecute) java.security.CodeSource::<init>@25 (line 122)
                      ; - java.net.URLClassLoader::defineClass@198 (line 522)
                      ; - java.net.URLClassLoader$1::run@43 (line 427)
                      ; - java.net.URLClassLoader$1::run@1 (line 421)
                      ; - java.security.AccessController::executePrivileged@29 (line 816)
                      ; - java.security.AccessController::doPrivileged@13 (line 714)
                      ; - java.net.URLClassLoader::findClass@13 (line 420)
  0x0000027aead3d01c: 4073 e3fe 

  0x0000027aead3d020: ;   {other}
  0x0000027aead3d020: 0f1f 8400 | 1858 0067 | ba45 ffff | ff4c 8b54 | 2470 4c89 | 5424 304c | 8b54 2450 | 4c89 5424 
  0x0000027aead3d040: 384c 8954 | 2440 4489 | 5c24 7490 

  0x0000027aead3d04c: ;   {runtime_call UncommonTrapBlob}
  0x0000027aead3d04c: c5f8 77e8 

  0x0000027aead3d050: ; ImmutableOopMap {rbp=NarrowOop [40]=Oop [48]=Oop [56]=Oop [64]=Oop [116]=NarrowOop [120]=Oop [128]=Oop [160]=Oop }
                      ;*ifnull {reexecute=1 rethrow=0 return_oop=0}
                      ; - (reexecute) java.nio.Buffer::session@4 (line 792)
                      ; - java.nio.DirectLongBufferU::get@4 (line 342)
                      ; - jdk.internal.perf.PerfCounter::get@5 (line 84)
                      ; - jdk.internal.perf.PerfCounter::add@1 (line 98)
                      ; - jdk.internal.perf.PerfCounter::addElapsedTimeFrom@6 (line 120)
                      ; - java.net.URLClassLoader::defineClass@207 (line 523)
                      ; - java.net.URLClassLoader$1::run@43 (line 427)
                      ; - java.net.URLClassLoader$1::run@1 (line 421)
                      ; - java.security.AccessController::executePrivileged@29 (line 816)
                      ; - java.security.AccessController::doPrivileged@13 (line 714)
                      ; - java.net.URLClassLoader::findClass@13 (line 420)
  0x0000027aead3d050: 0c73 e3fe 

  0x0000027aead3d054: ;   {other}
  0x0000027aead3d054: 0f1f 8400 | 4c58 0068 | ba45 ffff | ff4c 8b54 | 2428 4c89 | 5424 204c | 8b54 2470 | 4889 7424 
  0x0000027aead3d074: 304c 8954 | 2438 4889 | 7424 404c | 8954 2450 | 4c89 7424 | 7044 895c | 246c 6690 

  0x0000027aead3d090: ;   {runtime_call UncommonTrapBlob}
  0x0000027aead3d090: c5f8 77e8 

  0x0000027aead3d094: ; ImmutableOopMap {[32]=Oop [48]=Oop [56]=Oop [64]=Oop [80]=Oop [112]=Oop [120]=Oop [128]=Oop }
                      ;*if_icmpne {reexecute=1 rethrow=0 return_oop=0}
                      ; - (reexecute) java.lang.ClassLoader::checkName@30 (line 1155)
                      ; - java.lang.ClassLoader::preDefineClass@1 (line 901)
                      ; - java.lang.ClassLoader::defineClass@4 (line 1024)
                      ; - java.security.SecureClassLoader::defineClass@12 (line 150)
                      ; - java.net.URLClassLoader::defineClass@220 (line 524)
                      ; - java.net.URLClassLoader$1::run@43 (line 427)
                      ; - java.net.URLClassLoader$1::run@1 (line 421)
                      ; - java.security.AccessController::executePrivileged@29 (line 816)
                      ; - java.security.AccessController::doPrivileged@13 (line 714)
                      ; - java.net.URLClassLoader::findClass@13 (line 420)
  0x0000027aead3d094: c872 e3fe 

  0x0000027aead3d098: ;   {other}
  0x0000027aead3d098: 0f1f 8400 | 9058 0069 | ba3d ffff | ff4c 8b5c | 2470 4889 | 4c24 3848 | 894c 2440 | 8944 244c 
  0x0000027aead3d0b8: 8944 2450 | 4c89 5c24 | 6048 897c | 2478 4489 | 5424 5490 

  0x0000027aead3d0cc: ;   {runtime_call UncommonTrapBlob}
  0x0000027aead3d0cc: c5f8 77e8 

  0x0000027aead3d0d0: ; ImmutableOopMap {[40]=Oop [56]=Oop [64]=Oop [84]=NarrowOop [96]=Oop [120]=Oop }
                      ;*if_icmpgt {reexecute=1 rethrow=0 return_oop=0}
                      ; - (reexecute) jdk.internal.util.Preconditions::checkFromToIndex@6 (line 348)
                      ; - java.lang.String::checkBoundsBeginEnd@6 (line 4963)
                      ; - java.lang.String::substring@8 (line 2925)
                      ; - java.net.URLClassLoader::defineClass@28 (line 489)
                      ; - java.net.URLClassLoader$1::run@43 (line 427)
                      ; - java.net.URLClassLoader$1::run@1 (line 421)
                      ; - java.security.AccessController::executePrivileged@29 (line 816)
                      ; - java.security.AccessController::doPrivileged@13 (line 714)
                      ; - java.net.URLClassLoader::findClass@13 (line 420)
  0x0000027aead3d0d0: 8c72 e3fe 

  0x0000027aead3d0d4: ;   {other}
  0x0000027aead3d0d4: 0f1f 8400 | cc58 006a | ba3d ffff | ff4c 8b5c | 2470 4889 | 7424 384c | 895c 2440 | 4889 7424 
  0x0000027aead3d0f4: 4844 8954 | 245c 4489 | 5424 6044 | 8b94 2488 | 0000 0044 | 8954 2464 | 4c89 b424 | 8800 0000 
  0x0000027aead3d114: 4489 ac24 | 9000 0000 

  0x0000027aead3d11c: ;   {runtime_call UncommonTrapBlob}
  0x0000027aead3d11c: c5f8 77e8 

  0x0000027aead3d120: ; ImmutableOopMap {[40]=Oop [56]=Oop [64]=Oop [72]=Oop [112]=Oop [120]=Oop [128]=Oop [136]=Oop [144]=NarrowOop }
                      ;*if_icmpgt {reexecute=1 rethrow=0 return_oop=0}
                      ; - (reexecute) jdk.internal.util.Preconditions::checkFromToIndex@6 (line 348)
                      ; - java.lang.String::checkBoundsBeginEnd@6 (line 4963)
                      ; - java.lang.String::substring@8 (line 2925)
                      ; - java.lang.ClassLoader::checkCerts@21 (line 1162)
                      ; - java.lang.ClassLoader::preDefineClass@113 (line 918)
                      ; - java.lang.ClassLoader::defineClass@4 (line 1024)
                      ; - java.security.SecureClassLoader::defineClass@12 (line 150)
                      ; - java.net.URLClassLoader::defineClass@220 (line 524)
                      ; - java.net.URLClassLoader$1::run@43 (line 427)
                      ; - java.net.URLClassLoader$1::run@1 (line 421)
                      ; - java.security.AccessController::executePrivileged@29 (line 816)
                      ; - java.security.AccessController::doPrivileged@13 (line 714)
                      ; - java.net.URLClassLoader::findClass@13 (line 420)
  0x0000027aead3d120: 3c72 e3fe 

  0x0000027aead3d124: ;   {other}
  0x0000027aead3d124: 0f1f 8400 | 1c59 006b | ba45 ffff | ff48 8b6c | 2440 4c8b | 5424 284c | 8954 2420 | 4c8b 5424 
  0x0000027aead3d144: 704c 8954 | 2428 4489 | 4424 6c90 

  0x0000027aead3d150: ;   {runtime_call UncommonTrapBlob}
  0x0000027aead3d150: c5f8 77e8 

  0x0000027aead3d154: ; ImmutableOopMap {rbp=Oop [32]=Oop [40]=Oop [88]=Oop [120]=Oop [128]=Oop }
                      ;*ifne {reexecute=1 rethrow=0 return_oop=0}
                      ; - (reexecute) java.lang.ClassLoader::compareCerts@7 (line 1184)
                      ; - java.lang.ClassLoader::checkCerts@80 (line 1170)
                      ; - java.lang.ClassLoader::preDefineClass@113 (line 918)
                      ; - java.lang.ClassLoader::defineClass@4 (line 1024)
                      ; - java.security.SecureClassLoader::defineClass@12 (line 150)
                      ; - java.net.URLClassLoader::defineClass@220 (line 524)
                      ; - java.net.URLClassLoader$1::run@43 (line 427)
                      ; - java.net.URLClassLoader$1::run@1 (line 421)
                      ; - java.security.AccessController::executePrivileged@29 (line 816)
                      ; - java.security.AccessController::doPrivileged@13 (line 714)
                      ; - java.net.URLClassLoader::findClass@13 (line 420)
  0x0000027aead3d154: 0872 e3fe 

  0x0000027aead3d158: ;   {other}
  0x0000027aead3d158: 0f1f 8400 | 5059 006c | 33ed 4585 | d240 0f95 | c5ba 45ff | ffff 4c8b | 5424 504c | 8954 2420 
  0x0000027aead3d178: 4c8b 5424 | 704c 8954 | 2430 4889 | 8424 9800 | 0000 6690 

  0x0000027aead3d18c: ;   {runtime_call UncommonTrapBlob}
  0x0000027aead3d18c: c5f8 77e8 

  0x0000027aead3d190: ; ImmutableOopMap {[32]=Oop [40]=Oop [48]=Oop [88]=Oop [96]=NarrowOop [120]=Oop [152]=Oop [176]=Oop }
                      ;*ifne {reexecute=1 rethrow=0 return_oop=0}
                      ; - (reexecute) java.lang.Package::isSealed@7 (line 232)
                      ; - java.net.URLClassLoader::getAndVerifyPackage@14 (line 460)
                      ; - java.net.URLClassLoader::defineClass@46 (line 492)
                      ; - java.net.URLClassLoader$1::run@43 (line 427)
                      ; - java.net.URLClassLoader$1::run@1 (line 421)
                      ; - java.security.AccessController::executePrivileged@29 (line 816)
                      ; - java.security.AccessController::doPrivileged@13 (line 714)
                      ; - java.net.URLClassLoader::findClass@13 (line 420)
  0x0000027aead3d190: cc71 e3fe 

  0x0000027aead3d194: ;   {other}
  0x0000027aead3d194: 0f1f 8400 | 8c59 006d | 498b fb49 | 8bd7 c5f8 | 7749 bae0 | 076c 38fb | 7f00 0041 

  0x0000027aead3d1b0: ;   {other}
  0x0000027aead3d1b0: ffd2 0f1f | 8400 0000 | 0000 4c8b | 4c24 604c | 8bdf e9e0 | bfff ffba | 45ff ffff | 4c8b 5424 
  0x0000027aead3d1d0: 504c 8954 | 2420 4c8b | 5424 704c | 8954 2430 | 4889 8424 | 9800 0000 

  0x0000027aead3d1e8: ;   {runtime_call UncommonTrapBlob}
  0x0000027aead3d1e8: c5f8 77e8 

  0x0000027aead3d1ec: ; ImmutableOopMap {rbp=NarrowOop [32]=Oop [40]=Oop [48]=Oop [88]=Oop [96]=NarrowOop [120]=Oop [152]=Oop [176]=Oop }
                      ;*ifnull {reexecute=1 rethrow=0 return_oop=0}
                      ; - (reexecute) java.lang.Package::isSealed@17 (line 232)
                      ; - java.net.URLClassLoader::getAndVerifyPackage@14 (line 460)
                      ; - java.net.URLClassLoader::defineClass@46 (line 492)
                      ; - java.net.URLClassLoader$1::run@43 (line 427)
                      ; - java.net.URLClassLoader$1::run@1 (line 421)
                      ; - java.security.AccessController::executePrivileged@29 (line 816)
                      ; - java.security.AccessController::doPrivileged@13 (line 714)
                      ; - java.net.URLClassLoader::findClass@13 (line 420)
  0x0000027aead3d1ec: 7071 e3fe 

  0x0000027aead3d1f0: ;   {other}
  0x0000027aead3d1f0: 0f1f 8400 | e859 006e | 498b fb49 | 8bd7 c5f8 | 7749 bae0 | 076c 38fb | 7f00 0041 

  0x0000027aead3d20c: ;   {other}
  0x0000027aead3d20c: ffd2 0f1f | 8400 0000 | 0000 4c8b | 4c24 684c | 8bdf e92b | b6ff ffba | 45ff ffff | 488b 6c24 
  0x0000027aead3d22c: 404c 8b54 | 2428 4c89 | 5424 204c | 8b54 2470 | 4c89 5424 | 2889 4424 | 6466 6690 

  0x0000027aead3d248: ;   {runtime_call UncommonTrapBlob}
  0x0000027aead3d248: c5f8 77e8 

  0x0000027aead3d24c: ; ImmutableOopMap {rbp=Oop [32]=Oop [40]=Oop [72]=Oop [88]=Oop [96]=NarrowOop [176]=Oop }
                      ;*ifeq {reexecute=1 rethrow=0 return_oop=0}
                      ; - (reexecute) java.net.URLClassLoader::getAndVerifyPackage@71 (line 469)
                      ; - java.net.URLClassLoader::defineClass@46 (line 492)
                      ; - java.net.URLClassLoader$1::run@43 (line 427)
                      ; - java.net.URLClassLoader$1::run@1 (line 421)
                      ; - java.security.AccessController::executePrivileged@29 (line 816)
                      ; - java.security.AccessController::doPrivileged@13 (line 714)
                      ; - java.net.URLClassLoader::findClass@13 (line 420)
  0x0000027aead3d24c: 1071 e3fe 

  0x0000027aead3d250: ;   {other}
  0x0000027aead3d250: 0f1f 8400 | 485a 006f | ba76 ffff | ff48 8b6c | 2450 4c8b | 4c24 284c | 894c 2420 | 4c8b 4c24 
  0x0000027aead3d270: 704c 894c | 2430 4489 | 5424 3844 | 895c 2440 | 4c89 4c24 | 504c 8b54 | 2478 4c89 | 5424 5848 
  0x0000027aead3d290: 895c 2470 | 4889 5c24 | 784c 8984 | 2480 0000 | 0066 6690 

  0x0000027aead3d2a4: ;   {runtime_call UncommonTrapBlob}
  0x0000027aead3d2a4: c5f8 77e8 

  0x0000027aead3d2a8: ; ImmutableOopMap {rbp=Oop [32]=Oop [48]=Oop [56]=NarrowOop [80]=Oop [88]=Oop [96]=Oop [112]=Oop [120]=Oop [128]=Oop }
                      ;*iflt {reexecute=1 rethrow=0 return_oop=0}
                      ; - (reexecute) java.lang.StringLatin1::lastIndexOf@19 (line 395)
                      ; - java.lang.String::lastIndexOf@13 (line 2664)
                      ; - java.lang.String::lastIndexOf@8 (line 2626)
                      ; - java.lang.Class::getPackageName@47 (line 1257)
                      ; - java.lang.ClassLoader::postDefineClass@2 (line 935)
                      ; - java.lang.ClassLoader::defineClass@37 (line 1027)
                      ; - java.security.SecureClassLoader::defineClass@12 (line 150)
                      ; - java.net.URLClassLoader::defineClass@220 (line 524)
                      ; - java.net.URLClassLoader$1::run@43 (line 427)
                      ; - java.net.URLClassLoader$1::run@1 (line 421)
                      ; - java.security.AccessController::executePrivileged@29 (line 816)
                      ; - java.security.AccessController::doPrivileged@13 (line 714)
                      ; - java.net.URLClassLoader::findClass@13 (line 420)
  0x0000027aead3d2a8: b470 e3fe 

  0x0000027aead3d2ac: ;   {other}
  0x0000027aead3d2ac: 0f1f 8400 | a45a 0070 | ba45 ffff | ff48 8b6c | 2450 4c8b | 5424 284c | 8954 2420 | 4c8b 5424 
  0x0000027aead3d2cc: 704c 8954 | 2428 4889 | 4424 5848 | 8944 2468 

  0x0000027aead3d2dc: ;   {runtime_call UncommonTrapBlob}
  0x0000027aead3d2dc: c5f8 77e8 

  0x0000027aead3d2e0: ; ImmutableOopMap {rbp=Oop [32]=Oop [40]=Oop [88]=Oop [96]=Oop [104]=Oop [120]=Oop }
                      ;*ifeq {reexecute=1 rethrow=0 return_oop=0}
                      ; - (reexecute) java.lang.Class::getPackageName@13 (line 1252)
                      ; - java.lang.ClassLoader::postDefineClass@2 (line 935)
                      ; - java.lang.ClassLoader::defineClass@37 (line 1027)
                      ; - java.security.SecureClassLoader::defineClass@12 (line 150)
                      ; - java.net.URLClassLoader::defineClass@220 (line 524)
                      ; - java.net.URLClassLoader$1::run@43 (line 427)
                      ; - java.net.URLClassLoader$1::run@1 (line 421)
                      ; - java.security.AccessController::executePrivileged@29 (line 816)
                      ; - java.security.AccessController::doPrivileged@13 (line 714)
                      ; - java.net.URLClassLoader::findClass@13 (line 420)
  0x0000027aead3d2e0: 7c70 e3fe 

  0x0000027aead3d2e4: ;   {other}
  0x0000027aead3d2e4: 0f1f 8400 | dc5a 0071 | 448b d9e9 | 07b8 ffff | 418b eb48 | 8994 2480 | 0000 0048 | 895c 2478 
  0x0000027aead3d304: 4489 4424 | 2044 8954 | 2460 4889 | 7c24 5848 | 894c 2450 

  0x0000027aead3d318: ;   {metadata('java/lang/Object')}
  0x0000027aead3d318: 48ba f848 | 1680 7a02 | 0000 4889 | 4c24 4890 

  0x0000027aead3d328: ;   {runtime_call _new_instance_Java}
  0x0000027aead3d328: c5f8 77e8 

  0x0000027aead3d32c: ; ImmutableOopMap {rbp=NarrowOop [40]=Oop [72]=Oop [80]=Oop [88]=Oop [96]=NarrowOop [112]=Oop [120]=Oop [128]=Oop }
                      ;*new {reexecute=0 rethrow=0 return_oop=1}
                      ; - java.io.FileInputStream::<init>@5 (line 80)
                      ; - jdk.internal.loader.URLClassPath$FileLoader$1::getInputStream@8 (line 1081)
                      ; - jdk.internal.loader.Resource::cachedInputStream@9 (line 77)
                      ; - jdk.internal.loader.Resource::getByteBuffer@1 (line 163)
                      ; - java.net.URLClassLoader::defineClass@132 (line 511)
                      ; - java.net.URLClassLoader$1::run@43 (line 427)
                      ; - java.net.URLClassLoader$1::run@1 (line 421)
                      ; - java.security.AccessController::executePrivileged@29 (line 816)
                      ; - java.security.AccessController::doPrivileged@13 (line 714)
                      ; - java.net.URLClassLoader::findClass@13 (line 420)
  0x0000027aead3d32c: b0e0 effe 

  0x0000027aead3d330: ;   {other}
  0x0000027aead3d330: 0f1f 8400 | 285b 0072 | e99f d4ff | ff48 895c | 2430 4489 | 4424 2041 | 8bea 4889 | 7c24 5848 
  0x0000027aead3d350: 894c 2450 

  0x0000027aead3d354: ;   {metadata('java/io/FileInputStream')}
  0x0000027aead3d354: 48ba 6844 | 1780 7a02 | 0000 6690 

  0x0000027aead3d360: ;   {runtime_call _new_instance_Java}
  0x0000027aead3d360: c5f8 77e8 

  0x0000027aead3d364: ; ImmutableOopMap {rbp=NarrowOop [40]=Oop [48]=Oop [80]=Oop [88]=Oop [112]=Oop }
                      ;*new {reexecute=0 rethrow=0 return_oop=1}
                      ; - jdk.internal.loader.URLClassPath$FileLoader$1::getInputStream@0 (line 1081)
                      ; - jdk.internal.loader.Resource::cachedInputStream@9 (line 77)
                      ; - jdk.internal.loader.Resource::getByteBuffer@1 (line 163)
                      ; - java.net.URLClassLoader::defineClass@132 (line 511)
                      ; - java.net.URLClassLoader$1::run@43 (line 427)
                      ; - java.net.URLClassLoader$1::run@1 (line 421)
                      ; - java.security.AccessController::executePrivileged@29 (line 816)
                      ; - java.security.AccessController::doPrivileged@13 (line 714)
                      ; - java.net.URLClassLoader::findClass@13 (line 420)
  0x0000027aead3d364: 78e0 effe 

  0x0000027aead3d368: ;   {other}
  0x0000027aead3d368: 0f1f 8400 | 605b 0073 | 488b 4c24 | 5048 8b7c | 2458 448b | d544 8b44 | 2420 488b | 5c24 30e9 
  0x0000027aead3d388: e9d3 ffff 

  0x0000027aead3d38c: ;   {metadata('java/io/FileDescriptor')}
  0x0000027aead3d38c: 48ba 504c | 1780 7a02 | 0000 6690 

  0x0000027aead3d398: ;   {runtime_call _new_instance_Java}
  0x0000027aead3d398: c5f8 77e8 

  0x0000027aead3d39c: ; ImmutableOopMap {[40]=Oop [48]=Oop [80]=Oop [88]=Oop [96]=NarrowOop [100]=NarrowOop [112]=Oop [120]=Oop [128]=Oop }
                      ;*new {reexecute=0 rethrow=0 return_oop=1}
                      ; - java.io.FileInputStream::<init>@71 (line 156)
                      ; - jdk.internal.loader.URLClassPath$FileLoader$1::getInputStream@8 (line 1081)
                      ; - jdk.internal.loader.Resource::cachedInputStream@9 (line 77)
                      ; - jdk.internal.loader.Resource::getByteBuffer@1 (line 163)
                      ; - java.net.URLClassLoader::defineClass@132 (line 511)
                      ; - java.net.URLClassLoader$1::run@43 (line 427)
                      ; - java.net.URLClassLoader$1::run@1 (line 421)
                      ; - java.security.AccessController::executePrivileged@29 (line 816)
                      ; - java.security.AccessController::doPrivileged@13 (line 714)
                      ; - java.net.URLClassLoader::findClass@13 (line 420)
  0x0000027aead3d39c: 40e0 effe 

  0x0000027aead3d3a0: ;   {other}
  0x0000027aead3d3a0: 0f1f 8400 | 985b 0074 | 4c8b c8e9 | 06d6 ffff 

  0x0000027aead3d3b0: ;   {metadata('java/io/FileCleanable')}
  0x0000027aead3d3b0: 48ba f0f8 | 2a80 7a02 | 0000 6690 

  0x0000027aead3d3bc: ;   {runtime_call _new_instance_Java}
  0x0000027aead3d3bc: c5f8 77e8 

  0x0000027aead3d3c0: ; ImmutableOopMap {[36]=NarrowOop [40]=Oop [56]=Oop [80]=Oop [88]=Oop [96]=NarrowOop [112]=Oop [120]=Oop [128]=Oop }
                      ;*new {reexecute=0 rethrow=0 return_oop=1}
                      ; - java.io.FileCleanable::register@32 (line 77)
                      ; - java.io.FileInputStream::<init>@103 (line 160)
                      ; - jdk.internal.loader.URLClassPath$FileLoader$1::getInputStream@8 (line 1081)
                      ; - jdk.internal.loader.Resource::cachedInputStream@9 (line 77)
                      ; - jdk.internal.loader.Resource::getByteBuffer@1 (line 163)
                      ; - java.net.URLClassLoader::defineClass@132 (line 511)
                      ; - java.net.URLClassLoader$1::run@43 (line 427)
                      ; - java.net.URLClassLoader$1::run@1 (line 421)
                      ; - java.security.AccessController::executePrivileged@29 (line 816)
                      ; - java.security.AccessController::doPrivileged@13 (line 714)
                      ; - java.net.URLClassLoader::findClass@13 (line 420)
  0x0000027aead3d3c0: 1ce0 effe 

  0x0000027aead3d3c4: ;   {other}
  0x0000027aead3d3c4: 0f1f 8400 | bc5b 0075 | e96c d8ff | ff49 8bd7 | c5f8 7749 | bae0 076c | 38fb 7f00 | 0041 ffd2 
  0x0000027aead3d3e4: ;   {other}
  0x0000027aead3d3e4: 0f1f 8400 | 0000 0000 | e98a c1ff | ff44 8b44 | 2460 458b | 5014 4585 | d20f 844d | e2ff ff4d 
  0x0000027aead3d404: 8b5f 2849 | 8bca 4d85 | db0f 8445 | 0d00 004d | 8b57 304b | 894c 1af8 | 4983 c3f8 | 4d89 5f28 
  0x0000027aead3d424: e927 e2ff | ff8b 7424 | 4844 8b5e | 1445 85db | 0f84 65e4 | ffff 4d8b | 5728 498b | cb4d 85d2 
  0x0000027aead3d444: 0f84 390d | 0000 4d8b | 5f30 4b89 | 4c13 f849 | 83c2 f84d | 8957 28e9 | 3fe4 ffff | 4d8b 5740 
  0x0000027aead3d464: 4d8b 5f48 | f083 4424 | c000 8039 | 0074 3844 | 8821 4d85 | d274 0f4b | 894c 13f8 | 4983 c2f8 
  0x0000027aead3d484: 4d89 5740 | eb21 418b | f849 8bd7 | c5f8 7749 | bac0 076c | 38fb 7f00 | 0041 ffd2 

  0x0000027aead3d4a0: ;   {other}
  0x0000027aead3d4a0: 0f1f 8400 | 0000 0000 | 448b c745 | 8b50 1445 | 85d2 0f84 | 5010 0000 | 4d8b cae9 | c3e1 ffff 
  0x0000027aead3d4c0: 4d8b 5740 | 4d8b 5f48 | f083 4424 | c000 4180 | 3800 7435 | 4588 204d | 85d2 740f | 4f89 4413 
  0x0000027aead3d4e0: f849 83c2 | f84d 8957 | 40eb 1e49 | 8bc8 498b | d7c5 f877 | 49ba c007 | 6c38 fb7f | 0000 41ff 
  0x0000027aead3d500: ;   {other}
  0x0000027aead3d500: d20f 1f84 | 0000 0000 | 0044 8b5e | 1445 85db | 0f84 1210 | 0000 498b | dbe9 b0e3 | ffff 4883 
  0x0000027aead3d520: c1fe 498b | fa48 33c0 | 4883 f908 | 7f10 48ff | c978 4f48 | 8904 cf48 | ffc9 7df7 | eb44 c5fd 
  0x0000027aead3d540: efc0 e90d | 0000 00c5 | fe7f 07c5 | fe7f 4720 | 4883 c740 | 4883 e908 | 7ded 4883 | c104 7c0c 
  0x0000027aead3d560: c5fe 7f07 | 4883 c720 | 4883 e904 | 4883 c104 | 7e10 48ff | c9c5 f9d6 | 0748 83c7 | 0848 ffc9 
  0x0000027aead3d580: 7df3 e9a6 | b7ff ffba | ccff ffff | 488b 6c24 | 504c 8b54 | 2428 4c89 | 5424 204c | 8b54 2470 
  0x0000027aead3d5a0: 4c89 5424 | 2844 895c | 243c 4c8b | 5424 784c | 8954 2450 | 4889 5c24 | 6848 895c | 2470 4889 
  0x0000027aead3d5c0: b424 8000 | 0000 898c | 2488 0000 | 0066 6690 

  0x0000027aead3d5d0: ;   {runtime_call UncommonTrapBlob}
  0x0000027aead3d5d0: c5f8 77e8 

  0x0000027aead3d5d4: ; ImmutableOopMap {rbp=Oop [32]=Oop [40]=Oop [80]=Oop [96]=Oop [104]=Oop [112]=Oop [128]=Oop [136]=NarrowOop }
                      ;*newarray {reexecute=1 rethrow=0 return_oop=0}
                      ; - (reexecute) java.util.Arrays::copyOfRange@59 (line 3852)
                      ; - java.lang.StringLatin1::newString@16 (line 856)
                      ; - java.lang.String::substring@41 (line 2930)
                      ; - java.lang.Class::getPackageName@62 (line 1258)
                      ; - java.lang.ClassLoader::postDefineClass@2 (line 935)
                      ; - java.lang.ClassLoader::defineClass@37 (line 1027)
                      ; - java.security.SecureClassLoader::defineClass@12 (line 150)
                      ; - java.net.URLClassLoader::defineClass@220 (line 524)
                      ; - java.net.URLClassLoader$1::run@43 (line 427)
                      ; - java.net.URLClassLoader$1::run@1 (line 421)
                      ; - java.security.AccessController::executePrivileged@29 (line 816)
                      ; - java.security.AccessController::doPrivileged@13 (line 714)
                      ; - java.net.URLClassLoader::findClass@13 (line 420)
  0x0000027aead3d5d4: 886d e3fe 

  0x0000027aead3d5d8: ;   {other}
  0x0000027aead3d5d8: 0f1f 8400 | d05d 0076 | 4885 c90f | 8509 cfff | ffeb 584d | 8b57 484d | 8b5f 40f0 | 8344 24c0 
  0x0000027aead3d5f8: 0080 3900 | 7438 4488 | 214d 85db | 740f 4b89 | 4c1a f849 | 83c3 f84d | 895f 40eb | 2149 8bd9 
  0x0000027aead3d618: 498b d7c5 | f877 49ba | c007 6c38 | fb7f 0000 

  0x0000027aead3d628: ;   {other}
  0x0000027aead3d628: 41ff d20f | 1f84 0000 | 0000 004c | 8bcb 458b | 415c 4585 | c00f 85af | ceff ff4c | 8b54 2460 
  0x0000027aead3d648: e9c7 c0ff | ff4c 8b4c | 2420 458b | 515c 4585 | d20f 8450 | ceff ff4d | 8b5f 2849 | 8bca 4d85 
  0x0000027aead3d668: db0f 8434 | 0b00 004d | 8b57 304b | 894c 1af8 | 4983 c3f8 | 4d89 5f28 | e92a ceff | ff49 8bd7 
  0x0000027aead3d688: c5f8 7749 | bae0 076c | 38fb 7f00 | 0041 ffd2 

  0x0000027aead3d698: ;   {other}
  0x0000027aead3d698: 0f1f 8400 | 0000 0000 | e910 b7ff | ffba 3dff | ffff 4c8b | 5424 704c | 8954 2438 | 4489 5c24 
  0x0000027aead3d6b8: 4444 895c | 2448 4c89 | 5424 584c | 8b54 2478 | 4c89 5424 | 6848 895c | 2478 4889 | 9c24 8000 
  0x0000027aead3d6d8: 0000 4c89 | 8424 8800 | 0000 6690 

  0x0000027aead3d6e4: ;   {runtime_call UncommonTrapBlob}
  0x0000027aead3d6e4: c5f8 77e8 

  0x0000027aead3d6e8: ; ImmutableOopMap {[40]=Oop [56]=Oop [80]=Oop [88]=Oop [96]=Oop [104]=Oop [120]=Oop [128]=Oop [136]=Oop }
                      ;*if_icmpgt {reexecute=1 rethrow=0 return_oop=0}
                      ; - (reexecute) jdk.internal.util.Preconditions::checkFromToIndex@6 (line 348)
                      ; - java.lang.String::checkBoundsBeginEnd@6 (line 4963)
                      ; - java.lang.String::substring@8 (line 2925)
                      ; - java.lang.Class::getPackageName@62 (line 1258)
                      ; - java.lang.ClassLoader::postDefineClass@2 (line 935)
                      ; - java.lang.ClassLoader::defineClass@37 (line 1027)
                      ; - java.security.SecureClassLoader::defineClass@12 (line 150)
                      ; - java.net.URLClassLoader::defineClass@220 (line 524)
                      ; - java.net.URLClassLoader$1::run@43 (line 427)
                      ; - java.net.URLClassLoader$1::run@1 (line 421)
                      ; - java.security.AccessController::executePrivileged@29 (line 816)
                      ; - java.security.AccessController::doPrivileged@13 (line 714)
                      ; - java.net.URLClassLoader::findClass@13 (line 420)
  0x0000027aead3d6e8: 746c e3fe 

  0x0000027aead3d6ec: ;   {other}
  0x0000027aead3d6ec: 0f1f 8400 | e45e 0077 | 498b d7c5 | f877 49ba | e007 6c38 | fb7f 0000 

  0x0000027aead3d704: ;   {other}
  0x0000027aead3d704: 41ff d20f | 1f84 0000 | 0000 00e9 | 24b6 ffff | ba76 ffff | ff48 8b6c | 2450 4c8b | 5c24 284c 
  0x0000027aead3d724: 895c 2420 | 4c8b 5c24 | 704c 895c | 2428 4c8b | 5c24 784c | 895c 2450 | 4c8b 9c24 | 8000 0000 
  0x0000027aead3d744: 4c89 5c24 | 6044 8b9c | 2488 0000 | 0044 895c | 2468 4889 | 9c24 8000 | 0000 4489 | 4c24 6c89 
  0x0000027aead3d764: 8c24 8800 | 0000 89bc | 248c 0000 | 004c 8994 | 2490 0000 | 0044 8984 | 249c 0000 | 0066 6690 
  0x0000027aead3d784: ;   {runtime_call UncommonTrapBlob}
  0x0000027aead3d784: c5f8 77e8 

  0x0000027aead3d788: ; ImmutableOopMap {rbp=Oop [32]=Oop [40]=Oop [80]=Oop [88]=Oop [96]=Oop [128]=Oop [140]=NarrowOop [144]=Oop }
                      ;*if_icmpge {reexecute=1 rethrow=0 return_oop=0}
                      ; - (reexecute) java.lang.ClassLoader::compareCerts@67 (line 1195)
                      ; - java.lang.ClassLoader::checkCerts@80 (line 1170)
                      ; - java.lang.ClassLoader::preDefineClass@113 (line 918)
                      ; - java.lang.ClassLoader::defineClass@4 (line 1024)
                      ; - java.security.SecureClassLoader::defineClass@12 (line 150)
                      ; - java.net.URLClassLoader::defineClass@220 (line 524)
                      ; - java.net.URLClassLoader$1::run@43 (line 427)
                      ; - java.net.URLClassLoader$1::run@1 (line 421)
                      ; - java.security.AccessController::executePrivileged@29 (line 816)
                      ; - java.security.AccessController::doPrivileged@13 (line 714)
                      ; - java.net.URLClassLoader::findClass@13 (line 420)
  0x0000027aead3d788: d46b e3fe 

  0x0000027aead3d78c: ;   {other}
  0x0000027aead3d78c: 0f1f 8400 | 845f 0078 | ba76 ffff | ff48 8b6c | 2450 4c8b | 5c24 284c | 895c 2420 | 4c8b 5c24 
  0x0000027aead3d7ac: 704c 895c | 2428 4c8b | 5c24 784c | 895c 2450 | 4c8b 9c24 | 8000 0000 | 4c89 5c24 | 6044 8b9c 
  0x0000027aead3d7cc: 2488 0000 | 0044 895c | 2468 4c8b | 9c24 9800 | 0000 4c89 | 4c24 7844 | 8994 2480 | 0000 0044 
  0x0000027aead3d7ec: 8984 2484 | 0000 004c | 899c 2488 | 0000 0044 | 8b94 24c8 | 0000 0044 | 8994 2494 | 0000 0090 
  0x0000027aead3d80c: ;   {runtime_call UncommonTrapBlob}
  0x0000027aead3d80c: c5f8 77e8 

  0x0000027aead3d810: ; ImmutableOopMap {rbp=Oop [32]=Oop [40]=Oop [80]=Oop [88]=Oop [96]=Oop [120]=Oop [132]=NarrowOop [136]=Oop [152]=Oop }
                      ;*if_icmpge {reexecute=1 rethrow=0 return_oop=0}
                      ; - (reexecute) java.lang.ClassLoader::compareCerts@152 (line 1207)
                      ; - java.lang.ClassLoader::checkCerts@80 (line 1170)
                      ; - java.lang.ClassLoader::preDefineClass@113 (line 918)
                      ; - java.lang.ClassLoader::defineClass@4 (line 1024)
                      ; - java.security.SecureClassLoader::defineClass@12 (line 150)
                      ; - java.net.URLClassLoader::defineClass@220 (line 524)
                      ; - java.net.URLClassLoader$1::run@43 (line 427)
                      ; - java.net.URLClassLoader$1::run@1 (line 421)
                      ; - java.security.AccessController::executePrivileged@29 (line 816)
                      ; - java.security.AccessController::doPrivileged@13 (line 714)
                      ; - java.net.URLClassLoader::findClass@13 (line 420)
  0x0000027aead3d810: 4c6b e3fe 

  0x0000027aead3d814: ;   {other}
  0x0000027aead3d814: 0f1f 8400 | 0c60 0079 | 4889 7c24 | 4889 4c24 | 3c4c 894c | 2440 4489 | 6c24 384c | 8974 2430 
  0x0000027aead3d834: 4889 5c24 | 2049 8be8 | 4889 7424 

  0x0000027aead3d840: ;   {metadata('java/util/ArrayList')}
  0x0000027aead3d840: 5048 ba28 | a01e 807a | 0200 004c | 8b54 2470 | 4c89 5424 | 6066 6690 

  0x0000027aead3d858: ;   {runtime_call _new_instance_Java}
  0x0000027aead3d858: c5f8 77e8 

  0x0000027aead3d85c: ; ImmutableOopMap {rbp=Oop [40]=Oop [48]=Oop [56]=NarrowOop [60]=NarrowOop [64]=Oop [72]=Oop [80]=Oop [96]=Oop [112]=Oop [120]=Oop [128]=Oop }
                      ;*new {reexecute=0 rethrow=0 return_oop=1}
                      ; - java.security.CodeSource::getCertificates@25 (line 204)
                      ; - java.lang.ClassLoader::checkCerts@34 (line 1166)
                      ; - java.lang.ClassLoader::preDefineClass@113 (line 918)
                      ; - java.lang.ClassLoader::defineClass@4 (line 1024)
                      ; - java.security.SecureClassLoader::defineClass@12 (line 150)
                      ; - java.net.URLClassLoader::defineClass@220 (line 524)
                      ; - java.net.URLClassLoader$1::run@43 (line 427)
                      ; - java.net.URLClassLoader$1::run@1 (line 421)
                      ; - java.security.AccessController::executePrivileged@29 (line 816)
                      ; - java.security.AccessController::doPrivileged@13 (line 714)
                      ; - java.net.URLClassLoader::findClass@13 (line 420)
  0x0000027aead3d85c: 80db effe 

  0x0000027aead3d860: ;   {other}
  0x0000027aead3d860: 0f1f 8400 | 5860 007a | 488b 7424 | 504c 8bc5 | 488b 5c24 | 204c 8b74 | 2430 448b | 6c24 384c 
  0x0000027aead3d880: 8b4c 2440 | 8b4c 243c | 488b 7c24 | 48e9 1ddc | ffff 4c89 | 5c24 3848 | 8bef 4c89 | 4c24 6844 
  0x0000027aead3d8a0: 896c 2460 | 4c89 7424 | 5848 895c | 2430 4c89 | 4424 2048 | 8974 2450 

  0x0000027aead3d8b8: ;   {metadata('java/security/cert/Certificate'[])}
  0x0000027aead3d8b8: 48ba b838 | 2280 7a02 | 0000 4533 | c066 6690 

  0x0000027aead3d8c8: ;   {runtime_call _new_array_Java}
  0x0000027aead3d8c8: c5f8 77e8 

  0x0000027aead3d8cc: ; ImmutableOopMap {rbp=Oop [32]=Oop [40]=Oop [56]=Oop [80]=Oop [88]=Oop [96]=NarrowOop [104]=Oop [112]=Oop [120]=Oop [128]=Oop }
                      ;*anewarray {reexecute=0 rethrow=0 return_oop=1}
                      ; - java.security.CodeSource::getCertificates@70 (line 210)
                      ; - java.lang.ClassLoader::checkCerts@34 (line 1166)
                      ; - java.lang.ClassLoader::preDefineClass@113 (line 918)
                      ; - java.lang.ClassLoader::defineClass@4 (line 1024)
                      ; - java.security.SecureClassLoader::defineClass@12 (line 150)
                      ; - java.net.URLClassLoader::defineClass@220 (line 524)
                      ; - java.net.URLClassLoader$1::run@43 (line 427)
                      ; - java.net.URLClassLoader$1::run@1 (line 421)
                      ; - java.security.AccessController::executePrivileged@29 (line 816)
                      ; - java.security.AccessController::doPrivileged@13 (line 714)
                      ; - java.net.URLClassLoader::findClass@13 (line 420)
  0x0000027aead3d8cc: 10d8 effe 

  0x0000027aead3d8d0: ;   {other}
  0x0000027aead3d8d0: 0f1f 8400 | c860 007b | e92c ddff | ff48 8bef | 4c89 4c24 | 6048 ba00 | 0000 807a | 0200 0049 
  0x0000027aead3d8f0: 03d2 458b | c366 6690 

  0x0000027aead3d8f8: ;   {runtime_call _new_array_Java}
  0x0000027aead3d8f8: c5f8 77e8 

  0x0000027aead3d8fc: ; ImmutableOopMap {[32]=Oop [40]=Oop [72]=Oop [80]=Oop [88]=Oop [96]=Oop [104]=Oop [112]=Oop [120]=Oop [128]=Oop }
                      ;*invokevirtual clone {reexecute=1 rethrow=0 return_oop=1}
                      ; - (reexecute) java.security.CodeSource::getCertificates@86 (line 212)
                      ; - java.lang.ClassLoader::checkCerts@34 (line 1166)
                      ; - java.lang.ClassLoader::preDefineClass@113 (line 918)
                      ; - java.lang.ClassLoader::defineClass@4 (line 1024)
                      ; - java.security.SecureClassLoader::defineClass@12 (line 150)
                      ; - java.net.URLClassLoader::defineClass@220 (line 524)
                      ; - java.net.URLClassLoader$1::run@43 (line 427)
                      ; - java.net.URLClassLoader$1::run@1 (line 421)
                      ; - java.security.AccessController::executePrivileged@29 (line 816)
                      ; - java.security.AccessController::doPrivileged@13 (line 714)
                      ; - java.net.URLClassLoader::findClass@13 (line 420)
  0x0000027aead3d8fc: e0d7 effe 

  0x0000027aead3d900: ;   {other}
  0x0000027aead3d900: 0f1f 8400 | f860 007c | 488b d8e9 | e4dd ffff | 4889 4c24 | 3844 895c | 2420 418b 

  0x0000027aead3d91c: ;   {metadata('java/util/ArrayList')}
  0x0000027aead3d91c: e848 ba28 | a01e 807a | 0200 0090 

  0x0000027aead3d928: ;   {runtime_call _new_instance_Java}
  0x0000027aead3d928: c5f8 77e8 

  0x0000027aead3d92c: ; ImmutableOopMap {rbp=NarrowOop [32]=NarrowOop [40]=Oop [56]=Oop [64]=Oop [80]=Oop [112]=Oop [120]=Oop }
                      ;*new {reexecute=0 rethrow=0 return_oop=1}
                      ; - java.security.CodeSource::getCertificates@25 (line 204)
                      ; - java.lang.ClassLoader::postDefineClass@24 (line 938)
                      ; - java.lang.ClassLoader::defineClass@37 (line 1027)
                      ; - java.security.SecureClassLoader::defineClass@12 (line 150)
                      ; - java.net.URLClassLoader::defineClass@220 (line 524)
                      ; - java.net.URLClassLoader$1::run@43 (line 427)
                      ; - java.net.URLClassLoader$1::run@1 (line 421)
                      ; - java.security.AccessController::executePrivileged@29 (line 816)
                      ; - java.security.AccessController::doPrivileged@13 (line 714)
                      ; - java.net.URLClassLoader::findClass@13 (line 420)
  0x0000027aead3d92c: b0da effe 

  0x0000027aead3d930: ;   {other}
  0x0000027aead3d930: 0f1f 8400 | 2861 007d | 448b c544 | 8b5c 2420 | 488b 4c24 | 38e9 25de | ffff 4c89 | 4c24 2048 
  0x0000027aead3d950: 8be9 4489 

  0x0000027aead3d954: ;   {metadata('java/security/cert/Certificate'[])}
  0x0000027aead3d954: 4424 4848 | bab8 3822 | 807a 0200 | 0045 33c0 

  0x0000027aead3d964: ;   {runtime_call _new_array_Java}
  0x0000027aead3d964: c5f8 77e8 

  0x0000027aead3d968: ; ImmutableOopMap {rbp=Oop [32]=Oop [40]=Oop [64]=Oop [72]=NarrowOop [80]=Oop [112]=Oop [120]=Oop }
                      ;*anewarray {reexecute=0 rethrow=0 return_oop=1}
                      ; - java.security.CodeSource::getCertificates@70 (line 210)
                      ; - java.lang.ClassLoader::postDefineClass@24 (line 938)
                      ; - java.lang.ClassLoader::defineClass@37 (line 1027)
                      ; - java.security.SecureClassLoader::defineClass@12 (line 150)
                      ; - java.net.URLClassLoader::defineClass@220 (line 524)
                      ; - java.net.URLClassLoader$1::run@43 (line 427)
                      ; - java.net.URLClassLoader$1::run@1 (line 421)
                      ; - java.security.AccessController::executePrivileged@29 (line 816)
                      ; - java.security.AccessController::doPrivileged@13 (line 714)
                      ; - java.net.URLClassLoader::findClass@13 (line 420)
  0x0000027aead3d968: 74d7 effe 

  0x0000027aead3d96c: ;   {other}
  0x0000027aead3d96c: 0f1f 8400 | 6461 007e | e9e8 deff | ff48 8bee | 4889 5c24 | 4848 ba00 | 0000 807a | 0200 0049 
  0x0000027aead3d98c: 03d2 4c8b | 5424 704c | 8954 2460 

  0x0000027aead3d998: ;   {runtime_call _new_array_Java}
  0x0000027aead3d998: c5f8 77e8 

  0x0000027aead3d99c: ; ImmutableOopMap {[40]=Oop [64]=Oop [72]=Oop [80]=Oop [96]=Oop [112]=Oop [120]=Oop }
                      ;*invokevirtual clone {reexecute=1 rethrow=0 return_oop=1}
                      ; - (reexecute) java.security.CodeSource::getCertificates@86 (line 212)
                      ; - java.lang.ClassLoader::postDefineClass@24 (line 938)
                      ; - java.lang.ClassLoader::defineClass@37 (line 1027)
                      ; - java.security.SecureClassLoader::defineClass@12 (line 150)
                      ; - java.net.URLClassLoader::defineClass@220 (line 524)
                      ; - java.net.URLClassLoader$1::run@43 (line 427)
                      ; - java.net.URLClassLoader$1::run@1 (line 421)
                      ; - java.security.AccessController::executePrivileged@29 (line 816)
                      ; - java.security.AccessController::doPrivileged@13 (line 714)
                      ; - java.net.URLClassLoader::findClass@13 (line 420)
  0x0000027aead3d99c: 40d7 effe 

  0x0000027aead3d9a0: ;   {other}
  0x0000027aead3d9a0: 0f1f 8400 | 9861 007f | 488b 5c24 | 4848 8bf5 | 488b f8e9 | 82df ffff | ba45 ffff | ff4c 8b54 
  0x0000027aead3d9c0: 2438 4c89 | 5424 204c | 8b54 2470 | 4c89 5424 | 304c 8b54 | 2478 4c89 | 5424 684c | 8b94 2480 
  0x0000027aead3d9e0: 0000 004c | 8954 2470 | 448b 9c24 | 8800 0000 | 4489 5c24 | 784c 8b94 | 2498 0000 | 004c 8994 
  0x0000027aead3da00: 2488 0000 | 0066 6690 

  0x0000027aead3da08: ;   {runtime_call UncommonTrapBlob}
  0x0000027aead3da08: c5f8 77e8 

  0x0000027aead3da0c: ; ImmutableOopMap {[32]=Oop [40]=Oop [48]=Oop [88]=Oop [96]=Oop [104]=Oop [112]=Oop [136]=Oop [152]=Oop }
                      ;*if_icmpge {reexecute=1 rethrow=0 return_oop=0}
                      ; - (reexecute) java.lang.ClassLoader::compareCerts@67 (line 1195)
                      ; - java.lang.ClassLoader::checkCerts@80 (line 1170)
                      ; - java.lang.ClassLoader::preDefineClass@113 (line 918)
                      ; - java.lang.ClassLoader::defineClass@4 (line 1024)
                      ; - java.security.SecureClassLoader::defineClass@12 (line 150)
                      ; - java.net.URLClassLoader::defineClass@220 (line 524)
                      ; - java.net.URLClassLoader$1::run@43 (line 427)
                      ; - java.net.URLClassLoader$1::run@1 (line 421)
                      ; - java.security.AccessController::executePrivileged@29 (line 816)
                      ; - java.security.AccessController::doPrivileged@13 (line 714)
                      ; - java.net.URLClassLoader::findClass@13 (line 420)
  0x0000027aead3da0c: 5069 e3fe 

  0x0000027aead3da10: ;   {other}
  0x0000027aead3da10: 0f1f 8400 | 0862 0080 | baf6 ffff | ff48 8b6c | 2450 4c8b | 5424 284c | 8954 2420 

  0x0000027aead3da2c: ;   {runtime_call UncommonTrapBlob}
  0x0000027aead3da2c: c5f8 77e8 

  0x0000027aead3da30: ; ImmutableOopMap {rbp=Oop [32]=Oop [104]=Oop [120]=Oop }
                      ;*invokevirtual lastIndexOf {reexecute=0 rethrow=0 return_oop=0}
                      ; - java.lang.Class::getPackageName@47 (line 1257)
                      ; - java.lang.ClassLoader::postDefineClass@2 (line 935)
                      ; - java.lang.ClassLoader::defineClass@37 (line 1027)
                      ; - java.security.SecureClassLoader::defineClass@12 (line 150)
                      ; - java.net.URLClassLoader::defineClass@220 (line 524)
                      ; - java.net.URLClassLoader$1::run@43 (line 427)
                      ; - java.net.URLClassLoader$1::run@1 (line 421)
                      ; - java.security.AccessController::executePrivileged@29 (line 816)
                      ; - java.security.AccessController::doPrivileged@13 (line 714)
                      ; - java.net.URLClassLoader::findClass@13 (line 420)
  0x0000027aead3da30: 2c69 e3fe 

  0x0000027aead3da34: ;   {other}
  0x0000027aead3da34: 0f1f 8400 | 2c62 0081 | 4889 4c24 | 3844 8944 | 2430 4c89 | 5c24 2049 | 8bea 488b | d14c 8d84 
  0x0000027aead3da54: 24e0 0000 | 0066 6690 

  0x0000027aead3da5c: ;   {runtime_call _complete_monitor_locking_Java}
  0x0000027aead3da5c: c5f8 77e8 

  0x0000027aead3da60: ; ImmutableOopMap {rbp=Oop [32]=Oop [40]=Oop [48]=NarrowOop [56]=Oop [80]=Oop [88]=NarrowOop [112]=Oop [160]=Oop }
                      ;*monitorenter {reexecute=0 rethrow=0 return_oop=0}
                      ; - java.util.zip.ZipFile::getManifestName@3 (line 1091)
                      ; - java.util.zip.ZipFile$1::getManifestName@2 (line 1149)
                      ; - java.util.jar.JarFile::maybeInstantiateVerifier@20 (line 721)
                      ; - java.util.jar.JarFile$JarFileEntry::getCodeSigners@4 (line 669)
                      ; - jdk.internal.loader.URLClassPath$JarLoader$2::getCodeSigners@4 (line 847)
                      ; - java.net.URLClassLoader::defineClass@185 (line 521)
                      ; - java.net.URLClassLoader$1::run@43 (line 427)
                      ; - java.net.URLClassLoader$1::run@1 (line 421)
                      ; - java.security.AccessController::executePrivileged@29 (line 816)
                      ; - java.security.AccessController::doPrivileged@13 (line 714)
                      ; - java.net.URLClassLoader::findClass@13 (line 420)
  0x0000027aead3da60: fc48 f0fe 

  0x0000027aead3da64: ;   {other}
  0x0000027aead3da64: 0f1f 8400 | 5c62 0082 | 4c8b d54c | 8b5c 2420 | 448b 4424 | 3048 8b4c | 2438 e9b6 | c5ff ff41 
  0x0000027aead3da84: 8be8 498b | fb49 8bda | 488d 9424 | e000 0000 | 4d8b c7c5 | f877 49ba | 30dc ae38 | fb7f 0000 
  0x0000027aead3daa4: ;   {other}
  0x0000027aead3daa4: 41ff d20f | 1f84 0000 | 0000 004c | 8bd3 4c8b | df44 8bc5 | e92c c6ff | ff49 8bca | 498b f845 
  0x0000027aead3dac4: 8bd5 ba45 | ffff ff4c | 8b5c 2470 | 4889 4c24 | 3848 894c | 2440 4c89 | 5c24 4848 | 897c 2458 
  0x0000027aead3dae4: 4c8b 5c24 | 684c 895c | 2460 4489 | 5424 6890 

  0x0000027aead3daf4: ;   {runtime_call UncommonTrapBlob}
  0x0000027aead3daf4: c5f8 77e8 

  0x0000027aead3daf8: ; ImmutableOopMap {rbp=NarrowOop [40]=Oop [56]=Oop [64]=Oop [72]=Oop [88]=Oop [104]=NarrowOop [112]=Oop }
                      ;*ifeq {reexecute=1 rethrow=0 return_oop=0}
                      ; - (reexecute) jdk.internal.loader.Resource::getByteBuffer@9 (line 164)
                      ; - java.net.URLClassLoader::defineClass@132 (line 511)
                      ; - java.net.URLClassLoader$1::run@43 (line 427)
                      ; - java.net.URLClassLoader$1::run@1 (line 421)
                      ; - java.security.AccessController::executePrivileged@29 (line 816)
                      ; - java.security.AccessController::doPrivileged@13 (line 714)
                      ; - java.net.URLClassLoader::findClass@13 (line 420)
  0x0000027aead3daf8: 6468 e3fe 

  0x0000027aead3dafc: ;   {other}
  0x0000027aead3dafc: 0f1f 8400 | f462 0083 | ba76 ffff | ff48 8b6c | 2440 4c8b | 5c24 284c | 895c 2420 | 4c8b 5c24 
  0x0000027aead3db1c: 704c 895c | 2428 4c8b | 5c24 784c | 895c 2450 | 4c8b 9c24 | 8000 0000 | 4c89 5c24 | 6044 8b84 
  0x0000027aead3db3c: 2488 0000 | 0044 8944 | 2468 4c89 | 5424 7048 | 899c 2480 | 0000 0044 | 898c 2488 | 0000 0090 
  0x0000027aead3db5c: ;   {runtime_call UncommonTrapBlob}
  0x0000027aead3db5c: c5f8 77e8 

  0x0000027aead3db60: ; ImmutableOopMap {rbp=Oop [32]=Oop [40]=Oop [80]=Oop [88]=Oop [96]=Oop [112]=Oop [128]=Oop }
                      ;*if_icmpge {reexecute=1 rethrow=0 return_oop=0}
                      ; - (reexecute) java.lang.ClassLoader::compareCerts@40 (line 1193)
                      ; - java.lang.ClassLoader::checkCerts@80 (line 1170)
                      ; - java.lang.ClassLoader::preDefineClass@113 (line 918)
                      ; - java.lang.ClassLoader::defineClass@4 (line 1024)
                      ; - java.security.SecureClassLoader::defineClass@12 (line 150)
                      ; - java.net.URLClassLoader::defineClass@220 (line 524)
                      ; - java.net.URLClassLoader$1::run@43 (line 427)
                      ; - java.net.URLClassLoader$1::run@1 (line 421)
                      ; - java.security.AccessController::executePrivileged@29 (line 816)
                      ; - java.security.AccessController::doPrivileged@13 (line 714)
                      ; - java.net.URLClassLoader::findClass@13 (line 420)
  0x0000027aead3db60: fc67 e3fe 

  0x0000027aead3db64: ;   {other}
  0x0000027aead3db64: 0f1f 8400 | 5c63 0084 | babe ffff | ff48 8b6c | 2440 4c8b | 5c24 284c | 895c 2420 | 4c8b 5c24 
  0x0000027aead3db84: 704c 895c | 2428 4c8b | 5c24 784c | 895c 2450 | 4c8b 9c24 | 8000 0000 | 4c89 5c24 | 6044 8b9c 
  0x0000027aead3dba4: 2488 0000 | 0044 895c | 2468 4c89 | 5424 7048 | 899c 2480 | 0000 0044 | 898c 2488 | 0000 0090 
  0x0000027aead3dbc4: ;   {runtime_call UncommonTrapBlob}
  0x0000027aead3dbc4: c5f8 77e8 

  0x0000027aead3dbc8: ; ImmutableOopMap {rbp=Oop [32]=Oop [40]=Oop [80]=Oop [88]=Oop [96]=Oop [112]=Oop [128]=Oop }
                      ;*if_icmpge {reexecute=1 rethrow=0 return_oop=0}
                      ; - (reexecute) java.lang.ClassLoader::compareCerts@40 (line 1193)
                      ; - java.lang.ClassLoader::checkCerts@80 (line 1170)
                      ; - java.lang.ClassLoader::preDefineClass@113 (line 918)
                      ; - java.lang.ClassLoader::defineClass@4 (line 1024)
                      ; - java.security.SecureClassLoader::defineClass@12 (line 150)
                      ; - java.net.URLClassLoader::defineClass@220 (line 524)
                      ; - java.net.URLClassLoader$1::run@43 (line 427)
                      ; - java.net.URLClassLoader$1::run@1 (line 421)
                      ; - java.security.AccessController::executePrivileged@29 (line 816)
                      ; - java.security.AccessController::doPrivileged@13 (line 714)
                      ; - java.net.URLClassLoader::findClass@13 (line 420)
  0x0000027aead3dbc8: 9467 e3fe 

  0x0000027aead3dbcc: ;   {other}
  0x0000027aead3dbcc: 0f1f 8400 | c463 0085 | ba45 ffff | ff4c 8b4c | 2470 4889 | 4c24 3848 | 894c 2440 | 4c89 4c24 
  0x0000027aead3dbec: 4848 897c | 2450 4c8b | 4c24 684c | 894c 2460 | 4489 5424 | 684c 895c | 2478 4489 | 8424 8000 
  0x0000027aead3dc0c: 0000 4489 | 8424 8400 | 0000 6690 

  0x0000027aead3dc18: ;   {runtime_call UncommonTrapBlob}
  0x0000027aead3dc18: c5f8 77e8 

  0x0000027aead3dc1c: ; ImmutableOopMap {[40]=Oop [56]=Oop [64]=Oop [72]=Oop [80]=Oop [104]=NarrowOop [120]=Oop [128]=NarrowOop [132]=NarrowOop [176]=Oop }
                      ;*ifeq {reexecute=1 rethrow=0 return_oop=0}
                      ; - (reexecute) java.util.zip.ZipFile::ensureOpen@4 (line 865)
                      ; - java.util.zip.ZipFile::getManifestName@5 (line 1092)
                      ; - java.util.zip.ZipFile$1::getManifestName@2 (line 1149)
                      ; - java.util.jar.JarFile::maybeInstantiateVerifier@20 (line 721)
                      ; - java.util.jar.JarFile::ensureInitialization@1 (line 1063)
                      ; - java.util.jar.JavaUtilJarAccessImpl::ensureInitialization@1 (line 42)
                      ; - jdk.internal.loader.URLClassPath$JarLoader$2::getManifest@10 (line 841)
                      ; - java.net.URLClassLoader::defineClass@34 (line 491)
                      ; - java.net.URLClassLoader$1::run@43 (line 427)
                      ; - java.net.URLClassLoader$1::run@1 (line 421)
                      ; - java.security.AccessController::executePrivileged@29 (line 816)
                      ; - java.security.AccessController::doPrivileged@13 (line 714)
                      ; - java.net.URLClassLoader::findClass@13 (line 420)
  0x0000027aead3dc1c: 4067 e3fe 

  0x0000027aead3dc20: ;   {other}
  0x0000027aead3dc20: 0f1f 8400 | 1864 0086 | ba45 ffff | ff4c 8b4c | 2470 4c89 | 4c24 304c | 8b4c 2450 | 4c89 4c24 
  0x0000027aead3dc40: 384c 894c | 2440 4c89 | 5424 504c | 8b54 2468 | 4c89 5424 | 604c 895c | 2470 4489 | 4424 7844 
  0x0000027aead3dc60: 8944 247c 

  0x0000027aead3dc64: ;   {runtime_call UncommonTrapBlob}
  0x0000027aead3dc64: c5f8 77e8 

  0x0000027aead3dc68: ; ImmutableOopMap {[40]=Oop [48]=Oop [56]=Oop [64]=Oop [80]=Oop [88]=NarrowOop [112]=Oop [120]=NarrowOop [124]=NarrowOop [160]=Oop }
                      ;*ifeq {reexecute=1 rethrow=0 return_oop=0}
                      ; - (reexecute) java.util.zip.ZipFile::ensureOpen@4 (line 865)
                      ; - java.util.zip.ZipFile::getManifestName@5 (line 1092)
                      ; - java.util.zip.ZipFile$1::getManifestName@2 (line 1149)
                      ; - java.util.jar.JarFile::maybeInstantiateVerifier@20 (line 721)
                      ; - java.util.jar.JarFile$JarFileEntry::getCodeSigners@4 (line 669)
                      ; - jdk.internal.loader.URLClassPath$JarLoader$2::getCodeSigners@4 (line 847)
                      ; - java.net.URLClassLoader::defineClass@185 (line 521)
                      ; - java.net.URLClassLoader$1::run@43 (line 427)
                      ; - java.net.URLClassLoader$1::run@1 (line 421)
                      ; - java.security.AccessController::executePrivileged@29 (line 816)
                      ; - java.security.AccessController::doPrivileged@13 (line 714)
                      ; - java.net.URLClassLoader::findClass@13 (line 420)
  0x0000027aead3dc68: f466 e3fe 

  0x0000027aead3dc6c: ;   {other}
  0x0000027aead3dc6c: 0f1f 8400 | 6464 0087 | 498b d7c5 | f877 49ba | e007 6c38 | fb7f 0000 

  0x0000027aead3dc84: ;   {other}
  0x0000027aead3dc84: 41ff d20f | 1f84 0000 | 0000 004c | 8b44 2458 | e91b c5ff | ffba 45ff | ffff 488b | 6c24 404c 
  0x0000027aead3dca4: 8b54 2428 | 4c89 5424 | 204c 8b54 | 2470 4c89 | 5424 2844 | 894c 246c | 4489 4424 | 7066 6690 
  0x0000027aead3dcc4: ;   {runtime_call UncommonTrapBlob}
  0x0000027aead3dcc4: c5f8 77e8 

  0x0000027aead3dcc8: ; ImmutableOopMap {rbp=Oop [32]=Oop [40]=Oop [88]=Oop [120]=Oop [128]=Oop }
                      ;*if_icmpeq {reexecute=1 rethrow=0 return_oop=0}
                      ; - (reexecute) java.lang.ClassLoader::compareCerts@20 (line 1187)
                      ; - java.lang.ClassLoader::checkCerts@80 (line 1170)
                      ; - java.lang.ClassLoader::preDefineClass@113 (line 918)
                      ; - java.lang.ClassLoader::defineClass@4 (line 1024)
                      ; - java.security.SecureClassLoader::defineClass@12 (line 150)
                      ; - java.net.URLClassLoader::defineClass@220 (line 524)
                      ; - java.net.URLClassLoader$1::run@43 (line 427)
                      ; - java.net.URLClassLoader$1::run@1 (line 421)
                      ; - java.security.AccessController::executePrivileged@29 (line 816)
                      ; - java.security.AccessController::doPrivileged@13 (line 714)
                      ; - java.net.URLClassLoader::findClass@13 (line 420)
  0x0000027aead3dcc8: 9466 e3fe 

  0x0000027aead3dccc: ;   {other}
  0x0000027aead3dccc: 0f1f 8400 | c464 0088 | bac6 ffff | ff48 8b6c | 2450 4c8b | 5c24 284c | 895c 2420 | 4c8b 5c24 
  0x0000027aead3dcec: 704c 895c | 2428 4c8b | 5c24 684c | 895c 2450 | 4c89 5424 | 6866 6690 

  0x0000027aead3dd04: ;   {runtime_call UncommonTrapBlob}
  0x0000027aead3dd04: c5f8 77e8 

  0x0000027aead3dd08: ; ImmutableOopMap {rbp=Oop [32]=Oop [40]=Oop [88]=NarrowOop [104]=Oop [160]=Oop }
                      ;*invokevirtual getCodeSigners {reexecute=0 rethrow=0 return_oop=0}
                      ; - java.net.URLClassLoader::defineClass@185 (line 521)
                      ; - java.net.URLClassLoader$1::run@43 (line 427)
                      ; - java.net.URLClassLoader$1::run@1 (line 421)
                      ; - java.security.AccessController::executePrivileged@29 (line 816)
                      ; - java.security.AccessController::doPrivileged@13 (line 714)
                      ; - java.net.URLClassLoader::findClass@13 (line 420)
  0x0000027aead3dd08: 5466 e3fe 

  0x0000027aead3dd0c: ;   {other}
  0x0000027aead3dd0c: 0f1f 8400 | 0465 0089 | bac6 ffff | ff4c 8b54 | 2428 4c89 | 5424 204c | 8b54 2470 | 4889 4c24 
  0x0000027aead3dd2c: 3089 4424 | 3848 894c | 2440 4c89 | 5424 4848 | 897c 2458 | 4c8b 5424 | 684c 8954 | 2460 4889 
  0x0000027aead3dd4c: 7c24 6890 

  0x0000027aead3dd50: ;   {runtime_call UncommonTrapBlob}
  0x0000027aead3dd50: c5f8 77e8 

  0x0000027aead3dd54: ; ImmutableOopMap {[32]=Oop [48]=Oop [64]=Oop [72]=Oop [88]=Oop [104]=Oop [112]=Oop }
                      ;*invokevirtual getCodeSourceURL {reexecute=0 rethrow=0 return_oop=0}
                      ; - java.net.URLClassLoader::defineClass@13 (line 487)
                      ; - java.net.URLClassLoader$1::run@43 (line 427)
                      ; - java.net.URLClassLoader$1::run@1 (line 421)
                      ; - java.security.AccessController::executePrivileged@29 (line 816)
                      ; - java.security.AccessController::doPrivileged@13 (line 714)
                      ; - java.net.URLClassLoader::findClass@13 (line 420)
  0x0000027aead3dd54: 0866 e3fe 

  0x0000027aead3dd58: ;   {other}
  0x0000027aead3dd58: 0f1f 8400 | 5065 008a | bac6 ffff | ff4c 8b5c | 2428 4c89 | 5c24 204c | 8b5c 2470 | 4889 4c24 
  0x0000027aead3dd78: 3048 894c | 2438 4c89 | 5c24 4048 | 897c 2450 | 4c8b 5c24 | 684c 895c | 2458 4489 | 5424 6048 
  0x0000027aead3dd98: 897c 2468 

  0x0000027aead3dd9c: ;   {runtime_call UncommonTrapBlob}
  0x0000027aead3dd9c: c5f8 77e8 

  0x0000027aead3dda0: ; ImmutableOopMap {[32]=Oop [48]=Oop [56]=Oop [64]=Oop [80]=Oop [96]=NarrowOop [104]=Oop }
                      ;*invokevirtual getInputStream {reexecute=0 rethrow=0 return_oop=0}
                      ; - jdk.internal.loader.Resource::cachedInputStream@9 (line 77)
                      ; - jdk.internal.loader.Resource::getByteBuffer@1 (line 163)
                      ; - java.net.URLClassLoader::defineClass@132 (line 511)
                      ; - java.net.URLClassLoader$1::run@43 (line 427)
                      ; - java.net.URLClassLoader$1::run@1 (line 421)
                      ; - java.security.AccessController::executePrivileged@29 (line 816)
                      ; - java.security.AccessController::doPrivileged@13 (line 714)
                      ; - java.net.URLClassLoader::findClass@13 (line 420)
  0x0000027aead3dda0: bc65 e3fe 

  0x0000027aead3dda4: ;   {other}
  0x0000027aead3dda4: 0f1f 8400 | 9c65 008b | 4c89 4c24 | 3849 8bea | 498b d14c | 8d84 24e8 | 0000 0090 

  0x0000027aead3ddc0: ;   {runtime_call _complete_monitor_locking_Java}
  0x0000027aead3ddc0: c5f8 77e8 

  0x0000027aead3ddc4: ; ImmutableOopMap {rbp=Oop [40]=Oop [48]=Oop [56]=Oop [80]=Oop [88]=Oop [96]=NarrowOop [100]=NarrowOop [112]=Oop [120]=Oop }
                      ;*synchronization entry
                      ; - java.io.FileDescriptor::attach@-1 (line 325)
                      ; - java.io.FileInputStream::<init>@86 (line 157)
                      ; - jdk.internal.loader.URLClassPath$FileLoader$1::getInputStream@8 (line 1081)
                      ; - jdk.internal.loader.Resource::cachedInputStream@9 (line 77)
                      ; - jdk.internal.loader.Resource::getByteBuffer@1 (line 163)
                      ; - java.net.URLClassLoader::defineClass@132 (line 511)
                      ; - java.net.URLClassLoader$1::run@43 (line 427)
                      ; - java.net.URLClassLoader$1::run@1 (line 421)
                      ; - java.security.AccessController::executePrivileged@29 (line 816)
                      ; - java.security.AccessController::doPrivileged@13 (line 714)
                      ; - java.net.URLClassLoader::findClass@13 (line 420)
  0x0000027aead3ddc4: 9845 f0fe 

  0x0000027aead3ddc8: ;   {other}
  0x0000027aead3ddc8: 0f1f 8400 | c065 008c | 4c8b d54c | 8b4c 2438 | e9a8 ccff | ff49 8bda | 498b c948 | 8d94 24e8 
  0x0000027aead3dde8: 0000 004d | 8bc7 c5f8 | 7749 ba30 | dcae 38fb | 7f00 0041 

  0x0000027aead3ddfc: ;   {other}
  0x0000027aead3ddfc: ffd2 0f1f | 8400 0000 | 0000 4c8b | d3e9 4bcd | ffff 4c89 | 4424 3048 | 8bef 488b | d74c 8d84 
  0x0000027aead3de1c: 24e8 0000 | 0066 6690 

  0x0000027aead3de24: ;   {runtime_call _complete_monitor_locking_Java}
  0x0000027aead3de24: c5f8 77e8 

  0x0000027aead3de28: ; ImmutableOopMap {rbp=Oop [36]=NarrowOop [40]=Oop [48]=Oop [80]=Oop [88]=Oop [96]=NarrowOop [112]=Oop [120]=Oop [128]=Oop }
                      ;*synchronization entry
                      ; - java.io.FileDescriptor::registerCleanup@-1 (line 271)
                      ; - java.io.FileCleanable::register@45 (line 77)
                      ; - java.io.FileInputStream::<init>@103 (line 160)
                      ; - jdk.internal.loader.URLClassPath$FileLoader$1::getInputStream@8 (line 1081)
                      ; - jdk.internal.loader.Resource::cachedInputStream@9 (line 77)
                      ; - jdk.internal.loader.Resource::getByteBuffer@1 (line 163)
                      ; - java.net.URLClassLoader::defineClass@132 (line 511)
                      ; - java.net.URLClassLoader$1::run@43 (line 427)
                      ; - java.net.URLClassLoader$1::run@1 (line 421)
                      ; - java.security.AccessController::executePrivileged@29 (line 816)
                      ; - java.security.AccessController::doPrivileged@13 (line 714)
                      ; - java.net.URLClassLoader::findClass@13 (line 420)
  0x0000027aead3de28: 3445 f0fe 

  0x0000027aead3de2c: ;   {other}
  0x0000027aead3de2c: 0f1f 8400 | 2466 008d | 488b fd4c | 8b44 2430 | e9b7 ceff | ff48 8bcf | 488d 9424 | e800 0000 
  0x0000027aead3de4c: 4d8b c7c5 | f877 49ba | 30dc ae38 | fb7f 0000 

  0x0000027aead3de5c: ;   {other}
  0x0000027aead3de5c: 41ff d20f | 1f84 0000 | 0000 00e9 | 65cf ffff | ba45 ffff | ff4c 8b5c | 2470 4c89 | 5c24 304c 
  0x0000027aead3de7c: 8b5c 2450 | 4c89 5c24 | 384c 895c | 2440 4c89 | 9424 9000 | 0000 4c89 | 9424 a000 | 0000 4c89 
  0x0000027aead3de9c: 8c24 a800 | 0000 6690 

  0x0000027aead3dea4: ;   {runtime_call UncommonTrapBlob}
  0x0000027aead3dea4: c5f8 77e8 

  0x0000027aead3dea8: ; ImmutableOopMap {rbp=NarrowOop [40]=Oop [48]=Oop [56]=Oop [64]=Oop [88]=Oop [96]=NarrowOop [100]=NarrowOop [120]=Oop [144]=Oop [160]=Oop [168]=Oop }
                      ;*ifnonnull {reexecute=1 rethrow=0 return_oop=0}
                      ; - (reexecute) java.io.FileDescriptor::attach@4 (line 325)
                      ; - java.io.FileInputStream::<init>@86 (line 157)
                      ; - jdk.internal.loader.URLClassPath$FileLoader$1::getInputStream@8 (line 1081)
                      ; - jdk.internal.loader.Resource::cachedInputStream@9 (line 77)
                      ; - jdk.internal.loader.Resource::getByteBuffer@1 (line 163)
                      ; - java.net.URLClassLoader::defineClass@132 (line 511)
                      ; - java.net.URLClassLoader$1::run@43 (line 427)
                      ; - java.net.URLClassLoader$1::run@1 (line 421)
                      ; - java.security.AccessController::executePrivileged@29 (line 816)
                      ; - java.security.AccessController::doPrivileged@13 (line 714)
                      ; - java.net.URLClassLoader::findClass@13 (line 420)
  0x0000027aead3dea8: b464 e3fe 

  0x0000027aead3deac: ;   {other}
  0x0000027aead3deac: 0f1f 8400 | a466 008e | 498b f948 | 8b9c 2480 | 0000 0049 | 8bd7 c5f8 | 7749 bae0 | 076c 38fb 
  0x0000027aead3decc: 7f00 0041 

  0x0000027aead3ded0: ;   {other}
  0x0000027aead3ded0: ffd2 0f1f | 8400 0000 | 0000 e978 | e4ff ff49 | 8bf9 498b | da49 8bd7 | c5f8 7749 | bae0 076c 
  0x0000027aead3def0: 38fb 7f00 | 0041 ffd2 

  0x0000027aead3def8: ;   {other}
  0x0000027aead3def8: 0f1f 8400 | 0000 0000 | e9ca e4ff | ff49 8bda | 498b d7c5 | f877 49ba | e007 6c38 | fb7f 0000 
  0x0000027aead3df18: ;   {other}
  0x0000027aead3df18: 41ff d20f | 1f84 0000 | 0000 00e9 | 6be4 ffff | 498b f041 | 8bdb 498b | d7c5 f877 | 49ba e007 
  0x0000027aead3df38: 6c38 fb7f | 0000 41ff 

  0x0000027aead3df40: ;   {other}
  0x0000027aead3df40: d20f 1f84 | 0000 0000 | 0044 8bdb | 4c8b c6e9 | c0cd ffff | bac6 ffff | ff4c 8b5c | 2428 4c89 
  0x0000027aead3df60: 5c24 204c | 8b5c 2470 | 4889 4c24 | 3048 894c | 2438 4c89 | 5c24 4048 | 897c 2450 | 4c8b 5c24 
  0x0000027aead3df80: 684c 895c | 2458 4489 | 5424 6048 | 897c 2470 

  0x0000027aead3df90: ;   {runtime_call UncommonTrapBlob}
  0x0000027aead3df90: c5f8 77e8 

  0x0000027aead3df94: ; ImmutableOopMap {[32]=Oop [48]=Oop [56]=Oop [64]=Oop [80]=Oop [96]=NarrowOop [112]=Oop [176]=Oop }
                      ;*invokevirtual getManifest {reexecute=0 rethrow=0 return_oop=0}
                      ; - java.net.URLClassLoader::defineClass@34 (line 491)
                      ; - java.net.URLClassLoader$1::run@43 (line 427)
                      ; - java.net.URLClassLoader$1::run@1 (line 421)
                      ; - java.security.AccessController::executePrivileged@29 (line 816)
                      ; - java.security.AccessController::doPrivileged@13 (line 714)
                      ; - java.net.URLClassLoader::findClass@13 (line 420)
  0x0000027aead3df94: c863 e3fe 

  0x0000027aead3df98: ;   {other}
  0x0000027aead3df98: 0f1f 8400 | 9067 008f | 49c7 c0ff | ffff ff4d | 3bc8 bdff | ffff ff7c | 0840 0f95 | c540 0fb6 
  0x0000027aead3dfb8: edba 45ff | ffff 4c8b | 4424 704c | 8944 2430 | 4c8b 4424 | 504c 8944 | 2438 4c89 | 4424 404c 
  0x0000027aead3dfd8: 899c 2488 | 0000 0044 | 8994 2490 | 0000 0090 

  0x0000027aead3dfe8: ;   {runtime_call UncommonTrapBlob}
  0x0000027aead3dfe8: c5f8 77e8 

  0x0000027aead3dfec: ; ImmutableOopMap {[40]=Oop [48]=Oop [56]=Oop [64]=Oop [88]=Oop [96]=NarrowOop [120]=Oop [136]=Oop [144]=NarrowOop }
                      ;*ifne {reexecute=1 rethrow=0 return_oop=0}
                      ; - (reexecute) java.io.FileDescriptor::valid@8 (line 178)
                      ; - java.io.FileCleanable::register@5 (line 74)
                      ; - java.io.FileInputStream::<init>@103 (line 160)
                      ; - jdk.internal.loader.URLClassPath$FileLoader$1::getInputStream@8 (line 1081)
                      ; - jdk.internal.loader.Resource::cachedInputStream@9 (line 77)
                      ; - jdk.internal.loader.Resource::getByteBuffer@1 (line 163)
                      ; - java.net.URLClassLoader::defineClass@132 (line 511)
                      ; - java.net.URLClassLoader$1::run@43 (line 427)
                      ; - java.net.URLClassLoader$1::run@1 (line 421)
                      ; - java.security.AccessController::executePrivileged@29 (line 816)
                      ; - java.security.AccessController::doPrivileged@13 (line 714)
                      ; - java.net.URLClassLoader::findClass@13 (line 420)
  0x0000027aead3dfec: 7063 e3fe 

  0x0000027aead3dff0: ;   {other}
  0x0000027aead3dff0: 0f1f 8400 | e867 0090 | ba45 ffff | ff4c 8b54 | 2470 4c89 | 5424 304c | 8b54 2450 | 4c89 5424 
  0x0000027aead3e010: 384c 8954 | 2440 4c89 | 8424 9000 | 0000 4489 | 9c24 9800 | 0000 6690 

  0x0000027aead3e028: ;   {runtime_call UncommonTrapBlob}
  0x0000027aead3e028: c5f8 77e8 

  0x0000027aead3e02c: ; ImmutableOopMap {rbp=NarrowOop [40]=Oop [48]=Oop [56]=Oop [64]=Oop [88]=Oop [96]=NarrowOop [120]=Oop [128]=Oop [144]=Oop [152]=NarrowOop }
                      ;*ifnull {reexecute=1 rethrow=0 return_oop=0}
                      ; - (reexecute) java.io.FileDescriptor::registerCleanup@11 (line 272)
                      ; - java.io.FileCleanable::register@45 (line 77)
                      ; - java.io.FileInputStream::<init>@103 (line 160)
                      ; - jdk.internal.loader.URLClassPath$FileLoader$1::getInputStream@8 (line 1081)
                      ; - jdk.internal.loader.Resource::cachedInputStream@9 (line 77)
                      ; - jdk.internal.loader.Resource::getByteBuffer@1 (line 163)
                      ; - java.net.URLClassLoader::defineClass@132 (line 511)
                      ; - java.net.URLClassLoader$1::run@43 (line 427)
                      ; - java.net.URLClassLoader$1::run@1 (line 421)
                      ; - java.security.AccessController::executePrivileged@29 (line 816)
                      ; - java.security.AccessController::doPrivileged@13 (line 714)
                      ; - java.net.URLClassLoader::findClass@13 (line 420)
  0x0000027aead3e02c: 3063 e3fe 

  0x0000027aead3e030: ;   {other}
  0x0000027aead3e030: 0f1f 8400 | 2868 0091 | bae4 ffff | ff4c 8b54 | 2470 4889 | 7424 384c | 8954 2440 | 4889 7424 
  0x0000027aead3e050: 484c 8954 | 2458 4c8b | 5424 784c | 8954 2460 | 4c8b 9424 | 8000 0000 | 4c89 5424 | 6844 8b84 
  0x0000027aead3e070: 2488 0000 | 0044 8944 | 2470 4c89 | 7424 784c | 898c 2480 | 0000 0044 | 896c 2474 | 4c89 9c24 
  0x0000027aead3e090: 9000 0000 | 898c 2498 | 0000 0090 

  0x0000027aead3e09c: ;   {runtime_call UncommonTrapBlob}
  0x0000027aead3e09c: c5f8 77e8 

  0x0000027aead3e0a0: ; ImmutableOopMap {[40]=Oop [56]=Oop [64]=Oop [72]=Oop [88]=Oop [96]=Oop [104]=Oop [116]=NarrowOop [120]=Oop [128]=Oop [144]=Oop [152]=NarrowOop }
                      ;*aaload {reexecute=0 rethrow=0 return_oop=0}
                      ; - java.security.CodeSource::getCertificates@50 (line 207)
                      ; - java.lang.ClassLoader::checkCerts@34 (line 1166)
                      ; - java.lang.ClassLoader::preDefineClass@113 (line 918)
                      ; - java.lang.ClassLoader::defineClass@4 (line 1024)
                      ; - java.security.SecureClassLoader::defineClass@12 (line 150)
                      ; - java.net.URLClassLoader::defineClass@220 (line 524)
                      ; - java.net.URLClassLoader$1::run@43 (line 427)
                      ; - java.net.URLClassLoader$1::run@1 (line 421)
                      ; - java.security.AccessController::executePrivileged@29 (line 816)
                      ; - java.security.AccessController::doPrivileged@13 (line 714)
                      ; - java.net.URLClassLoader::findClass@13 (line 420)
  0x0000027aead3e0a0: bc62 e3fe 

  0x0000027aead3e0a4: ;   {other}
  0x0000027aead3e0a4: 0f1f 8400 | 9c68 0092 | bae4 ffff | ff48 8b6c | 2450 488b | 4c24 2848 | 894c 2420 | 488b 4c24 
  0x0000027aead3e0c4: 7048 894c | 2428 4489 | 4424 584c | 894c 2468 | 4489 5c24 | 7044 8954 | 2474 6690 

  0x0000027aead3e0e0: ;   {runtime_call UncommonTrapBlob}
  0x0000027aead3e0e0: c5f8 77e8 

  0x0000027aead3e0e4: ; ImmutableOopMap {rbp=Oop [32]=Oop [40]=Oop [64]=Oop [88]=NarrowOop [104]=Oop [112]=NarrowOop [120]=Oop }
                      ;*aaload {reexecute=0 rethrow=0 return_oop=0}
                      ; - java.security.CodeSource::getCertificates@50 (line 207)
                      ; - java.lang.ClassLoader::postDefineClass@24 (line 938)
                      ; - java.lang.ClassLoader::defineClass@37 (line 1027)
                      ; - java.security.SecureClassLoader::defineClass@12 (line 150)
                      ; - java.net.URLClassLoader::defineClass@220 (line 524)
                      ; - java.net.URLClassLoader$1::run@43 (line 427)
                      ; - java.net.URLClassLoader$1::run@1 (line 421)
                      ; - java.security.AccessController::executePrivileged@29 (line 816)
                      ; - java.security.AccessController::doPrivileged@13 (line 714)
                      ; - java.net.URLClassLoader::findClass@13 (line 420)
  0x0000027aead3e0e4: 7862 e3fe 

  0x0000027aead3e0e8: ;   {other}
  0x0000027aead3e0e8: 0f1f 8400 | e068 0093 | 498b d7c5 | f877 49ba | e007 6c38 | fb7f 0000 

  0x0000027aead3e100: ;   {other}
  0x0000027aead3e100: 41ff d20f | 1f84 0000 | 0000 00e9 | 25c8 ffff | ba45 ffff | ff48 8b6c | 2450 4c8b | 5424 284c 
  0x0000027aead3e120: 8954 2420 | 4c8b 5424 | 704c 8954 | 2428 448b | 5424 6044 | 8954 244c | 448b 4424 | 6444 8944 
  0x0000027aead3e140: 2460 4489 | 5c24 6490 

  0x0000027aead3e148: ;   {runtime_call UncommonTrapBlob}
  0x0000027aead3e148: c5f8 77e8 

  0x0000027aead3e14c: ; ImmutableOopMap {rbp=Oop [32]=Oop [40]=Oop [72]=NarrowOop [76]=NarrowOop [88]=Oop [96]=NarrowOop [120]=Oop [128]=Oop }
                      ;*iflt {reexecute=1 rethrow=0 return_oop=0}
                      ; - (reexecute) java.io.WinNTFileSystem::isInvalid@8 (line 358)
                      ; - java.io.File::isInvalid@13 (line 188)
                      ; - java.io.FileInputStream::<init>@54 (line 153)
                      ; - jdk.internal.loader.URLClassPath$FileLoader$1::getInputStream@8 (line 1081)
                      ; - jdk.internal.loader.Resource::cachedInputStream@9 (line 77)
                      ; - jdk.internal.loader.Resource::getByteBuffer@1 (line 163)
                      ; - java.net.URLClassLoader::defineClass@132 (line 511)
                      ; - java.net.URLClassLoader$1::run@43 (line 427)
                      ; - java.net.URLClassLoader$1::run@1 (line 421)
                      ; - java.security.AccessController::executePrivileged@29 (line 816)
                      ; - java.security.AccessController::doPrivileged@13 (line 714)
                      ; - java.net.URLClassLoader::findClass@13 (line 420)
  0x0000027aead3e14c: 1062 e3fe 

  0x0000027aead3e150: ;   {other}
  0x0000027aead3e150: 0f1f 8400 | 4869 0094 | 488b f849 | 8bd7 c5f8 | 7749 bae0 | 076c 38fb | 7f00 0041 

  0x0000027aead3e16c: ;   {other}
  0x0000027aead3e16c: ffd2 0f1f | 8400 0000 | 0000 448b | 4424 604c | 8bcf e9cd | d4ff ff49 | 8bd7 c5f8 | 7749 bae0 
  0x0000027aead3e18c: 076c 38fb | 7f00 0041 

  0x0000027aead3e194: ;   {other}
  0x0000027aead3e194: ffd2 0f1f | 8400 0000 | 0000 e9fc | d6ff ff49 | 8bf9 498b | d7c5 f877 | 49ba e007 | 6c38 fb7f 
  0x0000027aead3e1b4: 0000 41ff 

  0x0000027aead3e1b8: ;   {other}
  0x0000027aead3e1b8: d20f 1f84 | 0000 0000 | 004c 8bcf | e9e6 c2ff | ffba f6ff | ffff 488b | 6c24 504c | 8b54 2428 
  0x0000027aead3e1d8: 4c89 5424 | 2066 6690 

  0x0000027aead3e1e0: ;   {runtime_call UncommonTrapBlob}
  0x0000027aead3e1e0: c5f8 77e8 

  0x0000027aead3e1e4: ; ImmutableOopMap {rbp=Oop [32]=Oop [64]=Oop [120]=Oop }
                      ;*invokevirtual intern {reexecute=0 rethrow=0 return_oop=0}
                      ; - java.lang.Class::getPackageName@65 (line 1258)
                      ; - java.lang.ClassLoader::postDefineClass@2 (line 935)
                      ; - java.lang.ClassLoader::defineClass@37 (line 1027)
                      ; - java.security.SecureClassLoader::defineClass@12 (line 150)
                      ; - java.net.URLClassLoader::defineClass@220 (line 524)
                      ; - java.net.URLClassLoader$1::run@43 (line 427)
                      ; - java.net.URLClassLoader$1::run@1 (line 421)
                      ; - java.security.AccessController::executePrivileged@29 (line 816)
                      ; - java.security.AccessController::doPrivileged@13 (line 714)
                      ; - java.net.URLClassLoader::findClass@13 (line 420)
  0x0000027aead3e1e4: 7861 e3fe 

  0x0000027aead3e1e8: ;   {other}
  0x0000027aead3e1e8: 0f1f 8400 | e069 0095 | bae4 ffff | ff4c 8b54 | 2450 4c89 | 5424 204c | 8b54 2470 | 4c89 5424 
  0x0000027aead3e208: 3048 897c | 2450 8984 | 2494 0000 | 0089 8c24 | 9c00 0000 | 898c 24a0 | 0000 0090 

  0x0000027aead3e224: ;   {runtime_call UncommonTrapBlob}
  0x0000027aead3e224: c5f8 77e8 

  0x0000027aead3e228: ; ImmutableOopMap {[32]=Oop [40]=Oop [48]=Oop [80]=Oop [96]=NarrowOop [100]=NarrowOop [120]=Oop [156]=NarrowOop [160]=NarrowOop [176]=Oop }
                      ;*baload {reexecute=0 rethrow=0 return_oop=0}
                      ; - java.util.zip.ZipUtils::SH@2 (line 207)
                      ; - java.util.zip.ZipUtils::CENNAM@5 (line 276)
                      ; - java.util.zip.ZipFile::getEntryName@13 (line 621)
                      ; - java.util.zip.ZipFile::getManifestName@41 (line 1096)
                      ; - java.util.zip.ZipFile$1::getManifestName@2 (line 1149)
                      ; - java.util.jar.JarFile::maybeInstantiateVerifier@20 (line 721)
                      ; - java.util.jar.JarFile::ensureInitialization@1 (line 1063)
                      ; - java.util.jar.JavaUtilJarAccessImpl::ensureInitialization@1 (line 42)
                      ; - jdk.internal.loader.URLClassPath$JarLoader$2::getManifest@10 (line 841)
                      ; - java.net.URLClassLoader::defineClass@34 (line 491)
                      ; - java.net.URLClassLoader$1::run@43 (line 427)
                      ; - java.net.URLClassLoader$1::run@1 (line 421)
                      ; - java.security.AccessController::executePrivileged@29 (line 816)
                      ; - java.security.AccessController::doPrivileged@13 (line 714)
                      ; - java.net.URLClassLoader::findClass@13 (line 420)
  0x0000027aead3e228: 3461 e3fe 

  0x0000027aead3e22c: ;   {other}
  0x0000027aead3e22c: 0f1f 8400 | 246a 0096 | bae4 ffff | ff4c 8b54 | 2450 4c89 | 5424 204c | 8b54 2470 | 4c89 5424 
  0x0000027aead3e24c: 304c 8b54 | 2458 4c89 | 5424 5089 | 8424 9400 | 0000 4489 | 8424 9c00 | 0000 898c | 24a0 0000 
  0x0000027aead3e26c: 0066 6690 

  0x0000027aead3e270: ;   {runtime_call UncommonTrapBlob}
  0x0000027aead3e270: c5f8 77e8 

  0x0000027aead3e274: ; ImmutableOopMap {[32]=Oop [40]=Oop [48]=Oop [80]=Oop [96]=NarrowOop [100]=NarrowOop [120]=Oop [160]=NarrowOop [176]=Oop }
                      ;*baload {reexecute=0 rethrow=0 return_oop=0}
                      ; - java.util.zip.ZipUtils::SH@11 (line 207)
                      ; - java.util.zip.ZipUtils::CENNAM@5 (line 276)
                      ; - java.util.zip.ZipFile::getEntryName@13 (line 621)
                      ; - java.util.zip.ZipFile::getManifestName@41 (line 1096)
                      ; - java.util.zip.ZipFile$1::getManifestName@2 (line 1149)
                      ; - java.util.jar.JarFile::maybeInstantiateVerifier@20 (line 721)
                      ; - java.util.jar.JarFile::ensureInitialization@1 (line 1063)
                      ; - java.util.jar.JavaUtilJarAccessImpl::ensureInitialization@1 (line 42)
                      ; - jdk.internal.loader.URLClassPath$JarLoader$2::getManifest@10 (line 841)
                      ; - java.net.URLClassLoader::defineClass@34 (line 491)
                      ; - java.net.URLClassLoader$1::run@43 (line 427)
                      ; - java.net.URLClassLoader$1::run@1 (line 421)
                      ; - java.security.AccessController::executePrivileged@29 (line 816)
                      ; - java.security.AccessController::doPrivileged@13 (line 714)
                      ; - java.net.URLClassLoader::findClass@13 (line 420)
  0x0000027aead3e274: e860 e3fe 

  0x0000027aead3e278: ;   {other}
  0x0000027aead3e278: 0f1f 8400 | 706a 0097 | bae4 ffff | ff4c 8b4c | 2470 4c89 | 4c24 304c | 8b4c 2450 | 4c89 4c24 
  0x0000027aead3e298: 384c 894c | 2440 4c89 | 5424 504c | 8b54 2468 | 4c89 5424 | 604c 895c | 2470 4489 | 4424 7844 
  0x0000027aead3e2b8: 8944 247c | 899c 2484 | 0000 0089 | 8424 8c00 | 0000 8984 | 2490 0000 | 0066 6690 

  0x0000027aead3e2d4: ;   {runtime_call UncommonTrapBlob}
  0x0000027aead3e2d4: c5f8 77e8 

  0x0000027aead3e2d8: ; ImmutableOopMap {[40]=Oop [48]=Oop [56]=Oop [64]=Oop [80]=Oop [88]=NarrowOop [112]=Oop [120]=NarrowOop [124]=NarrowOop [140]=NarrowOop [144]=NarrowOop [160]=Oop }
                      ;*baload {reexecute=0 rethrow=0 return_oop=0}
                      ; - java.util.zip.ZipUtils::SH@2 (line 207)
                      ; - java.util.zip.ZipUtils::CENNAM@5 (line 276)
                      ; - java.util.zip.ZipFile::getEntryName@13 (line 621)
                      ; - java.util.zip.ZipFile::getManifestName@41 (line 1096)
                      ; - java.util.zip.ZipFile$1::getManifestName@2 (line 1149)
                      ; - java.util.jar.JarFile::maybeInstantiateVerifier@20 (line 721)
                      ; - java.util.jar.JarFile$JarFileEntry::getCodeSigners@4 (line 669)
                      ; - jdk.internal.loader.URLClassPath$JarLoader$2::getCodeSigners@4 (line 847)
                      ; - java.net.URLClassLoader::defineClass@185 (line 521)
                      ; - java.net.URLClassLoader$1::run@43 (line 427)
                      ; - java.net.URLClassLoader$1::run@1 (line 421)
                      ; - java.security.AccessController::executePrivileged@29 (line 816)
                      ; - java.security.AccessController::doPrivileged@13 (line 714)
                      ; - java.net.URLClassLoader::findClass@13 (line 420)
  0x0000027aead3e2d8: 8460 e3fe 

  0x0000027aead3e2dc: ;   {other}
  0x0000027aead3e2dc: 0f1f 8400 | d46a 0098 | bae4 ffff | ff4c 8b54 | 2470 4c89 | 5424 304c | 8b54 2450 | 4c89 5424 
  0x0000027aead3e2fc: 384c 8954 | 2440 4c8b | 5424 604c | 8954 2450 | 4c8b 5424 | 684c 8954 | 2460 4c8b | 5424 784c 
  0x0000027aead3e31c: 8954 2470 | 4489 8424 | 8400 0000 | 899c 248c | 0000 0089 | 8424 9000 | 0000 6690 

  0x0000027aead3e338: ;   {runtime_call UncommonTrapBlob}
  0x0000027aead3e338: c5f8 77e8 

  0x0000027aead3e33c: ; ImmutableOopMap {[40]=Oop [48]=Oop [56]=Oop [64]=Oop [80]=Oop [88]=NarrowOop [92]=NarrowOop [112]=Oop [144]=NarrowOop [160]=Oop }
                      ;*baload {reexecute=0 rethrow=0 return_oop=0}
                      ; - java.util.zip.ZipUtils::SH@11 (line 207)
                      ; - java.util.zip.ZipUtils::CENNAM@5 (line 276)
                      ; - java.util.zip.ZipFile::getEntryName@13 (line 621)
                      ; - java.util.zip.ZipFile::getManifestName@41 (line 1096)
                      ; - java.util.zip.ZipFile$1::getManifestName@2 (line 1149)
                      ; - java.util.jar.JarFile::maybeInstantiateVerifier@20 (line 721)
                      ; - java.util.jar.JarFile$JarFileEntry::getCodeSigners@4 (line 669)
                      ; - jdk.internal.loader.URLClassPath$JarLoader$2::getCodeSigners@4 (line 847)
                      ; - java.net.URLClassLoader::defineClass@185 (line 521)
                      ; - java.net.URLClassLoader$1::run@43 (line 427)
                      ; - java.net.URLClassLoader$1::run@1 (line 421)
                      ; - java.security.AccessController::executePrivileged@29 (line 816)
                      ; - java.security.AccessController::doPrivileged@13 (line 714)
                      ; - java.net.URLClassLoader::findClass@13 (line 420)
  0x0000027aead3e33c: 2060 e3fe 

  0x0000027aead3e340: ;   {other}
  0x0000027aead3e340: 0f1f 8400 | 386b 0099 | bade ffff | ff4c 8b54 | 2450 4c89 | 5424 204c | 8b54 2470 | 4c89 5424 
  0x0000027aead3e360: 304c 8b54 | 2458 4c89 | 5424 5089 | 8c24 9400 | 0000 89b4 | 2498 0000 | 0089 9c24 | 9c00 0000 
  0x0000027aead3e380: 8984 24a0 | 0000 0090 

  0x0000027aead3e388: ;   {runtime_call UncommonTrapBlob}
  0x0000027aead3e388: c5f8 77e8 

  0x0000027aead3e38c: ; ImmutableOopMap {rbp=NarrowOop [32]=Oop [40]=Oop [48]=Oop [80]=Oop [96]=NarrowOop [100]=NarrowOop [120]=Oop [148]=NarrowOop [156]=NarrowOop [176]=Oop }
                      ;*invokevirtual isUTF8 {reexecute=0 rethrow=0 return_oop=0}
                      ; - java.util.zip.ZipFile$Source::zipCoderForPos@4 (line 1902)
                      ; - java.util.zip.ZipFile::getEntryName@25 (line 622)
                      ; - java.util.zip.ZipFile::getManifestName@41 (line 1096)
                      ; - java.util.zip.ZipFile$1::getManifestName@2 (line 1149)
                      ; - java.util.jar.JarFile::maybeInstantiateVerifier@20 (line 721)
                      ; - java.util.jar.JarFile::ensureInitialization@1 (line 1063)
                      ; - java.util.jar.JavaUtilJarAccessImpl::ensureInitialization@1 (line 42)
                      ; - jdk.internal.loader.URLClassPath$JarLoader$2::getManifest@10 (line 841)
                      ; - java.net.URLClassLoader::defineClass@34 (line 491)
                      ; - java.net.URLClassLoader$1::run@43 (line 427)
                      ; - java.net.URLClassLoader$1::run@1 (line 421)
                      ; - java.security.AccessController::executePrivileged@29 (line 816)
                      ; - java.security.AccessController::doPrivileged@13 (line 714)
                      ; - java.net.URLClassLoader::findClass@13 (line 420)
  0x0000027aead3e38c: d05f e3fe 

  0x0000027aead3e390: ;   {other}
  0x0000027aead3e390: 0f1f 8400 | 886b 009a | bade ffff | ff4c 8b54 | 2470 4c89 | 5424 304c | 8b54 2450 | 4c89 5424 
  0x0000027aead3e3b0: 384c 8954 | 2440 4c8b | 5424 604c | 8954 2450 | 4c8b 5424 | 684c 8954 | 2460 4c8b | 5424 784c 
  0x0000027aead3e3d0: 8954 2470 | 8984 2484 | 0000 0089 | 9c24 8800 | 0000 89bc | 248c 0000 | 0044 8984 | 2490 0000 
  0x0000027aead3e3f0: 0066 6690 

  0x0000027aead3e3f4: ;   {runtime_call UncommonTrapBlob}
  0x0000027aead3e3f4: c5f8 77e8 

  0x0000027aead3e3f8: ; ImmutableOopMap {rbp=NarrowOop [40]=Oop [48]=Oop [56]=Oop [64]=Oop [80]=Oop [88]=NarrowOop [92]=NarrowOop [112]=Oop [132]=NarrowOop [140]=NarrowOop [160]=Oop }
                      ;*invokevirtual isUTF8 {reexecute=0 rethrow=0 return_oop=0}
                      ; - java.util.zip.ZipFile$Source::zipCoderForPos@4 (line 1902)
                      ; - java.util.zip.ZipFile::getEntryName@25 (line 622)
                      ; - java.util.zip.ZipFile::getManifestName@41 (line 1096)
                      ; - java.util.zip.ZipFile$1::getManifestName@2 (line 1149)
                      ; - java.util.jar.JarFile::maybeInstantiateVerifier@20 (line 721)
                      ; - java.util.jar.JarFile$JarFileEntry::getCodeSigners@4 (line 669)
                      ; - jdk.internal.loader.URLClassPath$JarLoader$2::getCodeSigners@4 (line 847)
                      ; - java.net.URLClassLoader::defineClass@185 (line 521)
                      ; - java.net.URLClassLoader$1::run@43 (line 427)
                      ; - java.net.URLClassLoader$1::run@1 (line 421)
                      ; - java.security.AccessController::executePrivileged@29 (line 816)
                      ; - java.security.AccessController::doPrivileged@13 (line 714)
                      ; - java.net.URLClassLoader::findClass@13 (line 420)
  0x0000027aead3e3f8: 645f e3fe 

  0x0000027aead3e3fc: ;   {other}
  0x0000027aead3e3fc: 0f1f 8400 | f46b 009b | 498b f949 | 8bc9 488d | 9424 e000 | 0000 4d8b | c7c5 f877 | 49ba 30dc 
  0x0000027aead3e41c: ae38 fb7f | 0000 41ff 

  0x0000027aead3e424: ;   {other}
  0x0000027aead3e424: d20f 1f84 | 0000 0000 | 004c 8bcf | e929 dbff | ffba f6ff | ffff 488b | 6c24 504c | 8b5c 2428 
  0x0000027aead3e444: 4c89 5c24 | 204c 8b5c | 2470 4c89 | 5c24 284c | 8b5c 2458 | 4c89 5c24 | 504c 8b5c | 2468 4c89 
  0x0000027aead3e464: 5c24 584c | 8954 2470 

  0x0000027aead3e46c: ;   {runtime_call UncommonTrapBlob}
  0x0000027aead3e46c: c5f8 77e8 

  0x0000027aead3e470: ; ImmutableOopMap {rbp=Oop [32]=Oop [40]=Oop [80]=Oop [96]=NarrowOop [112]=Oop [120]=Oop }
                      ;*invokevirtual attach {reexecute=0 rethrow=0 return_oop=0}
                      ; - java.io.FileInputStream::<init>@86 (line 157)
                      ; - jdk.internal.loader.URLClassPath$FileLoader$1::getInputStream@8 (line 1081)
                      ; - jdk.internal.loader.Resource::cachedInputStream@9 (line 77)
                      ; - jdk.internal.loader.Resource::getByteBuffer@1 (line 163)
                      ; - java.net.URLClassLoader::defineClass@132 (line 511)
                      ; - java.net.URLClassLoader$1::run@43 (line 427)
                      ; - java.net.URLClassLoader$1::run@1 (line 421)
                      ; - java.security.AccessController::executePrivileged@29 (line 816)
                      ; - java.security.AccessController::doPrivileged@13 (line 714)
                      ; - java.net.URLClassLoader::findClass@13 (line 420)
  0x0000027aead3e470: ec5e e3fe 

  0x0000027aead3e474: ;   {other}
  0x0000027aead3e474: 0f1f 8400 | 6c6c 009c | ba66 ffff | ff4c 8b54 | 2428 4c89 | 5424 204c | 8b54 2470 | 4c89 5424 
  0x0000027aead3e494: 284c 8b54 | 2458 4c89 | 5424 484c | 8b54 2478 | 4c89 5424 | 504c 8b54 | 2468 4c89 | 5424 5890 
  0x0000027aead3e4b4: ;   {runtime_call UncommonTrapBlob}
  0x0000027aead3e4b4: c5f8 77e8 

  0x0000027aead3e4b8: ; ImmutableOopMap {rbp=Oop [32]=Oop [40]=Oop [72]=Oop [80]=Oop [96]=NarrowOop [100]=NarrowOop [176]=Oop }
                      ;*invokevirtual getManifest {reexecute=0 rethrow=0 return_oop=0}
                      ; - java.util.jar.JarFile::maybeInstantiateVerifier@31 (line 723)
                      ; - java.util.jar.JarFile::ensureInitialization@1 (line 1063)
                      ; - java.util.jar.JavaUtilJarAccessImpl::ensureInitialization@1 (line 42)
                      ; - jdk.internal.loader.URLClassPath$JarLoader$2::getManifest@10 (line 841)
                      ; - java.net.URLClassLoader::defineClass@34 (line 491)
                      ; - java.net.URLClassLoader$1::run@43 (line 427)
                      ; - java.net.URLClassLoader$1::run@1 (line 421)
                      ; - java.security.AccessController::executePrivileged@29 (line 816)
                      ; - java.security.AccessController::doPrivileged@13 (line 714)
                      ; - java.net.URLClassLoader::findClass@13 (line 420)
  0x0000027aead3e4b8: a45e e3fe 

  0x0000027aead3e4bc: ;   {other}
  0x0000027aead3e4bc: 0f1f 8400 | b46c 009d | bade ffff | ff48 8b6c | 2450 4c8b | 5424 284c | 8954 2420 | 4c8b 5424 
  0x0000027aead3e4dc: 704c 8954 | 2428 4c8b | 5424 604c | 8954 2448 | 4c8b 5424 | 684c 8954 | 2450 6690 

  0x0000027aead3e4f8: ;   {runtime_call UncommonTrapBlob}
  0x0000027aead3e4f8: c5f8 77e8 

  0x0000027aead3e4fc: ; ImmutableOopMap {rbp=Oop [32]=Oop [40]=Oop [72]=Oop [88]=NarrowOop [92]=NarrowOop [120]=Oop [160]=Oop }
                      ;*invokevirtual getManifest {reexecute=0 rethrow=0 return_oop=0}
                      ; - java.util.jar.JarFile::maybeInstantiateVerifier@31 (line 723)
                      ; - java.util.jar.JarFile$JarFileEntry::getCodeSigners@4 (line 669)
                      ; - jdk.internal.loader.URLClassPath$JarLoader$2::getCodeSigners@4 (line 847)
                      ; - java.net.URLClassLoader::defineClass@185 (line 521)
                      ; - java.net.URLClassLoader$1::run@43 (line 427)
                      ; - java.net.URLClassLoader$1::run@1 (line 421)
                      ; - java.security.AccessController::executePrivileged@29 (line 816)
                      ; - java.security.AccessController::doPrivileged@13 (line 714)
                      ; - java.net.URLClassLoader::findClass@13 (line 420)
  0x0000027aead3e4fc: 605e e3fe 

  0x0000027aead3e500: ;   {other}
  0x0000027aead3e500: 0f1f 8400 | f86c 009e | baf6 ffff | ff4c 8b54 | 2428 4c89 | 5424 2090 

  0x0000027aead3e518: ;   {runtime_call UncommonTrapBlob}
  0x0000027aead3e518: c5f8 77e8 

  0x0000027aead3e51c: ; ImmutableOopMap {[32]=Oop [72]=Oop [80]=Oop [120]=Oop }
                      ;*invokevirtual clone {reexecute=1 rethrow=0 return_oop=0}
                      ; - (reexecute) java.security.CodeSource::getCertificates@86 (line 212)
                      ; - java.lang.ClassLoader::checkCerts@34 (line 1166)
                      ; - java.lang.ClassLoader::preDefineClass@113 (line 918)
                      ; - java.lang.ClassLoader::defineClass@4 (line 1024)
                      ; - java.security.SecureClassLoader::defineClass@12 (line 150)
                      ; - java.net.URLClassLoader::defineClass@220 (line 524)
                      ; - java.net.URLClassLoader$1::run@43 (line 427)
                      ; - java.net.URLClassLoader$1::run@1 (line 421)
                      ; - java.security.AccessController::executePrivileged@29 (line 816)
                      ; - java.security.AccessController::doPrivileged@13 (line 714)
                      ; - java.net.URLClassLoader::findClass@13 (line 420)
  0x0000027aead3e51c: 405e e3fe 

  0x0000027aead3e520: ;   {other}
  0x0000027aead3e520: 0f1f 8400 | 186d 009f | baf6 ffff | ff48 8b6c | 2450 4c8b | 5424 284c | 8954 2420 

  0x0000027aead3e53c: ;   {runtime_call UncommonTrapBlob}
  0x0000027aead3e53c: c5f8 77e8 

  0x0000027aead3e540: ; ImmutableOopMap {rbp=Oop [32]=Oop [112]=Oop [120]=Oop }
                      ;*invokevirtual clone {reexecute=1 rethrow=0 return_oop=0}
                      ; - (reexecute) java.security.CodeSource::getCertificates@86 (line 212)
                      ; - java.lang.ClassLoader::postDefineClass@24 (line 938)
                      ; - java.lang.ClassLoader::defineClass@37 (line 1027)
                      ; - java.security.SecureClassLoader::defineClass@12 (line 150)
                      ; - java.net.URLClassLoader::defineClass@220 (line 524)
                      ; - java.net.URLClassLoader$1::run@43 (line 427)
                      ; - java.net.URLClassLoader$1::run@1 (line 421)
                      ; - java.security.AccessController::executePrivileged@29 (line 816)
                      ; - java.security.AccessController::doPrivileged@13 (line 714)
                      ; - java.net.URLClassLoader::findClass@13 (line 420)
  0x0000027aead3e540: 1c5e e3fe 

  0x0000027aead3e544: ;   {other}
  0x0000027aead3e544: 0f1f 8400 | 3c6d 00a0 | bade ffff | ff48 8b6c | 2450 4c8b | 5424 284c | 8954 2420 | 4c8b 5424 
  0x0000027aead3e564: 704c 8954 | 2428 4889 | 4424 6090 

  0x0000027aead3e570: ;   {runtime_call UncommonTrapBlob}
  0x0000027aead3e570: c5f8 77e8 

  0x0000027aead3e574: ; ImmutableOopMap {rbp=Oop [32]=Oop [40]=Oop [96]=Oop [120]=Oop [128]=Oop }
                      ;*checkcast {reexecute=0 rethrow=0 return_oop=0}
                      ; - java.security.SecureClassLoader::getProtectionDomain@33 (line 222)
                      ; - java.security.SecureClassLoader::defineClass@9 (line 150)
                      ; - java.net.URLClassLoader::defineClass@220 (line 524)
                      ; - java.net.URLClassLoader$1::run@43 (line 427)
                      ; - java.net.URLClassLoader$1::run@1 (line 421)
                      ; - java.security.AccessController::executePrivileged@29 (line 816)
                      ; - java.security.AccessController::doPrivileged@13 (line 714)
                      ; - java.net.URLClassLoader::findClass@13 (line 420)
  0x0000027aead3e574: e85d e3fe 

  0x0000027aead3e578: ;   {other}
  0x0000027aead3e578: 0f1f 8400 | 706d 00a1 | bade ffff | ff48 8b6c | 2440 4c8b | 5424 284c | 8954 2420 | 4c8b 5424 
  0x0000027aead3e598: 704c 8954 | 2428 4c8b | 5424 784c | 8954 2468 | 4c8b 9424 | 8000 0000 | 4c89 5424 | 7048 8984 
  0x0000027aead3e5b8: 2480 0000 | 0066 6690 

  0x0000027aead3e5c0: ;   {runtime_call UncommonTrapBlob}
  0x0000027aead3e5c0: c5f8 77e8 

  0x0000027aead3e5c4: ; ImmutableOopMap {rbp=Oop [32]=Oop [40]=Oop [88]=Oop [96]=Oop [104]=Oop [112]=Oop [128]=Oop }
                      ;*checkcast {reexecute=0 rethrow=0 return_oop=0}
                      ; - java.lang.ClassLoader::checkCerts@65 (line 1169)
                      ; - java.lang.ClassLoader::preDefineClass@113 (line 918)
                      ; - java.lang.ClassLoader::defineClass@4 (line 1024)
                      ; - java.security.SecureClassLoader::defineClass@12 (line 150)
                      ; - java.net.URLClassLoader::defineClass@220 (line 524)
                      ; - java.net.URLClassLoader$1::run@43 (line 427)
                      ; - java.net.URLClassLoader$1::run@1 (line 421)
                      ; - java.security.AccessController::executePrivileged@29 (line 816)
                      ; - java.security.AccessController::doPrivileged@13 (line 714)
                      ; - java.net.URLClassLoader::findClass@13 (line 420)
  0x0000027aead3e5c4: 985d e3fe 

  0x0000027aead3e5c8: ;   {other}
  0x0000027aead3e5c8: 0f1f 8400 | c06d 00a2 | bade ffff | ff48 8b6c | 2450 4c8b | 5424 284c | 8954 2420 | 4c8b 5424 
  0x0000027aead3e5e8: 484c 8954 | 2428 4c8b | 5424 784c | 8954 2470 | 4c8b 9424 | 8000 0000 | 4c89 5424 | 7844 8b94 
  0x0000027aead3e608: 2488 0000 | 0044 8954 | 2464 4889 | 8424 8800 | 0000 6690 

  0x0000027aead3e61c: ;   {runtime_call UncommonTrapBlob}
  0x0000027aead3e61c: c5f8 77e8 

  0x0000027aead3e620: ; ImmutableOopMap {rbp=Oop [32]=Oop [40]=Oop [88]=Oop [96]=NarrowOop [104]=Oop [112]=Oop [120]=Oop [136]=Oop }
                      ;*checkcast {reexecute=0 rethrow=0 return_oop=0}
                      ; - java.security.CodeSource::getCertificates@76 (line 210)
                      ; - java.lang.ClassLoader::checkCerts@34 (line 1166)
                      ; - java.lang.ClassLoader::preDefineClass@113 (line 918)
                      ; - java.lang.ClassLoader::defineClass@4 (line 1024)
                      ; - java.security.SecureClassLoader::defineClass@12 (line 150)
                      ; - java.net.URLClassLoader::defineClass@220 (line 524)
                      ; - java.net.URLClassLoader$1::run@43 (line 427)
                      ; - java.net.URLClassLoader$1::run@1 (line 421)
                      ; - java.security.AccessController::executePrivileged@29 (line 816)
                      ; - java.security.AccessController::doPrivileged@13 (line 714)
                      ; - java.net.URLClassLoader::findClass@13 (line 420)
  0x0000027aead3e620: 3c5d e3fe 

  0x0000027aead3e624: ;   {other}
  0x0000027aead3e624: 0f1f 8400 | 1c6e 00a3 | bade ffff | ff48 8b6c | 2450 4c8b | 5424 284c | 8954 2420 | 4c8b 5424 
  0x0000027aead3e644: 704c 8954 | 2428 4889 | 4424 6090 

  0x0000027aead3e650: ;   {runtime_call UncommonTrapBlob}
  0x0000027aead3e650: c5f8 77e8 

  0x0000027aead3e654: ; ImmutableOopMap {rbp=Oop [32]=Oop [40]=Oop [64]=Oop [72]=NarrowOop [96]=Oop [120]=Oop }
                      ;*checkcast {reexecute=0 rethrow=0 return_oop=0}
                      ; - java.security.CodeSource::getCertificates@76 (line 210)
                      ; - java.lang.ClassLoader::postDefineClass@24 (line 938)
                      ; - java.lang.ClassLoader::defineClass@37 (line 1027)
                      ; - java.security.SecureClassLoader::defineClass@12 (line 150)
                      ; - java.net.URLClassLoader::defineClass@220 (line 524)
                      ; - java.net.URLClassLoader$1::run@43 (line 427)
                      ; - java.net.URLClassLoader$1::run@1 (line 421)
                      ; - java.security.AccessController::executePrivileged@29 (line 816)
                      ; - java.security.AccessController::doPrivileged@13 (line 714)
                      ; - java.net.URLClassLoader::findClass@13 (line 420)
  0x0000027aead3e654: 085d e3fe 

  0x0000027aead3e658: ;   {other}
  0x0000027aead3e658: 0f1f 8400 | 506e 00a4 | baf6 ffff | ff48 895c | 2420 4c89 | 5c24 2890 

  0x0000027aead3e670: ;   {runtime_call UncommonTrapBlob}
  0x0000027aead3e670: c5f8 77e8 

  0x0000027aead3e674: ; ImmutableOopMap {[32]=Oop [40]=Oop [80]=Oop [88]=Oop }
                      ;*invokevirtual replace {reexecute=0 rethrow=0 return_oop=0}
                      ; - java.net.URLClassLoader$1::run@8 (line 423)
                      ; - java.net.URLClassLoader$1::run@1 (line 421)
                      ; - java.security.AccessController::executePrivileged@29 (line 816)
                      ; - java.security.AccessController::doPrivileged@13 (line 714)
                      ; - java.net.URLClassLoader::findClass@13 (line 420)
  0x0000027aead3e674: e85c e3fe 

  0x0000027aead3e678: ;   {other}
  0x0000027aead3e678: 0f1f 8400 | 706e 00a5 | baf6 ffff | ff48 895c | 2420 4c89 | 5c24 2890 

  0x0000027aead3e690: ;   {runtime_call UncommonTrapBlob}
  0x0000027aead3e690: c5f8 77e8 

  0x0000027aead3e694: ; ImmutableOopMap {[32]=Oop [40]=Oop [80]=Oop [88]=Oop }
                      ;*arraylength {reexecute=0 rethrow=0 return_oop=0}
                      ; - java.lang.StringLatin1::replace@8 (line 405)
                      ; - java.lang.String::replace@18 (line 3024)
                      ; - java.net.URLClassLoader$1::run@8 (line 423)
                      ; - java.net.URLClassLoader$1::run@1 (line 421)
                      ; - java.security.AccessController::executePrivileged@29 (line 816)
                      ; - java.security.AccessController::doPrivileged@13 (line 714)
                      ; - java.net.URLClassLoader::findClass@13 (line 420)
  0x0000027aead3e694: c85c e3fe 

  0x0000027aead3e698: ;   {other}
  0x0000027aead3e698: 0f1f 8400 | 906e 00a6 | baf6 ffff | ff4c 8b54 | 2428 4c89 | 5424 204c | 8b54 2458 | 4c89 5424 
  0x0000027aead3e6b8: 4048 897c | 2450 6690 

  0x0000027aead3e6c0: ;   {runtime_call UncommonTrapBlob}
  0x0000027aead3e6c0: c5f8 77e8 

  0x0000027aead3e6c4: ; ImmutableOopMap {rbp=Oop [32]=Oop [64]=Oop [80]=Oop [112]=Oop }
                      ;*arraylength {reexecute=0 rethrow=0 return_oop=0}
                      ; - java.lang.String::length@4 (line 1593)
                      ; - java.lang.String::lastIndexOf@3 (line 2626)
                      ; - java.net.URLClassLoader::defineClass@7 (line 486)
                      ; - java.net.URLClassLoader$1::run@43 (line 427)
                      ; - java.net.URLClassLoader$1::run@1 (line 421)
                      ; - java.security.AccessController::executePrivileged@29 (line 816)
                      ; - java.security.AccessController::doPrivileged@13 (line 714)
                      ; - java.net.URLClassLoader::findClass@13 (line 420)
  0x0000027aead3e6c4: 985c e3fe 

  0x0000027aead3e6c8: ;   {other}
  0x0000027aead3e6c8: 0f1f 8400 | c06e 00a7 | baf4 ffff | ff4c 8b5c | 2428 4c89 | 5c24 204c | 8b5c 2470 | 4889 4c24 
  0x0000027aead3e6e8: 3048 894c | 2438 4c89 | 5c24 4048 | 897c 2450 | 4489 5424 | 6066 6690 

  0x0000027aead3e700: ;   {runtime_call UncommonTrapBlob}
  0x0000027aead3e700: c5f8 77e8 

  0x0000027aead3e704: ; ImmutableOopMap {[32]=Oop [48]=Oop [56]=Oop [64]=Oop [80]=Oop [96]=NarrowOop [112]=Oop }
                      ;*instanceof {reexecute=0 rethrow=0 return_oop=0}
                      ; - jdk.internal.loader.Resource::getByteBuffer@6 (line 164)
                      ; - java.net.URLClassLoader::defineClass@132 (line 511)
                      ; - java.net.URLClassLoader$1::run@43 (line 427)
                      ; - java.net.URLClassLoader$1::run@1 (line 421)
                      ; - java.security.AccessController::executePrivileged@29 (line 816)
                      ; - java.security.AccessController::doPrivileged@13 (line 714)
                      ; - java.net.URLClassLoader::findClass@13 (line 420)
  0x0000027aead3e704: 585c e3fe 

  0x0000027aead3e708: ;   {other}
  0x0000027aead3e708: 0f1f 8400 | 006f 00a8 | baf6 ffff | ff48 8b6c | 2450 4c8b | 5424 284c | 8954 2420 | 4c8b 5424 
  0x0000027aead3e728: 704c 8954 | 2428 6690 

  0x0000027aead3e730: ;   {runtime_call UncommonTrapBlob}
  0x0000027aead3e730: c5f8 77e8 

  0x0000027aead3e734: ; ImmutableOopMap {rbp=Oop [32]=Oop [40]=Oop [120]=Oop [128]=Oop [160]=Oop }
                      ;*invokevirtual get {reexecute=0 rethrow=0 return_oop=0}
                      ; - jdk.internal.perf.PerfCounter::get@5 (line 84)
                      ; - jdk.internal.perf.PerfCounter::add@1 (line 98)
                      ; - jdk.internal.perf.PerfCounter::addElapsedTimeFrom@6 (line 120)
                      ; - java.net.URLClassLoader::defineClass@207 (line 523)
                      ; - java.net.URLClassLoader$1::run@43 (line 427)
                      ; - java.net.URLClassLoader$1::run@1 (line 421)
                      ; - java.security.AccessController::executePrivileged@29 (line 816)
                      ; - java.security.AccessController::doPrivileged@13 (line 714)
                      ; - java.net.URLClassLoader::findClass@13 (line 420)
  0x0000027aead3e734: 285c e3fe 

  0x0000027aead3e738: ;   {other}
  0x0000027aead3e738: 0f1f 8400 | 306f 00a9 | baf6 ffff | ff48 8b6c | 2450 4c8b | 5424 284c | 8954 2420 | 4c8b 5424 
  0x0000027aead3e758: 704c 8954 | 2428 6690 

  0x0000027aead3e760: ;   {runtime_call UncommonTrapBlob}
  0x0000027aead3e760: c5f8 77e8 

  0x0000027aead3e764: ; ImmutableOopMap {rbp=Oop [32]=Oop [40]=Oop [120]=Oop [128]=Oop }
                      ;*arraylength {reexecute=0 rethrow=0 return_oop=0}
                      ; - java.net.URLClassLoader::defineClass@217 (line 524)
                      ; - java.net.URLClassLoader$1::run@43 (line 427)
                      ; - java.net.URLClassLoader$1::run@1 (line 421)
                      ; - java.security.AccessController::executePrivileged@29 (line 816)
                      ; - java.security.AccessController::doPrivileged@13 (line 714)
                      ; - java.net.URLClassLoader::findClass@13 (line 420)
  0x0000027aead3e764: f85b e3fe 

  0x0000027aead3e768: ;   {other}
  0x0000027aead3e768: 0f1f 8400 | 606f 00aa | baf6 ffff | ff4c 8b54 | 2428 4c89 | 5424 2048 | 895c 2430 | 4889 4c24 
  0x0000027aead3e788: 4048 897c | 2448 6690 

  0x0000027aead3e790: ;   {runtime_call UncommonTrapBlob}
  0x0000027aead3e790: c5f8 77e8 

  0x0000027aead3e794: ; ImmutableOopMap {[32]=Oop [48]=Oop [64]=Oop [72]=Oop [80]=Oop [120]=Oop }
                      ;*invokeinterface computeIfAbsent {reexecute=0 rethrow=0 return_oop=0}
                      ; - java.security.SecureClassLoader::getProtectionDomain@28 (line 222)
                      ; - java.security.SecureClassLoader::defineClass@9 (line 150)
                      ; - java.net.URLClassLoader::defineClass@220 (line 524)
                      ; - java.net.URLClassLoader$1::run@43 (line 427)
                      ; - java.net.URLClassLoader$1::run@1 (line 421)
                      ; - java.security.AccessController::executePrivileged@29 (line 816)
                      ; - java.security.AccessController::doPrivileged@13 (line 714)
                      ; - java.net.URLClassLoader::findClass@13 (line 420)
  0x0000027aead3e794: c85b e3fe 

  0x0000027aead3e798: ;   {other}
  0x0000027aead3e798: 0f1f 8400 | 906f 00ab | baf4 ffff | ff48 8b6c | 2450 4c8b | 5424 284c | 8954 2420 | 4c8b 5424 
  0x0000027aead3e7b8: 704c 8954 | 2428 6690 

  0x0000027aead3e7c0: ;   {runtime_call UncommonTrapBlob}
  0x0000027aead3e7c0: c5f8 77e8 

  0x0000027aead3e7c4: ; ImmutableOopMap {rbp=Oop [32]=Oop [40]=Oop [120]=Oop [128]=Oop }
                      ;*checkcast {reexecute=0 rethrow=0 return_oop=0}
                      ; - java.security.SecureClassLoader::getProtectionDomain@33 (line 222)
                      ; - java.security.SecureClassLoader::defineClass@9 (line 150)
                      ; - java.net.URLClassLoader::defineClass@220 (line 524)
                      ; - java.net.URLClassLoader$1::run@43 (line 427)
                      ; - java.net.URLClassLoader$1::run@1 (line 421)
                      ; - java.security.AccessController::executePrivileged@29 (line 816)
                      ; - java.security.AccessController::doPrivileged@13 (line 714)
                      ; - java.net.URLClassLoader::findClass@13 (line 420)
  0x0000027aead3e7c4: 985b e3fe 

  0x0000027aead3e7c8: ;   {other}
  0x0000027aead3e7c8: 0f1f 8400 | c06f 00ac | baf6 ffff | ff4c 8b54 | 2428 4c89 | 5424 2090 

  0x0000027aead3e7e0: ;   {runtime_call UncommonTrapBlob}
  0x0000027aead3e7e0: c5f8 77e8 

  0x0000027aead3e7e4: ; ImmutableOopMap {[32]=Oop [80]=Oop [112]=Oop [120]=Oop }
                      ;*arraylength {reexecute=0 rethrow=0 return_oop=0}
                      ; - java.lang.String::isEmpty@4 (line 1606)
                      ; - java.lang.ClassLoader::checkName@5 (line 1153)
                      ; - java.lang.ClassLoader::preDefineClass@1 (line 901)
                      ; - java.lang.ClassLoader::defineClass@4 (line 1024)
                      ; - java.security.SecureClassLoader::defineClass@12 (line 150)
                      ; - java.net.URLClassLoader::defineClass@220 (line 524)
                      ; - java.net.URLClassLoader$1::run@43 (line 427)
                      ; - java.net.URLClassLoader$1::run@1 (line 421)
                      ; - java.security.AccessController::executePrivileged@29 (line 816)
                      ; - java.security.AccessController::doPrivileged@13 (line 714)
                      ; - java.net.URLClassLoader::findClass@13 (line 420)
  0x0000027aead3e7e4: 785b e3fe 

  0x0000027aead3e7e8: ;   {other}
  0x0000027aead3e7e8: 0f1f 8400 | e06f 00ad | baf6 ffff | ff4c 8b54 | 2428 4c89 | 5424 2048 | 8974 2428 

  0x0000027aead3e804: ;   {runtime_call UncommonTrapBlob}
  0x0000027aead3e804: c5f8 77e8 

  0x0000027aead3e808: ; ImmutableOopMap {[32]=Oop [40]=Oop [112]=Oop [120]=Oop }
                      ;*arraylength {reexecute=0 rethrow=0 return_oop=0}
                      ; - java.lang.String::length@4 (line 1593)
                      ; - java.lang.String::startsWith@6 (line 2374)
                      ; - java.lang.String::startsWith@3 (line 2416)
                      ; - java.lang.ClassLoader::preDefineClass@43 (line 907)
                      ; - java.lang.ClassLoader::defineClass@4 (line 1024)
                      ; - java.security.SecureClassLoader::defineClass@12 (line 150)
                      ; - java.net.URLClassLoader::defineClass@220 (line 524)
                      ; - java.net.URLClassLoader$1::run@43 (line 427)
                      ; - java.net.URLClassLoader$1::run@1 (line 421)
                      ; - java.security.AccessController::executePrivileged@29 (line 816)
                      ; - java.security.AccessController::doPrivileged@13 (line 714)
                      ; - java.net.URLClassLoader::findClass@13 (line 420)
  0x0000027aead3e808: 545b e3fe 

  0x0000027aead3e80c: ;   {other}
  0x0000027aead3e80c: 0f1f 8400 | 0470 00ae | baf6 ffff | ff48 8b6c | 2450 4c8b | 5424 284c | 8954 2420 

  0x0000027aead3e828: ;   {runtime_call UncommonTrapBlob}
  0x0000027aead3e828: c5f8 77e8 

  0x0000027aead3e82c: ; ImmutableOopMap {rbp=Oop [32]=Oop [112]=Oop [120]=Oop }
                      ;*invokevirtual getPackageName {reexecute=0 rethrow=0 return_oop=0}
                      ; - java.lang.ClassLoader::postDefineClass@2 (line 935)
                      ; - java.lang.ClassLoader::defineClass@37 (line 1027)
                      ; - java.security.SecureClassLoader::defineClass@12 (line 150)
                      ; - java.net.URLClassLoader::defineClass@220 (line 524)
                      ; - java.net.URLClassLoader$1::run@43 (line 427)
                      ; - java.net.URLClassLoader$1::run@1 (line 421)
                      ; - java.security.AccessController::executePrivileged@29 (line 816)
                      ; - java.security.AccessController::doPrivileged@13 (line 714)
                      ; - java.net.URLClassLoader::findClass@13 (line 420)
  0x0000027aead3e82c: 305b e3fe 

  0x0000027aead3e830: ;   {other}
  0x0000027aead3e830: 0f1f 8400 | 2870 00af | baf6 ffff | ff4c 8b54 | 2428 4c89 | 5424 2048 | 8974 2428 

  0x0000027aead3e84c: ;   {runtime_call UncommonTrapBlob}
  0x0000027aead3e84c: c5f8 77e8 

  0x0000027aead3e850: ; ImmutableOopMap {[32]=Oop [40]=Oop [112]=Oop [120]=Oop }
                      ;*arraylength {reexecute=0 rethrow=0 return_oop=0}
                      ; - java.lang.StringLatin1::charAt@2 (line 46)
                      ; - java.lang.String::charAt@12 (line 1629)
                      ; - java.lang.ClassLoader::checkName@25 (line 1155)
                      ; - java.lang.ClassLoader::preDefineClass@1 (line 901)
                      ; - java.lang.ClassLoader::defineClass@4 (line 1024)
                      ; - java.security.SecureClassLoader::defineClass@12 (line 150)
                      ; - java.net.URLClassLoader::defineClass@220 (line 524)
                      ; - java.net.URLClassLoader$1::run@43 (line 427)
                      ; - java.net.URLClassLoader$1::run@1 (line 421)
                      ; - java.security.AccessController::executePrivileged@29 (line 816)
                      ; - java.security.AccessController::doPrivileged@13 (line 714)
                      ; - java.net.URLClassLoader::findClass@13 (line 420)
  0x0000027aead3e850: 0c5b e3fe 

  0x0000027aead3e854: ;   {other}
  0x0000027aead3e854: 0f1f 8400 | 4c70 00b0 | baf6 ffff | ff4c 8b5c | 2428 4c89 | 5c24 204c | 8b5c 2470 | 4889 4c24 
  0x0000027aead3e874: 3048 894c | 2438 4c89 | 5c24 4048 | 897c 2450 | 4489 5424 | 6066 6690 

  0x0000027aead3e88c: ;   {runtime_call UncommonTrapBlob}
  0x0000027aead3e88c: c5f8 77e8 

  0x0000027aead3e890: ; ImmutableOopMap {[32]=Oop [48]=Oop [56]=Oop [64]=Oop [80]=Oop [96]=NarrowOop [112]=Oop }
                      ;*arraylength {reexecute=0 rethrow=0 return_oop=0}
                      ; - java.lang.String::length@4 (line 1593)
                      ; - java.lang.String::substring@1 (line 2924)
                      ; - java.net.URLClassLoader::defineClass@28 (line 489)
                      ; - java.net.URLClassLoader$1::run@43 (line 427)
                      ; - java.net.URLClassLoader$1::run@1 (line 421)
                      ; - java.security.AccessController::executePrivileged@29 (line 816)
                      ; - java.security.AccessController::doPrivileged@13 (line 714)
                      ; - java.net.URLClassLoader::findClass@13 (line 420)
  0x0000027aead3e890: cc5a e3fe 

  0x0000027aead3e894: ;   {other}
  0x0000027aead3e894: 0f1f 8400 | 8c70 00b1 | baf6 ffff | ff4c 8b54 | 2428 4c89 | 5424 204c | 8b54 2470 | 4889 4c24 
  0x0000027aead3e8b4: 3089 4424 | 3848 894c | 2440 4c89 | 5424 4848 | 897c 2450 | 4c89 5c24 | 5866 6690 

  0x0000027aead3e8d0: ;   {runtime_call UncommonTrapBlob}
  0x0000027aead3e8d0: c5f8 77e8 

  0x0000027aead3e8d4: ; ImmutableOopMap {[32]=Oop [48]=Oop [64]=Oop [72]=Oop [80]=Oop [88]=Oop [112]=Oop }
                      ;*getfield csu {reexecute=1 rethrow=0 return_oop=0}
                      ; - (reexecute) jdk.internal.loader.URLClassPath$JarLoader$2::getCodeSourceURL@4 (line 835)
                      ; - java.net.URLClassLoader::defineClass@13 (line 487)
                      ; - java.net.URLClassLoader$1::run@43 (line 427)
                      ; - java.net.URLClassLoader$1::run@1 (line 421)
                      ; - java.security.AccessController::executePrivileged@29 (line 816)
                      ; - java.security.AccessController::doPrivileged@13 (line 714)
                      ; - java.net.URLClassLoader::findClass@13 (line 420)
  0x0000027aead3e8d4: 885a e3fe 

  0x0000027aead3e8d8: ;   {other}
  0x0000027aead3e8d8: 0f1f 8400 | d070 00b2 | baf6 ffff | ff4c 8b44 | 2428 4c89 | 4424 204c | 8b44 2470 | 4889 4c24 
  0x0000027aead3e8f8: 3048 894c | 2438 4c89 | 4424 4048 | 897c 2448 | 4c89 5c24 | 504c 8b5c | 2468 4c89 | 5c24 5844 
  0x0000027aead3e918: 8954 2460 

  0x0000027aead3e91c: ;   {runtime_call UncommonTrapBlob}
  0x0000027aead3e91c: c5f8 77e8 

  0x0000027aead3e920: ; ImmutableOopMap {[32]=Oop [48]=Oop [56]=Oop [64]=Oop [72]=Oop [80]=Oop [96]=NarrowOop [112]=Oop [176]=Oop }
                      ;*getfield jar {reexecute=1 rethrow=0 return_oop=0}
                      ; - (reexecute) jdk.internal.loader.URLClassPath$JarLoader$2::getManifest@7 (line 841)
                      ; - java.net.URLClassLoader::defineClass@34 (line 491)
                      ; - java.net.URLClassLoader$1::run@43 (line 427)
                      ; - java.net.URLClassLoader$1::run@1 (line 421)
                      ; - java.security.AccessController::executePrivileged@29 (line 816)
                      ; - java.security.AccessController::doPrivileged@13 (line 714)
                      ; - java.net.URLClassLoader::findClass@13 (line 420)
  0x0000027aead3e920: 3c5a e3fe 

  0x0000027aead3e924: ;   {other}
  0x0000027aead3e924: 0f1f 8400 | 1c71 00b3 | baf6 ffff | ff4c 8b44 | 2428 4c89 | 4424 204c | 8b44 2470 | 4889 4c24 
  0x0000027aead3e944: 3048 894c | 2438 4c89 | 4424 4048 | 897c 2448 | 4c89 5c24 | 504c 8b5c | 2468 4c89 | 5c24 5844 
  0x0000027aead3e964: 8954 2460 

  0x0000027aead3e968: ;   {runtime_call UncommonTrapBlob}
  0x0000027aead3e968: c5f8 77e8 

  0x0000027aead3e96c: ; ImmutableOopMap {[32]=Oop [48]=Oop [56]=Oop [64]=Oop [72]=Oop [80]=Oop [96]=NarrowOop [112]=Oop [176]=Oop }
                      ;*invokevirtual ensureInitialization {reexecute=0 rethrow=0 return_oop=0}
                      ; - java.util.jar.JavaUtilJarAccessImpl::ensureInitialization@1 (line 42)
                      ; - jdk.internal.loader.URLClassPath$JarLoader$2::getManifest@10 (line 841)
                      ; - java.net.URLClassLoader::defineClass@34 (line 491)
                      ; - java.net.URLClassLoader$1::run@43 (line 427)
                      ; - java.net.URLClassLoader$1::run@1 (line 421)
                      ; - java.security.AccessController::executePrivileged@29 (line 816)
                      ; - java.security.AccessController::doPrivileged@13 (line 714)
                      ; - java.net.URLClassLoader::findClass@13 (line 420)
  0x0000027aead3e96c: f059 e3fe 

  0x0000027aead3e970: ;   {other}
  0x0000027aead3e970: 0f1f 8400 | 6871 00b4 | baf6 ffff | ff4c 8b44 | 2428 4c89 | 4424 204c | 8b44 2470 | 4889 4c24 
  0x0000027aead3e990: 3048 894c | 2438 4c89 | 4424 4048 | 897c 2448 | 4c89 5c24 | 504c 8b5c | 2468 4c89 | 5c24 5844 
  0x0000027aead3e9b0: 8954 2460 

  0x0000027aead3e9b4: ;   {runtime_call UncommonTrapBlob}
  0x0000027aead3e9b4: c5f8 77e8 

  0x0000027aead3e9b8: ; ImmutableOopMap {[32]=Oop [48]=Oop [56]=Oop [64]=Oop [72]=Oop [80]=Oop [96]=NarrowOop [112]=Oop [176]=Oop }
                      ;*getfield jar {reexecute=1 rethrow=0 return_oop=0}
                      ; - (reexecute) jdk.internal.loader.URLClassPath$JarLoader$2::getManifest@19 (line 842)
                      ; - java.net.URLClassLoader::defineClass@34 (line 491)
                      ; - java.net.URLClassLoader$1::run@43 (line 427)
                      ; - java.net.URLClassLoader$1::run@1 (line 421)
                      ; - java.security.AccessController::executePrivileged@29 (line 816)
                      ; - java.security.AccessController::doPrivileged@13 (line 714)
                      ; - java.net.URLClassLoader::findClass@13 (line 420)
  0x0000027aead3e9b8: a459 e3fe 

  0x0000027aead3e9bc: ;   {other}
  0x0000027aead3e9bc: 0f1f 8400 | b471 00b5 | baf6 ffff | ff4c 8b44 | 2428 4c89 | 4424 204c | 8b44 2470 | 4889 4c24 
  0x0000027aead3e9dc: 3048 894c | 2438 4c89 | 4424 4048 | 897c 2448 | 4c89 5c24 | 504c 8b5c | 2468 4c89 | 5c24 5844 
  0x0000027aead3e9fc: 8954 2460 

  0x0000027aead3ea00: ;   {runtime_call UncommonTrapBlob}
  0x0000027aead3ea00: c5f8 77e8 

  0x0000027aead3ea04: ; ImmutableOopMap {[32]=Oop [48]=Oop [56]=Oop [64]=Oop [72]=Oop [80]=Oop [96]=NarrowOop [112]=Oop [176]=Oop }
                      ;*invokevirtual getManifest {reexecute=0 rethrow=0 return_oop=0}
                      ; - jdk.internal.loader.URLClassPath$JarLoader$2::getManifest@22 (line 842)
                      ; - java.net.URLClassLoader::defineClass@34 (line 491)
                      ; - java.net.URLClassLoader$1::run@43 (line 427)
                      ; - java.net.URLClassLoader$1::run@1 (line 421)
                      ; - java.security.AccessController::executePrivileged@29 (line 816)
                      ; - java.security.AccessController::doPrivileged@13 (line 714)
                      ; - java.net.URLClassLoader::findClass@13 (line 420)
  0x0000027aead3ea04: 5859 e3fe 

  0x0000027aead3ea08: ;   {other}
  0x0000027aead3ea08: 0f1f 8400 | 0072 00b6 | baf6 ffff | ff48 8b6c | 2450 4c8b | 5c24 284c | 895c 2420 | 4c8b 5c24 
  0x0000027aead3ea28: 704c 895c | 2428 4c89 | 5424 4890 

  0x0000027aead3ea34: ;   {runtime_call UncommonTrapBlob}
  0x0000027aead3ea34: c5f8 77e8 

  0x0000027aead3ea38: ; ImmutableOopMap {rbp=Oop [32]=Oop [40]=Oop [72]=Oop [88]=NarrowOop [160]=Oop }
                      ;*invokevirtual getCodeSigners {reexecute=0 rethrow=0 return_oop=0}
                      ; - jdk.internal.loader.URLClassPath$JarLoader$2::getCodeSigners@4 (line 847)
                      ; - java.net.URLClassLoader::defineClass@185 (line 521)
                      ; - java.net.URLClassLoader$1::run@43 (line 427)
                      ; - java.net.URLClassLoader$1::run@1 (line 421)
                      ; - java.security.AccessController::executePrivileged@29 (line 816)
                      ; - java.security.AccessController::doPrivileged@13 (line 714)
                      ; - java.net.URLClassLoader::findClass@13 (line 420)
  0x0000027aead3ea38: 2459 e3fe 

  0x0000027aead3ea3c: ;   {other}
  0x0000027aead3ea3c: 0f1f 8400 | 3472 00b7 | baf6 ffff | ff48 8b6c | 2450 4c8b | 4424 284c | 8944 2420 | 4c8b 4424 
  0x0000027aead3ea5c: 704c 8944 | 2428 4c89 | 5424 484c | 8b54 2468 | 4c89 5424 | 504c 895c | 2468 6690 

  0x0000027aead3ea78: ;   {runtime_call UncommonTrapBlob}
  0x0000027aead3ea78: c5f8 77e8 

  0x0000027aead3ea7c: ; ImmutableOopMap {rbp=Oop [32]=Oop [40]=Oop [72]=Oop [88]=NarrowOop [104]=Oop [160]=Oop }
                      ;*invokevirtual maybeInstantiateVerifier {reexecute=0 rethrow=0 return_oop=0}
                      ; - java.util.jar.JarFile$JarFileEntry::getCodeSigners@4 (line 669)
                      ; - jdk.internal.loader.URLClassPath$JarLoader$2::getCodeSigners@4 (line 847)
                      ; - java.net.URLClassLoader::defineClass@185 (line 521)
                      ; - java.net.URLClassLoader$1::run@43 (line 427)
                      ; - java.net.URLClassLoader$1::run@1 (line 421)
                      ; - java.security.AccessController::executePrivileged@29 (line 816)
                      ; - java.security.AccessController::doPrivileged@13 (line 714)
                      ; - java.net.URLClassLoader::findClass@13 (line 420)
  0x0000027aead3ea7c: e058 e3fe 

  0x0000027aead3ea80: ;   {other}
  0x0000027aead3ea80: 0f1f 8400 | 7872 00b8 | baf6 ffff | ff4c 8b54 | 2428 4c89 | 5424 2048 | 8974 2428 

  0x0000027aead3ea9c: ;   {runtime_call UncommonTrapBlob}
  0x0000027aead3ea9c: c5f8 77e8 

  0x0000027aead3eaa0: ; ImmutableOopMap {[32]=Oop [40]=Oop [112]=Oop [120]=Oop }
                      ;*arraylength {reexecute=0 rethrow=0 return_oop=0}
                      ; - java.lang.String::length@4 (line 1593)
                      ; - java.lang.String::substring@1 (line 2924)
                      ; - java.lang.ClassLoader::checkCerts@21 (line 1162)
                      ; - java.lang.ClassLoader::preDefineClass@113 (line 918)
                      ; - java.lang.ClassLoader::defineClass@4 (line 1024)
                      ; - java.security.SecureClassLoader::defineClass@12 (line 150)
                      ; - java.net.URLClassLoader::defineClass@220 (line 524)
                      ; - java.net.URLClassLoader$1::run@43 (line 427)
                      ; - java.net.URLClassLoader$1::run@1 (line 421)
                      ; - java.security.AccessController::executePrivileged@29 (line 816)
                      ; - java.security.AccessController::doPrivileged@13 (line 714)
                      ; - java.net.URLClassLoader::findClass@13 (line 420)
  0x0000027aead3eaa0: bc58 e3fe 

  0x0000027aead3eaa4: ;   {other}
  0x0000027aead3eaa4: 0f1f 8400 | 9c72 00b9 | baf6 ffff | ff48 8b6c | 2450 4c8b | 4424 284c | 8944 2420 | 4c8b 4424 
  0x0000027aead3eac4: 704c 8944 | 2428 4c89 | 5424 484c | 8b54 2468 | 4c89 5424 | 504c 895c | 2468 6690 

  0x0000027aead3eae0: ;   {runtime_call UncommonTrapBlob}
  0x0000027aead3eae0: c5f8 77e8 

  0x0000027aead3eae4: ; ImmutableOopMap {rbp=Oop [32]=Oop [40]=Oop [72]=Oop [88]=NarrowOop [104]=Oop [160]=Oop }
                      ;*getfield jv {reexecute=1 rethrow=0 return_oop=0}
                      ; - (reexecute) java.util.jar.JarFile$JarFileEntry::getCodeSigners@31 (line 673)
                      ; - jdk.internal.loader.URLClassPath$JarLoader$2::getCodeSigners@4 (line 847)
                      ; - java.net.URLClassLoader::defineClass@185 (line 521)
                      ; - java.net.URLClassLoader$1::run@43 (line 427)
                      ; - java.net.URLClassLoader$1::run@1 (line 421)
                      ; - java.security.AccessController::executePrivileged@29 (line 816)
                      ; - java.security.AccessController::doPrivileged@13 (line 714)
                      ; - java.net.URLClassLoader::findClass@13 (line 420)
  0x0000027aead3eae4: 7858 e3fe 

  0x0000027aead3eae8: ;   {other}
  0x0000027aead3eae8: 0f1f 8400 | e072 00ba | baf6 ffff | ff48 8b6c | 2450 4c8b | 5424 284c | 8954 2420 | 4c8b 5424 
  0x0000027aead3eb08: 704c 8954 | 2428 4c8b | 5424 584c | 8954 2450 | 4c8b 5424 | 684c 8954 | 2458 6690 

  0x0000027aead3eb24: ;   {runtime_call UncommonTrapBlob}
  0x0000027aead3eb24: c5f8 77e8 

  0x0000027aead3eb28: ; ImmutableOopMap {rbp=Oop [32]=Oop [40]=Oop [80]=Oop [96]=NarrowOop [120]=Oop [176]=Oop }
                      ;*invokevirtual isNamed {reexecute=0 rethrow=0 return_oop=0}
                      ; - java.lang.Package::isSealed@4 (line 232)
                      ; - java.net.URLClassLoader::getAndVerifyPackage@14 (line 460)
                      ; - java.net.URLClassLoader::defineClass@46 (line 492)
                      ; - java.net.URLClassLoader$1::run@43 (line 427)
                      ; - java.net.URLClassLoader$1::run@1 (line 421)
                      ; - java.security.AccessController::executePrivileged@29 (line 816)
                      ; - java.security.AccessController::doPrivileged@13 (line 714)
                      ; - java.net.URLClassLoader::findClass@13 (line 420)
  0x0000027aead3eb28: 3458 e3fe 

  0x0000027aead3eb2c: ;   {other}
  0x0000027aead3eb2c: 0f1f 8400 | 2473 00bb | baf6 ffff | ff48 8b6c | 2450 4c8b | 5424 284c | 8954 2420 | 4c8b 5424 
  0x0000027aead3eb4c: 704c 8954 | 2428 4c8b | 5424 584c | 8954 2450 | 4c8b 5424 | 684c 8954 | 2458 6690 

  0x0000027aead3eb68: ;   {runtime_call UncommonTrapBlob}
  0x0000027aead3eb68: c5f8 77e8 

  0x0000027aead3eb6c: ; ImmutableOopMap {rbp=Oop [32]=Oop [40]=Oop [80]=Oop [96]=NarrowOop [120]=Oop [176]=Oop }
                      ;*getfield sealBase {reexecute=1 rethrow=0 return_oop=0}
                      ; - (reexecute) java.lang.Package::isSealed@14 (line 232)
                      ; - java.net.URLClassLoader::getAndVerifyPackage@14 (line 460)
                      ; - java.net.URLClassLoader::defineClass@46 (line 492)
                      ; - java.net.URLClassLoader$1::run@43 (line 427)
                      ; - java.net.URLClassLoader$1::run@1 (line 421)
                      ; - java.security.AccessController::executePrivileged@29 (line 816)
                      ; - java.security.AccessController::doPrivileged@13 (line 714)
                      ; - java.net.URLClassLoader::findClass@13 (line 420)
  0x0000027aead3eb6c: f057 e3fe 

  0x0000027aead3eb70: ;   {other}
  0x0000027aead3eb70: 0f1f 8400 | 6873 00bc | baf6 ffff | ff4c 8b5c | 2428 4c89 | 5c24 204c | 8b5c 2470 | 4889 4c24 
  0x0000027aead3eb90: 3048 894c | 2438 4c89 | 5c24 4048 | 897c 2450 | 4c8b 5c24 | 684c 895c | 2458 4489 | 5424 6048 
  0x0000027aead3ebb0: 895c 2468 

  0x0000027aead3ebb4: ;   {runtime_call UncommonTrapBlob}
  0x0000027aead3ebb4: c5f8 77e8 

  0x0000027aead3ebb8: ; ImmutableOopMap {[32]=Oop [48]=Oop [56]=Oop [64]=Oop [80]=Oop [96]=NarrowOop [104]=Oop [112]=Oop }
                      ;*getfield jar {reexecute=1 rethrow=0 return_oop=0}
                      ; - (reexecute) jdk.internal.loader.URLClassPath$JarLoader$2::getInputStream@4 (line 837)
                      ; - jdk.internal.loader.Resource::cachedInputStream@9 (line 77)
                      ; - jdk.internal.loader.Resource::getByteBuffer@1 (line 163)
                      ; - java.net.URLClassLoader::defineClass@132 (line 511)
                      ; - java.net.URLClassLoader$1::run@43 (line 427)
                      ; - java.net.URLClassLoader$1::run@1 (line 421)
                      ; - java.security.AccessController::executePrivileged@29 (line 816)
                      ; - java.security.AccessController::doPrivileged@13 (line 714)
                      ; - java.net.URLClassLoader::findClass@13 (line 420)
  0x0000027aead3ebb8: a457 e3fe 

  0x0000027aead3ebbc: ;   {other}
  0x0000027aead3ebbc: 0f1f 8400 | b473 00bd | ba45 ffff | ff4c 8b54 | 2450 4c89 | 5424 204c | 8b54 2470 | 4c89 5424 
  0x0000027aead3ebdc: 304c 895c | 2468 6690 

  0x0000027aead3ebe4: ;   {runtime_call UncommonTrapBlob}
  0x0000027aead3ebe4: c5f8 77e8 

  0x0000027aead3ebe8: ; ImmutableOopMap {rbp=NarrowOop [32]=Oop [40]=Oop [48]=Oop [104]=Oop [120]=Oop [128]=Oop }
                      ;*ifnull {reexecute=1 rethrow=0 return_oop=0}
                      ; - (reexecute) java.lang.ClassLoader::defineClassSourceLocation@15 (line 927)
                      ; - java.lang.ClassLoader::defineClass@12 (line 1025)
                      ; - java.security.SecureClassLoader::defineClass@12 (line 150)
                      ; - java.net.URLClassLoader::defineClass@220 (line 524)
                      ; - java.net.URLClassLoader$1::run@43 (line 427)
                      ; - java.net.URLClassLoader$1::run@1 (line 421)
                      ; - java.security.AccessController::executePrivileged@29 (line 816)
                      ; - java.security.AccessController::doPrivileged@13 (line 714)
                      ; - java.net.URLClassLoader::findClass@13 (line 420)
  0x0000027aead3ebe8: 7457 e3fe 

  0x0000027aead3ebec: ;   {other}
  0x0000027aead3ebec: 0f1f 8400 | e473 00be | ba45 ffff | ff4c 8b44 | 2428 4c89 | 4424 204c | 8b44 2470 | 4889 4c24 
  0x0000027aead3ec0c: 3048 894c | 2438 4c89 | 4424 4048 | 897c 2448 | 4c8b 4424 | 684c 8944 | 2458 4489 | 5424 604c 
  0x0000027aead3ec2c: 895c 2470 | 895c 2478 

  0x0000027aead3ec34: ;   {runtime_call UncommonTrapBlob}
  0x0000027aead3ec34: c5f8 77e8 

  0x0000027aead3ec38: ; ImmutableOopMap {[32]=Oop [48]=Oop [56]=Oop [64]=Oop [72]=Oop [96]=NarrowOop [112]=Oop [120]=NarrowOop [176]=Oop }
                      ;*ifnonnull {reexecute=1 rethrow=0 return_oop=0}
                      ; - (reexecute) jdk.internal.access.SharedSecrets::javaUtilJarAccess@5 (line 140)
                      ; - jdk.internal.loader.URLClassPath$JarLoader$2::getManifest@0 (line 841)
                      ; - java.net.URLClassLoader::defineClass@34 (line 491)
                      ; - java.net.URLClassLoader$1::run@43 (line 427)
                      ; - java.net.URLClassLoader$1::run@1 (line 421)
                      ; - java.security.AccessController::executePrivileged@29 (line 816)
                      ; - java.security.AccessController::doPrivileged@13 (line 714)
                      ; - java.net.URLClassLoader::findClass@13 (line 420)
  0x0000027aead3ec38: 2457 e3fe 

  0x0000027aead3ec3c: ;   {other}
  0x0000027aead3ec3c: 0f1f 8400 | 3474 00bf | 33ed 4d85 | d240 0f94 | c5ba 45ff | ffff 4c8b | 5424 504c | 8954 2420 
  0x0000027aead3ec5c: 4c8b 5424 | 704c 8954 | 2430 4889 | 4424 6848 | 8944 2470 

  0x0000027aead3ec70: ;   {runtime_call UncommonTrapBlob}
  0x0000027aead3ec70: c5f8 77e8 

  0x0000027aead3ec74: ; ImmutableOopMap {[32]=Oop [40]=Oop [48]=Oop [96]=Oop [104]=Oop [112]=Oop [120]=Oop }
                      ;*ifeq {reexecute=1 rethrow=0 return_oop=0}
                      ; - (reexecute) java.lang.Class::getPackageName@29 (line 1253)
                      ; - java.lang.ClassLoader::postDefineClass@2 (line 935)
                      ; - java.lang.ClassLoader::defineClass@37 (line 1027)
                      ; - java.security.SecureClassLoader::defineClass@12 (line 150)
                      ; - java.net.URLClassLoader::defineClass@220 (line 524)
                      ; - java.net.URLClassLoader$1::run@43 (line 427)
                      ; - java.net.URLClassLoader$1::run@1 (line 421)
                      ; - java.security.AccessController::executePrivileged@29 (line 816)
                      ; - java.security.AccessController::doPrivileged@13 (line 714)
                      ; - java.net.URLClassLoader::findClass@13 (line 420)
  0x0000027aead3ec74: e856 e3fe 

  0x0000027aead3ec78: ;   {other}
  0x0000027aead3ec78: 0f1f 8400 | 7074 00c0 | baf6 ffff | ff48 8b6c | 2450 4c8b | 5424 284c | 8954 2420 

  0x0000027aead3ec94: ;   {runtime_call UncommonTrapBlob}
  0x0000027aead3ec94: c5f8 77e8 

  0x0000027aead3ec98: ; ImmutableOopMap {rbp=Oop [32]=Oop [112]=Oop [120]=Oop }
                      ;*arraylength {reexecute=0 rethrow=0 return_oop=0}
                      ; - java.lang.String::length@4 (line 1593)
                      ; - java.lang.String::lastIndexOf@3 (line 2626)
                      ; - java.lang.Class::getPackageName@47 (line 1257)
                      ; - java.lang.ClassLoader::postDefineClass@2 (line 935)
                      ; - java.lang.ClassLoader::defineClass@37 (line 1027)
                      ; - java.security.SecureClassLoader::defineClass@12 (line 150)
                      ; - java.net.URLClassLoader::defineClass@220 (line 524)
                      ; - java.net.URLClassLoader$1::run@43 (line 427)
                      ; - java.net.URLClassLoader$1::run@1 (line 421)
                      ; - java.security.AccessController::executePrivileged@29 (line 816)
                      ; - java.security.AccessController::doPrivileged@13 (line 714)
                      ; - java.net.URLClassLoader::findClass@13 (line 420)
  0x0000027aead3ec98: c456 e3fe 

  0x0000027aead3ec9c: ;   {other}
  0x0000027aead3ec9c: 0f1f 8400 | 9474 00c1 | baf6 ffff | ff48 8b6c | 2450 4c8b | 5424 284c | 8954 2420 

  0x0000027aead3ecb8: ;   {runtime_call UncommonTrapBlob}
  0x0000027aead3ecb8: c5f8 77e8 

  0x0000027aead3ecbc: ; ImmutableOopMap {rbp=Oop [32]=Oop [112]=Oop [120]=Oop }
                      ;*arraylength {reexecute=0 rethrow=0 return_oop=0}
                      ; - java.lang.String::length@4 (line 1593)
                      ; - java.lang.String::substring@1 (line 2924)
                      ; - java.lang.Class::getPackageName@62 (line 1258)
                      ; - java.lang.ClassLoader::postDefineClass@2 (line 935)
                      ; - java.lang.ClassLoader::defineClass@37 (line 1027)
                      ; - java.security.SecureClassLoader::defineClass@12 (line 150)
                      ; - java.net.URLClassLoader::defineClass@220 (line 524)
                      ; - java.net.URLClassLoader$1::run@43 (line 427)
                      ; - java.net.URLClassLoader$1::run@1 (line 421)
                      ; - java.security.AccessController::executePrivileged@29 (line 816)
                      ; - java.security.AccessController::doPrivileged@13 (line 714)
                      ; - java.net.URLClassLoader::findClass@13 (line 420)
  0x0000027aead3ecbc: a056 e3fe 

  0x0000027aead3ecc0: ;   {other}
  0x0000027aead3ecc0: 0f1f 8400 | b874 00c2 | baf6 ffff | ff4c 8b4c | 2428 4c89 | 4c24 204c | 8b4c 2470 | 4889 4c24 
  0x0000027aead3ece0: 3048 894c | 2438 4c89 | 4c24 4048 | 897c 2448 | 4c8b 4c24 | 684c 894c | 2458 4489 | 5424 604c 
  0x0000027aead3ed00: 895c 2470 | 4489 4424 | 7844 8944 | 247c 6690 

  0x0000027aead3ed10: ;   {runtime_call UncommonTrapBlob}
  0x0000027aead3ed10: c5f8 77e8 

  0x0000027aead3ed14: ; ImmutableOopMap {[32]=Oop [48]=Oop [56]=Oop [64]=Oop [72]=Oop [96]=NarrowOop [112]=Oop [120]=NarrowOop [124]=NarrowOop [176]=Oop }
                      ;*getfield zsrc {reexecute=1 rethrow=0 return_oop=0}
                      ; - (reexecute) java.util.zip.ZipFile::ensureOpen@22 (line 868)
                      ; - java.util.zip.ZipFile::getManifestName@5 (line 1092)
                      ; - java.util.zip.ZipFile$1::getManifestName@2 (line 1149)
                      ; - java.util.jar.JarFile::maybeInstantiateVerifier@20 (line 721)
                      ; - java.util.jar.JarFile::ensureInitialization@1 (line 1063)
                      ; - java.util.jar.JavaUtilJarAccessImpl::ensureInitialization@1 (line 42)
                      ; - jdk.internal.loader.URLClassPath$JarLoader$2::getManifest@10 (line 841)
                      ; - java.net.URLClassLoader::defineClass@34 (line 491)
                      ; - java.net.URLClassLoader$1::run@43 (line 427)
                      ; - java.net.URLClassLoader$1::run@1 (line 421)
                      ; - java.security.AccessController::executePrivileged@29 (line 816)
                      ; - java.security.AccessController::doPrivileged@13 (line 714)
                      ; - java.net.URLClassLoader::findClass@13 (line 420)
  0x0000027aead3ed14: 4856 e3fe 

  0x0000027aead3ed18: ;   {other}
  0x0000027aead3ed18: 0f1f 8400 | 1075 00c3 | baf6 ffff | ff48 8b6c | 2450 4c8b | 4c24 284c | 894c 2420 | 4c8b 4c24 
  0x0000027aead3ed38: 704c 894c | 2428 4c89 | 5424 484c | 8b54 2468 | 4c89 5424 | 504c 895c | 2468 4489 | 4424 7044 
  0x0000027aead3ed58: 8944 2474 

  0x0000027aead3ed5c: ;   {runtime_call UncommonTrapBlob}
  0x0000027aead3ed5c: c5f8 77e8 

  0x0000027aead3ed60: ; ImmutableOopMap {rbp=Oop [32]=Oop [40]=Oop [72]=Oop [88]=NarrowOop [104]=Oop [112]=NarrowOop [116]=NarrowOop [160]=Oop }
                      ;*getfield zsrc {reexecute=1 rethrow=0 return_oop=0}
                      ; - (reexecute) java.util.zip.ZipFile::ensureOpen@22 (line 868)
                      ; - java.util.zip.ZipFile::getManifestName@5 (line 1092)
                      ; - java.util.zip.ZipFile$1::getManifestName@2 (line 1149)
                      ; - java.util.jar.JarFile::maybeInstantiateVerifier@20 (line 721)
                      ; - java.util.jar.JarFile$JarFileEntry::getCodeSigners@4 (line 669)
                      ; - jdk.internal.loader.URLClassPath$JarLoader$2::getCodeSigners@4 (line 847)
                      ; - java.net.URLClassLoader::defineClass@185 (line 521)
                      ; - java.net.URLClassLoader$1::run@43 (line 427)
                      ; - java.net.URLClassLoader$1::run@1 (line 421)
                      ; - java.security.AccessController::executePrivileged@29 (line 816)
                      ; - java.security.AccessController::doPrivileged@13 (line 714)
                      ; - java.net.URLClassLoader::findClass@13 (line 420)
  0x0000027aead3ed60: fc55 e3fe 

  0x0000027aead3ed64: ;   {other}
  0x0000027aead3ed64: 0f1f 8400 | 5c75 00c4 | ba45 ffff | ff48 8b5c | 2428 4889 | 5c24 2048 | 8b5c 2470 | 4889 4c24 
  0x0000027aead3ed84: 3048 894c | 2438 4889 | 5c24 4048 | 897c 2448 | 488b 4c24 | 6848 894c | 2458 4489 | 5424 604c 
  0x0000027aead3eda4: 895c 2470 | 4489 4424 | 7844 8944 | 247c 4489 | 8c24 8c00 | 0000 6690 

  0x0000027aead3edbc: ;   {runtime_call UncommonTrapBlob}
  0x0000027aead3edbc: c5f8 77e8 

  0x0000027aead3edc0: ; ImmutableOopMap {[32]=Oop [48]=Oop [56]=Oop [64]=Oop [72]=Oop [96]=NarrowOop [112]=Oop [120]=NarrowOop [124]=NarrowOop [140]=NarrowOop [176]=Oop }
                      ;*ifnonnull {reexecute=1 rethrow=0 return_oop=0}
                      ; - (reexecute) java.util.zip.ZipFile::ensureOpen@25 (line 868)
                      ; - java.util.zip.ZipFile::getManifestName@5 (line 1092)
                      ; - java.util.zip.ZipFile$1::getManifestName@2 (line 1149)
                      ; - java.util.jar.JarFile::maybeInstantiateVerifier@20 (line 721)
                      ; - java.util.jar.JarFile::ensureInitialization@1 (line 1063)
                      ; - java.util.jar.JavaUtilJarAccessImpl::ensureInitialization@1 (line 42)
                      ; - jdk.internal.loader.URLClassPath$JarLoader$2::getManifest@10 (line 841)
                      ; - java.net.URLClassLoader::defineClass@34 (line 491)
                      ; - java.net.URLClassLoader$1::run@43 (line 427)
                      ; - java.net.URLClassLoader$1::run@1 (line 421)
                      ; - java.security.AccessController::executePrivileged@29 (line 816)
                      ; - java.security.AccessController::doPrivileged@13 (line 714)
                      ; - java.net.URLClassLoader::findClass@13 (line 420)
  0x0000027aead3edc0: 9c55 e3fe 

  0x0000027aead3edc4: ;   {other}
  0x0000027aead3edc4: 0f1f 8400 | bc75 00c5 | ba45 ffff | ff48 8b6c | 2450 4c8b | 4c24 284c | 894c 2420 | 4c8b 4c24 
  0x0000027aead3ede4: 704c 894c | 2428 4c89 | 5424 484c | 8b54 2468 | 4c89 5424 | 504c 895c | 2468 4489 | 4424 7044 
  0x0000027aead3ee04: 8944 2474 | 897c 247c 

  0x0000027aead3ee0c: ;   {runtime_call UncommonTrapBlob}
  0x0000027aead3ee0c: c5f8 77e8 

  0x0000027aead3ee10: ; ImmutableOopMap {rbp=Oop [32]=Oop [40]=Oop [72]=Oop [88]=NarrowOop [104]=Oop [112]=NarrowOop [116]=NarrowOop [124]=NarrowOop [160]=Oop }
                      ;*ifnonnull {reexecute=1 rethrow=0 return_oop=0}
                      ; - (reexecute) java.util.zip.ZipFile::ensureOpen@25 (line 868)
                      ; - java.util.zip.ZipFile::getManifestName@5 (line 1092)
                      ; - java.util.zip.ZipFile$1::getManifestName@2 (line 1149)
                      ; - java.util.jar.JarFile::maybeInstantiateVerifier@20 (line 721)
                      ; - java.util.jar.JarFile$JarFileEntry::getCodeSigners@4 (line 669)
                      ; - jdk.internal.loader.URLClassPath$JarLoader$2::getCodeSigners@4 (line 847)
                      ; - java.net.URLClassLoader::defineClass@185 (line 521)
                      ; - java.net.URLClassLoader$1::run@43 (line 427)
                      ; - java.net.URLClassLoader$1::run@1 (line 421)
                      ; - java.security.AccessController::executePrivileged@29 (line 816)
                      ; - java.security.AccessController::doPrivileged@13 (line 714)
                      ; - java.net.URLClassLoader::findClass@13 (line 420)
  0x0000027aead3ee10: 4c55 e3fe 

  0x0000027aead3ee14: ;   {other}
  0x0000027aead3ee14: 0f1f 8400 | 0c76 00c6 | baf6 ffff | ff4c 8b54 | 2428 4c89 | 5424 204c | 8b54 2470 | 4889 4c24 
  0x0000027aead3ee34: 3089 4424 | 3848 894c | 2440 4c89 | 5424 4848 | 897c 2450 | 4c89 5c24 | 5866 6690 

  0x0000027aead3ee50: ;   {runtime_call UncommonTrapBlob}
  0x0000027aead3ee50: c5f8 77e8 

  0x0000027aead3ee54: ; ImmutableOopMap {[32]=Oop [48]=Oop [64]=Oop [72]=Oop [80]=Oop [88]=Oop [112]=Oop }
                      ;*invokevirtual getBaseURL {reexecute=0 rethrow=0 return_oop=0}
                      ; - jdk.internal.loader.URLClassPath$FileLoader$1::getCodeSourceURL@4 (line 1079)
                      ; - java.net.URLClassLoader::defineClass@13 (line 487)
                      ; - java.net.URLClassLoader$1::run@43 (line 427)
                      ; - java.net.URLClassLoader$1::run@1 (line 421)
                      ; - java.security.AccessController::executePrivileged@29 (line 816)
                      ; - java.security.AccessController::doPrivileged@13 (line 714)
                      ; - java.net.URLClassLoader::findClass@13 (line 420)
  0x0000027aead3ee54: 0855 e3fe 

  0x0000027aead3ee58: ;   {other}
  0x0000027aead3ee58: 0f1f 8400 | 5076 00c7 | baf6 ffff | ff48 8b6c | 2450 4c8b | 5424 284c | 8954 2420 | 4c8b 5424 
  0x0000027aead3ee78: 704c 8954 | 2428 448b | 5c24 6044 | 895c 244c | 4489 4424 | 6066 6690 

  0x0000027aead3ee90: ;   {runtime_call UncommonTrapBlob}
  0x0000027aead3ee90: c5f8 77e8 

  0x0000027aead3ee94: ; ImmutableOopMap {rbp=Oop [32]=Oop [40]=Oop [72]=NarrowOop [76]=NarrowOop [88]=Oop [96]=NarrowOop [120]=Oop [128]=Oop }
                      ;*arraylength {reexecute=0 rethrow=0 return_oop=0}
                      ; - java.lang.String::indexOf@17 (line 2494)
                      ; - java.io.WinNTFileSystem::isInvalid@5 (line 358)
                      ; - java.io.File::isInvalid@13 (line 188)
                      ; - java.io.FileInputStream::<init>@54 (line 153)
                      ; - jdk.internal.loader.URLClassPath$FileLoader$1::getInputStream@8 (line 1081)
                      ; - jdk.internal.loader.Resource::cachedInputStream@9 (line 77)
                      ; - jdk.internal.loader.Resource::getByteBuffer@1 (line 163)
                      ; - java.net.URLClassLoader::defineClass@132 (line 511)
                      ; - java.net.URLClassLoader$1::run@43 (line 427)
                      ; - java.net.URLClassLoader$1::run@1 (line 421)
                      ; - java.security.AccessController::executePrivileged@29 (line 816)
                      ; - java.security.AccessController::doPrivileged@13 (line 714)
                      ; - java.net.URLClassLoader::findClass@13 (line 420)
  0x0000027aead3ee94: c854 e3fe 

  0x0000027aead3ee98: ;   {other}
  0x0000027aead3ee98: 0f1f 8400 | 9076 00c8 | ba9d ffff | ff4c 8b5c | 2428 4c89 | 5c24 204c | 8b5c 2470 | 4c89 5c24 
  0x0000027aead3eeb8: 284c 8b5c | 2458 4c89 | 5c24 5048 | 8984 2480 | 0000 0090 

  0x0000027aead3eecc: ;   {runtime_call UncommonTrapBlob}
  0x0000027aead3eecc: c5f8 77e8 

  0x0000027aead3eed0: ; ImmutableOopMap {rbp=Oop [32]=Oop [40]=Oop [72]=NarrowOop [76]=NarrowOop [80]=Oop [96]=Oop [120]=Oop [128]=Oop [176]=Oop }
                      ;*astore_2 {reexecute=0 rethrow=0 return_oop=0}
                      ; - java.util.jar.JarFile::ensureInitialization@51 (line 1073)
                      ; - java.util.jar.JavaUtilJarAccessImpl::ensureInitialization@1 (line 42)
                      ; - jdk.internal.loader.URLClassPath$JarLoader$2::getManifest@10 (line 841)
                      ; - java.net.URLClassLoader::defineClass@34 (line 491)
                      ; - java.net.URLClassLoader$1::run@43 (line 427)
                      ; - java.net.URLClassLoader$1::run@1 (line 421)
                      ; - java.security.AccessController::executePrivileged@29 (line 816)
                      ; - java.security.AccessController::doPrivileged@13 (line 714)
                      ; - java.net.URLClassLoader::findClass@13 (line 420)
  0x0000027aead3eed0: 8c54 e3fe 

  0x0000027aead3eed4: ;   {other}
  0x0000027aead3eed4: 0f1f 8400 | cc76 00c9 | ba45 ffff | ff48 8b6c | 2450 4c8b | 5424 284c | 8954 2420 | 4c8b 5424 
  0x0000027aead3eef4: 704c 8954 | 2428 4c8b | 5424 584c | 8954 2450 | 4c8b 5424 | 684c 8954 | 2458 4489 | 8424 9000 
  0x0000027aead3ef14: 0000 6690 

  0x0000027aead3ef18: ;   {runtime_call UncommonTrapBlob}
  0x0000027aead3ef18: c5f8 77e8 

  0x0000027aead3ef1c: ; ImmutableOopMap {rbp=Oop [32]=Oop [40]=Oop [80]=Oop [96]=NarrowOop [120]=Oop [128]=Oop [144]=NarrowOop }
                      ;*ifnull {reexecute=1 rethrow=0 return_oop=0}
                      ; - (reexecute) java.io.FileInputStream::<init>@16 (line 144)
                      ; - jdk.internal.loader.URLClassPath$FileLoader$1::getInputStream@8 (line 1081)
                      ; - jdk.internal.loader.Resource::cachedInputStream@9 (line 77)
                      ; - jdk.internal.loader.Resource::getByteBuffer@1 (line 163)
                      ; - java.net.URLClassLoader::defineClass@132 (line 511)
                      ; - java.net.URLClassLoader$1::run@43 (line 427)
                      ; - java.net.URLClassLoader$1::run@1 (line 421)
                      ; - java.security.AccessController::executePrivileged@29 (line 816)
                      ; - java.security.AccessController::doPrivileged@13 (line 714)
                      ; - java.net.URLClassLoader::findClass@13 (line 420)
  0x0000027aead3ef1c: 4054 e3fe 

  0x0000027aead3ef20: ;   {other}
  0x0000027aead3ef20: 0f1f 8400 | 1877 00ca | ba45 ffff | ff48 8b6c | 2450 4c8b | 5424 284c | 8954 2420 | 4c8b 5424 
  0x0000027aead3ef40: 704c 8954 | 2428 4c8b | 5424 584c | 8954 2450 | 4c8b 5424 | 684c 8954 | 2458 4489 | 9c24 8800 
  0x0000027aead3ef60: 0000 6690 

  0x0000027aead3ef64: ;   {runtime_call UncommonTrapBlob}
  0x0000027aead3ef64: c5f8 77e8 

  0x0000027aead3ef68: ; ImmutableOopMap {rbp=Oop [32]=Oop [40]=Oop [80]=Oop [96]=NarrowOop [120]=Oop [128]=Oop [136]=NarrowOop }
                      ;*ifnonnull {reexecute=1 rethrow=0 return_oop=0}
                      ; - (reexecute) java.io.FileInputStream::<init>@42 (line 150)
                      ; - jdk.internal.loader.URLClassPath$FileLoader$1::getInputStream@8 (line 1081)
                      ; - jdk.internal.loader.Resource::cachedInputStream@9 (line 77)
                      ; - jdk.internal.loader.Resource::getByteBuffer@1 (line 163)
                      ; - java.net.URLClassLoader::defineClass@132 (line 511)
                      ; - java.net.URLClassLoader$1::run@43 (line 427)
                      ; - java.net.URLClassLoader$1::run@1 (line 421)
                      ; - java.security.AccessController::executePrivileged@29 (line 816)
                      ; - java.security.AccessController::doPrivileged@13 (line 714)
                      ; - java.net.URLClassLoader::findClass@13 (line 420)
  0x0000027aead3ef68: f453 e3fe 

  0x0000027aead3ef6c: ;   {other}
  0x0000027aead3ef6c: 0f1f 8400 | 6477 00cb | ba45 ffff | ff48 8b6c | 2450 4c8b | 4424 284c | 8944 2420 | 4c8b 4424 
  0x0000027aead3ef8c: 704c 8944 | 2428 4c8b | 4424 584c | 8944 2450 | 4c8b 4424 | 684c 8944 | 2458 4c89 | 9c24 8000 
  0x0000027aead3efac: 0000 4489 | 9424 8800 | 0000 6690 

  0x0000027aead3efb8: ;   {runtime_call UncommonTrapBlob}
  0x0000027aead3efb8: c5f8 77e8 

  0x0000027aead3efbc: ; ImmutableOopMap {rbp=Oop [32]=Oop [40]=Oop [80]=Oop [96]=NarrowOop [120]=Oop [128]=Oop [136]=NarrowOop }
                      ;*ifnull {reexecute=1 rethrow=0 return_oop=0}
                      ; - (reexecute) java.io.FileCleanable::register@1 (line 74)
                      ; - java.io.FileInputStream::<init>@103 (line 160)
                      ; - jdk.internal.loader.URLClassPath$FileLoader$1::getInputStream@8 (line 1081)
                      ; - jdk.internal.loader.Resource::cachedInputStream@9 (line 77)
                      ; - jdk.internal.loader.Resource::getByteBuffer@1 (line 163)
                      ; - java.net.URLClassLoader::defineClass@132 (line 511)
                      ; - java.net.URLClassLoader$1::run@43 (line 427)
                      ; - java.net.URLClassLoader$1::run@1 (line 421)
                      ; - java.security.AccessController::executePrivileged@29 (line 816)
                      ; - java.security.AccessController::doPrivileged@13 (line 714)
                      ; - java.net.URLClassLoader::findClass@13 (line 420)
  0x0000027aead3efbc: a053 e3fe 

  0x0000027aead3efc0: ;   {other}
  0x0000027aead3efc0: 0f1f 8400 | b877 00cc | baf6 ffff | ff48 8974 | 2430 6690 

  0x0000027aead3efd4: ;   {runtime_call UncommonTrapBlob}
  0x0000027aead3efd4: c5f8 77e8 

  0x0000027aead3efd8: ; ImmutableOopMap {[40]=Oop [48]=Oop [112]=Oop [120]=Oop }
                      ;*aaload {reexecute=0 rethrow=0 return_oop=0}
                      ; - java.security.CodeSource::getCertificates@50 (line 207)
                      ; - java.lang.ClassLoader::checkCerts@34 (line 1166)
                      ; - java.lang.ClassLoader::preDefineClass@113 (line 918)
                      ; - java.lang.ClassLoader::defineClass@4 (line 1024)
                      ; - java.security.SecureClassLoader::defineClass@12 (line 150)
                      ; - java.net.URLClassLoader::defineClass@220 (line 524)
                      ; - java.net.URLClassLoader$1::run@43 (line 427)
                      ; - java.net.URLClassLoader$1::run@1 (line 421)
                      ; - java.security.AccessController::executePrivileged@29 (line 816)
                      ; - java.security.AccessController::doPrivileged@13 (line 714)
                      ; - java.net.URLClassLoader::findClass@13 (line 420)
  0x0000027aead3efd8: 8453 e3fe 

  0x0000027aead3efdc: ;   {other}
  0x0000027aead3efdc: 0f1f 8400 | d477 00cd | baf6 ffff | ff4c 8b54 | 2428 4c89 | 5424 2048 | 8974 2428 

  0x0000027aead3eff8: ;   {runtime_call UncommonTrapBlob}
  0x0000027aead3eff8: c5f8 77e8 

  0x0000027aead3effc: ; ImmutableOopMap {[32]=Oop [40]=Oop [112]=Oop [120]=Oop }
                      ;*invokevirtual getSignerCertPath {reexecute=0 rethrow=0 return_oop=0}
                      ; - java.security.CodeSource::getCertificates@51 (line 208)
                      ; - java.lang.ClassLoader::checkCerts@34 (line 1166)
                      ; - java.lang.ClassLoader::preDefineClass@113 (line 918)
                      ; - java.lang.ClassLoader::defineClass@4 (line 1024)
                      ; - java.security.SecureClassLoader::defineClass@12 (line 150)
                      ; - java.net.URLClassLoader::defineClass@220 (line 524)
                      ; - java.net.URLClassLoader$1::run@43 (line 427)
                      ; - java.net.URLClassLoader$1::run@1 (line 421)
                      ; - java.security.AccessController::executePrivileged@29 (line 816)
                      ; - java.security.AccessController::doPrivileged@13 (line 714)
                      ; - java.net.URLClassLoader::findClass@13 (line 420)
  0x0000027aead3effc: 6053 e3fe 

  0x0000027aead3f000: ;   {other}
  0x0000027aead3f000: 0f1f 8400 | f877 00ce | baf6 ffff | ff4c 8b54 | 2428 4c89 | 5424 2048 | 8974 2428 

  0x0000027aead3f01c: ;   {runtime_call UncommonTrapBlob}
  0x0000027aead3f01c: c5f8 77e8 

  0x0000027aead3f020: ; ImmutableOopMap {[32]=Oop [40]=Oop [112]=Oop [120]=Oop }
                      ;*invokevirtual getCertificates {reexecute=0 rethrow=0 return_oop=0}
                      ; - java.security.CodeSource::getCertificates@54 (line 208)
                      ; - java.lang.ClassLoader::checkCerts@34 (line 1166)
                      ; - java.lang.ClassLoader::preDefineClass@113 (line 918)
                      ; - java.lang.ClassLoader::defineClass@4 (line 1024)
                      ; - java.security.SecureClassLoader::defineClass@12 (line 150)
                      ; - java.net.URLClassLoader::defineClass@220 (line 524)
                      ; - java.net.URLClassLoader$1::run@43 (line 427)
                      ; - java.net.URLClassLoader$1::run@1 (line 421)
                      ; - java.security.AccessController::executePrivileged@29 (line 816)
                      ; - java.security.AccessController::doPrivileged@13 (line 714)
                      ; - java.net.URLClassLoader::findClass@13 (line 420)
  0x0000027aead3f020: 3c53 e3fe 

  0x0000027aead3f024: ;   {other}
  0x0000027aead3f024: 0f1f 8400 | 1c78 00cf | baf6 ffff | ff48 8b6c | 2450 4c8b | 5424 284c | 8954 2420 

  0x0000027aead3f040: ;   {runtime_call UncommonTrapBlob}
  0x0000027aead3f040: c5f8 77e8 

  0x0000027aead3f044: ; ImmutableOopMap {rbp=Oop [32]=Oop [112]=Oop [120]=Oop }
                      ;*arraylength {reexecute=0 rethrow=0 return_oop=0}
                      ; - java.security.CodeSource::getCertificates@40 (line 206)
                      ; - java.lang.ClassLoader::checkCerts@34 (line 1166)
                      ; - java.lang.ClassLoader::preDefineClass@113 (line 918)
                      ; - java.lang.ClassLoader::defineClass@4 (line 1024)
                      ; - java.security.SecureClassLoader::defineClass@12 (line 150)
                      ; - java.net.URLClassLoader::defineClass@220 (line 524)
                      ; - java.net.URLClassLoader$1::run@43 (line 427)
                      ; - java.net.URLClassLoader$1::run@1 (line 421)
                      ; - java.security.AccessController::executePrivileged@29 (line 816)
                      ; - java.security.AccessController::doPrivileged@13 (line 714)
                      ; - java.net.URLClassLoader::findClass@13 (line 420)
  0x0000027aead3f044: 1853 e3fe 

  0x0000027aead3f048: ;   {other}
  0x0000027aead3f048: 0f1f 8400 | 4078 00d0 | baf6 ffff | ff48 8b6c | 2450 4c8b | 5c24 284c | 895c 2420 | 4489 5424 
  0x0000027aead3f068: 4066 6690 

  0x0000027aead3f06c: ;   {runtime_call UncommonTrapBlob}
  0x0000027aead3f06c: c5f8 77e8 

  0x0000027aead3f070: ; ImmutableOopMap {rbp=Oop [32]=Oop [112]=Oop [120]=Oop }
                      ;*aaload {reexecute=0 rethrow=0 return_oop=0}
                      ; - java.security.CodeSource::getCertificates@50 (line 207)
                      ; - java.lang.ClassLoader::postDefineClass@24 (line 938)
                      ; - java.lang.ClassLoader::defineClass@37 (line 1027)
                      ; - java.security.SecureClassLoader::defineClass@12 (line 150)
                      ; - java.net.URLClassLoader::defineClass@220 (line 524)
                      ; - java.net.URLClassLoader$1::run@43 (line 427)
                      ; - java.net.URLClassLoader$1::run@1 (line 421)
                      ; - java.security.AccessController::executePrivileged@29 (line 816)
                      ; - java.security.AccessController::doPrivileged@13 (line 714)
                      ; - java.net.URLClassLoader::findClass@13 (line 420)
  0x0000027aead3f070: ec52 e3fe 

  0x0000027aead3f074: ;   {other}
  0x0000027aead3f074: 0f1f 8400 | 6c78 00d1 | baf6 ffff | ff48 8b6c | 2450 4c8b | 5424 284c | 8954 2420 

  0x0000027aead3f090: ;   {runtime_call UncommonTrapBlob}
  0x0000027aead3f090: c5f8 77e8 

  0x0000027aead3f094: ; ImmutableOopMap {rbp=Oop [32]=Oop [112]=Oop [120]=Oop }
                      ;*invokevirtual getSignerCertPath {reexecute=0 rethrow=0 return_oop=0}
                      ; - java.security.CodeSource::getCertificates@51 (line 208)
                      ; - java.lang.ClassLoader::postDefineClass@24 (line 938)
                      ; - java.lang.ClassLoader::defineClass@37 (line 1027)
                      ; - java.security.SecureClassLoader::defineClass@12 (line 150)
                      ; - java.net.URLClassLoader::defineClass@220 (line 524)
                      ; - java.net.URLClassLoader$1::run@43 (line 427)
                      ; - java.net.URLClassLoader$1::run@1 (line 421)
                      ; - java.security.AccessController::executePrivileged@29 (line 816)
                      ; - java.security.AccessController::doPrivileged@13 (line 714)
                      ; - java.net.URLClassLoader::findClass@13 (line 420)
  0x0000027aead3f094: c852 e3fe 

  0x0000027aead3f098: ;   {other}
  0x0000027aead3f098: 0f1f 8400 | 9078 00d2 | baf6 ffff | ff48 8b6c | 2450 4c8b | 5424 284c | 8954 2420 

  0x0000027aead3f0b4: ;   {runtime_call UncommonTrapBlob}
  0x0000027aead3f0b4: c5f8 77e8 

  0x0000027aead3f0b8: ; ImmutableOopMap {rbp=Oop [32]=Oop [112]=Oop [120]=Oop }
                      ;*invokevirtual getCertificates {reexecute=0 rethrow=0 return_oop=0}
                      ; - java.security.CodeSource::getCertificates@54 (line 208)
                      ; - java.lang.ClassLoader::postDefineClass@24 (line 938)
                      ; - java.lang.ClassLoader::defineClass@37 (line 1027)
                      ; - java.security.SecureClassLoader::defineClass@12 (line 150)
                      ; - java.net.URLClassLoader::defineClass@220 (line 524)
                      ; - java.net.URLClassLoader$1::run@43 (line 427)
                      ; - java.net.URLClassLoader$1::run@1 (line 421)
                      ; - java.security.AccessController::executePrivileged@29 (line 816)
                      ; - java.security.AccessController::doPrivileged@13 (line 714)
                      ; - java.net.URLClassLoader::findClass@13 (line 420)
  0x0000027aead3f0b8: a452 e3fe 

  0x0000027aead3f0bc: ;   {other}
  0x0000027aead3f0bc: 0f1f 8400 | b478 00d3 | baf6 ffff | ff48 8b6c | 2450 4c8b | 5424 284c | 8954 2420 

  0x0000027aead3f0d8: ;   {runtime_call UncommonTrapBlob}
  0x0000027aead3f0d8: c5f8 77e8 

  0x0000027aead3f0dc: ; ImmutableOopMap {rbp=Oop [32]=Oop [112]=Oop [120]=Oop }
                      ;*arraylength {reexecute=0 rethrow=0 return_oop=0}
                      ; - java.security.CodeSource::getCertificates@40 (line 206)
                      ; - java.lang.ClassLoader::postDefineClass@24 (line 938)
                      ; - java.lang.ClassLoader::defineClass@37 (line 1027)
                      ; - java.security.SecureClassLoader::defineClass@12 (line 150)
                      ; - java.net.URLClassLoader::defineClass@220 (line 524)
                      ; - java.net.URLClassLoader$1::run@43 (line 427)
                      ; - java.net.URLClassLoader$1::run@1 (line 421)
                      ; - java.security.AccessController::executePrivileged@29 (line 816)
                      ; - java.security.AccessController::doPrivileged@13 (line 714)
                      ; - java.net.URLClassLoader::findClass@13 (line 420)
  0x0000027aead3f0dc: 8052 e3fe 

  0x0000027aead3f0e0: ;   {other}
  0x0000027aead3f0e0: 0f1f 8400 | d878 00d4 | ba9d ffff | ff4c 8b54 | 2428 4c89 | 5424 204c | 8b54 2470 | 4c89 5424 
  0x0000027aead3f100: 284c 8b54 | 2458 4c89 | 5424 484c | 8b54 2478 | 4c89 5424 | 504c 8b54 | 2468 4c89 | 5424 5848 
  0x0000027aead3f120: 8984 2488 | 0000 0090 

  0x0000027aead3f128: ;   {runtime_call UncommonTrapBlob}
  0x0000027aead3f128: c5f8 77e8 

  0x0000027aead3f12c: ; ImmutableOopMap {rbp=Oop [32]=Oop [40]=Oop [72]=Oop [80]=Oop [96]=NarrowOop [100]=NarrowOop [136]=Oop [176]=Oop }
                      ;*astore {reexecute=0 rethrow=0 return_oop=0}
                      ; - java.util.zip.ZipFile::getManifestName@52 (line 1098)
                      ; - java.util.zip.ZipFile$1::getManifestName@2 (line 1149)
                      ; - java.util.jar.JarFile::maybeInstantiateVerifier@20 (line 721)
                      ; - java.util.jar.JarFile::ensureInitialization@1 (line 1063)
                      ; - java.util.jar.JavaUtilJarAccessImpl::ensureInitialization@1 (line 42)
                      ; - jdk.internal.loader.URLClassPath$JarLoader$2::getManifest@10 (line 841)
                      ; - java.net.URLClassLoader::defineClass@34 (line 491)
                      ; - java.net.URLClassLoader$1::run@43 (line 427)
                      ; - java.net.URLClassLoader$1::run@1 (line 421)
                      ; - java.security.AccessController::executePrivileged@29 (line 816)
                      ; - java.security.AccessController::doPrivileged@13 (line 714)
                      ; - java.net.URLClassLoader::findClass@13 (line 420)
  0x0000027aead3f12c: 3052 e3fe 

  0x0000027aead3f130: ;   {other}
  0x0000027aead3f130: 0f1f 8400 | 2879 00d5 | ba9d ffff | ff48 8b6c | 2450 4c8b | 5424 284c | 8954 2420 | 4c8b 5424 
  0x0000027aead3f150: 704c 8954 | 2428 4c8b | 5424 604c | 8954 2448 | 4c8b 5424 | 684c 8954 | 2450 4c8b | 5424 784c 
  0x0000027aead3f170: 8954 2468 | 4889 4424 | 7866 6690 

  0x0000027aead3f17c: ;   {runtime_call UncommonTrapBlob}
  0x0000027aead3f17c: c5f8 77e8 

  0x0000027aead3f180: ; ImmutableOopMap {rbp=Oop [32]=Oop [40]=Oop [72]=Oop [88]=NarrowOop [92]=NarrowOop [104]=Oop [120]=Oop [160]=Oop }
                      ;*astore {reexecute=0 rethrow=0 return_oop=0}
                      ; - java.util.zip.ZipFile::getManifestName@52 (line 1098)
                      ; - java.util.zip.ZipFile$1::getManifestName@2 (line 1149)
                      ; - java.util.jar.JarFile::maybeInstantiateVerifier@20 (line 721)
                      ; - java.util.jar.JarFile$JarFileEntry::getCodeSigners@4 (line 669)
                      ; - jdk.internal.loader.URLClassPath$JarLoader$2::getCodeSigners@4 (line 847)
                      ; - java.net.URLClassLoader::defineClass@185 (line 521)
                      ; - java.net.URLClassLoader$1::run@43 (line 427)
                      ; - java.net.URLClassLoader$1::run@1 (line 421)
                      ; - java.security.AccessController::executePrivileged@29 (line 816)
                      ; - java.security.AccessController::doPrivileged@13 (line 714)
                      ; - java.net.URLClassLoader::findClass@13 (line 420)
  0x0000027aead3f180: dc51 e3fe 

  0x0000027aead3f184: ;   {other}
  0x0000027aead3f184: 0f1f 8400 | 7c79 00d6 | baf4 ffff | ff48 8b6c | 2450 4c8b | 5424 284c | 8954 2420 | 4c8b 5424 
  0x0000027aead3f1a4: 484c 8954 | 2428 4c8b | 5424 784c | 8954 2470 | 4c8b 9424 | 8000 0000 | 4c89 5424 | 7866 6690 
  0x0000027aead3f1c4: ;   {runtime_call UncommonTrapBlob}
  0x0000027aead3f1c4: c5f8 77e8 

  0x0000027aead3f1c8: ; ImmutableOopMap {rbp=Oop [32]=Oop [40]=Oop [88]=Oop [96]=NarrowOop [104]=Oop [112]=Oop [120]=Oop }
                      ;*checkcast {reexecute=0 rethrow=0 return_oop=0}
                      ; - java.security.CodeSource::getCertificates@76 (line 210)
                      ; - java.lang.ClassLoader::checkCerts@34 (line 1166)
                      ; - java.lang.ClassLoader::preDefineClass@113 (line 918)
                      ; - java.lang.ClassLoader::defineClass@4 (line 1024)
                      ; - java.security.SecureClassLoader::defineClass@12 (line 150)
                      ; - java.net.URLClassLoader::defineClass@220 (line 524)
                      ; - java.net.URLClassLoader$1::run@43 (line 427)
                      ; - java.net.URLClassLoader$1::run@1 (line 421)
                      ; - java.security.AccessController::executePrivileged@29 (line 816)
                      ; - java.security.AccessController::doPrivileged@13 (line 714)
                      ; - java.net.URLClassLoader::findClass@13 (line 420)
  0x0000027aead3f1c8: 9451 e3fe 

  0x0000027aead3f1cc: ;   {other}
  0x0000027aead3f1cc: 0f1f 8400 | c479 00d7 | baf4 ffff | ff48 8b6c | 2450 4c8b | 5424 284c | 8954 2420 | 4c8b 5424 
  0x0000027aead3f1ec: 704c 8954 | 2428 6690 

  0x0000027aead3f1f4: ;   {runtime_call UncommonTrapBlob}
  0x0000027aead3f1f4: c5f8 77e8 

  0x0000027aead3f1f8: ; ImmutableOopMap {rbp=Oop [32]=Oop [40]=Oop [64]=Oop [72]=NarrowOop [120]=Oop }
                      ;*checkcast {reexecute=0 rethrow=0 return_oop=0}
                      ; - java.security.CodeSource::getCertificates@76 (line 210)
                      ; - java.lang.ClassLoader::postDefineClass@24 (line 938)
                      ; - java.lang.ClassLoader::defineClass@37 (line 1027)
                      ; - java.security.SecureClassLoader::defineClass@12 (line 150)
                      ; - java.net.URLClassLoader::defineClass@220 (line 524)
                      ; - java.net.URLClassLoader$1::run@43 (line 427)
                      ; - java.net.URLClassLoader$1::run@1 (line 421)
                      ; - java.security.AccessController::executePrivileged@29 (line 816)
                      ; - java.security.AccessController::doPrivileged@13 (line 714)
                      ; - java.net.URLClassLoader::findClass@13 (line 420)
  0x0000027aead3f1f8: 6451 e3fe 

  0x0000027aead3f1fc: ;   {other}
  0x0000027aead3f1fc: 0f1f 8400 | f479 00d8 | ba97 ffff | ff48 8b6c | 2450 4c8b | 5424 284c | 8954 2420 | 4c8b 5424 
  0x0000027aead3f21c: 704c 8954 | 2428 6690 

  0x0000027aead3f224: ;   {runtime_call UncommonTrapBlob}
  0x0000027aead3f224: c5f8 77e8 

  0x0000027aead3f228: ; ImmutableOopMap {rbp=Oop [32]=Oop [40]=Oop [72]=Oop [88]=NarrowOop [92]=NarrowOop [96]=Oop }
                      ;*invokevirtual clone {reexecute=1 rethrow=0 return_oop=0}
                      ; - (reexecute) java.util.Arrays::copyOfRange@11 (line 3846)
                      ; - java.lang.StringLatin1::newString@16 (line 856)
                      ; - java.lang.String::substring@41 (line 2930)
                      ; - java.net.URLClassLoader::defineClass@28 (line 489)
                      ; - java.net.URLClassLoader$1::run@43 (line 427)
                      ; - java.net.URLClassLoader$1::run@1 (line 421)
                      ; - java.security.AccessController::executePrivileged@29 (line 816)
                      ; - java.security.AccessController::doPrivileged@13 (line 714)
                      ; - java.net.URLClassLoader::findClass@13 (line 420)
  0x0000027aead3f228: 3451 e3fe 

  0x0000027aead3f22c: ;   {other}
  0x0000027aead3f22c: 0f1f 8400 | 247a 00d9 | ba97 ffff | ff48 8b6c | 2450 4c8b | 5424 284c | 8954 2420 | 4c8b 5424 
  0x0000027aead3f24c: 704c 8954 | 2428 4c8b | 5424 784c | 8954 2470 | 4c8b 9424 | 8000 0000 | 4c89 5424 | 7844 8b94 
  0x0000027aead3f26c: 2488 0000 | 0044 8994 | 2480 0000 | 0066 6690 

  0x0000027aead3f27c: ;   {runtime_call UncommonTrapBlob}
  0x0000027aead3f27c: c5f8 77e8 

  0x0000027aead3f280: ; ImmutableOopMap {rbp=Oop [32]=Oop [40]=Oop [88]=Oop [96]=NarrowOop [100]=NarrowOop [104]=Oop [112]=Oop [120]=Oop }
                      ;*invokevirtual clone {reexecute=1 rethrow=0 return_oop=0}
                      ; - (reexecute) java.util.Arrays::copyOfRange@11 (line 3846)
                      ; - java.lang.StringLatin1::newString@16 (line 856)
                      ; - java.lang.String::substring@41 (line 2930)
                      ; - java.lang.ClassLoader::checkCerts@21 (line 1162)
                      ; - java.lang.ClassLoader::preDefineClass@113 (line 918)
                      ; - java.lang.ClassLoader::defineClass@4 (line 1024)
                      ; - java.security.SecureClassLoader::defineClass@12 (line 150)
                      ; - java.net.URLClassLoader::defineClass@220 (line 524)
                      ; - java.net.URLClassLoader$1::run@43 (line 427)
                      ; - java.net.URLClassLoader$1::run@1 (line 421)
                      ; - java.security.AccessController::executePrivileged@29 (line 816)
                      ; - java.security.AccessController::doPrivileged@13 (line 714)
                      ; - java.net.URLClassLoader::findClass@13 (line 420)
  0x0000027aead3f280: dc50 e3fe 

  0x0000027aead3f284: ;   {other}
  0x0000027aead3f284: 0f1f 8400 | 7c7a 00da | baf6 ffff | ff4c 8b54 | 2450 4c89 | 5424 204c | 8b54 2470 | 4c89 5424 
  0x0000027aead3f2a4: 3048 897c | 2450 6690 

  0x0000027aead3f2ac: ;   {runtime_call UncommonTrapBlob}
  0x0000027aead3f2ac: c5f8 77e8 

  0x0000027aead3f2b0: ; ImmutableOopMap {[32]=Oop [40]=Oop [48]=Oop [80]=Oop [96]=NarrowOop [100]=NarrowOop [120]=Oop [176]=Oop }
                      ;*baload {reexecute=0 rethrow=0 return_oop=0}
                      ; - java.util.zip.ZipUtils::SH@2 (line 207)
                      ; - java.util.zip.ZipUtils::CENNAM@5 (line 276)
                      ; - java.util.zip.ZipFile::getEntryName@13 (line 621)
                      ; - java.util.zip.ZipFile::getManifestName@41 (line 1096)
                      ; - java.util.zip.ZipFile$1::getManifestName@2 (line 1149)
                      ; - java.util.jar.JarFile::maybeInstantiateVerifier@20 (line 721)
                      ; - java.util.jar.JarFile::ensureInitialization@1 (line 1063)
                      ; - java.util.jar.JavaUtilJarAccessImpl::ensureInitialization@1 (line 42)
                      ; - jdk.internal.loader.URLClassPath$JarLoader$2::getManifest@10 (line 841)
                      ; - java.net.URLClassLoader::defineClass@34 (line 491)
                      ; - java.net.URLClassLoader$1::run@43 (line 427)
                      ; - java.net.URLClassLoader$1::run@1 (line 421)
                      ; - java.security.AccessController::executePrivileged@29 (line 816)
                      ; - java.security.AccessController::doPrivileged@13 (line 714)
                      ; - java.net.URLClassLoader::findClass@13 (line 420)
  0x0000027aead3f2b0: ac50 e3fe 

  0x0000027aead3f2b4: ;   {other}
  0x0000027aead3f2b4: 0f1f 8400 | ac7a 00db | baf6 ffff | ff48 8b6c | 2450 4c8b | 5424 284c | 8954 2420 | 4c8b 5424 
  0x0000027aead3f2d4: 704c 8954 | 2428 4c8b | 5424 584c | 8954 2448 | 4c8b 5424 | 784c 8954 | 2450 4c8b | 5424 684c 
  0x0000027aead3f2f4: 8954 2458 

  0x0000027aead3f2f8: ;   {runtime_call UncommonTrapBlob}
  0x0000027aead3f2f8: c5f8 77e8 

  0x0000027aead3f2fc: ; ImmutableOopMap {rbp=Oop [32]=Oop [40]=Oop [72]=Oop [80]=Oop [96]=NarrowOop [100]=NarrowOop [176]=Oop }
                      ;*invokevirtual isUTF8 {reexecute=0 rethrow=0 return_oop=0}
                      ; - java.util.zip.ZipFile$Source::zipCoderForPos@4 (line 1902)
                      ; - java.util.zip.ZipFile::getEntryName@25 (line 622)
                      ; - java.util.zip.ZipFile::getManifestName@41 (line 1096)
                      ; - java.util.zip.ZipFile$1::getManifestName@2 (line 1149)
                      ; - java.util.jar.JarFile::maybeInstantiateVerifier@20 (line 721)
                      ; - java.util.jar.JarFile::ensureInitialization@1 (line 1063)
                      ; - java.util.jar.JavaUtilJarAccessImpl::ensureInitialization@1 (line 42)
                      ; - jdk.internal.loader.URLClassPath$JarLoader$2::getManifest@10 (line 841)
                      ; - java.net.URLClassLoader::defineClass@34 (line 491)
                      ; - java.net.URLClassLoader$1::run@43 (line 427)
                      ; - java.net.URLClassLoader$1::run@1 (line 421)
                      ; - java.security.AccessController::executePrivileged@29 (line 816)
                      ; - java.security.AccessController::doPrivileged@13 (line 714)
                      ; - java.net.URLClassLoader::findClass@13 (line 420)
  0x0000027aead3f2fc: 6050 e3fe 

  0x0000027aead3f300: ;   {other}
  0x0000027aead3f300: 0f1f 8400 | f87a 00dc | baf6 ffff | ff4c 8b4c | 2470 4c89 | 4c24 304c | 8b4c 2450 | 4c89 4c24 
  0x0000027aead3f320: 384c 894c | 2440 4c89 | 5424 504c | 8b54 2468 | 4c89 5424 | 604c 895c | 2470 4489 | 4424 7844 
  0x0000027aead3f340: 8944 247c 

  0x0000027aead3f344: ;   {runtime_call UncommonTrapBlob}
  0x0000027aead3f344: c5f8 77e8 

  0x0000027aead3f348: ; ImmutableOopMap {[40]=Oop [48]=Oop [56]=Oop [64]=Oop [80]=Oop [88]=NarrowOop [112]=Oop [120]=NarrowOop [124]=NarrowOop [160]=Oop }
                      ;*baload {reexecute=0 rethrow=0 return_oop=0}
                      ; - java.util.zip.ZipUtils::SH@2 (line 207)
                      ; - java.util.zip.ZipUtils::CENNAM@5 (line 276)
                      ; - java.util.zip.ZipFile::getEntryName@13 (line 621)
                      ; - java.util.zip.ZipFile::getManifestName@41 (line 1096)
                      ; - java.util.zip.ZipFile$1::getManifestName@2 (line 1149)
                      ; - java.util.jar.JarFile::maybeInstantiateVerifier@20 (line 721)
                      ; - java.util.jar.JarFile$JarFileEntry::getCodeSigners@4 (line 669)
                      ; - jdk.internal.loader.URLClassPath$JarLoader$2::getCodeSigners@4 (line 847)
                      ; - java.net.URLClassLoader::defineClass@185 (line 521)
                      ; - java.net.URLClassLoader$1::run@43 (line 427)
                      ; - java.net.URLClassLoader$1::run@1 (line 421)
                      ; - java.security.AccessController::executePrivileged@29 (line 816)
                      ; - java.security.AccessController::doPrivileged@13 (line 714)
                      ; - java.net.URLClassLoader::findClass@13 (line 420)
  0x0000027aead3f348: 1450 e3fe 

  0x0000027aead3f34c: ;   {other}
  0x0000027aead3f34c: 0f1f 8400 | 447b 00dd | baf6 ffff | ff48 8b6c | 2450 4c8b | 5424 284c | 8954 2420 | 4c8b 5424 
  0x0000027aead3f36c: 704c 8954 | 2428 4c8b | 5424 604c | 8954 2448 | 4c8b 5424 | 684c 8954 | 2450 6690 

  0x0000027aead3f388: ;   {runtime_call UncommonTrapBlob}
  0x0000027aead3f388: c5f8 77e8 

  0x0000027aead3f38c: ; ImmutableOopMap {rbp=Oop [32]=Oop [40]=Oop [72]=Oop [88]=NarrowOop [92]=NarrowOop [120]=Oop [160]=Oop }
                      ;*invokevirtual isUTF8 {reexecute=0 rethrow=0 return_oop=0}
                      ; - java.util.zip.ZipFile$Source::zipCoderForPos@4 (line 1902)
                      ; - java.util.zip.ZipFile::getEntryName@25 (line 622)
                      ; - java.util.zip.ZipFile::getManifestName@41 (line 1096)
                      ; - java.util.zip.ZipFile$1::getManifestName@2 (line 1149)
                      ; - java.util.jar.JarFile::maybeInstantiateVerifier@20 (line 721)
                      ; - java.util.jar.JarFile$JarFileEntry::getCodeSigners@4 (line 669)
                      ; - jdk.internal.loader.URLClassPath$JarLoader$2::getCodeSigners@4 (line 847)
                      ; - java.net.URLClassLoader::defineClass@185 (line 521)
                      ; - java.net.URLClassLoader$1::run@43 (line 427)
                      ; - java.net.URLClassLoader$1::run@1 (line 421)
                      ; - java.security.AccessController::executePrivileged@29 (line 816)
                      ; - java.security.AccessController::doPrivileged@13 (line 714)
                      ; - java.net.URLClassLoader::findClass@13 (line 420)
  0x0000027aead3f38c: d04f e3fe 

  0x0000027aead3f390: ;   {other}
  0x0000027aead3f390: 0f1f 8400 | 887b 00de | ba97 ffff | ff48 8b6c | 2450 4c8b | 5424 284c | 8954 2420 | 4c8b 5424 
  0x0000027aead3f3b0: 704c 8954 | 2428 4c8b | 5424 784c | 8954 2450 

  0x0000027aead3f3c0: ;   {runtime_call UncommonTrapBlob}
  0x0000027aead3f3c0: c5f8 77e8 

  0x0000027aead3f3c4: ; ImmutableOopMap {rbp=Oop [32]=Oop [40]=Oop [72]=Oop [80]=Oop [88]=NarrowOop [96]=Oop [104]=Oop }
                      ;*invokevirtual clone {reexecute=1 rethrow=0 return_oop=0}
                      ; - (reexecute) java.util.Arrays::copyOfRange@11 (line 3846)
                      ; - java.lang.StringLatin1::newString@16 (line 856)
                      ; - java.lang.String::substring@41 (line 2930)
                      ; - java.lang.Class::getPackageName@62 (line 1258)
                      ; - java.lang.ClassLoader::postDefineClass@2 (line 935)
                      ; - java.lang.ClassLoader::defineClass@37 (line 1027)
                      ; - java.security.SecureClassLoader::defineClass@12 (line 150)
                      ; - java.net.URLClassLoader::defineClass@220 (line 524)
                      ; - java.net.URLClassLoader$1::run@43 (line 427)
                      ; - java.net.URLClassLoader$1::run@1 (line 421)
                      ; - java.security.AccessController::executePrivileged@29 (line 816)
                      ; - java.security.AccessController::doPrivileged@13 (line 714)
                      ; - java.net.URLClassLoader::findClass@13 (line 420)
  0x0000027aead3f3c4: 984f e3fe 

  0x0000027aead3f3c8: ;   {other}
  0x0000027aead3f3c8: 0f1f 8400 | c07b 00df | ba97 ffff | ff48 8b6c | 2450 4c8b | 5424 284c | 8954 2420 | 4c8b 5424 
  0x0000027aead3f3e8: 704c 8954 | 2428 4c8b | 5424 784c | 8954 2470 

  0x0000027aead3f3f8: ;   {runtime_call UncommonTrapBlob}
  0x0000027aead3f3f8: c5f8 77e8 

  0x0000027aead3f3fc: ; ImmutableOopMap {rbp=Oop [32]=Oop [40]=Oop [88]=Oop [96]=NarrowOop [104]=Oop [112]=Oop [128]=Oop }
                      ;*invokevirtual clone {reexecute=1 rethrow=0 return_oop=0}
                      ; - (reexecute) java.security.CodeSource::getCertificates@11 (line 200)
                      ; - java.lang.ClassLoader::checkCerts@34 (line 1166)
                      ; - java.lang.ClassLoader::preDefineClass@113 (line 918)
                      ; - java.lang.ClassLoader::defineClass@4 (line 1024)
                      ; - java.security.SecureClassLoader::defineClass@12 (line 150)
                      ; - java.net.URLClassLoader::defineClass@220 (line 524)
                      ; - java.net.URLClassLoader$1::run@43 (line 427)
                      ; - java.net.URLClassLoader$1::run@1 (line 421)
                      ; - java.security.AccessController::executePrivileged@29 (line 816)
                      ; - java.security.AccessController::doPrivileged@13 (line 714)
                      ; - java.net.URLClassLoader::findClass@13 (line 420)
  0x0000027aead3f3fc: 604f e3fe 

  0x0000027aead3f400: ;   {other}
  0x0000027aead3f400: 0f1f 8400 | f87b 00e0 | ba97 ffff | ff48 8b6c | 2450 4c8b | 5424 284c | 8954 2420 | 4c8b 5424 
  0x0000027aead3f420: 584c 8954 | 2428 6690 

  0x0000027aead3f428: ;   {runtime_call UncommonTrapBlob}
  0x0000027aead3f428: c5f8 77e8 

  0x0000027aead3f42c: ; ImmutableOopMap {rbp=Oop [32]=Oop [40]=Oop [64]=Oop [72]=NarrowOop [120]=Oop }
                      ;*invokevirtual clone {reexecute=1 rethrow=0 return_oop=0}
                      ; - (reexecute) java.security.CodeSource::getCertificates@11 (line 200)
                      ; - java.lang.ClassLoader::postDefineClass@24 (line 938)
                      ; - java.lang.ClassLoader::defineClass@37 (line 1027)
                      ; - java.security.SecureClassLoader::defineClass@12 (line 150)
                      ; - java.net.URLClassLoader::defineClass@220 (line 524)
                      ; - java.net.URLClassLoader$1::run@43 (line 427)
                      ; - java.net.URLClassLoader$1::run@1 (line 421)
                      ; - java.security.AccessController::executePrivileged@29 (line 816)
                      ; - java.security.AccessController::doPrivileged@13 (line 714)
                      ; - java.net.URLClassLoader::findClass@13 (line 420)
  0x0000027aead3f42c: 304f e3fe 

  0x0000027aead3f430: ;   {other}
  0x0000027aead3f430: 0f1f 8400 | 287c 00e1 | ba97 ffff | ff48 8b6c | 2450 4c8b | 5424 284c | 8954 2420 | 4c8b 5424 
  0x0000027aead3f450: 704c 8954 | 2428 4c8b | 5424 684c | 8954 2460 

  0x0000027aead3f460: ;   {runtime_call UncommonTrapBlob}
  0x0000027aead3f460: c5f8 77e8 

  0x0000027aead3f464: ; ImmutableOopMap {rbp=Oop [32]=Oop [40]=Oop [72]=Oop [88]=Oop [120]=Oop [160]=Oop }
                      ;*invokevirtual clone {reexecute=1 rethrow=0 return_oop=0}
                      ; - (reexecute) java.security.CodeSource::<init>@42 (line 128)
                      ; - java.net.URLClassLoader::defineClass@198 (line 522)
                      ; - java.net.URLClassLoader$1::run@43 (line 427)
                      ; - java.net.URLClassLoader$1::run@1 (line 421)
                      ; - java.security.AccessController::executePrivileged@29 (line 816)
                      ; - java.security.AccessController::doPrivileged@13 (line 714)
                      ; - java.net.URLClassLoader::findClass@13 (line 420)
  0x0000027aead3f464: f84e e3fe 

  0x0000027aead3f468: ;   {other}
  0x0000027aead3f468: 0f1f 8400 | 607c 00e2 | ba97 ffff | ff48 8b6c | 2450 4c8b | 5424 284c | 8954 2420 | 4c8b 5424 
  0x0000027aead3f488: 704c 8954 | 2428 6690 

  0x0000027aead3f490: ;   {runtime_call UncommonTrapBlob}
  0x0000027aead3f490: c5f8 77e8 

  0x0000027aead3f494: ; ImmutableOopMap {rbp=Oop [32]=Oop [40]=Oop [72]=Oop [88]=NarrowOop [92]=NarrowOop [160]=Oop }
                      ;*invokevirtual clone {reexecute=1 rethrow=0 return_oop=0}
                      ; - (reexecute) java.util.jar.JarFile$JarFileEntry::getCodeSigners@70 (line 676)
                      ; - jdk.internal.loader.URLClassPath$JarLoader$2::getCodeSigners@4 (line 847)
                      ; - java.net.URLClassLoader::defineClass@185 (line 521)
                      ; - java.net.URLClassLoader$1::run@43 (line 427)
                      ; - java.net.URLClassLoader$1::run@1 (line 421)
                      ; - java.security.AccessController::executePrivileged@29 (line 816)
                      ; - java.security.AccessController::doPrivileged@13 (line 714)
                      ; - java.net.URLClassLoader::findClass@13 (line 420)
  0x0000027aead3f494: c84e e3fe 

  0x0000027aead3f498: ;   {other}
  0x0000027aead3f498: 0f1f 8400 | 907c 00e3 | baf6 ffff | ff48 8b6c | 2450 4c8b | 5424 284c | 8954 2420 | 4c8b 5424 
  0x0000027aead3f4b8: 704c 8954 | 2428 448b | 5c24 6044 | 895c 244c | 4489 4424 | 6066 6690 

  0x0000027aead3f4d0: ;   {runtime_call UncommonTrapBlob}
  0x0000027aead3f4d0: c5f8 77e8 

  0x0000027aead3f4d4: ; ImmutableOopMap {rbp=Oop [32]=Oop [40]=Oop [72]=NarrowOop [76]=NarrowOop [88]=Oop [96]=NarrowOop [120]=Oop [128]=Oop }
                      ;*arraylength {reexecute=0 rethrow=0 return_oop=0}
                      ; - java.lang.String::indexOf@34 (line 2495)
                      ; - java.io.WinNTFileSystem::isInvalid@5 (line 358)
                      ; - java.io.File::isInvalid@13 (line 188)
                      ; - java.io.FileInputStream::<init>@54 (line 153)
                      ; - jdk.internal.loader.URLClassPath$FileLoader$1::getInputStream@8 (line 1081)
                      ; - jdk.internal.loader.Resource::cachedInputStream@9 (line 77)
                      ; - jdk.internal.loader.Resource::getByteBuffer@1 (line 163)
                      ; - java.net.URLClassLoader::defineClass@132 (line 511)
                      ; - java.net.URLClassLoader$1::run@43 (line 427)
                      ; - java.net.URLClassLoader$1::run@1 (line 421)
                      ; - java.security.AccessController::executePrivileged@29 (line 816)
                      ; - java.security.AccessController::doPrivileged@13 (line 714)
                      ; - java.net.URLClassLoader::findClass@13 (line 420)
  0x0000027aead3f4d4: 884e e3fe 

  0x0000027aead3f4d8: ;   {other}
  0x0000027aead3f4d8: 0f1f 8400 | d07c 00e4 | ba97 ffff | ff48 8b6c | 2450 4c8b | 5424 284c | 8954 2420 | 4c8b 5424 
  0x0000027aead3f4f8: 484c 8954 | 2428 4c8b | 5424 784c | 8954 2470 | 4c8b 9424 | 8000 0000 | 4c89 5424 | 7866 6690 
  0x0000027aead3f518: ;   {runtime_call UncommonTrapBlob}
  0x0000027aead3f518: c5f8 77e8 

  0x0000027aead3f51c: ; ImmutableOopMap {rbp=Oop [32]=Oop [40]=Oop [88]=Oop [96]=Oop [104]=Oop [112]=Oop [120]=Oop }
                      ;*invokevirtual clone {reexecute=1 rethrow=0 return_oop=0}
                      ; - (reexecute) java.security.CodeSource::getCertificates@86 (line 212)
                      ; - java.lang.ClassLoader::checkCerts@34 (line 1166)
                      ; - java.lang.ClassLoader::preDefineClass@113 (line 918)
                      ; - java.lang.ClassLoader::defineClass@4 (line 1024)
                      ; - java.security.SecureClassLoader::defineClass@12 (line 150)
                      ; - java.net.URLClassLoader::defineClass@220 (line 524)
                      ; - java.net.URLClassLoader$1::run@43 (line 427)
                      ; - java.net.URLClassLoader$1::run@1 (line 421)
                      ; - java.security.AccessController::executePrivileged@29 (line 816)
                      ; - java.security.AccessController::doPrivileged@13 (line 714)
                      ; - java.net.URLClassLoader::findClass@13 (line 420)
  0x0000027aead3f51c: 404e e3fe 

  0x0000027aead3f520: ;   {other}
  0x0000027aead3f520: 0f1f 8400 | 187d 00e5 | ba97 ffff | ff48 8b6c | 2450 4c8b | 5424 284c | 8954 2420 | 4c8b 5424 
  0x0000027aead3f540: 604c 8954 | 2428 6690 

  0x0000027aead3f548: ;   {runtime_call UncommonTrapBlob}
  0x0000027aead3f548: c5f8 77e8 

  0x0000027aead3f54c: ; ImmutableOopMap {rbp=Oop [32]=Oop [40]=Oop [64]=Oop [72]=Oop [120]=Oop }
                      ;*invokevirtual clone {reexecute=1 rethrow=0 return_oop=0}
                      ; - (reexecute) java.security.CodeSource::getCertificates@86 (line 212)
                      ; - java.lang.ClassLoader::postDefineClass@24 (line 938)
                      ; - java.lang.ClassLoader::defineClass@37 (line 1027)
                      ; - java.security.SecureClassLoader::defineClass@12 (line 150)
                      ; - java.net.URLClassLoader::defineClass@220 (line 524)
                      ; - java.net.URLClassLoader$1::run@43 (line 427)
                      ; - java.net.URLClassLoader$1::run@1 (line 421)
                      ; - java.security.AccessController::executePrivileged@29 (line 816)
                      ; - java.security.AccessController::doPrivileged@13 (line 714)
                      ; - java.net.URLClassLoader::findClass@13 (line 420)
  0x0000027aead3f54c: 104e e3fe 

  0x0000027aead3f550: ;   {other}
  0x0000027aead3f550: 0f1f 8400 | 487d 00e6 | 4c8b d845 | 33d2 e926 | 0700 004c | 8bd0 e9b0 | 0100 004c | 8bd0 e929 
  0x0000027aead3f570: 0500 004c | 8bd0 e921 | 0500 004c | 8bd0 e919 | 0500 004c | 8bd0 e911 | 0500 0048 | 8bd8 e98e 
  0x0000027aead3f590: 0300 0048 | 8bd8 e986 | 0300 0048 | 8bd8 e97e | 0300 0048 | 8bd8 e976 | 0300 0048 | 8bd8 448b 
  0x0000027aead3f5b0: 5808 49ba | 0000 0080 | 7a02 0000 | 4d03 d34d 

  0x0000027aead3f5c0: ;   {metadata('java/io/IOException')}
  0x0000027aead3f5c0: 8b52 4849 | bb10 4e04 | 817a 0200 | 004d 3bd3 | 0f85 9b02 | 0000 488b | e8ba 9dff | ffff 4c8b 
  0x0000027aead3f5e0: 5424 704c | 8954 2430 | 4c8b 5424 | 504c 8954 | 2438 4c89 | 5424 404c | 8b54 2460 | 4c89 5424 
  0x0000027aead3f600: 504c 8b54 | 2468 4c89 | 5424 6090 

  0x0000027aead3f60c: ;   {runtime_call UncommonTrapBlob}
  0x0000027aead3f60c: c5f8 77e8 

  0x0000027aead3f610: ; ImmutableOopMap {rbp=Oop [40]=Oop [48]=Oop [56]=Oop [64]=Oop [80]=Oop [88]=NarrowOop [160]=Oop }
                      ;*astore_1 {reexecute=0 rethrow=0 return_oop=0}
                      ; - java.util.jar.JarFile$JarFileEntry::getCodeSigners@10 (line 670)
                      ; - jdk.internal.loader.URLClassPath$JarLoader$2::getCodeSigners@4 (line 847)
                      ; - java.net.URLClassLoader::defineClass@185 (line 521)
                      ; - java.net.URLClassLoader$1::run@43 (line 427)
                      ; - java.net.URLClassLoader$1::run@1 (line 421)
                      ; - java.security.AccessController::executePrivileged@29 (line 816)
                      ; - java.security.AccessController::doPrivileged@13 (line 714)
                      ; - java.net.URLClassLoader::findClass@13 (line 420)
  0x0000027aead3f610: 4c4d e3fe 

  0x0000027aead3f614: ;   {other}
  0x0000027aead3f614: 0f1f 8400 | 0c7e 00e7 | 488b d844 | 8b58 0849 | ba00 0000 | 807a 0200 | 004d 03d3 | 4d8b 5248 
  0x0000027aead3f634: ;   {metadata('java/io/IOException')}
  0x0000027aead3f634: 49bb 104e | 0481 7a02 | 0000 4d3b | d30f 8566 | 0100 0048 | 8be8 ba9d | ffff ff4c | 8b54 2450 
  0x0000027aead3f654: 4c89 5424 | 204c 8b54 | 2470 4c89 | 5424 304c | 8b54 2458 | 4c89 5424 | 5066 6690 

  0x0000027aead3f670: ;   {runtime_call UncommonTrapBlob}
  0x0000027aead3f670: c5f8 77e8 

  0x0000027aead3f674: ; ImmutableOopMap {rbp=Oop [32]=Oop [40]=Oop [48]=Oop [80]=Oop [96]=NarrowOop [100]=NarrowOop [120]=Oop [176]=Oop }
                      ;*astore_1 {reexecute=0 rethrow=0 return_oop=0}
                      ; - java.util.jar.JarFile::ensureInitialization@7 (line 1064)
                      ; - java.util.jar.JavaUtilJarAccessImpl::ensureInitialization@1 (line 42)
                      ; - jdk.internal.loader.URLClassPath$JarLoader$2::getManifest@10 (line 841)
                      ; - java.net.URLClassLoader::defineClass@34 (line 491)
                      ; - java.net.URLClassLoader$1::run@43 (line 427)
                      ; - java.net.URLClassLoader$1::run@1 (line 421)
                      ; - java.security.AccessController::executePrivileged@29 (line 816)
                      ; - java.security.AccessController::doPrivileged@13 (line 714)
                      ; - java.net.URLClassLoader::findClass@13 (line 420)
  0x0000027aead3f674: e84c e3fe 

  0x0000027aead3f678: ;   {other}
  0x0000027aead3f678: 0f1f 8400 | 707e 00e8 | 488b d8e9 | 9902 0000 | 4c8b d0e9 | 0c04 0000 | 4c8b d0e9 | 0404 0000 
  0x0000027aead3f698: 488b d844 | 8b58 0849 | b800 0000 | 807a 0200 | 004d 03c3 | 488b fde9 | 0104 0000 | 4c8b d0e9 
  0x0000027aead3f6b8: e003 0000 | 4c8b d0e9 | d803 0000 | 4c8b d0e9 | d003 0000 | 4c8b d0e9 | b300 0000 | 4c8b d0e9 
  0x0000027aead3f6d8: c003 0000 | 4c8b d0e9 | b803 0000 | 4c8b d0e9 | b003 0000 | 4c8b d0e9 | a803 0000 | 488b d844 
  0x0000027aead3f6f8: 8b58 0849 | b800 0000 | 807a 0200 | 004d 03c3 | 488b fde9 | a503 0000 | 488b d8e9 | b804 0000 
  0x0000027aead3f718: 4c8b d049 | 8bda 458b | 5a08 49ba | 0000 0080 | 7a02 0000 | 4d03 d3e9 | 8504 0000 | 4c8b d0e9 
  0x0000027aead3f738: 6003 0000 | 4c8b d0e9 | 5803 0000 | 4c8b d0e9 | 5003 0000 | 4c8b d0e9 | 4803 0000 | 488b d844 
  0x0000027aead3f758: 8b58 0849 | b800 0000 | 807a 0200 | 004d 03c3 | 4d8b 5050 | 4c3b d50f | 84e3 fdff 

  0x0000027aead3f774: ;   {no_reloc}
  0x0000027aead3f774: ff48 8b7c | 2430 e936 | 0300 004c | 8bd0 eb03 | 4c8b d049 | 8bda 458b | 5208 49b8 | 0000 0080 
  0x0000027aead3f794: 7a02 0000 | 4d03 c248 | 8b7c 2448 | e910 0300 | 0048 8bd8 | eb03 488b | d84c 8b5c | 2430 488d 
  0x0000027aead3f7b4: 8424 e000 | 0000 49ff | 8f50 0500 | 0041 8b87 | 1806 0000 | 4d8b 134d | 3b5c 07f8 | 0f85 2e00 
  0x0000027aead3f7d4: 0000 4183 | af18 0600 | 0008 4d3b | 5c07 f00f | 844d 0000 | 0049 8bc2 | 4883 e0fc | 4983 ca01 
  0x0000027aead3f7f4: f04d 0fb1 | 130f 8520 | 0500 00e9 | 3200 0000 | 4983 ba86 | 0000 0000 | 751e 498b | 8296 0000 
  0x0000027aead3f814: 0049 0b82 | 8e00 0000 | 0f85 1105 | 0000 49c7 | 423e 0000 | 0000 eb0a | 49ff 8a86 | 0000 0045 
  0x0000027aead3f834: 33d2 0f84 | 8d01 0000 | 488b 4c24 | 3048 8d94 | 24e0 0000 | 004d 8bc7 | c5f8 7749 | ba30 dcae 
  0x0000027aead3f854: 38fb 7f00 | 0041 ffd2 

  0x0000027aead3f85c: ;   {other}
  0x0000027aead3f85c: 0f1f 8400 | 0000 0000 | e960 0100 | 0048 8bd8 | eb03 488b | d844 8b5b | 0849 b800 | 0000 807a 
  0x0000027aead3f87c: 0200 004d | 03c3 488b | 7c24 60e9 | 2902 0000 | 4c8b d0eb | 084c 8bd0 | eb03 4c8b | d049 8bda 
  0x0000027aead3f89c: e942 0200 | 004c 8bd0 | e9f3 0100 | 004c 8bd0 | e9eb 0100 | 004c 8bd0 | e9e3 0100 | 0048 8bd8 
  0x0000027aead3f8bc: eb63 488b | d8eb 5e4c | 8bd0 e95a | 0100 004c | 8bd0 e9c9 | 0100 004c | 8bd0 e9c1 | 0100 0048 
  0x0000027aead3f8dc: 8bd8 448b | 5008 49b8 | 0000 0080 | 7a02 0000 | 4d03 c24d | 8b50 504c | 3bd5 0f84 | 8503 0000 
  0x0000027aead3f8fc: 488b 7c24 | 58e9 af01 | 0000 4c8b | d0e9 8e01 | 0000 4c8b | d0e9 8601 | 0000 4c8b | d0e9 7e01 
  0x0000027aead3f91c: 0000 488b | d848 8b7c | 2458 488d | 8424 e000 | 0000 49ff | 8f50 0500 | 0041 8b87 | 1806 0000 
  0x0000027aead3f93c: 4c8b 1749 | 3b7c 07f8 | 0f85 2e00 | 0000 4183 | af18 0600 | 0008 493b | 7c07 f00f 

  0x0000027aead3f958: ;   {no_reloc}
  0x0000027aead3f958: 844d 0000 | 0049 8bc2 | 4883 e0fc | 4983 ca01 | f04c 0fb1 | 170f 8565 | 0300 00e9 | 3200 0000 
  0x0000027aead3f978: 4983 ba86 | 0000 0000 | 751e 498b | 8296 0000 | 0049 0b82 | 8e00 0000 | 0f85 5603 | 0000 49c7 
  0x0000027aead3f998: 423e 0000 | 0000 eb0a | 49ff 8a86 | 0000 0045 | 33d2 0f85 | a402 0000 | 448b 5308 | 49b8 0000 
  0x0000027aead3f9b8: 0080 7a02 | 0000 4d03 | c2e9 ef00 | 0000 488b | d844 8b5b | 0849 b800 | 0000 807a | 0200 004d 
  0x0000027aead3f9d8: 03c3 488b | 7c24 58e9 | d100 0000 | 4c8b d0e9 | b000 0000 | 4c8b d0e9 | a800 0000 | 4c8b d0e9 
  0x0000027aead3f9f8: a000 0000 | 4c8b d0e9 | 9800 0000 | 488b d844 | 8b58 0849 | b800 0000 | 807a 0200 | 004d 03c3 
  0x0000027aead3fa18: 488b 7c24 | 78e9 9300 | 0000 4c8b | d049 8bda | 458b 5a08 | 49b8 0000 | 0080 7a02 | 0000 4d03 
  0x0000027aead3fa38: c348 8b7c | 2420 eb75 | 4c8b d0eb | 034c 8bd0 | 498b da45 | 8b52 0849 | b800 0000 | 807a 0200 
  0x0000027aead3fa58: ;   {no_reloc}
  0x0000027aead3fa58: 004d 03c2 | 488b 7c24 | 20eb 5248 | 8bd8 448b | 5008 49bb | 0000 0080 | 7a02 0000 | 4d03 daeb 
  0x0000027aead3fa78: 7b48 8bd8 | 448b 4008 | 49bb 0000 | 0080 7a02 | 0000 4d03 | d8eb 6548 | 8bd8 eb4f | 488b d8eb 
  0x0000027aead3fa98: 4a4c 8bd0 | 498b da45 | 8b5a 0849 | b800 0000 | 807a 0200 | 004d 03c3 | 488b 7c24 | 784d 8b50 
  0x0000027aead3fab8: ;   {metadata('java/io/IOException')}
  0x0000027aead3fab8: 4849 bb10 | 4e04 817a | 0200 004d | 3bd3 0f84 | 4801 0000 | 4d8b 5050 

  0x0000027aead3fad0: ;   {metadata('java/lang/ClassFormatError')}
  0x0000027aead3fad0: 49bb 28cf | 1681 7a02 | 0000 4d3b | d30f 8449 | 0100 0044 | 8b43 0849 | bb00 0000 | 807a 0200 
  0x0000027aead3faf0: 004d 03d8 | 4d8b 5348 

  0x0000027aead3faf8: ;   {metadata('java/lang/RuntimeException')}
  0x0000027aead3faf8: 49b8 504d | 1a80 7a02 | 0000 4d3b | d00f 84ee | 0000 004d 

  0x0000027aead3fb0c: ;   {metadata('java/lang/Exception')}
  0x0000027aead3fb0c: 8b53 4049 | bbc0 e516 | 807a 0200 | 004d 3bd3 | 0f85 8600 | 0000 4c8b | d34c 8954 | 2428 498b 
  0x0000027aead3fb2c: 87b8 0100 | 004c 8bd0 | 4983 c228 | 4d3b 97c8 | 0100 000f | 8393 0000 | 004d 8997 | b801 0000 
  0x0000027aead3fb4c: 410f 0d8a | 0001 0000 | 48c7 0001 

  0x0000027aead3fb58: ;   {metadata('java/security/PrivilegedActionException')}
  0x0000027aead3fb58: 0000 00c7 | 4008 b875 | 1601 4489 | 600c 4c89 | 6010 4c89 | 6018 4c89 | 6020 488b | e848 8bd5 
  0x0000027aead3fb78: 4c8b 4424 | 2866 6690 

  0x0000027aead3fb80: ;   {optimized virtual_call}
  0x0000027aead3fb80: c5f8 77e8 

  0x0000027aead3fb84: ; ImmutableOopMap {rbp=Oop [80]=Oop }
                      ;*invokespecial <init> {reexecute=0 rethrow=0 return_oop=0}
                      ; - java.security.AccessController::wrapException@5 (line 844)
                      ; - java.security.AccessController::doPrivileged@22 (line 718)
                      ; - java.net.URLClassLoader::findClass@13 (line 420)
  0x0000027aead3fb84: 58ec e2fe 

  0x0000027aead3fb88: ;   {other}
  0x0000027aead3fb88: 0f1f 8400 | 8083 00e9 | ba9d ffff | ff66 6690 

  0x0000027aead3fb98: ;   {runtime_call UncommonTrapBlob}
  0x0000027aead3fb98: c5f8 77e8 

  0x0000027aead3fb9c: ; ImmutableOopMap {rbp=Oop }
                      ;*astore_3 {reexecute=0 rethrow=0 return_oop=0}
                      ; - java.net.URLClassLoader::findClass@23 (line 441)
  0x0000027aead3fb9c: c047 e3fe 

  0x0000027aead3fba0: ;   {other}
  0x0000027aead3fba0: 0f1f 8400 | 9883 00ea | 448b 4308 | 49ba 0000 | 0080 7a02 | 0000 4d03 

  0x0000027aead3fbb8: ;   {metadata('java/security/PrivilegedActionException')}
  0x0000027aead3fbb8: d049 bbb8 | 7516 817a | 0200 004d | 3bd3 7508 | e97f 0000 | 0048 8bd8 | 488b d3e9 | 1b93 ffff 
  0x0000027aead3fbd8: ;   {metadata('java/security/PrivilegedActionException')}
  0x0000027aead3fbd8: 48ba b875 | 1681 7a02 | 0000 6690 

  0x0000027aead3fbe4: ;   {runtime_call _new_instance_Java}
  0x0000027aead3fbe4: c5f8 77e8 

  0x0000027aead3fbe8: ; ImmutableOopMap {[40]=Oop [80]=Oop }
                      ;*new {reexecute=0 rethrow=0 return_oop=1}
                      ; - java.security.AccessController::wrapException@0 (line 844)
                      ; - java.security.AccessController::doPrivileged@22 (line 718)
                      ; - java.net.URLClassLoader::findClass@13 (line 420)
  0x0000027aead3fbe8: f4b7 effe 

  0x0000027aead3fbec: ;   {other}
  0x0000027aead3fbec: 0f1f 8400 | e483 00eb | e979 ffff | ff48 8beb | ba9d ffff | ff66 6690 

  0x0000027aead3fc04: ;   {runtime_call UncommonTrapBlob}
  0x0000027aead3fc04: c5f8 77e8 

  0x0000027aead3fc08: ; ImmutableOopMap {rbp=Oop [80]=Oop }
                      ;*astore_3 {reexecute=0 rethrow=0 return_oop=0}
                      ; - java.security.AccessController::doPrivileged@17 (line 715)
                      ; - java.net.URLClassLoader::findClass@13 (line 420)
  0x0000027aead3fc08: 5447 e3fe 

  0x0000027aead3fc0c: ;   {other}
  0x0000027aead3fc0c: 0f1f 8400 | 0484 00ec | 488b ebba | 9dff ffff 

  0x0000027aead3fc1c: ;   {runtime_call UncommonTrapBlob}
  0x0000027aead3fc1c: c5f8 77e8 

  0x0000027aead3fc20: ; ImmutableOopMap {rbp=Oop [40]=Oop [80]=Oop [112]=Oop }
                      ;*astore_3 {reexecute=0 rethrow=0 return_oop=0}
                      ; - java.net.URLClassLoader$1::run@47 (line 428)
                      ; - java.net.URLClassLoader$1::run@1 (line 421)
                      ; - java.security.AccessController::executePrivileged@29 (line 816)
                      ; - java.security.AccessController::doPrivileged@13 (line 714)
                      ; - java.net.URLClassLoader::findClass@13 (line 420)
  0x0000027aead3fc20: 3c47 e3fe 

  0x0000027aead3fc24: ;   {other}
  0x0000027aead3fc24: 0f1f 8400 | 1c84 00ed | 488b ebba | 9dff ffff | 4889 7c24 | 3066 6690 

  0x0000027aead3fc3c: ;   {runtime_call UncommonTrapBlob}
  0x0000027aead3fc3c: c5f8 77e8 

  0x0000027aead3fc40: ; ImmutableOopMap {rbp=Oop [40]=Oop [48]=Oop [80]=Oop }
                      ;*astore_3 {reexecute=0 rethrow=0 return_oop=0}
                      ; - java.net.URLClassLoader$1::run@61 (line 430)
                      ; - java.net.URLClassLoader$1::run@1 (line 421)
                      ; - java.security.AccessController::executePrivileged@29 (line 816)
                      ; - java.security.AccessController::doPrivileged@13 (line 714)
                      ; - java.net.URLClassLoader::findClass@13 (line 420)
  0x0000027aead3fc40: 1c47 e3fe 

  0x0000027aead3fc44: ;   {other}
  0x0000027aead3fc44: 0f1f 8400 | 3c84 00ee | 488b ebe9 | 3cff ffff | 488b 4c24 | 5848 8d94 | 24e0 0000 | 004d 8bc7 
  0x0000027aead3fc64: c5f8 7749 | ba30 dcae | 38fb 7f00 | 0041 ffd2 

  0x0000027aead3fc74: ;   {other}
  0x0000027aead3fc74: 0f1f 8400 | 0000 0000 | e92f fdff | ff4c 8bd8 | 4c8b 5424 | 20ba 9dff | ffff 488b | 6c24 504c 
  0x0000027aead3fc94: 8b44 2428 | 4c89 4424 | 204c 8b44 | 2470 4c89 | 4424 284c | 8b44 2458 | 4c89 4424 | 504c 8b44 
  0x0000027aead3fcb4: 2468 4c89 | 4424 584c | 8954 2470 | 4c89 5c24 | 7866 6690 

  0x0000027aead3fcc8: ;   {runtime_call UncommonTrapBlob}
  0x0000027aead3fcc8: c5f8 77e8 

  0x0000027aead3fccc: ; ImmutableOopMap {rbp=Oop [32]=Oop [40]=Oop [80]=Oop [96]=NarrowOop [112]=Oop [120]=Oop [176]=Oop }
                      ;*astore {reexecute=0 rethrow=0 return_oop=0}
                      ; - java.net.URLClassLoader::defineClass@88 (line 499)
                      ; - java.net.URLClassLoader$1::run@43 (line 427)
                      ; - java.net.URLClassLoader$1::run@1 (line 421)
                      ; - java.security.AccessController::executePrivileged@29 (line 816)
                      ; - java.security.AccessController::doPrivileged@13 (line 714)
                      ; - java.net.URLClassLoader::findClass@13 (line 420)
  0x0000027aead3fccc: 9046 e3fe 

  0x0000027aead3fcd0: ;   {other}
  0x0000027aead3fcd0: 0f1f 8400 | c884 00ef | 4183 8718 | 0600 0008 | 49ff 8750 | 0500 00e9 | befc ffff | 4983 ba9e 
  0x0000027aead3fcf0: 0000 0000 | 74ea 49c7 | 423e 0000 | 0000 f083 | 0424 0049 | 83ba 9e00 | 0000 0075 | 0b48 33c0 
  0x0000027aead3fd10: f04d 0fb1 | 7a3e 74c8 | 33c0 e98b | fcff ff41 | 8387 1806 | 0000 0849 | ff87 5005 | 0000 e903 
  0x0000027aead3fd30: fbff ff49 | 83ba 9e00 | 0000 0074 | ea49 c742 | 3e00 0000 | 00f0 8304 | 2400 4983 | ba9e 0000 
  0x0000027aead3fd50: 0000 750b | 4833 c0f0 | 4d0f b17a | 3e74 c833 | c0e9 d0fa | ffff 4183 | 8718 0600 | 0008 49ff 
  0x0000027aead3fd70: 8750 0500 | 00e9 dec1 | ffff 4983 | ba9e 0000 | 0000 74ea | 49c7 423e | 0000 0000 | f083 0424 
  0x0000027aead3fd90: 0049 83ba | 9e00 0000 | 0075 0b48 | 33c0 f04d | 0fb1 7a3e | 74c8 33c0 | e9ab c1ff | ff41 8387 
  0x0000027aead3fdb0: 1806 0000 | 0849 ff87 | 5005 0000 | e90a b0ff | ff49 83ba | 9e00 0000 | 0074 ea49 

  0x0000027aead3fdcc: ;   {no_reloc}
  0x0000027aead3fdcc: c742 3e00 | 0000 00f0 | 8304 2400 | 4983 ba9e | 0000 0000 | 750b 4833 | c0f0 4d0f | b17a 3e74 
  0x0000027aead3fdec: c833 c0e9 | d7af ffff | 4183 8718 | 0600 0008 | 49ff 8750 | 0500 00e9 | 4bad ffff | 4983 bb9e 
  0x0000027aead3fe0c: 0000 0000 | 74ea 49c7 | 433e 0000 | 0000 f083 | 0424 0049 | 83bb 9e00 | 0000 0075 | 0b48 33c0 
  0x0000027aead3fe2c: f04d 0fb1 | 7b3e 74c8 | 33c0 e918 | adff ff41 | 8387 1806 | 0000 0849 | ff87 5005 | 0000 e994 
  0x0000027aead3fe4c: a2ff ff49 | 83b9 9e00 | 0000 0074 | ea49 c741 | 3e00 0000 | 00f0 8304 | 2400 4983 | b99e 0000 
  0x0000027aead3fe6c: 0000 750b | 4833 c0f0 | 4d0f b179 | 3e74 c833 | c0e9 61a2 | ffff 4183 | 8718 0600 | 0008 49ff 
  0x0000027aead3fe8c: 8750 0500 | 00e9 d49a | ffff 4983 | ba9e 0000 | 0000 74ea | 49c7 423e | 0000 0000 | f083 0424 
  0x0000027aead3feac: 0049 83ba | 9e00 0000 | 0075 0b48 | 33c0 f04d | 0fb1 7a3e | 74c8 33c0 | e9a1 9aff | ff41 8387 
  0x0000027aead3fecc: ;   {no_reloc}
  0x0000027aead3fecc: 1806 0000 | 0849 ff87 | 5005 0000 | e96c 97ff | ff49 83bb | 9e00 0000 | 0074 ea49 | c743 3e00 
  0x0000027aead3feec: 0000 00f0 | 8304 2400 | 4983 bb9e | 0000 0000 | 750b 4833 | c0f0 4d0f | b17b 3e74 | c833 c0e9 
  0x0000027aead3ff0c: 3997 ffff | 4183 8718 | 0600 0008 | 49ff 8750 | 0500 00e9 | 2d94 ffff | 4983 b89e | 0000 0000 
  0x0000027aead3ff2c: 74ea 49c7 | 403e 0000 | 0000 f083 | 0424 0049 | 83b8 9e00 | 0000 0075 | 0b48 33c0 | f04d 0fb1 
  0x0000027aead3ff4c: 783e 74c8 | 33c0 e9fa 

  0x0000027aead3ff54: ;   {internal_word}
  0x0000027aead3ff54: 93ff ff49 | ba7b 8ed3 | ea7a 0200 | 004d 8997 | 6004 0000 

  0x0000027aead3ff68: ;   {runtime_call SafepointBlob}
  0x0000027aead3ff68: e973 54e3 

  0x0000027aead3ff6c: ;   {runtime_call StubRoutines (final stubs)}
  0x0000027aead3ff6c: fee8 ce77 | e1fe e9f7 | 80ff fff4 
[Stub Code]
  0x0000027aead3ff78: ;   {no_reloc}
  0x0000027aead3ff78: 48bb 0000 | 0000 0000 

  0x0000027aead3ff80: ;   {runtime_call nmethod}
  0x0000027aead3ff80: 0000 e9fb 

  0x0000027aead3ff84: ;   {static_stub}
  0x0000027aead3ff84: ffff ff48 | bb00 0000 | 0000 0000 

  0x0000027aead3ff90: ;   {runtime_call nmethod}
  0x0000027aead3ff90: 00e9 fbff 

  0x0000027aead3ff94: ;   {static_stub}
  0x0000027aead3ff94: ffff 48bb | 0000 0000 | 0000 0000 

  0x0000027aead3ffa0: ;   {runtime_call nmethod}
  0x0000027aead3ffa0: e9fb ffff 

  0x0000027aead3ffa4: ;   {static_stub}
  0x0000027aead3ffa4: ff48 bb00 | 0000 0000 

  0x0000027aead3ffac: ;   {runtime_call nmethod}
  0x0000027aead3ffac: 0000 00e9 | fbff ffff 

  0x0000027aead3ffb4: ;   {static_stub}
  0x0000027aead3ffb4: 48bb 0000 | 0000 0000 

  0x0000027aead3ffbc: ;   {runtime_call nmethod}
  0x0000027aead3ffbc: 0000 e9fb 

  0x0000027aead3ffc0: ;   {static_stub}
  0x0000027aead3ffc0: ffff ff48 | bbd0 151a | 807a 0200 

  0x0000027aead3ffcc: ;   {runtime_call I2C/C2I adapters}
  0x0000027aead3ffcc: 00e9 ec47 

  0x0000027aead3ffd0: ;   {static_stub}
  0x0000027aead3ffd0: e2fe 48bb | f83c 2280 | 7a02 0000 

  0x0000027aead3ffdc: ;   {runtime_call I2C/C2I adapters}
  0x0000027aead3ffdc: e955 3fe3 

  0x0000027aead3ffe0: ;   {static_stub}
  0x0000027aead3ffe0: fe48 bbf8 | 3c22 807a 

  0x0000027aead3ffe8: ;   {runtime_call I2C/C2I adapters}
  0x0000027aead3ffe8: 0200 00e9 | 463f e3fe 

  0x0000027aead3fff0: ;   {static_stub}
  0x0000027aead3fff0: 48bb 0000 | 0000 0000 

  0x0000027aead3fff8: ;   {runtime_call nmethod}
  0x0000027aead3fff8: 0000 e9fb 

  0x0000027aead3fffc: ;   {static_stub}
  0x0000027aead3fffc: ffff ff48 | bb00 0000 | 0000 0000 

  0x0000027aead40008: ;   {runtime_call nmethod}
  0x0000027aead40008: 00e9 fbff 

  0x0000027aead4000c: ;   {static_stub}
  0x0000027aead4000c: ffff 48bb | 0000 0000 | 0000 0000 

  0x0000027aead40018: ;   {runtime_call nmethod}
  0x0000027aead40018: e9fb ffff 

  0x0000027aead4001c: ;   {static_stub}
  0x0000027aead4001c: ff48 bb00 | 0000 0000 

  0x0000027aead40024: ;   {runtime_call nmethod}
  0x0000027aead40024: 0000 00e9 | fbff ffff 

  0x0000027aead4002c: ;   {static_stub}
  0x0000027aead4002c: 48bb 0000 | 0000 0000 

  0x0000027aead40034: ;   {runtime_call nmethod}
  0x0000027aead40034: 0000 e9fb 

  0x0000027aead40038: ;   {static_stub}
  0x0000027aead40038: ffff ff48 | bb00 0000 | 0000 0000 

  0x0000027aead40044: ;   {runtime_call nmethod}
  0x0000027aead40044: 00e9 fbff 

  0x0000027aead40048: ;   {static_stub}
  0x0000027aead40048: ffff 48bb | 0000 0000 | 0000 0000 

  0x0000027aead40054: ;   {runtime_call nmethod}
  0x0000027aead40054: e9fb ffff 

  0x0000027aead40058: ;   {static_stub}
  0x0000027aead40058: ff48 bb00 | 0000 0000 

  0x0000027aead40060: ;   {runtime_call nmethod}
  0x0000027aead40060: 0000 00e9 | fbff ffff 

  0x0000027aead40068: ;   {static_stub}
  0x0000027aead40068: 48bb 2076 | 2780 7a02 

  0x0000027aead40070: ;   {runtime_call I2C/C2I adapters}
  0x0000027aead40070: 0000 e93b 

  0x0000027aead40074: ;   {static_stub}
  0x0000027aead40074: 31e3 fe48 | bb28 7727 | 807a 0200 

  0x0000027aead40080: ;   {runtime_call I2C/C2I adapters}
  0x0000027aead40080: 00e9 2c31 

  0x0000027aead40084: ;   {static_stub}
  0x0000027aead40084: e3fe 48bb | 0000 0000 | 0000 0000 

  0x0000027aead40090: ;   {runtime_call nmethod}
  0x0000027aead40090: e9fb ffff 

  0x0000027aead40094: ;   {static_stub}
  0x0000027aead40094: ff48 bb00 | 0000 0000 

  0x0000027aead4009c: ;   {runtime_call nmethod}
  0x0000027aead4009c: 0000 00e9 | fbff ffff 

  0x0000027aead400a4: ;   {static_stub}
  0x0000027aead400a4: 48bb 0000 | 0000 0000 

  0x0000027aead400ac: ;   {runtime_call nmethod}
  0x0000027aead400ac: 0000 e9fb 

  0x0000027aead400b0: ;   {static_stub}
  0x0000027aead400b0: ffff ff48 | bb00 0000 | 0000 0000 

  0x0000027aead400bc: ;   {runtime_call nmethod}
  0x0000027aead400bc: 00e9 fbff 

  0x0000027aead400c0: ;   {static_stub}
  0x0000027aead400c0: ffff 48bb | 0000 0000 | 0000 0000 

  0x0000027aead400cc: ;   {runtime_call nmethod}
  0x0000027aead400cc: e9fb ffff 

  0x0000027aead400d0: ;   {static_stub}
  0x0000027aead400d0: ff48 bb00 | 0000 0000 

  0x0000027aead400d8: ;   {runtime_call nmethod}
  0x0000027aead400d8: 0000 00e9 | fbff ffff 

  0x0000027aead400e0: ;   {static_stub}
  0x0000027aead400e0: 48bb 0000 | 0000 0000 

  0x0000027aead400e8: ;   {runtime_call nmethod}
  0x0000027aead400e8: 0000 e9fb 

  0x0000027aead400ec: ;   {static_stub}
  0x0000027aead400ec: ffff ff48 | bb00 0000 | 0000 0000 

  0x0000027aead400f8: ;   {runtime_call nmethod}
  0x0000027aead400f8: 00e9 fbff 

  0x0000027aead400fc: ;   {static_stub}
  0x0000027aead400fc: ffff 48bb | 0000 0000 | 0000 0000 

  0x0000027aead40108: ;   {runtime_call nmethod}
  0x0000027aead40108: e9fb ffff 

  0x0000027aead4010c: ;   {static_stub}
  0x0000027aead4010c: ff48 bb00 | 0000 0000 

  0x0000027aead40114: ;   {runtime_call nmethod}
  0x0000027aead40114: 0000 00e9 | fbff ffff 

  0x0000027aead4011c: ;   {static_stub}
  0x0000027aead4011c: 48bb 0000 | 0000 0000 

  0x0000027aead40124: ;   {runtime_call nmethod}
  0x0000027aead40124: 0000 e9fb 

  0x0000027aead40128: ;   {static_stub}
  0x0000027aead40128: ffff ff48 | bb00 0000 | 0000 0000 

  0x0000027aead40134: ;   {runtime_call nmethod}
  0x0000027aead40134: 00e9 fbff 

  0x0000027aead40138: ;   {static_stub}
  0x0000027aead40138: ffff 48bb | 0000 0000 | 0000 0000 

  0x0000027aead40144: ;   {runtime_call nmethod}
  0x0000027aead40144: e9fb ffff 

  0x0000027aead40148: ;   {static_stub}
  0x0000027aead40148: ff48 bb00 | 0000 0000 

  0x0000027aead40150: ;   {runtime_call nmethod}
  0x0000027aead40150: 0000 00e9 | fbff ffff 

  0x0000027aead40158: ;   {static_stub}
  0x0000027aead40158: 48bb 0000 | 0000 0000 

  0x0000027aead40160: ;   {runtime_call nmethod}
  0x0000027aead40160: 0000 e9fb 

  0x0000027aead40164: ;   {static_stub}
  0x0000027aead40164: ffff ff48 | bbd0 7627 | 807a 0200 

  0x0000027aead40170: ;   {runtime_call I2C/C2I adapters}
  0x0000027aead40170: 00e9 38db 

  0x0000027aead40174: ;   {static_stub}
  0x0000027aead40174: e2fe 48bb | 0000 0000 | 0000 0000 

  0x0000027aead40180: ;   {runtime_call nmethod}
  0x0000027aead40180: e9fb ffff 

  0x0000027aead40184: ;   {static_stub}
  0x0000027aead40184: ff48 bb00 | 0000 0000 

  0x0000027aead4018c: ;   {runtime_call nmethod}
  0x0000027aead4018c: 0000 00e9 | fbff ffff 

  0x0000027aead40194: ;   {static_stub}
  0x0000027aead40194: 48bb 0000 | 0000 0000 

  0x0000027aead4019c: ;   {runtime_call nmethod}
  0x0000027aead4019c: 0000 e9fb 

  0x0000027aead401a0: ;   {static_stub}
  0x0000027aead401a0: ffff ff48 | bb88 5e49 | 807a 0200 

  0x0000027aead401ac: ;   {runtime_call I2C/C2I adapters}
  0x0000027aead401ac: 00e9 843d 

  0x0000027aead401b0: ;   {static_stub}
  0x0000027aead401b0: e3fe 48bb | 0000 0000 | 0000 0000 

  0x0000027aead401bc: ;   {runtime_call nmethod}
  0x0000027aead401bc: e9fb ffff 

  0x0000027aead401c0: ;   {static_stub}
  0x0000027aead401c0: ff48 bb00 | 0000 0000 

  0x0000027aead401c8: ;   {runtime_call nmethod}
  0x0000027aead401c8: 0000 00e9 | fbff ffff 
[Exception Handler]
  0x0000027aead401d0: ;   {runtime_call ExceptionBlob}
  0x0000027aead401d0: e90b b5ef | fee8 0000 | 0000 4883 

  0x0000027aead401dc: ;   {runtime_call DeoptimizationBlob}
  0x0000027aead401dc: 2c24 05e9 | 9c44 e3fe | f4f4 f4f4 
[/MachCode]


Compiled method (c2) 719700 55883   !   4       org.gradle.internal.classloader.VisitableURLClassLoader$InstrumentingVisitableURLClassLoader::findClass (36 bytes)
 total in heap  [0x0000027aeab23688,0x0000027aeab25e00] = 10104
 relocation     [0x0000027aeab23760,0x0000027aeab23980] = 544
 main code      [0x0000027aeab23980,0x0000027aeab25ce0] = 9056
 stub code      [0x0000027aeab25ce0,0x0000027aeab25d30] = 80
 oops           [0x0000027aeab25d30,0x0000027aeab25d38] = 8
 metadata       [0x0000027aeab25d38,0x0000027aeab25e00] = 200
 immutable data [0x0000027ac12ff760,0x0000027ac13009d8] = 4728
 dependencies   [0x0000027ac12ff760,0x0000027ac12ff7b0] = 80
 nul chk table  [0x0000027ac12ff7b0,0x0000027ac12ff848] = 152
 handler table  [0x0000027ac12ff848,0x0000027ac12ff938] = 240
 scopes pcs     [0x0000027ac12ff938,0x0000027ac12ffeb8] = 1408
 scopes data    [0x0000027ac12ffeb8,0x0000027ac13009d8] = 2848

[Constant Pool (empty)]

[MachCode]
[Instructions begin]
  0x0000027aeab23980: 6690 448b | 5208 443b 

  0x0000027aeab23988: ;   {runtime_call ic_miss_stub}
  0x0000027aeab23988: 5008 0f85 | 50ab 04ff 
[Verified Entry Point]
  0x0000027aeab23990: 8984 2400 | 80ff ff55 | 4881 ec90 | 0000 0090 | 4181 7f20 | 4c00 0000 | 0f85 2523 | 0000 4c89 
  0x0000027aeab239b0: 4424 304c | 8bd2 448b | 426c 458b | 480c 458b 

  0x0000027aeab239c0: ;   {metadata('java/lang/ThreadLocal')}
  0x0000027aeab239c0: 5908 4181 | fbf0 8523 | 000f 850d | 1000 0049 | 8bd0 4d8b | d949 8bdb | 4d8b 9f88 | 0300 0049 
  0x0000027aeab239e0: 8b33 8b4e | 4c85 c90f | 8458 0900 | 008b 6914 

  0x0000027aeab239f0: ; implicit exception: dispatches to 0x0000027aeab25ba0
  0x0000027aeab239f0: 448b 4d0c | 458d 59ff | 4423 5b0c | 4585 c90f | 86ff 1000 | 0042 8b44 | 9d10 85c0 | 740e 448b 
  0x0000027aeab23a10: 480c 488b | f84c 3bcb | 7450 eb02 | 33ff 4889 | 7424 4048 | 895c 2438 | 4889 5424 | 2844 8944 
  0x0000027aeab23a30: 2420 498b | ea48 8bd1 | 4c8b c345 

  0x0000027aeab23a3c: ;   {optimized virtual_call}
  0x0000027aeab23a3c: 8bcb 90e8 

  0x0000027aeab23a40: ; ImmutableOopMap {rbp=Oop [32]=NarrowOop [40]=Oop [48]=Oop [56]=Oop [64]=Oop }
                      ;*invokevirtual getEntryAfterMiss {reexecute=0 rethrow=0 return_oop=1}
                      ; - java.lang.ThreadLocal$ThreadLocalMap::getEntry@38 (line 504)
                      ; - java.lang.ThreadLocal::get@12 (line 187)
                      ; - java.lang.ThreadLocal::get@4 (line 172)
                      ; - org.gradle.internal.classloader.TransformErrorHandler::getLastErrorAndClear@4 (line 127)
                      ; - org.gradle.internal.classloader.TransformErrorHandler::enterClassLoadingScope@1 (line 69)
                      ; - org.gradle.internal.classloader.VisitableURLClassLoader$InstrumentingVisitableURLClassLoader::findClass@5 (line 186)
  0x0000027aeab23a40: 6cb9 ccff 

  0x0000027aeab23a44: ;   {other}
  0x0000027aeab23a44: 0f1f 8400 | bc03 0000 | 4885 c00f | 841f 0500 | 0048 8bf8 | 4c8b d544 | 8b44 2420 | 488b 5424 
  0x0000027aeab23a64: 2848 8b74 | 2440 448b | 5f1c 498b | fb48 85ff | 0f84 ab07 | 0000 448b 

  0x0000027aeab23a7c: ;   {metadata('java/lang/ClassNotFoundException')}
  0x0000027aeab23a7c: 4f08 4181 | f978 121b | 000f 85d9 | 1000 0045 | 8b58 0c41 

  0x0000027aeab23a90: ;   {metadata('java/lang/ThreadLocal')}
  0x0000027aeab23a90: 8b4b 0881 | f9f0 8523 | 000f 855d | 0f00 008b | 6e4c 448b | 4d14 418b | 490c 498b | c38d 59ff 
  0x0000027aeab23ab0: 2358 0c85 | c90f 8665 | 0f00 0045 | 8b5c 9910 | 4585 db0f | 8495 0900 | 0089 5c24 | 508b d941 
  0x0000027aeab23ad0: 8bc9 4889 | 7c24 4848 | 8974 2440 | 4889 5424 | 2044 8944 | 2438 4c89 | 5424 2849 | 8bd3 4c8b 
  0x0000027aeab23af0: d54c 8954 | 2458 896c | 243c 4d8b | d945 33d2 

  0x0000027aeab23b00: ;   {oop(a 'java/lang/NullPointerException'{0x0000000080301830})}
  0x0000027aeab23b00: 49b8 3018 | 3080 0000 | 0000 4c89 | 5424 684c | 8944 2470 | eb33 4533 | c00f 1f80 | 0000 0000 
  0x0000027aeab23b20: 443b c30f | 835d 0a00 | 0046 8b54 | 8110 4d8b | 8f50 0400 

  0x0000027aeab23b34: ; ImmutableOopMap {r10=NarrowOop r11=Oop rcx=NarrowOop rax=Oop [32]=Oop [40]=Oop [48]=Oop [56]=NarrowOop [60]=NarrowOop [64]=Oop [72]=Oop [88]=Oop [112]=Oop }
                      ;*goto {reexecute=1 rethrow=0 return_oop=0}
                      ; - (reexecute) java.lang.ThreadLocal$ThreadLocalMap::remove@64 (line 578)
                      ; - java.lang.ThreadLocal::remove@12 (line 294)
                      ; - java.lang.ThreadLocal::remove@4 (line 283)
                      ; - org.gradle.internal.classloader.TransformErrorHandler::getLastErrorAndClear@15 (line 128)
                      ; - org.gradle.internal.classloader.TransformErrorHandler::enterClassLoadingScope@1 (line 69)
                      ; - org.gradle.internal.classloader.VisitableURLClassLoader$InstrumentingVisitableURLClassLoader::findClass@5 (line 186)
                      ;   {poll}
  0x0000027aeab23b34: 0041 8501 | 4585 d20f | 84e1 0700 | 0049 8bd2 | 4489 4424 | 5044 8b52 | 0c8b 6c24 | 50ff c54c 
  0x0000027aeab23b54: 3bd0 7409 | 448b c53b | eb7d b7eb 

  0x0000027aeab23b60: ;   {optimized virtual_call}
  0x0000027aeab23b60: bf66 90e8 

  0x0000027aeab23b64: ; ImmutableOopMap {[32]=Oop [40]=Oop [48]=Oop [56]=NarrowOop [60]=NarrowOop [64]=Oop [72]=Oop [88]=Oop [112]=Oop }
                      ;*invokevirtual clear0 {reexecute=0 rethrow=0 return_oop=0}
                      ; - java.lang.ref.Reference::clear@1 (line 406)
                      ; - java.lang.ThreadLocal$ThreadLocalMap::remove@40 (line 580)
                      ; - java.lang.ThreadLocal::remove@12 (line 294)
                      ; - java.lang.ThreadLocal::remove@4 (line 283)
                      ; - org.gradle.internal.classloader.TransformErrorHandler::getLastErrorAndClear@15 (line 128)
                      ; - org.gradle.internal.classloader.TransformErrorHandler::enterClassLoadingScope@1 (line 69)
                      ; - org.gradle.internal.classloader.VisitableURLClassLoader$InstrumentingVisitableURLClassLoader::findClass@5 (line 186)
  0x0000027aeab23b64: c8a8 5aff 

  0x0000027aeab23b68: ;   {other}
  0x0000027aeab23b68: 0f1f 8400 | e004 0002 | 448b 5c24 | 3c41 8b5b | 1485 db0f | 845b 0a00 | 0044 8b53 | 0c44 8b44 
  0x0000027aeab23b88: 2450 453b | c20f 831e | 0d00 0042 | 8b7c 8310 | 85ff 0f84 | 600d 0000 | 4180 7f38 | 000f 858b 
  0x0000027aeab23ba8: 0600 0041 | 807f 3800 | 0f85 c606 | 0000 413b | ea0f 8d41 | 0400 0046 | 8964 8310 | 4489 671c 
  0x0000027aeab23bc8: 458b 4b0c | 41ff c945 | 894b 0c41 | 3bea 0f83 | 3a0d 0000 | 448b 4cab | 1045 85c9 | 0f84 a600 
  0x0000027aeab23be8: 0000 448b | f38b f545 | 8beb 4d8b | d94c 895c | 2450 418b | da44 8954 | 243c ffcb | 498b fe4c 
  0x0000027aeab23c08: 8b54 2450 | 418b 6a0c | 4180 7f38 | 000f 857c | 0700 0085 | ed0f 8436 | 0700 0044 | 8b55 0849 
  0x0000027aeab23c28: bb00 0000 | 807a 0200 | 004d 03da | 4d8b 5338 

  0x0000027aeab23c38: ;   {metadata('java/lang/ThreadLocal')}
  0x0000027aeab23c38: 49bb f085 | 2380 7a02 | 0000 4d3b | d30f 857e | 1000 004c | 8bd5 8beb | 4123 6a0c | 3bee 0f85 
  0x0000027aeab23c58: b303 0000 | ffc6 3b74 | 243c 0f8d | aa05 0000 | 4d8b 9750 

  0x0000027aeab23c6c: ; ImmutableOopMap {rdi=Oop r13=NarrowOop r14=NarrowOop [32]=Oop [40]=Oop [48]=Oop [56]=NarrowOop [64]=Oop [72]=Oop [88]=Oop [112]=Oop }
                      ;*goto {reexecute=1 rethrow=0 return_oop=0}
                      ; - (reexecute) java.lang.ThreadLocal$ThreadLocalMap::expungeStaleEntry@140 (line 683)
                      ; - java.lang.ThreadLocal$ThreadLocalMap::remove@46 (line 581)
                      ; - java.lang.ThreadLocal::remove@12 (line 294)
                      ; - java.lang.ThreadLocal::remove@4 (line 283)
                      ; - org.gradle.internal.classloader.TransformErrorHandler::getLastErrorAndClear@15 (line 128)
                      ; - org.gradle.internal.classloader.TransformErrorHandler::enterClassLoadingScope@1 (line 69)
                      ; - org.gradle.internal.classloader.VisitableURLClassLoader$InstrumentingVisitableURLClassLoader::findClass@5 (line 186)
                      ;   {poll}
  0x0000027aeab23c6c: 0400 0041 | 8502 3b74 | 243c 0f83 | 200f 0000 | 458b 54b6 | 1045 85d2 | 740a 4c89 | 5424 50e9 
  0x0000027aeab23c8c: 77ff ffff | 4c8b 5424 | 2844 8b44 | 2438 4c8b | 5c24 6848 | 8b74 2440 | 488b 7c24 | 484c 8b4c 
  0x0000027aeab23cac: 2470 4885 | ff0f 859d | 0d00 004c | 894c 2438 | 4889 7424 | 284c 895c | 2420 498b | ea49 8bd2 
  0x0000027aeab23ccc: 4c8b 4424 

  0x0000027aeab23cd0: ;   {optimized virtual_call}
  0x0000027aeab23cd0: 3066 90e8 

  0x0000027aeab23cd4: ; ImmutableOopMap {rbp=Oop [40]=Oop [56]=Oop }
                      ;*invokespecial findClass {reexecute=0 rethrow=0 return_oop=1}
                      ; - org.gradle.internal.classloader.VisitableURLClassLoader$InstrumentingVisitableURLClassLoader::findClass@10 (line 189)
  0x0000027aeab23cd4: 7843 2100 

  0x0000027aeab23cd8: ;   {other}
  0x0000027aeab23cd8: 0f1f 8400 | 5006 0004 | 4889 4424 | 3044 8b45 | 6c48 8b4c | 2428 448b | 594c 458b | 480c 458b 
  0x0000027aeab23cf8: ;   {metadata('java/lang/ThreadLocal')}
  0x0000027aeab23cf8: 5108 4181 | faf0 8523 | 000f 856d | 0d00 0049 | 8bd0 4585 | db0f 843c | 0600 0041 | 8b6b 148b 
  0x0000027aeab23d18: 5d0c 448d | 53ff 4523 | 510c 85db | 0f86 0a0e | 0000 428b | 5c95 1085 | db74 108b | 730c 488b 
  0x0000027aeab23d38: fb48 8bde | 493b d974 | 43eb 0233 | ff4c 894c | 2448 4889 | 5424 4044 | 8944 2428 | 488b e949 
  0x0000027aeab23d58: 8bd3 4d8b | c145 8bca 

  0x0000027aeab23d60: ;   {optimized virtual_call}
  0x0000027aeab23d60: 6666 90e8 

  0x0000027aeab23d64: ; ImmutableOopMap {rbp=Oop [40]=NarrowOop [48]=Oop [56]=Oop [64]=Oop [72]=Oop }
                      ;*invokevirtual getEntryAfterMiss {reexecute=0 rethrow=0 return_oop=1}
                      ; - java.lang.ThreadLocal$ThreadLocalMap::getEntry@38 (line 504)
                      ; - java.lang.ThreadLocal::get@12 (line 187)
                      ; - java.lang.ThreadLocal::get@4 (line 172)
                      ; - org.gradle.internal.classloader.TransformErrorHandler::getLastErrorAndClear@4 (line 127)
                      ; - org.gradle.internal.classloader.TransformErrorHandler::exitClassLoadingScope@1 (line 104)
                      ; - org.gradle.internal.classloader.VisitableURLClassLoader$InstrumentingVisitableURLClassLoader::findClass@31 (line 193)
  0x0000027aeab23d64: 48b6 ccff 

  0x0000027aeab23d68: ;   {other}
  0x0000027aeab23d68: 0f1f 8400 | e006 0005 | 4885 c00f | 8449 0200 | 0048 8bf8 | 488b cd44 | 8b44 2428 | 448b 5f1c 
  0x0000027aeab23d88: 4d8b cb4d | 85c9 0f84 | 9804 0000 | 458b 5908 

  0x0000027aeab23d98: ;   {metadata('java/lang/ClassNotFoundException')}
  0x0000027aeab23d98: 4181 fb78 | 121b 000f | 85db 0d00 | 0045 8b50 | 0c45 8b42 

  0x0000027aeab23dac: ;   {metadata('java/lang/ThreadLocal')}
  0x0000027aeab23dac: 0841 81f8 | f085 2300 | 0f85 da0c | 0000 8b69 | 4c8b 7514 

  0x0000027aeab23dc0: ; implicit exception: dispatches to 0x0000027aeab25b88
  0x0000027aeab23dc0: 8b4e 0c49 | 8bc2 448d | 41ff 4423 | 400c 85c9 | 0f86 e20c | 0000 468b | 5c86 1045 | 85db 0f84 
  0x0000027aeab23de0: 6c01 0000 | 498b d348 | 8bfd 4c8b | deeb 2833 | db3b d90f | 83af 0700 | 0044 8b54 | 9e10 4d8b 
  0x0000027aeab23e00: 8750 0400 

  0x0000027aeab23e04: ; ImmutableOopMap {r10=NarrowOop r11=Oop r9=Oop rdi=Oop rsi=NarrowOop rax=Oop rbp=NarrowOop [48]=Oop [56]=Oop }
                      ;*goto {reexecute=1 rethrow=0 return_oop=0}
                      ; - (reexecute) java.lang.ThreadLocal$ThreadLocalMap::remove@64 (line 578)
                      ; - java.lang.ThreadLocal::remove@12 (line 294)
                      ; - java.lang.ThreadLocal::remove@4 (line 283)
                      ; - org.gradle.internal.classloader.TransformErrorHandler::getLastErrorAndClear@15 (line 128)
                      ; - org.gradle.internal.classloader.TransformErrorHandler::exitClassLoadingScope@1 (line 104)
                      ; - org.gradle.internal.classloader.VisitableURLClassLoader$InstrumentingVisitableURLClassLoader::findClass@31 (line 193)
                      ;   {poll}
  0x0000027aeab23e04: 0041 8500 | 4585 d20f | 843f 0100 | 0049 8bd2 | 448b c344 | 8b52 0c41 | 8d58 014c | 3bd0 7406 
  0x0000027aeab23e24: 3bd9 7dc7 | ebc7 895c | 242c 4889 | 7c24 4044 | 8944 2428 | 4c89 4c24 

  0x0000027aeab23e3c: ;   {optimized virtual_call}
  0x0000027aeab23e3c: 2066 90e8 

  0x0000027aeab23e40: ; ImmutableOopMap {rbp=NarrowOop [32]=Oop [48]=Oop [56]=Oop [64]=Oop }
                      ;*invokevirtual clear0 {reexecute=0 rethrow=0 return_oop=0}
                      ; - java.lang.ref.Reference::clear@1 (line 406)
                      ; - java.lang.ThreadLocal$ThreadLocalMap::remove@40 (line 580)
                      ; - java.lang.ThreadLocal::remove@12 (line 294)
                      ; - java.lang.ThreadLocal::remove@4 (line 283)
                      ; - org.gradle.internal.classloader.TransformErrorHandler::getLastErrorAndClear@15 (line 128)
                      ; - org.gradle.internal.classloader.TransformErrorHandler::exitClassLoadingScope@1 (line 104)
                      ; - org.gradle.internal.classloader.VisitableURLClassLoader$InstrumentingVisitableURLClassLoader::findClass@31 (line 193)
  0x0000027aeab23e40: eca5 5aff 

  0x0000027aeab23e44: ;   {other}
  0x0000027aeab23e44: 0f1f 8400 | bc07 0007 | 448b d544 | 8b45 1445 | 85c0 0f84 | f80a 0000 | 458b 580c | 8b44 2428 
  0x0000027aeab23e64: 413b c30f | 8300 0b00 | 0041 8b7c | 8010 85ff | 0f84 1e0b | 0000 4180 | 7f38 000f | 853f 0400 
  0x0000027aeab23e84: 0041 807f | 3800 0f85 | 6204 0000 | 448b 4c24 | 2c45 3bcb | 0f8d 6901 | 0000 4589 | 6480 1044 
  0x0000027aeab23ea4: 8967 1c41 | 8b5a 0cff | cb41 895a | 0c45 3bcb | 0f83 f70a | 0000 438b | 4c88 1085 | c90f 8484 
  0x0000027aeab23ec4: 0000 0048 | 8bf1 418d | 5bff 4d8b | e88b 6e0c | 4180 7f38 | 000f 851d | 0500 0085 | ed0f 84de 
  0x0000027aeab23ee4: 0400 008b | 7d08 48b9 | 0000 0080 | 7a02 0000 | 4803 cf48 

  0x0000027aeab23ef8: ;   {metadata('java/lang/ThreadLocal')}
  0x0000027aeab23ef8: 8b49 3848 | bff0 8523 | 807a 0200 | 0048 3bcf | 0f85 da0d | 0000 488b | cd8b eb23 | 690c 413b 
  0x0000027aeab23f18: e90f 85ee | 0100 0041 | ffc1 453b | cb0f 8df2 | 0200 0049 | 8b8f 5004 

  0x0000027aeab23f30: ; ImmutableOopMap {r10=NarrowOop r8=NarrowOop r13=Oop [32]=Oop [48]=Oop [64]=Oop }
                      ;*goto {reexecute=1 rethrow=0 return_oop=0}
                      ; - (reexecute) java.lang.ThreadLocal$ThreadLocalMap::expungeStaleEntry@140 (line 683)
                      ; - java.lang.ThreadLocal$ThreadLocalMap::remove@46 (line 581)
                      ; - java.lang.ThreadLocal::remove@12 (line 294)
                      ; - java.lang.ThreadLocal::remove@4 (line 283)
                      ; - org.gradle.internal.classloader.TransformErrorHandler::getLastErrorAndClear@15 (line 128)
                      ; - org.gradle.internal.classloader.TransformErrorHandler::exitClassLoadingScope@1 (line 104)
                      ; - org.gradle.internal.classloader.VisitableURLClassLoader$InstrumentingVisitableURLClassLoader::findClass@31 (line 193)
                      ;   {poll}
  0x0000027aeab23f30: 0000 8501 | 453b cb0f | 8393 0c00 | 0043 8b7c | 8810 85ff | 7405 488b | f7eb 864c | 8b4c 2420 
  0x0000027aeab23f50: 4d85 c90f | 8593 0b00 | 0048 8b44 | 2430 4881 | c490 0000 

  0x0000027aeab23f64: ;   {poll_return}
  0x0000027aeab23f64: 005d 493b | a748 0400 | 000f 874a | 1d00 00c3 | 4c8b d548 | 8b54 2428 | 488b 5c24 | 3848 8b74 
  0x0000027aeab23f84: 2440 4889 | 7424 3848 | 8954 2428 | 498b ea48 | 8bd3 4c8b 

  0x0000027aeab23f98: ;   {optimized virtual_call}
  0x0000027aeab23f98: c666 90e8 

  0x0000027aeab23f9c: ; ImmutableOopMap {rbp=Oop [32]=NarrowOop [40]=Oop [48]=Oop [56]=Oop }
                      ;*invokevirtual setInitialValue {reexecute=0 rethrow=0 return_oop=1}
                      ; - java.lang.ThreadLocal::get@31 (line 194)
                      ; - java.lang.ThreadLocal::get@4 (line 172)
                      ; - org.gradle.internal.classloader.TransformErrorHandler::getLastErrorAndClear@4 (line 127)
                      ; - org.gradle.internal.classloader.TransformErrorHandler::enterClassLoadingScope@1 (line 69)
                      ; - org.gradle.internal.classloader.VisitableURLClassLoader$InstrumentingVisitableURLClassLoader::findClass@5 (line 186)
  0x0000027aeab23f9c: 908f 84ff 

  0x0000027aeab23fa0: ;   {other}
  0x0000027aeab23fa0: 0f1f 8400 | 1809 0009 | 4c8b d544 | 8b44 2420 | 488b 5424 | 2848 8b74 | 2438 488b | f8e9 affa 
  0x0000027aeab23fc0: ffff 488b | cd48 8b54 | 2440 4c8b | 4c24 484c | 8bd2 488b | e949 8bd1 | 4c8b c14c | 8954 2440 
  0x0000027aeab23fe0: ;   {optimized virtual_call}
  0x0000027aeab23fe0: 6666 90e8 

  0x0000027aeab23fe4: ; ImmutableOopMap {rbp=Oop [40]=NarrowOop [48]=Oop [56]=Oop [64]=Oop }
                      ;*invokevirtual setInitialValue {reexecute=0 rethrow=0 return_oop=1}
                      ; - java.lang.ThreadLocal::get@31 (line 194)
                      ; - java.lang.ThreadLocal::get@4 (line 172)
                      ; - org.gradle.internal.classloader.TransformErrorHandler::getLastErrorAndClear@4 (line 127)
                      ; - org.gradle.internal.classloader.TransformErrorHandler::exitClassLoadingScope@1 (line 104)
                      ; - org.gradle.internal.classloader.VisitableURLClassLoader$InstrumentingVisitableURLClassLoader::findClass@31 (line 193)
  0x0000027aeab23fe4: 488f 84ff 

  0x0000027aeab23fe8: ;   {other}
  0x0000027aeab23fe8: 0f1f 8400 | 6009 000a | 488b cd44 | 8b44 2428 | 4c8b c8e9 | 8bfd ffff | 33ed e9b8 | fbff ff45 
  0x0000027aeab24008: 33c9 e98f | feff ff3b | 7424 3c0f | 8321 0f00 | 0041 807f | 3800 0f85 | 4c04 0000 | 4589 64b6 
  0x0000027aeab24028: 1044 8b54 | 243c 4585 | d20f 8635 | 1000 0045 | 3b64 ae10 | 7429 6690 | ffc5 3b6c | 243c 0f8d 
  0x0000027aeab24048: 0404 0000 | 4d8b 9750 

  0x0000027aeab24050: ; ImmutableOopMap {rdi=Oop r13=NarrowOop r14=NarrowOop [32]=Oop [40]=Oop [48]=Oop [56]=NarrowOop [64]=Oop [72]=Oop [80]=Oop [88]=Oop [112]=Oop }
                      ;*goto {reexecute=1 rethrow=0 return_oop=0}
                      ; - (reexecute) java.lang.ThreadLocal$ThreadLocalMap::expungeStaleEntry@123 (line 697)
                      ; - java.lang.ThreadLocal$ThreadLocalMap::remove@46 (line 581)
                      ; - java.lang.ThreadLocal::remove@12 (line 294)
                      ; - java.lang.ThreadLocal::remove@4 (line 283)
                      ; - org.gradle.internal.classloader.TransformErrorHandler::getLastErrorAndClear@15 (line 128)
                      ; - org.gradle.internal.classloader.TransformErrorHandler::enterClassLoadingScope@1 (line 69)
                      ; - org.gradle.internal.classloader.VisitableURLClassLoader$InstrumentingVisitableURLClassLoader::findClass@5 (line 186)
                      ;   {poll}
  0x0000027aeab24050: 0400 0041 | 8502 3b6c | 243c 0f83 | 300f 0000 | 453b 64ae | 1075 d93b | 6c24 3c0f | 83eb 0e00 
  0x0000027aeab24070: 0049 8d6c | ae10 4180 | 7f38 000f | 8523 0400 | 004c 8b54 | 2450 4c8b | 5c24 504d | 8bc3 4489 
  0x0000027aeab24090: 4500 4c8b | dd4d 33d3 | 49c1 ea14 | 4d85 d20f | 84b7 fbff | ff49 c1eb | 0948 b900 | 00c5 f17a 
  0x0000027aeab240b0: 0200 0049 | 03cb 8039 | 020f 849d | fbff ff4d | 8b57 484d | 8b5f 40f0 | 8344 24c0 | 0080 3900 
  0x0000027aeab240d0: 0f84 86fb | ffff 4488 | 214d 85db | 751d 498b | d749 bac0 | 076c 38fb | 7f00 0041 

  0x0000027aeab240ec: ;   {other}
  0x0000027aeab240ec: ffd2 0f1f | 8400 0000 | 0000 e961 | fbff ff4b | 894c 1af8 | 4983 c3f8 | 4d89 5f40 | e94f fbff 
  0x0000027aeab2410c: ff45 3bcb | 0f83 ae0e | 0000 4180 | 7f38 000f | 85b6 0300 | 0047 8964 | 8810 4585 | db0f 8671 
  0x0000027aeab2412c: 0f00 0045 | 3b64 a810 | 742e 6666 | 0f1f 8400 | 0000 0000 | ffc5 413b | eb0f 8d0c | 0300 0049 
  0x0000027aeab2414c: 8b97 5004 

  0x0000027aeab24150: ; ImmutableOopMap {r10=NarrowOop r8=NarrowOop rsi=Oop r13=Oop [32]=Oop [48]=Oop [64]=Oop }
                      ;*goto {reexecute=1 rethrow=0 return_oop=0}
                      ; - (reexecute) java.lang.ThreadLocal$ThreadLocalMap::expungeStaleEntry@123 (line 697)
                      ; - java.lang.ThreadLocal$ThreadLocalMap::remove@46 (line 581)
                      ; - java.lang.ThreadLocal::remove@12 (line 294)
                      ; - java.lang.ThreadLocal::remove@4 (line 283)
                      ; - org.gradle.internal.classloader.TransformErrorHandler::getLastErrorAndClear@15 (line 128)
                      ; - org.gradle.internal.classloader.TransformErrorHandler::exitClassLoadingScope@1 (line 104)
                      ; - org.gradle.internal.classloader.VisitableURLClassLoader$InstrumentingVisitableURLClassLoader::findClass@31 (line 193)
                      ;   {poll}
  0x0000027aeab24150: 0000 8502 | 413b eb0f | 83d7 0e00 | 0045 3b64 | a810 75dc | 413b eb0f | 838f 0e00 | 0049 8d7c 
  0x0000027aeab24170: a810 4180 | 7f38 000f | 85b3 0300 | 0048 8bce | 8937 4833 | cf48 c1e9 | 1448 85c9 | 0f84 8dfd 
  0x0000027aeab24190: ffff 48c1 | ef09 48b9 | 0000 c5f1 | 7a02 0000 | 4803 cf80 | 3902 0f84 | 73fd ffff | 498b 7f48 
  0x0000027aeab241b0: 498b 5740 | f083 4424 | c000 8039 | 000f 845c | fdff ff44 | 8821 4885 | d275 3541 | 8beb 458b 
  0x0000027aeab241d0: f041 8bf9 | 418b f249 | 8bd7 49ba | c007 6c38 | fb7f 0000 

  0x0000027aeab241e4: ;   {other}
  0x0000027aeab241e4: 41ff d20f | 1f84 0000 | 0000 0044 | 8bd6 448b | cf45 8bc6 | 448b dde9 | 1ffd ffff | 4889 4c17 
  0x0000027aeab24204: f848 83c2 | f849 8957 | 40e9 0dfd | ffff 4533 | d241 8bf2 | e94b faff | ff45 33c9 | e906 fdff 
  0x0000027aeab24224: ff33 ffe9 | 5ff8 ffff | 4c8b 4c24 | 20e9 6ffb | ffff 458b | ea44 8bf3 | 418b f344 | 8b5f 1c45 
  0x0000027aeab24244: 85db 7421 | 4d8b 5728 | 498b cb4d | 85d2 0f84 | a40a 0000 | 4d8b 5f30 | 4b89 4c13 | f849 83c2 
  0x0000027aeab24264: f84d 8957 | 2844 8bde | 448b 4424 | 5041 8bde | 458b d5e9 | 2ff9 ffff | 458b ea44 | 8bf3 418b 
  0x0000027aeab24284: d841 8bf3 | 478b 5486 | 1045 85d2 | 7421 4d8b | 5f28 498b | ca4d 85db | 0f84 770a | 0000 4d8b 
  0x0000027aeab242a4: 5730 4b89 | 4c1a f849 | 83c3 f84d | 895f 2844 | 8bde 448b | c341 8bde | 458b d5e9 | f2f8 ffff 
  0x0000027aeab242c4: 8b4f 1c85 | c90f 84b6 | fbff ff4d | 8b4f 284d | 85c9 0f84 | 8d0a 0000 | 498b 5f30 | 4a89 4c0b 
  0x0000027aeab242e4: ;   {no_reloc}
  0x0000027aeab242e4: f849 83c1 | f84d 894f | 28e9 93fb | ffff 418b | 4c80 1085 | c90f 8491 | fbff ff4d | 8b4f 284d 
  0x0000027aeab24304: 85c9 0f84 | 2a0a 0000 | 498b 5f30 | 4a89 4c0b | f849 83c1 | f84d 894f | 28e9 6efb | ffff 4c8b 
  0x0000027aeab24324: 5424 2844 | 8b44 2438 | 4c8b 5c24 | 6848 8b74 | 2440 488b | 7c24 484c | 8b4c 2470 | e969 f9ff 
  0x0000027aeab24344: ff44 8944 | 2420 e937 | fcff ff44 | 8944 2428 | e976 fcff | ff41 807f | 3800 0f85 | 9808 0000 
  0x0000027aeab24364: 4c8b 5424 | 5045 8962 | 1c3b 7424 | 3c0f 83d9 | 0f00 0041 | 807f 3800 | 0f85 b208 | 0000 4589 
  0x0000027aeab24384: 64b6 1045 | 8b55 0c41 | ffca 4589 | 550c e9c5 | f8ff ff85 | ed0f 847c | f8ff ff4d | 8b57 2848 
  0x0000027aeab243a4: 8bcd 4d85 | d20f 8433 | 0a00 004d | 8b5f 304b | 894c 13f8 | 4983 c2f8 | 4d89 5728 | e956 f8ff 
  0x0000027aeab243c4: ff41 807f | 3800 0f85 | 9808 0000 | 4489 661c | 453b cb0f | 83a7 0f00 | 0041 807f | 3800 0f85 
  0x0000027aeab243e4: ;   {no_reloc}
  0x0000027aeab243e4: b108 0000 | 4789 6488 | 1041 8b7a | 0cff cf41 | 897a 0ce9 | 23fb ffff | 85ed 0f84 | dbfa ffff 
  0x0000027aeab24404: 498b 5728 | 488b cd48 | 85d2 0f84 | eb09 0000 | 4889 7424 | 3844 895c | 2428 418b | f045 8bf1 
  0x0000027aeab24424: 418b fa4d | 8b57 3049 | 894c 12f8 | 4883 c2f8 | 4989 5728 | 448b d745 | 8bce 448b | c644 8b5c 
  0x0000027aeab24444: 2428 488b | 7424 38e9 | 8ffa ffff | 33ed e9f5 | fbff ff33 | ede9 edfc | ffff 4533 

  0x0000027aeab24460: ;   {oop(a 'java/lang/NullPointerException'{0x0000000080301830})}
  0x0000027aeab24460: db49 b930 | 1830 8000 | 0000 00e9 | 3ef8 ffff | 458b 54b6 | 1045 85d2 | 0f84 a6fb | ffff 4d8b 
  0x0000027aeab24480: 5f28 498b | ca4d 85db | 0f84 b20c | 0000 4d8b | 5730 4b89 | 4c1a f849 | 83c3 f84d | 895f 28e9 
  0x0000027aeab244a0: 80fb ffff | 448b 5d00 | 4585 db0f | 84d0 fbff | ff4d 8b57 | 2849 8bcb | 4d85 d20f | 849c 0c00 
  0x0000027aeab244c0: 004d 8b5f | 304b 894c | 13f8 4983 | c2f8 4d89 | 5728 e9aa | fbff ff43 | 8b7c 8810 | 85ff 0f84 
  0x0000027aeab244e0: 3dfc ffff | 498b 5728 | 488b cf48 | 85d2 0f84 | 860c 0000 | 4889 7424 | 3844 895c | 2428 458b 
  0x0000027aeab24500: f041 8bf9 | 418b f24d | 8b57 3049 | 894c 12f8 | 4883 c2f8 | 4989 5728 | 448b d644 | 8bcf 458b 
  0x0000027aeab24520: c644 8b5c | 2428 488b | 7424 38e9 | f1fb ffff | 8b17 85d2 | 0f84 43fc | ffff 498b | 4728 488b 
  0x0000027aeab24540: ca48 85c0 | 0f84 600c | 0000 4889 | 7424 3844 | 895c 2428 | 458b f041 | 8bf1 418b | ea4d 8b57 
  0x0000027aeab24560: ;   {no_reloc}
  0x0000027aeab24560: 3049 894c | 02f8 4883 | c0f8 4989 | 4728 448b | d544 8bce | 458b c644 | 8b5c 2428 | 488b 7424 
  0x0000027aeab24580: 38e9 f7fb | ffff bae4 | ffff ff48 | 8be8 4489 | 4424 2489 | 5c24 5489 

  0x0000027aeab24598: ;   {runtime_call UncommonTrapBlob}
  0x0000027aeab24598: 4c24 58e8 

  0x0000027aeab2459c: ; ImmutableOopMap {rbp=Oop [40]=Oop [48]=Oop [56]=NarrowOop [60]=NarrowOop [72]=Oop [88]=NarrowOop }
                      ;*aaload {reexecute=0 rethrow=0 return_oop=0}
                      ; - java.lang.ThreadLocal$ThreadLocalMap::remove@61 (line 578)
                      ; - java.lang.ThreadLocal::remove@12 (line 294)
                      ; - java.lang.ThreadLocal::remove@4 (line 283)
                      ; - org.gradle.internal.classloader.TransformErrorHandler::getLastErrorAndClear@15 (line 128)
                      ; - org.gradle.internal.classloader.TransformErrorHandler::enterClassLoadingScope@1 (line 69)
                      ; - org.gradle.internal.classloader.VisitableURLClassLoader$InstrumentingVisitableURLClassLoader::findClass@5 (line 186)
  0x0000027aeab2459c: c0fd 04ff 

  0x0000027aeab245a0: ;   {other}
  0x0000027aeab245a0: 0f1f 8400 | 180f 000d | bae4 ffff | ff48 ff74 | 2430 488f | 4424 204c | 894c 2428 | 4889 4424 
  0x0000027aeab245c0: 3089 4c24 | 3c89 7424 | 4489 5c24 

  0x0000027aeab245cc: ;   {runtime_call UncommonTrapBlob}
  0x0000027aeab245cc: 4866 90e8 

  0x0000027aeab245d0: ; ImmutableOopMap {rbp=NarrowOop [32]=Oop [40]=Oop [48]=Oop [68]=NarrowOop }
                      ;*aaload {reexecute=0 rethrow=0 return_oop=0}
                      ; - java.lang.ThreadLocal$ThreadLocalMap::remove@61 (line 578)
                      ; - java.lang.ThreadLocal::remove@12 (line 294)
                      ; - java.lang.ThreadLocal::remove@4 (line 283)
                      ; - org.gradle.internal.classloader.TransformErrorHandler::getLastErrorAndClear@15 (line 128)
                      ; - org.gradle.internal.classloader.TransformErrorHandler::exitClassLoadingScope@1 (line 104)
                      ; - org.gradle.internal.classloader.VisitableURLClassLoader$InstrumentingVisitableURLClassLoader::findClass@31 (line 193)
  0x0000027aeab245d0: 8cfd 04ff 

  0x0000027aeab245d4: ;   {other}
  0x0000027aeab245d4: 0f1f 8400 | 4c0f 000e | 4180 7f38 | 000f 8589 | 0c00 0048 | 8b5c 2470 | 4489 6314 | e9ac 0200 
  0x0000027aeab245f4: 00eb 04eb | 02eb 0048 | 8bd8 e99e | 0200 0048 | 8944 2430 | 4c8b d545 | 8b4a 6c4c | 8b44 2428 
  0x0000027aeab24614: 458b 584c 

  0x0000027aeab24618: ; implicit exception: dispatches to 0x0000027aeab25c2c
  0x0000027aeab24618: 458b 510c 

  0x0000027aeab2461c: ; implicit exception: dispatches to 0x0000027aeab25c44
  0x0000027aeab2461c: 418b 4a08 

  0x0000027aeab24620: ;   {metadata('java/lang/ThreadLocal')}
  0x0000027aeab24620: 81f9 f085 | 2300 0f85 | 680f 0000 | 498b c949 | 8bda 4585 | db0f 849f | 0b00 0041 | 8b6b 148b 
  0x0000027aeab24640: 7d0c 448d | 57ff 4423 | 530c 85ff | 0f86 e60f | 0000 428b | 7c95 1085 | ff74 0d8b | 770c 488b 
  0x0000027aeab24660: d648 3bd3 | 7442 eb02 | 33ff 4889 | 5c24 4848 | 894c 2440 | 4489 4c24 | 2849 8be8 | 498b d34c 
  0x0000027aeab24680: 8bc3 458b 

  0x0000027aeab24684: ;   {optimized virtual_call}
  0x0000027aeab24684: ca66 90e8 

  0x0000027aeab24688: ; ImmutableOopMap {rbp=Oop [40]=NarrowOop [48]=Oop [56]=Oop [64]=Oop [72]=Oop }
                      ;*invokevirtual getEntryAfterMiss {reexecute=0 rethrow=0 return_oop=1}
                      ; - java.lang.ThreadLocal$ThreadLocalMap::getEntry@38 (line 504)
                      ; - java.lang.ThreadLocal::get@12 (line 187)
                      ; - java.lang.ThreadLocal::get@4 (line 172)
                      ; - org.gradle.internal.classloader.TransformErrorHandler::getLastErrorAndClear@4 (line 127)
                      ; - org.gradle.internal.classloader.TransformErrorHandler::exitClassLoadingScopeWithException@1 (line 117)
                      ; - org.gradle.internal.classloader.VisitableURLClassLoader$InstrumentingVisitableURLClassLoader::findClass@23 (line 191)
  0x0000027aeab24688: 24ad ccff 

  0x0000027aeab2468c: ;   {other}
  0x0000027aeab2468c: 0f1f 8400 | 0410 000f | 4885 c00f | 84ff 0600 | 0048 8bf8 | 4c8b c544 | 8b4c 2428 | 448b 5f1c 
  0x0000027aeab246ac: 4d8b d34d | 85d2 0f84 | 200a 0000 | 458b 5a08 

  0x0000027aeab246bc: ;   {metadata('java/lang/ClassNotFoundException')}
  0x0000027aeab246bc: 4181 fb78 | 121b 000f | 859f 0f00 | 0049 8bca | 458b 510c 

  0x0000027aeab246d0: ; implicit exception: dispatches to 0x0000027aeab25c58
  0x0000027aeab246d0: 458b 4a08 

  0x0000027aeab246d4: ;   {metadata('java/lang/ThreadLocal')}
  0x0000027aeab246d4: 4181 f9f0 | 8523 000f | 85d3 0e00 | 0045 8b40 | 4c45 8b58 | 1441 8b43 | 0c49 8bf2 | 448d 48ff 
  0x0000027aeab246f4: 4423 4e0c | 85c0 0f86 | d80e 0000 | 438b 5c8b | 1085 db0f | 8470 0100 | 0048 8bd3 | 498b d844 
  0x0000027aeab24714: 8b52 0c41 | 8d79 014c | 3bd6 7433 | 3bf8 0f8d | b306 0000 | 3bf8 0f83 | 500f 0000 | 458b 4cbb 
  0x0000027aeab24734: 1049 8baf | 5004 0000 

  0x0000027aeab2473c: ; ImmutableOopMap {r11=NarrowOop r8=NarrowOop r9=NarrowOop rcx=Oop rbx=Oop rsi=Oop r13=Oop [48]=Oop [56]=Oop }
                      ;*goto {reexecute=1 rethrow=0 return_oop=0}
                      ; - (reexecute) java.lang.ThreadLocal$ThreadLocalMap::remove@64 (line 578)
                      ; - java.lang.ThreadLocal::remove@12 (line 294)
                      ; - java.lang.ThreadLocal::remove@4 (line 283)
                      ; - org.gradle.internal.classloader.TransformErrorHandler::getLastErrorAndClear@15 (line 128)
                      ; - org.gradle.internal.classloader.TransformErrorHandler::exitClassLoadingScopeWithException@1 (line 117)
                      ; - org.gradle.internal.classloader.VisitableURLClassLoader$InstrumentingVisitableURLClassLoader::findClass@23 (line 191)
                      ;   {poll}
  0x0000027aeab2473c: 4d8b eb85 | 4500 4585 | c90f 8432 | 0100 0049 | 8bd1 448b | cfeb c089 | 7c24 2c48 | 895c 2440 
  0x0000027aeab2475c: 4489 4c24 | 2841 8be8 | 4889 4c24 

  0x0000027aeab24768: ;   {optimized virtual_call}
  0x0000027aeab24768: 2066 90e8 

  0x0000027aeab2476c: ; ImmutableOopMap {rbp=NarrowOop [32]=Oop [48]=Oop [56]=Oop [64]=Oop }
                      ;*invokevirtual clear0 {reexecute=0 rethrow=0 return_oop=0}
                      ; - java.lang.ref.Reference::clear@1 (line 406)
                      ; - java.lang.ThreadLocal$ThreadLocalMap::remove@40 (line 580)
                      ; - java.lang.ThreadLocal::remove@12 (line 294)
                      ; - java.lang.ThreadLocal::remove@4 (line 283)
                      ; - org.gradle.internal.classloader.TransformErrorHandler::getLastErrorAndClear@15 (line 128)
                      ; - org.gradle.internal.classloader.TransformErrorHandler::exitClassLoadingScopeWithException@1 (line 117)
                      ; - org.gradle.internal.classloader.VisitableURLClassLoader$InstrumentingVisitableURLClassLoader::findClass@23 (line 191)
  0x0000027aeab2476c: c09c 5aff 

  0x0000027aeab24770: ;   {other}
  0x0000027aeab24770: 0f1f 8400 | e810 0011 | 448b d545 | 8b42 1445 | 85c0 0f84 | 820d 0000 | 458b 580c | 448b 4c24 
  0x0000027aeab24790: 2845 3bcb | 0f83 890d | 0000 438b | 7c88 1085 | ff0f 84a9 | 0d00 0041 | 807f 3800 | 0f85 3009 
  0x0000027aeab247b0: 0000 4180 | 7f38 000f | 8553 0900 | 008b 5c24 | 2c41 3bdb | 0f8d 0a06 | 0000 4789 | 6488 1044 
  0x0000027aeab247d0: 8967 1c45 | 8b4a 0c41 | ffc9 4589 | 4a0c 413b | db0f 8382 | 0d00 0041 | 8b4c 9810 | 85c9 0f84 
  0x0000027aeab247f0: 8400 0000 | 4c8b c941 | 8d7b ff4d | 8be8 418b | 690c 4180 | 7f38 000f | 850e 0a00 | 0085 ed0f 
  0x0000027aeab24810: 84cf 0900 | 008b 4d08 | 48ba 0000 | 0080 7a02 | 0000 4803 | d148 8b4a 

  0x0000027aeab24828: ;   {metadata('java/lang/ThreadLocal')}
  0x0000027aeab24828: 3848 baf0 | 8523 807a | 0200 0048 | 3bca 0f85 | 0a0f 0000 | 488b cd8b | ef23 690c | 3beb 0f85 
  0x0000027aeab24848: e305 0000 | ffc3 413b | db0f 8ddc | 0600 004d | 8b8f 5004 

  0x0000027aeab2485c: ; ImmutableOopMap {r10=NarrowOop r8=NarrowOop r13=Oop [32]=Oop [48]=Oop [64]=Oop }
                      ;*goto {reexecute=1 rethrow=0 return_oop=0}
                      ; - (reexecute) java.lang.ThreadLocal$ThreadLocalMap::expungeStaleEntry@140 (line 683)
                      ; - java.lang.ThreadLocal$ThreadLocalMap::remove@46 (line 581)
                      ; - java.lang.ThreadLocal::remove@12 (line 294)
                      ; - java.lang.ThreadLocal::remove@4 (line 283)
                      ; - org.gradle.internal.classloader.TransformErrorHandler::getLastErrorAndClear@15 (line 128)
                      ; - org.gradle.internal.classloader.TransformErrorHandler::exitClassLoadingScopeWithException@1 (line 117)
                      ; - org.gradle.internal.classloader.VisitableURLClassLoader$InstrumentingVisitableURLClassLoader::findClass@23 (line 191)
                      ;   {poll}
  0x0000027aeab2485c: 0000 4185 | 0141 3bdb | 0f83 4a0e | 0000 418b | 4c98 1085 | c974 054c | 8bc9 eb86 | 488b 4c24 
  0x0000027aeab2487c: 2048 85c9 | 0f85 860d | 0000 4c8b | 5c24 3045 

  0x0000027aeab2488c: ;   {metadata('java/lang/ClassNotFoundException')}
  0x0000027aeab2488c: 8b53 0841 | 81fa 7812 | 1b00 0f85 | 880d 0000 | 488b 5c24 | 3048 8bd3 | 4881 c490 | 0000 005d 
  0x0000027aeab248ac: ;   {runtime_call _rethrow_Java}
  0x0000027aeab248ac: e9af bf11 | ffba e4ff | ffff 4889 | 4424 f88b | 4424 5089 | 4424 2048 | 8b44 24f8 | 4889 4424 
  0x0000027aeab248cc: f88b 4424 | 3889 4424 | 2448 8b44 | 24f8 48ff | 7424 4848 | 8f44 2440 | 4489 5c24 | 4844 8954 
  0x0000027aeab248ec: 2450 895c 

  0x0000027aeab248f0: ;   {runtime_call UncommonTrapBlob}
  0x0000027aeab248f0: 2454 90e8 

  0x0000027aeab248f4: ; ImmutableOopMap {[36]=NarrowOop [40]=Oop [48]=Oop [64]=Oop [72]=NarrowOop [84]=NarrowOop }
                      ;*aaload {reexecute=0 rethrow=0 return_oop=0}
                      ; - java.lang.ThreadLocal$ThreadLocalMap::expungeStaleEntry@10 (line 674)
                      ; - java.lang.ThreadLocal$ThreadLocalMap::remove@46 (line 581)
                      ; - java.lang.ThreadLocal::remove@12 (line 294)
                      ; - java.lang.ThreadLocal::remove@4 (line 283)
                      ; - org.gradle.internal.classloader.TransformErrorHandler::getLastErrorAndClear@15 (line 128)
                      ; - org.gradle.internal.classloader.TransformErrorHandler::enterClassLoadingScope@1 (line 69)
                      ; - org.gradle.internal.classloader.VisitableURLClassLoader$InstrumentingVisitableURLClassLoader::findClass@5 (line 186)
  0x0000027aeab248f4: 68fa 04ff 

  0x0000027aeab248f8: ;   {other}
  0x0000027aeab248f8: 0f1f 8400 | 7012 0013 | 4180 7f38 | 000f 859d | 0900 0048 | 8b5c 2470 | 4489 6314 | eb8b bae4 
  0x0000027aeab24918: ffff ff48 | 8944 24f8 | 8b44 2438 | 8944 2424 | 488b 4424 | f848 ff74 | 2448 488f | 4424 4044 
  0x0000027aeab24938: 895c 2448 | 4489 5424 | 5089 5c24 

  0x0000027aeab24944: ;   {runtime_call UncommonTrapBlob}
  0x0000027aeab24944: 5466 90e8 

  0x0000027aeab24948: ; ImmutableOopMap {[36]=NarrowOop [40]=Oop [48]=Oop [64]=Oop [72]=NarrowOop [84]=NarrowOop }
                      ;*aaload {reexecute=0 rethrow=0 return_oop=0}
                      ; - java.lang.ThreadLocal$ThreadLocalMap::expungeStaleEntry@39 (line 682)
                      ; - java.lang.ThreadLocal$ThreadLocalMap::remove@46 (line 581)
                      ; - java.lang.ThreadLocal::remove@12 (line 294)
                      ; - java.lang.ThreadLocal::remove@4 (line 283)
                      ; - org.gradle.internal.classloader.TransformErrorHandler::getLastErrorAndClear@15 (line 128)
                      ; - org.gradle.internal.classloader.TransformErrorHandler::enterClassLoadingScope@1 (line 69)
                      ; - org.gradle.internal.classloader.VisitableURLClassLoader$InstrumentingVisitableURLClassLoader::findClass@5 (line 186)
  0x0000027aeab24948: 14fa 04ff 

  0x0000027aeab2494c: ;   {other}
  0x0000027aeab2494c: 0f1f 8400 | c412 0014 | 4180 7f38 | 000f 8581 | 0900 0048 | 8b5c 2438 | 4489 6314 | e934 ffff 
  0x0000027aeab2496c: ffba e4ff | ffff 488b | 6c24 3044 | 8954 2428 | 4489 5c24 | 3444 8944 | 2438 8944 

  0x0000027aeab24988: ;   {runtime_call UncommonTrapBlob}
  0x0000027aeab24988: 243c 90e8 

  0x0000027aeab2498c: ; ImmutableOopMap {rbp=Oop [32]=Oop [40]=NarrowOop [56]=NarrowOop }
                      ;*aaload {reexecute=0 rethrow=0 return_oop=0}
                      ; - java.lang.ThreadLocal$ThreadLocalMap::expungeStaleEntry@10 (line 674)
                      ; - java.lang.ThreadLocal$ThreadLocalMap::remove@46 (line 581)
                      ; - java.lang.ThreadLocal::remove@12 (line 294)
                      ; - java.lang.ThreadLocal::remove@4 (line 283)
                      ; - org.gradle.internal.classloader.TransformErrorHandler::getLastErrorAndClear@15 (line 128)
                      ; - org.gradle.internal.classloader.TransformErrorHandler::exitClassLoadingScope@1 (line 104)
                      ; - org.gradle.internal.classloader.VisitableURLClassLoader$InstrumentingVisitableURLClassLoader::findClass@31 (line 193)
  0x0000027aeab2498c: d0f9 04ff 

  0x0000027aeab24990: ;   {other}
  0x0000027aeab24990: 0f1f 8400 | 0813 0015 | 4180 7f38 | 000f 8575 | 0900 0048 | 8b5c 2438 | 4489 6314 | e9f0 feff 
  0x0000027aeab249b0: ffba e4ff | ffff 488b | 6c24 3044 | 8954 2428 | 4489 5c24 | 3044 8944 | 2438 4489 

  0x0000027aeab249cc: ;   {runtime_call UncommonTrapBlob}
  0x0000027aeab249cc: 4c24 3ce8 

  0x0000027aeab249d0: ; ImmutableOopMap {rbp=Oop [32]=Oop [40]=NarrowOop [56]=NarrowOop }
                      ;*aaload {reexecute=0 rethrow=0 return_oop=0}
                      ; - java.lang.ThreadLocal$ThreadLocalMap::expungeStaleEntry@39 (line 682)
                      ; - java.lang.ThreadLocal$ThreadLocalMap::remove@46 (line 581)
                      ; - java.lang.ThreadLocal::remove@12 (line 294)
                      ; - java.lang.ThreadLocal::remove@4 (line 283)
                      ; - org.gradle.internal.classloader.TransformErrorHandler::getLastErrorAndClear@15 (line 128)
                      ; - org.gradle.internal.classloader.TransformErrorHandler::exitClassLoadingScope@1 (line 104)
                      ; - org.gradle.internal.classloader.VisitableURLClassLoader$InstrumentingVisitableURLClassLoader::findClass@31 (line 193)
  0x0000027aeab249d0: 8cf9 04ff 

  0x0000027aeab249d4: ;   {other}
  0x0000027aeab249d4: 0f1f 8400 | 4c13 0016 | bade ffff | ff49 8bea | 4489 4424 | 2c44 894c 

  0x0000027aeab249ec: ;   {runtime_call UncommonTrapBlob}
  0x0000027aeab249ec: 2438 90e8 

  0x0000027aeab249f0: ; ImmutableOopMap {rbp=Oop [44]=NarrowOop [48]=Oop [56]=NarrowOop }
                      ;*invokevirtual get {reexecute=0 rethrow=0 return_oop=0}
                      ; - org.gradle.internal.classloader.TransformErrorHandler::getLastErrorAndClear@4 (line 127)
                      ; - org.gradle.internal.classloader.TransformErrorHandler::enterClassLoadingScope@1 (line 69)
                      ; - org.gradle.internal.classloader.VisitableURLClassLoader$InstrumentingVisitableURLClassLoader::findClass@5 (line 186)
  0x0000027aeab249f0: 6cf9 04ff 

  0x0000027aeab249f4: ;   {other}
  0x0000027aeab249f4: 0f1f 8400 | 6c13 0017 | bade ffff | ff49 8bea | 4489 4424 | 2848 897c | 2438 4489 

  0x0000027aeab24a10: ;   {runtime_call UncommonTrapBlob}
  0x0000027aeab24a10: 5c24 2ce8 

  0x0000027aeab24a14: ; ImmutableOopMap {rbp=Oop [40]=NarrowOop [44]=NarrowOop [48]=Oop [56]=Oop }
                      ;*invokevirtual remove {reexecute=0 rethrow=0 return_oop=0}
                      ; - org.gradle.internal.classloader.TransformErrorHandler::getLastErrorAndClear@15 (line 128)
                      ; - org.gradle.internal.classloader.TransformErrorHandler::enterClassLoadingScope@1 (line 69)
                      ; - org.gradle.internal.classloader.VisitableURLClassLoader$InstrumentingVisitableURLClassLoader::findClass@5 (line 186)
  0x0000027aeab24a14: 48f9 04ff 

  0x0000027aeab24a18: ;   {other}
  0x0000027aeab24a18: 0f1f 8400 | 9013 0018 | bae4 ffff | ff48 8944 | 2420 895c | 242c 4c89 | 5424 3844 | 8944 2440 
  0x0000027aeab24a38: 4889 7c24 | 5089 4c24 | 5844 894c 

  0x0000027aeab24a44: ;   {runtime_call UncommonTrapBlob}
  0x0000027aeab24a44: 245c 90e8 

  0x0000027aeab24a48: ; ImmutableOopMap {rbp=NarrowOop [32]=Oop [48]=Oop [56]=Oop [64]=NarrowOop [80]=Oop [92]=NarrowOop }
                      ;*aaload {reexecute=0 rethrow=0 return_oop=0}
                      ; - java.lang.ThreadLocal$ThreadLocalMap::remove@21 (line 576)
                      ; - java.lang.ThreadLocal::remove@12 (line 294)
                      ; - java.lang.ThreadLocal::remove@4 (line 283)
                      ; - org.gradle.internal.classloader.TransformErrorHandler::getLastErrorAndClear@15 (line 128)
                      ; - org.gradle.internal.classloader.TransformErrorHandler::enterClassLoadingScope@1 (line 69)
                      ; - org.gradle.internal.classloader.VisitableURLClassLoader$InstrumentingVisitableURLClassLoader::findClass@5 (line 186)
  0x0000027aeab24a48: 14f9 04ff 

  0x0000027aeab24a4c: ;   {other}
  0x0000027aeab24a4c: 0f1f 8400 | c413 0019 | ba54 ffff | ff49 8bea | 4489 4424 | 2848 897c 

  0x0000027aeab24a64: ;   {runtime_call UncommonTrapBlob}
  0x0000027aeab24a64: 2440 90e8 

  0x0000027aeab24a68: ; ImmutableOopMap {rbp=Oop [40]=NarrowOop [48]=Oop [64]=Oop }
                      ;*ifnull {reexecute=1 rethrow=0 return_oop=0}
                      ; - (reexecute) org.gradle.internal.classloader.TransformErrorHandler::enterClassLoadingScope@6 (line 70)
                      ; - org.gradle.internal.classloader.VisitableURLClassLoader$InstrumentingVisitableURLClassLoader::findClass@5 (line 186)
  0x0000027aeab24a68: f4f8 04ff 

  0x0000027aeab24a6c: ;   {other}
  0x0000027aeab24a6c: 0f1f 8400 | e413 001a | bade ffff | ff48 8be8 | 4489 4424 | 2044 894c 

  0x0000027aeab24a84: ;   {runtime_call UncommonTrapBlob}
  0x0000027aeab24a84: 2424 90e8 

  0x0000027aeab24a88: ; ImmutableOopMap {rbp=Oop [32]=NarrowOop [36]=NarrowOop }
                      ;*invokevirtual get {reexecute=0 rethrow=0 return_oop=0}
                      ; - org.gradle.internal.classloader.TransformErrorHandler::getLastErrorAndClear@4 (line 127)
                      ; - org.gradle.internal.classloader.TransformErrorHandler::exitClassLoadingScope@1 (line 104)
                      ; - org.gradle.internal.classloader.VisitableURLClassLoader$InstrumentingVisitableURLClassLoader::findClass@31 (line 193)
  0x0000027aeab24a88: d4f8 04ff 

  0x0000027aeab24a8c: ;   {other}
  0x0000027aeab24a8c: 0f1f 8400 | 0414 001b | bade ffff | ff48 8b6c | 2430 4c89 | 4c24 2044 | 8954 2428 

  0x0000027aeab24aa8: ;   {runtime_call UncommonTrapBlob}
  0x0000027aeab24aa8: 6666 90e8 

  0x0000027aeab24aac: ; ImmutableOopMap {rbp=Oop [32]=Oop [40]=NarrowOop }
                      ;*invokevirtual remove {reexecute=0 rethrow=0 return_oop=0}
                      ; - org.gradle.internal.classloader.TransformErrorHandler::getLastErrorAndClear@15 (line 128)
                      ; - org.gradle.internal.classloader.TransformErrorHandler::exitClassLoadingScope@1 (line 104)
                      ; - org.gradle.internal.classloader.VisitableURLClassLoader$InstrumentingVisitableURLClassLoader::findClass@31 (line 193)
  0x0000027aeab24aac: b0f8 04ff 

  0x0000027aeab24ab0: ;   {other}
  0x0000027aeab24ab0: 0f1f 8400 | 2814 001c | bae4 ffff | ff48 ff74 | 2430 488f | 4424 204c | 894c 2428 | 4889 4424 
  0x0000027aeab24ad0: 3089 4c24 | 3c89 7424 | 4444 8944 

  0x0000027aeab24adc: ;   {runtime_call UncommonTrapBlob}
  0x0000027aeab24adc: 2448 90e8 

  0x0000027aeab24ae0: ; ImmutableOopMap {rbp=NarrowOop [32]=Oop [40]=Oop [48]=Oop [68]=NarrowOop }
                      ;*aaload {reexecute=0 rethrow=0 return_oop=0}
                      ; - java.lang.ThreadLocal$ThreadLocalMap::remove@21 (line 576)
                      ; - java.lang.ThreadLocal::remove@12 (line 294)
                      ; - java.lang.ThreadLocal::remove@4 (line 283)
                      ; - org.gradle.internal.classloader.TransformErrorHandler::getLastErrorAndClear@15 (line 128)
                      ; - org.gradle.internal.classloader.TransformErrorHandler::exitClassLoadingScope@1 (line 104)
                      ; - org.gradle.internal.classloader.VisitableURLClassLoader$InstrumentingVisitableURLClassLoader::findClass@31 (line 193)
  0x0000027aeab24ae0: 7cf8 04ff 

  0x0000027aeab24ae4: ;   {other}
  0x0000027aeab24ae4: 0f1f 8400 | 5c14 001d | ba54 ffff | ff4c 894c 

  0x0000027aeab24af4: ;   {runtime_call UncommonTrapBlob}
  0x0000027aeab24af4: 2428 90e8 

  0x0000027aeab24af8: ; ImmutableOopMap {[40]=Oop [48]=Oop }
                      ;*ifnull {reexecute=1 rethrow=0 return_oop=0}
                      ; - (reexecute) org.gradle.internal.classloader.TransformErrorHandler::exitClassLoadingScope@6 (line 105)
                      ; - org.gradle.internal.classloader.VisitableURLClassLoader$InstrumentingVisitableURLClassLoader::findClass@31 (line 193)
  0x0000027aeab24af8: 64f8 04ff 

  0x0000027aeab24afc: ;   {other}
  0x0000027aeab24afc: 0f1f 8400 | 7414 001e | bae4 ffff | ff4c 8954 | 2420 4489 | 4424 3c48 | 8974 2448 | 894c 2450 
  0x0000027aeab24b1c: 4889 5c24 | 5844 895c 

  0x0000027aeab24b24: ;   {runtime_call UncommonTrapBlob}
  0x0000027aeab24b24: 2460 90e8 

  0x0000027aeab24b28: ; ImmutableOopMap {rbp=NarrowOop [32]=Oop [48]=Oop [60]=NarrowOop [72]=Oop [80]=NarrowOop [88]=Oop }
                      ;*aaload {reexecute=0 rethrow=0 return_oop=0}
                      ; - java.lang.ThreadLocal$ThreadLocalMap::getEntry@18 (line 500)
                      ; - java.lang.ThreadLocal::get@12 (line 187)
                      ; - java.lang.ThreadLocal::get@4 (line 172)
                      ; - org.gradle.internal.classloader.TransformErrorHandler::getLastErrorAndClear@4 (line 127)
                      ; - org.gradle.internal.classloader.TransformErrorHandler::enterClassLoadingScope@1 (line 69)
                      ; - org.gradle.internal.classloader.VisitableURLClassLoader$InstrumentingVisitableURLClassLoader::findClass@5 (line 186)
  0x0000027aeab24b28: 34f8 04ff 

  0x0000027aeab24b2c: ;   {other}
  0x0000027aeab24b2c: 0f1f 8400 | a414 001f | bae4 ffff | ff48 8944 | 2420 4489 | 4424 2848 | 894c 2438 | 4489 5c24 
  0x0000027aeab24b4c: 2c4c 894c | 2440 4489 

  0x0000027aeab24b54: ;   {runtime_call UncommonTrapBlob}
  0x0000027aeab24b54: 5424 4ce8 

  0x0000027aeab24b58: ; ImmutableOopMap {rbp=NarrowOop [32]=Oop [40]=NarrowOop [44]=NarrowOop [56]=Oop [64]=Oop }
                      ;*aaload {reexecute=0 rethrow=0 return_oop=0}
                      ; - java.lang.ThreadLocal$ThreadLocalMap::getEntry@18 (line 500)
                      ; - java.lang.ThreadLocal::get@12 (line 187)
                      ; - java.lang.ThreadLocal::get@4 (line 172)
                      ; - org.gradle.internal.classloader.TransformErrorHandler::getLastErrorAndClear@4 (line 127)
                      ; - org.gradle.internal.classloader.TransformErrorHandler::exitClassLoadingScope@1 (line 104)
                      ; - org.gradle.internal.classloader.VisitableURLClassLoader$InstrumentingVisitableURLClassLoader::findClass@31 (line 193)
  0x0000027aeab24b58: 04f8 04ff 

  0x0000027aeab24b5c: ;   {other}
  0x0000027aeab24b5c: 0f1f 8400 | d414 0020 | bade ffff | ff49 8bea | 4889 7c24 

  0x0000027aeab24b70: ;   {runtime_call UncommonTrapBlob}
  0x0000027aeab24b70: 2866 90e8 

  0x0000027aeab24b74: ; ImmutableOopMap {rbp=Oop [40]=Oop [48]=Oop }
                      ;*checkcast {reexecute=0 rethrow=0 return_oop=0}
                      ; - org.gradle.internal.classloader.TransformErrorHandler::getLastErrorAndClear@7 (line 127)
                      ; - org.gradle.internal.classloader.TransformErrorHandler::enterClassLoadingScope@1 (line 69)
                      ; - org.gradle.internal.classloader.VisitableURLClassLoader$InstrumentingVisitableURLClassLoader::findClass@5 (line 186)
  0x0000027aeab24b74: e8f7 04ff 

  0x0000027aeab24b78: ;   {other}
  0x0000027aeab24b78: 0f1f 8400 | f014 0021 | bade ffff | ff48 8b6c | 2430 4c89 

  0x0000027aeab24b8c: ;   {runtime_call UncommonTrapBlob}
  0x0000027aeab24b8c: 4c24 20e8 

  0x0000027aeab24b90: ; ImmutableOopMap {rbp=Oop [32]=Oop }
                      ;*checkcast {reexecute=0 rethrow=0 return_oop=0}
                      ; - org.gradle.internal.classloader.TransformErrorHandler::getLastErrorAndClear@7 (line 127)
                      ; - org.gradle.internal.classloader.TransformErrorHandler::exitClassLoadingScope@1 (line 104)
                      ; - org.gradle.internal.classloader.VisitableURLClassLoader$InstrumentingVisitableURLClassLoader::findClass@31 (line 193)
  0x0000027aeab24b90: ccf7 04ff 

  0x0000027aeab24b94: ;   {other}
  0x0000027aeab24b94: 0f1f 8400 | 0c15 0022 | bae4 ffff | ff89 7424 | 2048 8944 | 24f8 8b44 | 2438 8944 | 2424 488b 
  0x0000027aeab24bb4: 4424 f844 | 896c 2438 | 4489 7424 

  0x0000027aeab24bc0: ;   {runtime_call UncommonTrapBlob}
  0x0000027aeab24bc0: 5466 90e8 

  0x0000027aeab24bc4: ; ImmutableOopMap {[36]=NarrowOop [40]=Oop [48]=Oop [56]=NarrowOop [72]=Oop [84]=NarrowOop }
                      ;*aaload {reexecute=0 rethrow=0 return_oop=0}
                      ; - java.lang.ThreadLocal$ThreadLocalMap::expungeStaleEntry@39 (line 682)
                      ; - java.lang.ThreadLocal$ThreadLocalMap::remove@46 (line 581)
                      ; - java.lang.ThreadLocal::remove@12 (line 294)
                      ; - java.lang.ThreadLocal::remove@4 (line 283)
                      ; - org.gradle.internal.classloader.TransformErrorHandler::getLastErrorAndClear@15 (line 128)
                      ; - org.gradle.internal.classloader.TransformErrorHandler::enterClassLoadingScope@1 (line 69)
                      ; - org.gradle.internal.classloader.VisitableURLClassLoader$InstrumentingVisitableURLClassLoader::findClass@5 (line 186)
  0x0000027aeab24bc4: 98f7 04ff 

  0x0000027aeab24bc8: ;   {other}
  0x0000027aeab24bc8: 0f1f 8400 | 4015 0023 | bae4 ffff | ff48 8b6c | 2430 4489 | 5424 2844 | 895c 2430 | 4489 4424 
  0x0000027aeab24be8: 3844 894c 

  0x0000027aeab24bec: ;   {runtime_call UncommonTrapBlob}
  0x0000027aeab24bec: 243c 90e8 

  0x0000027aeab24bf0: ; ImmutableOopMap {rbp=Oop [32]=Oop [40]=NarrowOop [56]=NarrowOop }
                      ;*aaload {reexecute=0 rethrow=0 return_oop=0}
                      ; - java.lang.ThreadLocal$ThreadLocalMap::expungeStaleEntry@39 (line 682)
                      ; - java.lang.ThreadLocal$ThreadLocalMap::remove@46 (line 581)
                      ; - java.lang.ThreadLocal::remove@12 (line 294)
                      ; - java.lang.ThreadLocal::remove@4 (line 283)
                      ; - org.gradle.internal.classloader.TransformErrorHandler::getLastErrorAndClear@15 (line 128)
                      ; - org.gradle.internal.classloader.TransformErrorHandler::exitClassLoadingScope@1 (line 104)
                      ; - org.gradle.internal.classloader.VisitableURLClassLoader$InstrumentingVisitableURLClassLoader::findClass@31 (line 193)
  0x0000027aeab24bf0: 6cf7 04ff 

  0x0000027aeab24bf4: ;   {other}
  0x0000027aeab24bf4: 0f1f 8400 | 6c15 0024 | 4c8b 5424 | 5045 8b52 | 1c45 85d2 | 0f84 56f7 | ffff 4d8b | 5f28 498b 
  0x0000027aeab24c14: ca4d 85db | 0f84 9207 | 0000 4d8b | 5730 4b89 | 4c1a f849 | 83c3 f84d | 895f 28e9 | 30f7 ffff 
  0x0000027aeab24c34: 458b 5cb6 | 1045 85db | 0f84 40f7 | ffff 4d8b | 5728 498b | cb4d 85d2 | 0f84 7b07 | 0000 4d8b 
  0x0000027aeab24c54: 5f30 4b89 | 4c13 f849 | 83c2 f84d | 8957 28e9 | 1af7 ffff | 8b7e 1c85 | ff0f 845d | f7ff ff49 
  0x0000027aeab24c74: 8b57 2848 | 8bcf 4885 | d20f 8467 | 0700 0049 | 8b7f 3048 | 894c 17f8 | 4883 c2f8 | 4989 5728 
  0x0000027aeab24c94: e937 f7ff | ff43 8b4c | 8810 85c9 | 0f84 42f7 | ffff 498b | 7f28 4885 | ff0f 8476 | 0700 0049 
  0x0000027aeab24cb4: 8b57 3048 | 894c 3af8 | 4883 c7f8 | 4989 7f28 | e91f f7ff | ffba deff | ffff 48ff | 7424 2848 
  0x0000027aeab24cd4: 8f44 2420 

  0x0000027aeab24cd8: ;   {runtime_call UncommonTrapBlob}
  0x0000027aeab24cd8: 6666 90e8 

  0x0000027aeab24cdc: ; ImmutableOopMap {rbp=NarrowOop [32]=Oop [48]=Oop }
                      ;*checkcast {reexecute=0 rethrow=0 return_oop=0}
                      ; - java.lang.ThreadLocal$ThreadLocalMap::expungeStaleEntry@51 (line 684)
                      ; - java.lang.ThreadLocal$ThreadLocalMap::remove@46 (line 581)
                      ; - java.lang.ThreadLocal::remove@12 (line 294)
                      ; - java.lang.ThreadLocal::remove@4 (line 283)
                      ; - org.gradle.internal.classloader.TransformErrorHandler::getLastErrorAndClear@15 (line 128)
                      ; - org.gradle.internal.classloader.TransformErrorHandler::enterClassLoadingScope@1 (line 69)
                      ; - org.gradle.internal.classloader.VisitableURLClassLoader$InstrumentingVisitableURLClassLoader::findClass@5 (line 186)
  0x0000027aeab24cdc: 80f6 04ff 

  0x0000027aeab24ce0: ;   {other}
  0x0000027aeab24ce0: 0f1f 8400 | 5816 0025 | bade ffff 

  0x0000027aeab24cec: ;   {runtime_call UncommonTrapBlob}
  0x0000027aeab24cec: ff66 90e8 

  0x0000027aeab24cf0: ; ImmutableOopMap {rbp=NarrowOop [48]=Oop }
                      ;*checkcast {reexecute=0 rethrow=0 return_oop=0}
                      ; - java.lang.ThreadLocal$ThreadLocalMap::expungeStaleEntry@51 (line 684)
                      ; - java.lang.ThreadLocal$ThreadLocalMap::remove@46 (line 581)
                      ; - java.lang.ThreadLocal::remove@12 (line 294)
                      ; - java.lang.ThreadLocal::remove@4 (line 283)
                      ; - org.gradle.internal.classloader.TransformErrorHandler::getLastErrorAndClear@15 (line 128)
                      ; - org.gradle.internal.classloader.TransformErrorHandler::exitClassLoadingScope@1 (line 104)
                      ; - org.gradle.internal.classloader.VisitableURLClassLoader$InstrumentingVisitableURLClassLoader::findClass@31 (line 193)
  0x0000027aeab24cf0: 6cf6 04ff 

  0x0000027aeab24cf4: ;   {other}
  0x0000027aeab24cf4: 0f1f 8400 | 6c16 0026 | 498b d749 | bae0 076c | 38fb 7f00 | 0041 ffd2 

  0x0000027aeab24d0c: ;   {other}
  0x0000027aeab24d0c: 0f1f 8400 | 0000 0000 | e950 f5ff | ff49 8bd7 | 49ba e007 | 6c38 fb7f | 0000 41ff 

  0x0000027aeab24d28: ;   {other}
  0x0000027aeab24d28: d20f 1f84 | 0000 0000 | 00e9 7df5 | ffff 458b | eb41 8bf0 | 8be8 418b | da49 8bd7 | 49ba e007 
  0x0000027aeab24d48: 6c38 fb7f | 0000 41ff 

  0x0000027aeab24d50: ;   {other}
  0x0000027aeab24d50: d20f 1f84 | 0000 0000 | 0044 8bd3 | 8bc5 448b | c645 8bdd | e927 f1ff | ff45 8bf3 | 418b f08b 
  0x0000027aeab24d70: e841 8bda | 498b d749 | bae0 076c | 38fb 7f00 | 0041 ffd2 

  0x0000027aeab24d84: ;   {other}
  0x0000027aeab24d84: 0f1f 8400 | 0000 0000 | 448b d38b | c544 8bc6 | 458b dee9 | e9f0 ffff | 4c8b c548 | 8b4c 2440 
  0x0000027aeab24da4: 488b 5c24 | 4849 8be8 | 488b d348 | 894c 2440 

  0x0000027aeab24db4: ;   {optimized virtual_call}
  0x0000027aeab24db4: 6666 90e8 

  0x0000027aeab24db8: ; ImmutableOopMap {rbp=Oop [40]=NarrowOop [48]=Oop [56]=Oop [64]=Oop }
                      ;*invokevirtual setInitialValue {reexecute=0 rethrow=0 return_oop=1}
                      ; - java.lang.ThreadLocal::get@31 (line 194)
                      ; - java.lang.ThreadLocal::get@4 (line 172)
                      ; - org.gradle.internal.classloader.TransformErrorHandler::getLastErrorAndClear@4 (line 127)
                      ; - org.gradle.internal.classloader.TransformErrorHandler::exitClassLoadingScopeWithException@1 (line 117)
                      ; - org.gradle.internal.classloader.VisitableURLClassLoader$InstrumentingVisitableURLClassLoader::findClass@23 (line 191)
  0x0000027aeab24db8: 7481 84ff 

  0x0000027aeab24dbc: ;   {other}
  0x0000027aeab24dbc: 0f1f 8400 | 3417 0027 | 4c8b c544 | 8b4c 2428 | 4c8b d0e9 | dbf8 ffff | 33db e9ef | f9ff ff33 
  0x0000027aeab24ddc: ffe9 46f9 | ffff 498b | d749 bae0 | 076c 38fb | 7f00 0041 

  0x0000027aeab24df0: ;   {other}
  0x0000027aeab24df0: ffd2 0f1f | 8400 0000 | 0000 e91c | eeff ff48 | 8974 2438 | 4489 5c24 | 2841 8bf0 | 458b f141 
  0x0000027aeab24e10: 8bfa 498b | d749 bae0 | 076c 38fb | 7f00 0041 

  0x0000027aeab24e20: ;   {other}
  0x0000027aeab24e20: ffd2 0f1f | 8400 0000 | 0000 e909 | f6ff ff41 | 3bdb 0f83 | 2b0a 0000 | 4180 7f38 | 000f 851b 
  0x0000027aeab24e40: 0600 0045 | 8964 9810 | 4585 db0f | 86af 0a00 | 0045 3b64 | a810 742c | 0f1f 8400 | 0000 0000 
  0x0000027aeab24e60: ffc5 413b | eb0f 8dfe | 0300 0049 | 8b97 5004 

  0x0000027aeab24e70: ; ImmutableOopMap {r10=NarrowOop r8=NarrowOop r9=Oop r13=Oop [32]=Oop [48]=Oop [64]=Oop }
                      ;*goto {reexecute=1 rethrow=0 return_oop=0}
                      ; - (reexecute) java.lang.ThreadLocal$ThreadLocalMap::expungeStaleEntry@123 (line 697)
                      ; - java.lang.ThreadLocal$ThreadLocalMap::remove@46 (line 581)
                      ; - java.lang.ThreadLocal::remove@12 (line 294)
                      ; - java.lang.ThreadLocal::remove@4 (line 283)
                      ; - org.gradle.internal.classloader.TransformErrorHandler::getLastErrorAndClear@15 (line 128)
                      ; - org.gradle.internal.classloader.TransformErrorHandler::exitClassLoadingScopeWithException@1 (line 117)
                      ; - org.gradle.internal.classloader.VisitableURLClassLoader$InstrumentingVisitableURLClassLoader::findClass@23 (line 191)
                      ;   {poll}
  0x0000027aeab24e70: 0000 8502 | 413b eb0f | 834f 0a00 | 0045 3b64 | a810 75dc | 413b eb0f | 830b 0a00 | 0049 8d74 
  0x0000027aeab24e90: a810 4180 | 7f38 000f | 8517 0600 | 0048 8bd6 | 498b c989 | 0e4c 33ca | 49c1 e914 | 4d85 c90f 
  0x0000027aeab24eb0: 8497 f9ff | ff48 c1ea | 0948 b900 | 00c5 f17a | 0200 0048 | 03ca 8039 | 020f 847d | f9ff ff4d 
  0x0000027aeab24ed0: 8b4f 4049 | 8b57 48f0 | 8344 24c0 | 0080 3900 | 0f84 66f9 | ffff 4488 | 214d 85c9 | 7533 458b 
  0x0000027aeab24ef0: f341 8bf0 | 8beb 418b | da49 8bd7 | 49ba c007 | 6c38 fb7f | 0000 41ff 

  0x0000027aeab24f08: ;   {other}
  0x0000027aeab24f08: d20f 1f84 | 0000 0000 | 0044 8bd3 | 8bdd 448b | c645 8bde | e92b f9ff | ff4a 894c | 0af8 4983 
  0x0000027aeab24f28: c1f8 4d89 | 4f40 e919 | f9ff ff33 | dbe9 1df9 | ffff bae4 | ffff ff89 | 7424 2444 | 896c 2458 
  0x0000027aeab24f48: 4489 7424 

  0x0000027aeab24f4c: ;   {runtime_call UncommonTrapBlob}
  0x0000027aeab24f4c: 6066 90e8 

  0x0000027aeab24f50: ; ImmutableOopMap {[40]=Oop [48]=Oop [56]=NarrowOop [72]=Oop [80]=Oop [88]=NarrowOop [96]=NarrowOop }
                      ;*aastore {reexecute=1 rethrow=0 return_oop=0}
                      ; - (reexecute) java.lang.ThreadLocal$ThreadLocalMap::expungeStaleEntry@107 (line 692)
                      ; - java.lang.ThreadLocal$ThreadLocalMap::remove@46 (line 581)
                      ; - java.lang.ThreadLocal::remove@12 (line 294)
                      ; - java.lang.ThreadLocal::remove@4 (line 283)
                      ; - org.gradle.internal.classloader.TransformErrorHandler::getLastErrorAndClear@15 (line 128)
                      ; - org.gradle.internal.classloader.TransformErrorHandler::enterClassLoadingScope@1 (line 69)
                      ; - org.gradle.internal.classloader.VisitableURLClassLoader$InstrumentingVisitableURLClassLoader::findClass@5 (line 186)
  0x0000027aeab24f50: 0cf4 04ff 

  0x0000027aeab24f54: ;   {other}
  0x0000027aeab24f54: 0f1f 8400 | cc18 0029 | bae4 ffff | ff89 7424 | 2048 8944 | 24f8 8b44 | 2438 8944 | 2424 488b 
  0x0000027aeab24f74: 4424 f844 | 896c 2438 | 4489 7424 

  0x0000027aeab24f80: ;   {runtime_call UncommonTrapBlob}
  0x0000027aeab24f80: 5c66 90e8 

  0x0000027aeab24f84: ; ImmutableOopMap {[36]=NarrowOop [40]=Oop [48]=Oop [56]=NarrowOop [72]=Oop [80]=Oop [92]=NarrowOop }
                      ;*aastore {reexecute=1 rethrow=0 return_oop=0}
                      ; - (reexecute) java.lang.ThreadLocal$ThreadLocalMap::expungeStaleEntry@131 (line 698)
                      ; - java.lang.ThreadLocal$ThreadLocalMap::remove@46 (line 581)
                      ; - java.lang.ThreadLocal::remove@12 (line 294)
                      ; - java.lang.ThreadLocal::remove@4 (line 283)
                      ; - org.gradle.internal.classloader.TransformErrorHandler::getLastErrorAndClear@15 (line 128)
                      ; - org.gradle.internal.classloader.TransformErrorHandler::enterClassLoadingScope@1 (line 69)
                      ; - org.gradle.internal.classloader.VisitableURLClassLoader$InstrumentingVisitableURLClassLoader::findClass@5 (line 186)
  0x0000027aeab24f84: d8f3 04ff 

  0x0000027aeab24f88: ;   {other}
  0x0000027aeab24f88: 0f1f 8400 | 0019 002a | bae4 ffff | ff89 7424 | 2048 8944 | 24f8 8b44 | 2438 8944 | 2424 488b 
  0x0000027aeab24fa8: 4424 f844 | 896c 2438 | 4489 7424 

  0x0000027aeab24fb4: ;   {runtime_call UncommonTrapBlob}
  0x0000027aeab24fb4: 5c66 90e8 

  0x0000027aeab24fb8: ; ImmutableOopMap {[36]=NarrowOop [40]=Oop [48]=Oop [56]=NarrowOop [72]=Oop [80]=Oop [92]=NarrowOop }
                      ;*aaload {reexecute=0 rethrow=0 return_oop=0}
                      ; - java.lang.ThreadLocal$ThreadLocalMap::expungeStaleEntry@111 (line 696)
                      ; - java.lang.ThreadLocal$ThreadLocalMap::remove@46 (line 581)
                      ; - java.lang.ThreadLocal::remove@12 (line 294)
                      ; - java.lang.ThreadLocal::remove@4 (line 283)
                      ; - org.gradle.internal.classloader.TransformErrorHandler::getLastErrorAndClear@15 (line 128)
                      ; - org.gradle.internal.classloader.TransformErrorHandler::enterClassLoadingScope@1 (line 69)
                      ; - org.gradle.internal.classloader.VisitableURLClassLoader$InstrumentingVisitableURLClassLoader::findClass@5 (line 186)
  0x0000027aeab24fb8: a4f3 04ff 

  0x0000027aeab24fbc: ;   {other}
  0x0000027aeab24fbc: 0f1f 8400 | 3419 002b | bae4 ffff | ff48 ff74 | 2430 488f | 4424 2844 | 8954 2430 | 4489 5c24 
  0x0000027aeab24fdc: 3848 8974 | 2440 4489 | 4424 4844 | 894c 244c 

  0x0000027aeab24fec: ;   {runtime_call UncommonTrapBlob}
  0x0000027aeab24fec: 6666 90e8 

  0x0000027aeab24ff0: ; ImmutableOopMap {[32]=Oop [40]=Oop [48]=NarrowOop [64]=Oop [72]=NarrowOop }
                      ;*aastore {reexecute=1 rethrow=0 return_oop=0}
                      ; - (reexecute) java.lang.ThreadLocal$ThreadLocalMap::expungeStaleEntry@107 (line 692)
                      ; - java.lang.ThreadLocal$ThreadLocalMap::remove@46 (line 581)
                      ; - java.lang.ThreadLocal::remove@12 (line 294)
                      ; - java.lang.ThreadLocal::remove@4 (line 283)
                      ; - org.gradle.internal.classloader.TransformErrorHandler::getLastErrorAndClear@15 (line 128)
                      ; - org.gradle.internal.classloader.TransformErrorHandler::exitClassLoadingScope@1 (line 104)
                      ; - org.gradle.internal.classloader.VisitableURLClassLoader$InstrumentingVisitableURLClassLoader::findClass@31 (line 193)
  0x0000027aeab24ff0: 6cf3 04ff 

  0x0000027aeab24ff4: ;   {other}
  0x0000027aeab24ff4: 0f1f 8400 | 6c19 002c | bae4 ffff | ff48 ff74 | 2430 488f | 4424 2844 | 8954 2430 | 4489 5c24 
  0x0000027aeab25014: 3844 894c | 243c 4489 | 4424 4048 | 8974 2448 

  0x0000027aeab25024: ;   {runtime_call UncommonTrapBlob}
  0x0000027aeab25024: 6666 90e8 

  0x0000027aeab25028: ; ImmutableOopMap {[32]=Oop [40]=Oop [48]=NarrowOop [64]=NarrowOop [72]=Oop }
                      ;*aastore {reexecute=1 rethrow=0 return_oop=0}
                      ; - (reexecute) java.lang.ThreadLocal$ThreadLocalMap::expungeStaleEntry@131 (line 698)
                      ; - java.lang.ThreadLocal$ThreadLocalMap::remove@46 (line 581)
                      ; - java.lang.ThreadLocal::remove@12 (line 294)
                      ; - java.lang.ThreadLocal::remove@4 (line 283)
                      ; - org.gradle.internal.classloader.TransformErrorHandler::getLastErrorAndClear@15 (line 128)
                      ; - org.gradle.internal.classloader.TransformErrorHandler::exitClassLoadingScope@1 (line 104)
                      ; - org.gradle.internal.classloader.VisitableURLClassLoader$InstrumentingVisitableURLClassLoader::findClass@31 (line 193)
  0x0000027aeab25028: 34f3 04ff 

  0x0000027aeab2502c: ;   {other}
  0x0000027aeab2502c: 0f1f 8400 | a419 002d | bae4 ffff | ff48 ff74 | 2430 488f | 4424 2844 | 8954 2430 | 4489 5c24 
  0x0000027aeab2504c: 3848 8974 | 2440 4489 | 4c24 3c44 | 8944 2448 

  0x0000027aeab2505c: ;   {runtime_call UncommonTrapBlob}
  0x0000027aeab2505c: 6666 90e8 

  0x0000027aeab25060: ; ImmutableOopMap {[32]=Oop [40]=Oop [48]=NarrowOop [64]=Oop [72]=NarrowOop }
                      ;*aaload {reexecute=0 rethrow=0 return_oop=0}
                      ; - java.lang.ThreadLocal$ThreadLocalMap::expungeStaleEntry@111 (line 696)
                      ; - java.lang.ThreadLocal$ThreadLocalMap::remove@46 (line 581)
                      ; - java.lang.ThreadLocal::remove@12 (line 294)
                      ; - java.lang.ThreadLocal::remove@4 (line 283)
                      ; - org.gradle.internal.classloader.TransformErrorHandler::getLastErrorAndClear@15 (line 128)
                      ; - org.gradle.internal.classloader.TransformErrorHandler::exitClassLoadingScope@1 (line 104)
                      ; - org.gradle.internal.classloader.VisitableURLClassLoader$InstrumentingVisitableURLClassLoader::findClass@31 (line 193)
  0x0000027aeab25060: fcf2 04ff 

  0x0000027aeab25064: ;   {other}
  0x0000027aeab25064: 0f1f 8400 | dc19 002e | bae4 ffff | ff89 7424 | 2048 8944 | 24f8 8b44 | 2438 8944 | 2424 488b 
  0x0000027aeab25084: 4424 f844 | 896c 2438 | 4489 7424 

  0x0000027aeab25090: ;   {runtime_call UncommonTrapBlob}
  0x0000027aeab25090: 5c66 90e8 

  0x0000027aeab25094: ; ImmutableOopMap {[36]=NarrowOop [40]=Oop [48]=Oop [56]=NarrowOop [72]=Oop [80]=Oop [92]=NarrowOop }
                      ;*aaload {reexecute=0 rethrow=0 return_oop=0}
                      ; - java.lang.ThreadLocal$ThreadLocalMap::expungeStaleEntry@111 (line 696)
                      ; - java.lang.ThreadLocal$ThreadLocalMap::remove@46 (line 581)
                      ; - java.lang.ThreadLocal::remove@12 (line 294)
                      ; - java.lang.ThreadLocal::remove@4 (line 283)
                      ; - org.gradle.internal.classloader.TransformErrorHandler::getLastErrorAndClear@15 (line 128)
                      ; - org.gradle.internal.classloader.TransformErrorHandler::enterClassLoadingScope@1 (line 69)
                      ; - org.gradle.internal.classloader.VisitableURLClassLoader$InstrumentingVisitableURLClassLoader::findClass@5 (line 186)
  0x0000027aeab25094: c8f2 04ff 

  0x0000027aeab25098: ;   {other}
  0x0000027aeab25098: 0f1f 8400 | 101a 002f | bae4 ffff | ff48 ff74 | 2430 488f | 4424 2844 | 8954 2430 | 4489 5c24 
  0x0000027aeab250b8: 3848 8974 | 2440 4489 | 4c24 3c44 | 8944 2448 

  0x0000027aeab250c8: ;   {runtime_call UncommonTrapBlob}
  0x0000027aeab250c8: 6666 90e8 

  0x0000027aeab250cc: ; ImmutableOopMap {[32]=Oop [40]=Oop [48]=NarrowOop [64]=Oop [72]=NarrowOop }
                      ;*aaload {reexecute=0 rethrow=0 return_oop=0}
                      ; - java.lang.ThreadLocal$ThreadLocalMap::expungeStaleEntry@111 (line 696)
                      ; - java.lang.ThreadLocal$ThreadLocalMap::remove@46 (line 581)
                      ; - java.lang.ThreadLocal::remove@12 (line 294)
                      ; - java.lang.ThreadLocal::remove@4 (line 283)
                      ; - org.gradle.internal.classloader.TransformErrorHandler::getLastErrorAndClear@15 (line 128)
                      ; - org.gradle.internal.classloader.TransformErrorHandler::exitClassLoadingScope@1 (line 104)
                      ; - org.gradle.internal.classloader.VisitableURLClassLoader$InstrumentingVisitableURLClassLoader::findClass@31 (line 193)
  0x0000027aeab250cc: 90f2 04ff 

  0x0000027aeab250d0: ;   {other}
  0x0000027aeab250d0: 0f1f 8400 | 481a 0030 | 488b 4c24 | 20e9 eaf5 | ffff 8b4f | 1c85 c90f | 84c5 f6ff | ff49 8b5f 
  0x0000027aeab250f0: 2848 85db | 0f84 9306 | 0000 498b | 5730 4889 | 4c1a f848 | 83c3 f849 | 895f 28e9 | a2f6 ffff 
  0x0000027aeab25110: 438b 4c88 | 1085 c90f | 84a0 f6ff | ff49 8b5f | 2848 85db | 0f84 2e06 | 0000 498b | 5730 4889 
  0x0000027aeab25130: 4c1a f848 | 83c3 f849 | 895f 28e9 | 7df6 ffff | 498b d749 | bae0 076c | 38fb 7f00 | 0041 ffd2 
  0x0000027aeab25150: ;   {other}
  0x0000027aeab25150: 0f1f 8400 | 0000 0000 | e9c7 eeff | ff49 8bd7 | 49ba e007 | 6c38 fb7f | 0000 41ff 

  0x0000027aeab2516c: ;   {other}
  0x0000027aeab2516c: d20f 1f84 | 0000 0000 | 00e9 07ef | ffff 4889 | 7424 3844 | 895c 2428 | 458b f041 | 8bf9 418b 
  0x0000027aeab2518c: f249 8bd7 | 49ba e007 | 6c38 fb7f | 0000 41ff 

  0x0000027aeab2519c: ;   {other}
  0x0000027aeab2519c: d20f 1f84 | 0000 0000 | 00e9 6ef3 | ffff 4889 | 7424 3844 | 895c 2428 | 458b f041 | 8bf1 418b 
  0x0000027aeab251bc: ea49 8bd7 | 49ba e007 | 6c38 fb7f | 0000 41ff 

  0x0000027aeab251cc: ;   {other}
  0x0000027aeab251cc: d20f 1f84 | 0000 0000 | 00e9 94f3 | ffff 4489 | 4c24 28e9 | c5fb ffff | 4180 7f38 | 000f 85f1 
  0x0000027aeab251ec: 0400 0045 | 8961 1c41 | 3bdb 0f83 | 0808 0000 | 4180 7f38 | 000f 850b | 0500 0045 | 8964 9810 
  0x0000027aeab2520c: 418b 4a0c | ffc9 4189 | 4a0c e931 | f6ff ff85 | ed0f 84ea | f5ff ff49 | 8b57 2848 | 8bcd 4885 
  0x0000027aeab2522c: d20f 848f | 0500 004c | 894c 2438 | 4489 5c24 | 2845 8bf0 | 418b f24d | 8b57 3049 | 894c 12f8 
  0x0000027aeab2524c: 4883 c2f8 | 4989 5728 | 448b d645 | 8bc6 448b | 5c24 284c | 8b4c 2438 | e9a4 f5ff | ff33 ede9 
  0x0000027aeab2526c: fbfb ffff | 488b 5c24 | 7044 8b53 | 1445 85d2 | 0f84 6af3 | ffff 4d8b | 5f28 498b | ca4d 85db 
  0x0000027aeab2528c: 0f84 5d05 | 0000 4d8b | 5730 4b89 | 4c1a f849 | 83c3 f84d | 895f 28e9 | 44f3 ffff | 488b 5c24 
  0x0000027aeab252ac: 7044 8b53 | 1445 85d2 | 0f84 56f6 | ffff 4d8b | 5f28 498b | ca4d 85db | 0f84 4205 | 0000 4d8b 
  0x0000027aeab252cc: ;   {no_reloc}
  0x0000027aeab252cc: 5730 4b89 | 4c1a f849 | 83c3 f84d | 895f 28e9 | 30f6 ffff | 488b 5c24 | 3844 8b5b | 1445 85db 
  0x0000027aeab252ec: 0f84 72f6 | ffff 4d8b | 5728 498b | cb4d 85d2 | 0f84 2705 | 0000 4d8b | 5f30 4b89 | 4c13 f849 
  0x0000027aeab2530c: 83c2 f84d | 8957 28e9 | 4cf6 ffff | 488b 5c24 | 3844 8b5b | 1445 85db | 0f84 7ef6 | ffff 4d8b 
  0x0000027aeab2532c: 5728 498b | cb4d 85d2 | 0f84 0c05 | 0000 4d8b | 5f30 4b89 | 4c13 f849 | 83c2 f84d | 8957 28e9 
  0x0000027aeab2534c: 58f6 ffff | bae4 ffff | ff89 7424 | 2048 8944 | 24f8 8b44 | 2438 8944 | 2424 488b | 4424 f844 
  0x0000027aeab2536c: 896c 2438 | 4489 7424 

  0x0000027aeab25374: ;   {runtime_call UncommonTrapBlob}
  0x0000027aeab25374: 5466 90e8 

  0x0000027aeab25378: ; ImmutableOopMap {[36]=NarrowOop [40]=Oop [48]=Oop [56]=NarrowOop [72]=Oop [84]=NarrowOop }
                      ;*aastore {reexecute=1 rethrow=0 return_oop=0}
                      ; - (reexecute) java.lang.ThreadLocal$ThreadLocalMap::expungeStaleEntry@71 (line 687)
                      ; - java.lang.ThreadLocal$ThreadLocalMap::remove@46 (line 581)
                      ; - java.lang.ThreadLocal::remove@12 (line 294)
                      ; - java.lang.ThreadLocal::remove@4 (line 283)
                      ; - org.gradle.internal.classloader.TransformErrorHandler::getLastErrorAndClear@15 (line 128)
                      ; - org.gradle.internal.classloader.TransformErrorHandler::enterClassLoadingScope@1 (line 69)
                      ; - org.gradle.internal.classloader.VisitableURLClassLoader$InstrumentingVisitableURLClassLoader::findClass@5 (line 186)
  0x0000027aeab25378: e4ef 04ff 

  0x0000027aeab2537c: ;   {other}
  0x0000027aeab2537c: 0f1f 8400 | f41c 0031 | bae4 ffff | ff48 8b6c | 2430 4489 | 5424 2844 | 895c 2430 | 4489 4424 
  0x0000027aeab2539c: 3844 894c 

  0x0000027aeab253a0: ;   {runtime_call UncommonTrapBlob}
  0x0000027aeab253a0: 243c 90e8 

  0x0000027aeab253a4: ; ImmutableOopMap {rbp=Oop [32]=Oop [40]=NarrowOop [56]=NarrowOop }
                      ;*aastore {reexecute=1 rethrow=0 return_oop=0}
                      ; - (reexecute) java.lang.ThreadLocal$ThreadLocalMap::expungeStaleEntry@71 (line 687)
                      ; - java.lang.ThreadLocal$ThreadLocalMap::remove@46 (line 581)
                      ; - java.lang.ThreadLocal::remove@12 (line 294)
                      ; - java.lang.ThreadLocal::remove@4 (line 283)
                      ; - org.gradle.internal.classloader.TransformErrorHandler::getLastErrorAndClear@15 (line 128)
                      ; - org.gradle.internal.classloader.TransformErrorHandler::exitClassLoadingScope@1 (line 104)
                      ; - org.gradle.internal.classloader.VisitableURLClassLoader$InstrumentingVisitableURLClassLoader::findClass@31 (line 193)
  0x0000027aeab253a4: b8ef 04ff 

  0x0000027aeab253a8: ;   {other}
  0x0000027aeab253a8: 0f1f 8400 | 201d 0032 | 498b d749 | bae0 076c | 38fb 7f00 | 0041 ffd2 

  0x0000027aeab253c0: ;   {other}
  0x0000027aeab253c0: 0f1f 8400 | 0000 0000 | e997 efff | ff49 8bd7 | 49ba e007 | 6c38 fb7f | 0000 41ff 

  0x0000027aeab253dc: ;   {other}
  0x0000027aeab253dc: d20f 1f84 | 0000 0000 | 00e9 98ef | ffff 4889 | 7424 2841 | 8beb 458b | f041 8bf9 | 418b f249 
  0x0000027aeab253fc: 8bd7 49ba | e007 6c38 | fb7f 0000 

  0x0000027aeab25408: ;   {other}
  0x0000027aeab25408: 41ff d20f | 1f84 0000 | 0000 0044 | 8bd6 448b | cf45 8bc6 | 448b dd48 | 8b74 2428 | e9a7 efff 
  0x0000027aeab25428: ff45 8bf3 | 418b f041 | 8be9 418b | fa49 8bd7 | 49ba e007 | 6c38 fb7f | 0000 41ff 

  0x0000027aeab25444: ;   {other}
  0x0000027aeab25444: d20f 1f84 | 0000 0000 | 0044 8bd7 | 448b cd44 | 8bc6 458b | dee9 8aef | ffff 418b | 4c98 1085 
  0x0000027aeab25464: c90f 84d8 | f9ff ff49 | 8b57 2848 | 85d2 0f84 | bc04 0000 | 4c89 4c24 | 3844 895c | 2428 418b 
  0x0000027aeab25484: f044 8bf3 | 418b da4d | 8b57 3049 | 894c 12f8 | 4883 c2f8 | 4989 5728 | 448b d341 | 8bde 448b 
  0x0000027aeab254a4: c644 8b5c | 2428 4c8b | 4c24 38e9 | 8ff9 ffff | 8b16 85d2 | 0f84 dff9 | ffff 498b | 4728 488b 
  0x0000027aeab254c4: ca48 85c0 | 0f84 9604 | 0000 4c89 | 4c24 3844 | 895c 2428 | 418b e844 | 8bf3 418b | da4d 8b57 
  0x0000027aeab254e4: 3049 894c | 02f8 4883 | c0f8 4989 | 4728 448b | d341 8bde | 448b c544 | 8b5c 2428 | 4c8b 4c24 
  0x0000027aeab25504: 38e9 93f9 | ffff 4180 | 7f38 000f | 857f 0400 | 0048 8b5c | 2438 4489 | 6314 e97e | f3ff ffba 
  0x0000027aeab25524: e4ff ffff | 488b 6c24 | 3044 8954 | 2428 4489 | 5c24 3444 | 8944 2438 | 4489 4c24 

  0x0000027aeab25540: ;   {runtime_call UncommonTrapBlob}
  0x0000027aeab25540: 3c66 90e8 

  0x0000027aeab25544: ; ImmutableOopMap {rbp=Oop [32]=Oop [40]=NarrowOop [56]=NarrowOop }
                      ;*aaload {reexecute=0 rethrow=0 return_oop=0}
                      ; - java.lang.ThreadLocal$ThreadLocalMap::expungeStaleEntry@10 (line 674)
                      ; - java.lang.ThreadLocal$ThreadLocalMap::remove@46 (line 581)
                      ; - java.lang.ThreadLocal::remove@12 (line 294)
                      ; - java.lang.ThreadLocal::remove@4 (line 283)
                      ; - org.gradle.internal.classloader.TransformErrorHandler::getLastErrorAndClear@15 (line 128)
                      ; - org.gradle.internal.classloader.TransformErrorHandler::exitClassLoadingScopeWithException@1 (line 117)
                      ; - org.gradle.internal.classloader.VisitableURLClassLoader$InstrumentingVisitableURLClassLoader::findClass@23 (line 191)
  0x0000027aeab25544: 18ee 04ff 

  0x0000027aeab25548: ;   {other}
  0x0000027aeab25548: 0f1f 8400 | c01e 0033 | 4180 7f38 | 000f 8571 | 0400 0048 | 8b5c 2438 | 4489 6314 | e938 f3ff 
  0x0000027aeab25568: ffba e4ff | ffff 488b | 6c24 3044 | 8954 2428 | 4489 5c24 | 3044 8944 | 2438 895c 

  0x0000027aeab25584: ;   {runtime_call UncommonTrapBlob}
  0x0000027aeab25584: 243c 90e8 

  0x0000027aeab25588: ; ImmutableOopMap {rbp=Oop [32]=Oop [40]=NarrowOop [56]=NarrowOop }
                      ;*aaload {reexecute=0 rethrow=0 return_oop=0}
                      ; - java.lang.ThreadLocal$ThreadLocalMap::expungeStaleEntry@39 (line 682)
                      ; - java.lang.ThreadLocal$ThreadLocalMap::remove@46 (line 581)
                      ; - java.lang.ThreadLocal::remove@12 (line 294)
                      ; - java.lang.ThreadLocal::remove@4 (line 283)
                      ; - org.gradle.internal.classloader.TransformErrorHandler::getLastErrorAndClear@15 (line 128)
                      ; - org.gradle.internal.classloader.TransformErrorHandler::exitClassLoadingScopeWithException@1 (line 117)
                      ; - org.gradle.internal.classloader.VisitableURLClassLoader$InstrumentingVisitableURLClassLoader::findClass@23 (line 191)
  0x0000027aeab25588: d4ed 04ff 

  0x0000027aeab2558c: ;   {other}
  0x0000027aeab2558c: 0f1f 8400 | 041f 0034 | bade ffff | ff48 8be8 | 4489 4c24 | 2044 8954 

  0x0000027aeab255a4: ;   {runtime_call UncommonTrapBlob}
  0x0000027aeab255a4: 2424 90e8 

  0x0000027aeab255a8: ; ImmutableOopMap {rbp=Oop [32]=NarrowOop [36]=NarrowOop }
                      ;*invokevirtual get {reexecute=0 rethrow=0 return_oop=0}
                      ; - org.gradle.internal.classloader.TransformErrorHandler::getLastErrorAndClear@4 (line 127)
                      ; - org.gradle.internal.classloader.TransformErrorHandler::exitClassLoadingScopeWithException@1 (line 117)
                      ; - org.gradle.internal.classloader.VisitableURLClassLoader$InstrumentingVisitableURLClassLoader::findClass@23 (line 191)
  0x0000027aeab255a8: b4ed 04ff 

  0x0000027aeab255ac: ;   {other}
  0x0000027aeab255ac: 0f1f 8400 | 241f 0035 | bade ffff | ff48 8b6c | 2430 4889 | 4c24 2044 | 8954 2428 

  0x0000027aeab255c8: ;   {runtime_call UncommonTrapBlob}
  0x0000027aeab255c8: 6666 90e8 

  0x0000027aeab255cc: ; ImmutableOopMap {rbp=Oop [32]=Oop [40]=NarrowOop }
                      ;*invokevirtual remove {reexecute=0 rethrow=0 return_oop=0}
                      ; - org.gradle.internal.classloader.TransformErrorHandler::getLastErrorAndClear@15 (line 128)
                      ; - org.gradle.internal.classloader.TransformErrorHandler::exitClassLoadingScopeWithException@1 (line 117)
                      ; - org.gradle.internal.classloader.VisitableURLClassLoader$InstrumentingVisitableURLClassLoader::findClass@23 (line 191)
  0x0000027aeab255cc: 90ed 04ff 

  0x0000027aeab255d0: ;   {other}
  0x0000027aeab255d0: 0f1f 8400 | 481f 0036 | bae4 ffff | ff48 8b6c | 2430 4889 | 4c24 2044 | 8944 2428 | 4889 7424 
  0x0000027aeab255f0: 3089 4424 | 3844 895c | 2440 4489 

  0x0000027aeab255fc: ;   {runtime_call UncommonTrapBlob}
  0x0000027aeab255fc: 4c24 44e8 

  0x0000027aeab25600: ; ImmutableOopMap {rbp=Oop [32]=Oop [40]=NarrowOop [48]=Oop [64]=NarrowOop }
                      ;*aaload {reexecute=0 rethrow=0 return_oop=0}
                      ; - java.lang.ThreadLocal$ThreadLocalMap::remove@21 (line 576)
                      ; - java.lang.ThreadLocal::remove@12 (line 294)
                      ; - java.lang.ThreadLocal::remove@4 (line 283)
                      ; - org.gradle.internal.classloader.TransformErrorHandler::getLastErrorAndClear@15 (line 128)
                      ; - org.gradle.internal.classloader.TransformErrorHandler::exitClassLoadingScopeWithException@1 (line 117)
                      ; - org.gradle.internal.classloader.VisitableURLClassLoader$InstrumentingVisitableURLClassLoader::findClass@23 (line 191)
  0x0000027aeab25600: 5ced 04ff 

  0x0000027aeab25604: ;   {other}
  0x0000027aeab25604: 0f1f 8400 | 7c1f 0037 | ba54 ffff | ff48 894c 

  0x0000027aeab25614: ;   {runtime_call UncommonTrapBlob}
  0x0000027aeab25614: 2428 90e8 

  0x0000027aeab25618: ; ImmutableOopMap {[40]=Oop [48]=Oop }
                      ;*ifnull {reexecute=1 rethrow=0 return_oop=0}
                      ; - (reexecute) org.gradle.internal.classloader.TransformErrorHandler::exitClassLoadingScopeWithException@6 (line 118)
                      ; - org.gradle.internal.classloader.VisitableURLClassLoader$InstrumentingVisitableURLClassLoader::findClass@23 (line 191)
  0x0000027aeab25618: 44ed 04ff 

  0x0000027aeab2561c: ;   {other}
  0x0000027aeab2561c: 0f1f 8400 | 941f 0038 | ba45 ffff 

  0x0000027aeab25628: ;   {runtime_call UncommonTrapBlob}
  0x0000027aeab25628: ff66 90e8 

  0x0000027aeab2562c: ; ImmutableOopMap {[48]=Oop }
                      ;*ifeq {reexecute=1 rethrow=0 return_oop=0}
                      ; - (reexecute) com.google.common.base.Throwables::throwIfInstanceOf@10 (line 76)
                      ; - org.gradle.internal.classloader.TransformErrorHandler::exitClassLoadingScopeWithException@17 (line 121)
                      ; - org.gradle.internal.classloader.VisitableURLClassLoader$InstrumentingVisitableURLClassLoader::findClass@23 (line 191)
  0x0000027aeab2562c: 30ed 04ff 

  0x0000027aeab25630: ;   {other}
  0x0000027aeab25630: 0f1f 8400 | a81f 0039 | bae4 ffff | ff48 8944 | 2420 4489 | 4c24 284c | 8944 2438 | 4489 5c24 
  0x0000027aeab25650: 2c48 895c | 2440 4489 

  0x0000027aeab25658: ;   {runtime_call UncommonTrapBlob}
  0x0000027aeab25658: 5424 4ce8 

  0x0000027aeab2565c: ; ImmutableOopMap {rbp=NarrowOop [32]=Oop [40]=NarrowOop [44]=NarrowOop [56]=Oop [64]=Oop }
                      ;*aaload {reexecute=0 rethrow=0 return_oop=0}
                      ; - java.lang.ThreadLocal$ThreadLocalMap::getEntry@18 (line 500)
                      ; - java.lang.ThreadLocal::get@12 (line 187)
                      ; - java.lang.ThreadLocal::get@4 (line 172)
                      ; - org.gradle.internal.classloader.TransformErrorHandler::getLastErrorAndClear@4 (line 127)
                      ; - org.gradle.internal.classloader.TransformErrorHandler::exitClassLoadingScopeWithException@1 (line 117)
                      ; - org.gradle.internal.classloader.VisitableURLClassLoader$InstrumentingVisitableURLClassLoader::findClass@23 (line 191)
  0x0000027aeab2565c: 00ed 04ff 

  0x0000027aeab25660: ;   {other}
  0x0000027aeab25660: 0f1f 8400 | d81f 003a | bade ffff | ff49 8bea 

  0x0000027aeab25670: ;   {runtime_call UncommonTrapBlob}
  0x0000027aeab25670: 6666 90e8 

  0x0000027aeab25674: ; ImmutableOopMap {rbp=Oop }
                      ;*checkcast {reexecute=0 rethrow=0 return_oop=0}
                      ; - org.gradle.internal.classloader.TransformErrorHandler::getLastErrorAndClear@7 (line 127)
                      ; - org.gradle.internal.classloader.TransformErrorHandler::exitClassLoadingScopeWithException@1 (line 117)
                      ; - org.gradle.internal.classloader.VisitableURLClassLoader$InstrumentingVisitableURLClassLoader::findClass@23 (line 191)
  0x0000027aeab25674: e8ec 04ff 

  0x0000027aeab25678: ;   {other}
  0x0000027aeab25678: 0f1f 8400 | f01f 003b | bae4 ffff | ff48 8b6c | 2430 4889 | 4c24 2044 | 8944 2428 | 4889 7424 
  0x0000027aeab25698: 3089 4424 | 3844 895c | 2440 897c 

  0x0000027aeab256a4: ;   {runtime_call UncommonTrapBlob}
  0x0000027aeab256a4: 2444 90e8 

  0x0000027aeab256a8: ; ImmutableOopMap {rbp=Oop [32]=Oop [40]=NarrowOop [48]=Oop [64]=NarrowOop }
                      ;*aaload {reexecute=0 rethrow=0 return_oop=0}
                      ; - java.lang.ThreadLocal$ThreadLocalMap::remove@61 (line 578)
                      ; - java.lang.ThreadLocal::remove@12 (line 294)
                      ; - java.lang.ThreadLocal::remove@4 (line 283)
                      ; - org.gradle.internal.classloader.TransformErrorHandler::getLastErrorAndClear@15 (line 128)
                      ; - org.gradle.internal.classloader.TransformErrorHandler::exitClassLoadingScopeWithException@1 (line 117)
                      ; - org.gradle.internal.classloader.VisitableURLClassLoader$InstrumentingVisitableURLClassLoader::findClass@23 (line 191)
  0x0000027aeab256a8: b4ec 04ff 

  0x0000027aeab256ac: ;   {other}
  0x0000027aeab256ac: 0f1f 8400 | 2420 003c | bae4 ffff | ff48 8b6c | 2430 4489 | 5424 2844 | 895c 2430 | 4489 4424 
  0x0000027aeab256cc: 3889 5c24 

  0x0000027aeab256d0: ;   {runtime_call UncommonTrapBlob}
  0x0000027aeab256d0: 3c66 90e8 

  0x0000027aeab256d4: ; ImmutableOopMap {rbp=Oop [32]=Oop [40]=NarrowOop [56]=NarrowOop }
                      ;*aaload {reexecute=0 rethrow=0 return_oop=0}
                      ; - java.lang.ThreadLocal$ThreadLocalMap::expungeStaleEntry@39 (line 682)
                      ; - java.lang.ThreadLocal$ThreadLocalMap::remove@46 (line 581)
                      ; - java.lang.ThreadLocal::remove@12 (line 294)
                      ; - java.lang.ThreadLocal::remove@4 (line 283)
                      ; - org.gradle.internal.classloader.TransformErrorHandler::getLastErrorAndClear@15 (line 128)
                      ; - org.gradle.internal.classloader.TransformErrorHandler::exitClassLoadingScopeWithException@1 (line 117)
                      ; - org.gradle.internal.classloader.VisitableURLClassLoader$InstrumentingVisitableURLClassLoader::findClass@23 (line 191)
  0x0000027aeab256d4: 88ec 04ff 

  0x0000027aeab256d8: ;   {other}
  0x0000027aeab256d8: 0f1f 8400 | 5020 003d | 418b 511c | 85d2 0f84 | 03fb ffff | 498b 7728 | 488b ca48 | 85f6 0f84 
  0x0000027aeab256f8: 3403 0000 | 498b 5730 | 4889 4c32 | f848 83c6 | f849 8977 | 28e9 ddfa | ffff 458b | 4c98 1045 
  0x0000027aeab25718: 85c9 0f84 | e7fa ffff | 498b 5728 | 498b c948 | 85d2 0f84 | 3d03 0000 | 4d8b 4f30 | 4989 4c11 
  0x0000027aeab25738: f848 83c2 | f849 8957 | 28e9 c1fa | ffff bade 

  0x0000027aeab25748: ;   {runtime_call UncommonTrapBlob}
  0x0000027aeab25748: ffff ffe8 

  0x0000027aeab2574c: ; ImmutableOopMap {rbp=NarrowOop }
                      ;*checkcast {reexecute=0 rethrow=0 return_oop=0}
                      ; - java.lang.ThreadLocal$ThreadLocalMap::expungeStaleEntry@51 (line 684)
                      ; - java.lang.ThreadLocal$ThreadLocalMap::remove@46 (line 581)
                      ; - java.lang.ThreadLocal::remove@12 (line 294)
                      ; - java.lang.ThreadLocal::remove@4 (line 283)
                      ; - org.gradle.internal.classloader.TransformErrorHandler::getLastErrorAndClear@15 (line 128)
                      ; - org.gradle.internal.classloader.TransformErrorHandler::exitClassLoadingScopeWithException@1 (line 117)
                      ; - org.gradle.internal.classloader.VisitableURLClassLoader$InstrumentingVisitableURLClassLoader::findClass@23 (line 191)
  0x0000027aeab2574c: 10ec 04ff 

  0x0000027aeab25750: ;   {other}
  0x0000027aeab25750: 0f1f 8400 | c820 003e | 458b f341 | 8bf0 418b | e941 8bda | 498b d749 | bae0 076c | 38fb 7f00 
  0x0000027aeab25770: 0041 ffd2 

  0x0000027aeab25774: ;   {other}
  0x0000027aeab25774: 0f1f 8400 | 0000 0000 | 448b d344 | 8bcd 448b | c645 8bde | e930 f0ff | ff45 8bf3 | 418b f041 
  0x0000027aeab25794: 8be9 418b | da49 8bd7 | 49ba e007 | 6c38 fb7f | 0000 41ff 

  0x0000027aeab257a8: ;   {other}
  0x0000027aeab257a8: d20f 1f84 | 0000 0000 | 0044 8bd3 | 448b cd44 | 8bc6 458b | dee9 f0ef | ffff 4c89 | 4c24 3844 
  0x0000027aeab257c8: 895c 2428 | 458b f041 | 8bf2 498b | d749 bae0 | 076c 38fb | 7f00 0041 

  0x0000027aeab257e0: ;   {other}
  0x0000027aeab257e0: ffd2 0f1f | 8400 0000 | 0000 e965 | faff ff49 | 8bd7 49ba | e007 6c38 | fb7f 0000 

  0x0000027aeab257fc: ;   {other}
  0x0000027aeab257fc: 41ff d20f | 1f84 0000 | 0000 00e9 | e0ed ffff | 498b d749 | bae0 076c | 38fb 7f00 | 0041 ffd2 
  0x0000027aeab2581c: ;   {other}
  0x0000027aeab2581c: 0f1f 8400 | 0000 0000 | e9e7 f0ff | ff49 8bd7 | 49ba e007 | 6c38 fb7f | 0000 41ff 

  0x0000027aeab25838: ;   {other}
  0x0000027aeab25838: d20f 1f84 | 0000 0000 | 00e9 1ef1 | ffff 498b | d749 bae0 | 076c 38fb | 7f00 0041 

  0x0000027aeab25854: ;   {other}
  0x0000027aeab25854: ffd2 0f1f | 8400 0000 | 0000 e945 | f1ff ffba | e4ff ffff | 48ff 7424 | 3048 8f44 | 2428 4489 
  0x0000027aeab25874: 5424 3044 | 895c 2438 | 4c89 4c24 | 4044 8944 | 2448 895c 

  0x0000027aeab25888: ;   {runtime_call UncommonTrapBlob}
  0x0000027aeab25888: 244c 90e8 

  0x0000027aeab2588c: ; ImmutableOopMap {[32]=Oop [40]=Oop [48]=NarrowOop [64]=Oop [72]=NarrowOop }
                      ;*aastore {reexecute=1 rethrow=0 return_oop=0}
                      ; - (reexecute) java.lang.ThreadLocal$ThreadLocalMap::expungeStaleEntry@107 (line 692)
                      ; - java.lang.ThreadLocal$ThreadLocalMap::remove@46 (line 581)
                      ; - java.lang.ThreadLocal::remove@12 (line 294)
                      ; - java.lang.ThreadLocal::remove@4 (line 283)
                      ; - org.gradle.internal.classloader.TransformErrorHandler::getLastErrorAndClear@15 (line 128)
                      ; - org.gradle.internal.classloader.TransformErrorHandler::exitClassLoadingScopeWithException@1 (line 117)
                      ; - org.gradle.internal.classloader.VisitableURLClassLoader$InstrumentingVisitableURLClassLoader::findClass@23 (line 191)
  0x0000027aeab2588c: d0ea 04ff 

  0x0000027aeab25890: ;   {other}
  0x0000027aeab25890: 0f1f 8400 | 0822 003f | bae4 ffff | ff48 ff74 | 2430 488f | 4424 2844 | 8954 2430 | 4489 5c24 
  0x0000027aeab258b0: 3889 5c24 | 3c44 8944 | 2440 4c89 

  0x0000027aeab258bc: ;   {runtime_call UncommonTrapBlob}
  0x0000027aeab258bc: 4c24 48e8 

  0x0000027aeab258c0: ; ImmutableOopMap {[32]=Oop [40]=Oop [48]=NarrowOop [64]=NarrowOop [72]=Oop }
                      ;*aastore {reexecute=1 rethrow=0 return_oop=0}
                      ; - (reexecute) java.lang.ThreadLocal$ThreadLocalMap::expungeStaleEntry@131 (line 698)
                      ; - java.lang.ThreadLocal$ThreadLocalMap::remove@46 (line 581)
                      ; - java.lang.ThreadLocal::remove@12 (line 294)
                      ; - java.lang.ThreadLocal::remove@4 (line 283)
                      ; - org.gradle.internal.classloader.TransformErrorHandler::getLastErrorAndClear@15 (line 128)
                      ; - org.gradle.internal.classloader.TransformErrorHandler::exitClassLoadingScopeWithException@1 (line 117)
                      ; - org.gradle.internal.classloader.VisitableURLClassLoader$InstrumentingVisitableURLClassLoader::findClass@23 (line 191)
  0x0000027aeab258c0: 9cea 04ff 

  0x0000027aeab258c4: ;   {other}
  0x0000027aeab258c4: 0f1f 8400 | 3c22 0040 | bae4 ffff | ff48 ff74 | 2430 488f | 4424 2844 | 8954 2430 | 4489 5c24 
  0x0000027aeab258e4: 384c 894c | 2440 895c | 243c 4489 

  0x0000027aeab258f0: ;   {runtime_call UncommonTrapBlob}
  0x0000027aeab258f0: 4424 48e8 

  0x0000027aeab258f4: ; ImmutableOopMap {[32]=Oop [40]=Oop [48]=NarrowOop [64]=Oop [72]=NarrowOop }
                      ;*aaload {reexecute=0 rethrow=0 return_oop=0}
                      ; - java.lang.ThreadLocal$ThreadLocalMap::expungeStaleEntry@111 (line 696)
                      ; - java.lang.ThreadLocal$ThreadLocalMap::remove@46 (line 581)
                      ; - java.lang.ThreadLocal::remove@12 (line 294)
                      ; - java.lang.ThreadLocal::remove@4 (line 283)
                      ; - org.gradle.internal.classloader.TransformErrorHandler::getLastErrorAndClear@15 (line 128)
                      ; - org.gradle.internal.classloader.TransformErrorHandler::exitClassLoadingScopeWithException@1 (line 117)
                      ; - org.gradle.internal.classloader.VisitableURLClassLoader$InstrumentingVisitableURLClassLoader::findClass@23 (line 191)
  0x0000027aeab258f4: 68ea 04ff 

  0x0000027aeab258f8: ;   {other}
  0x0000027aeab258f8: 0f1f 8400 | 7022 0041 | bae4 ffff | ff48 ff74 | 2430 488f | 4424 2844 | 8954 2430 | 4489 5c24 
  0x0000027aeab25918: 384c 894c | 2440 895c | 243c 4489 

  0x0000027aeab25924: ;   {runtime_call UncommonTrapBlob}
  0x0000027aeab25924: 4424 48e8 

  0x0000027aeab25928: ; ImmutableOopMap {[32]=Oop [40]=Oop [48]=NarrowOop [64]=Oop [72]=NarrowOop }
                      ;*aaload {reexecute=0 rethrow=0 return_oop=0}
                      ; - java.lang.ThreadLocal$ThreadLocalMap::expungeStaleEntry@111 (line 696)
                      ; - java.lang.ThreadLocal$ThreadLocalMap::remove@46 (line 581)
                      ; - java.lang.ThreadLocal::remove@12 (line 294)
                      ; - java.lang.ThreadLocal::remove@4 (line 283)
                      ; - org.gradle.internal.classloader.TransformErrorHandler::getLastErrorAndClear@15 (line 128)
                      ; - org.gradle.internal.classloader.TransformErrorHandler::exitClassLoadingScopeWithException@1 (line 117)
                      ; - org.gradle.internal.classloader.VisitableURLClassLoader$InstrumentingVisitableURLClassLoader::findClass@23 (line 191)
  0x0000027aeab25928: 34ea 04ff 

  0x0000027aeab2592c: ;   {other}
  0x0000027aeab2592c: 0f1f 8400 | a422 0042 | 4c89 4c24 | 3844 895c | 2428 418b | f044 8bf3 | 418b da49 | 8bd7 49ba 
  0x0000027aeab2594c: e007 6c38 | fb7f 0000 

  0x0000027aeab25954: ;   {other}
  0x0000027aeab25954: 41ff d20f | 1f84 0000 | 0000 00e9 | 38fb ffff | 4c89 4c24 | 3844 895c | 2428 418b | e844 8bf3 
  0x0000027aeab25974: 418b da49 | 8bd7 49ba | e007 6c38 | fb7f 0000 

  0x0000027aeab25984: ;   {other}
  0x0000027aeab25984: 41ff d20f | 1f84 0000 | 0000 00e9 | 5efb ffff | 488b 5c24 | 3844 8b5b | 1445 85db | 0f84 74fb 
  0x0000027aeab259a4: ffff 4d8b | 5728 498b | cb4d 85d2 | 0f84 e600 | 0000 4d8b | 5f30 4b89 | 4c13 f849 | 83c2 f84d 
  0x0000027aeab259c4: 8957 28e9 | 4efb ffff | 488b 5c24 | 3844 8b5b | 1445 85db | 0f84 82fb | ffff 4d8b | 5728 498b 
  0x0000027aeab259e4: cb4d 85d2 | 0f84 cb00 | 0000 4d8b | 5f30 4b89 | 4c13 f849 | 83c2 f84d | 8957 28e9 | 5cfb ffff 
  0x0000027aeab25a04: bae4 ffff | ff48 8b6c | 2430 4489 | 5424 2844 | 895c 2430 | 4489 4424 | 3889 5c24 

  0x0000027aeab25a20: ;   {runtime_call UncommonTrapBlob}
  0x0000027aeab25a20: 3c66 90e8 

  0x0000027aeab25a24: ; ImmutableOopMap {rbp=Oop [32]=Oop [40]=NarrowOop [56]=NarrowOop }
                      ;*aastore {reexecute=1 rethrow=0 return_oop=0}
                      ; - (reexecute) java.lang.ThreadLocal$ThreadLocalMap::expungeStaleEntry@71 (line 687)
                      ; - java.lang.ThreadLocal$ThreadLocalMap::remove@46 (line 581)
                      ; - java.lang.ThreadLocal::remove@12 (line 294)
                      ; - java.lang.ThreadLocal::remove@4 (line 283)
                      ; - org.gradle.internal.classloader.TransformErrorHandler::getLastErrorAndClear@15 (line 128)
                      ; - org.gradle.internal.classloader.TransformErrorHandler::exitClassLoadingScopeWithException@1 (line 117)
                      ; - org.gradle.internal.classloader.VisitableURLClassLoader$InstrumentingVisitableURLClassLoader::findClass@23 (line 191)
  0x0000027aeab25a24: 38e9 04ff 

  0x0000027aeab25a28: ;   {other}
  0x0000027aeab25a28: 0f1f 8400 | a023 0043 | 4c89 4c24 | 2845 8bf3 | 418b f08b | eb41 8bda | 498b d749 | bae0 076c 
  0x0000027aeab25a48: 38fb 7f00 | 0041 ffd2 

  0x0000027aeab25a50: ;   {other}
  0x0000027aeab25a50: 0f1f 8400 | 0000 0000 | 448b d38b | dd44 8bc6 | 458b de4c | 8b4c 2428 | e982 f7ff | ff41 8beb 
  0x0000027aeab25a70: 458b f041 | 8bf2 498b | d749 bae0 | 076c 38fb | 7f00 0041 

  0x0000027aeab25a84: ;   {other}
  0x0000027aeab25a84: ffd2 0f1f | 8400 0000 | 0000 448b | d645 8bc6 | 448b dde9 | 6bf7 ffff | 498b d749 | bae0 076c 
  0x0000027aeab25aa4: 38fb 7f00 | 0041 ffd2 

  0x0000027aeab25aac: ;   {other}
  0x0000027aeab25aac: 0f1f 8400 | 0000 0000 | e961 faff | ff49 8bd7 | 49ba e007 | 6c38 fb7f | 0000 41ff 

  0x0000027aeab25ac8: ;   {other}
  0x0000027aeab25ac8: d20f 1f84 | 0000 0000 | 00e9 8afa | ffff baf6 | ffff ff49 | 8bea 48ff | 7424 3048 | 8f44 2420 
  0x0000027aeab25ae8: ;   {runtime_call UncommonTrapBlob}
  0x0000027aeab25ae8: 6666 90e8 

  0x0000027aeab25aec: ; ImmutableOopMap {rbp=Oop [32]=Oop }
                      ;*invokevirtual enterClassLoadingScope {reexecute=0 rethrow=0 return_oop=0}
                      ; - org.gradle.internal.classloader.VisitableURLClassLoader$InstrumentingVisitableURLClassLoader::findClass@5 (line 186)
  0x0000027aeab25aec: 70e8 04ff 

  0x0000027aeab25af0: ;   {other}
  0x0000027aeab25af0: 0f1f 8400 | 6824 0044 | baf6 ffff | ff49 8bea 

  0x0000027aeab25b00: ;   {runtime_call UncommonTrapBlob}
  0x0000027aeab25b00: 6666 90e8 

  0x0000027aeab25b04: ; ImmutableOopMap {rbp=Oop [48]=Oop }
                      ;*invokevirtual get {reexecute=0 rethrow=0 return_oop=0}
                      ; - org.gradle.internal.classloader.TransformErrorHandler::getLastErrorAndClear@4 (line 127)
                      ; - org.gradle.internal.classloader.TransformErrorHandler::enterClassLoadingScope@1 (line 69)
                      ; - org.gradle.internal.classloader.VisitableURLClassLoader$InstrumentingVisitableURLClassLoader::findClass@5 (line 186)
  0x0000027aeab25b04: 58e8 04ff 

  0x0000027aeab25b08: ;   {other}
  0x0000027aeab25b08: 0f1f 8400 | 8024 0045 | baf6 ffff | ff49 8bea 

  0x0000027aeab25b18: ;   {runtime_call UncommonTrapBlob}
  0x0000027aeab25b18: 6666 90e8 

  0x0000027aeab25b1c: ; ImmutableOopMap {rbp=Oop [48]=Oop }
                      ;*invokevirtual remove {reexecute=0 rethrow=0 return_oop=0}
                      ; - org.gradle.internal.classloader.TransformErrorHandler::getLastErrorAndClear@15 (line 128)
                      ; - org.gradle.internal.classloader.TransformErrorHandler::enterClassLoadingScope@1 (line 69)
                      ; - org.gradle.internal.classloader.VisitableURLClassLoader$InstrumentingVisitableURLClassLoader::findClass@5 (line 186)
  0x0000027aeab25b1c: 40e8 04ff 

  0x0000027aeab25b20: ;   {other}
  0x0000027aeab25b20: 0f1f 8400 | 9824 0046 | baf6 ffff | ff49 8bea 

  0x0000027aeab25b30: ;   {runtime_call UncommonTrapBlob}
  0x0000027aeab25b30: 6666 90e8 

  0x0000027aeab25b34: ; ImmutableOopMap {rbp=Oop [48]=Oop }
                      ;*arraylength {reexecute=0 rethrow=0 return_oop=0}
                      ; - java.lang.ThreadLocal$ThreadLocalMap::remove@6 (line 574)
                      ; - java.lang.ThreadLocal::remove@12 (line 294)
                      ; - java.lang.ThreadLocal::remove@4 (line 283)
                      ; - org.gradle.internal.classloader.TransformErrorHandler::getLastErrorAndClear@15 (line 128)
                      ; - org.gradle.internal.classloader.TransformErrorHandler::enterClassLoadingScope@1 (line 69)
                      ; - org.gradle.internal.classloader.VisitableURLClassLoader$InstrumentingVisitableURLClassLoader::findClass@5 (line 186)
  0x0000027aeab25b34: 28e8 04ff 

  0x0000027aeab25b38: ;   {other}
  0x0000027aeab25b38: 0f1f 8400 | b024 0047 | baf6 ffff | ff48 8be8 

  0x0000027aeab25b48: ;   {runtime_call UncommonTrapBlob}
  0x0000027aeab25b48: 6666 90e8 

  0x0000027aeab25b4c: ; ImmutableOopMap {rbp=Oop }
                      ;*invokevirtual exitClassLoadingScope {reexecute=0 rethrow=0 return_oop=0}
                      ; - org.gradle.internal.classloader.VisitableURLClassLoader$InstrumentingVisitableURLClassLoader::findClass@31 (line 193)
  0x0000027aeab25b4c: 10e8 04ff 

  0x0000027aeab25b50: ;   {other}
  0x0000027aeab25b50: 0f1f 8400 | c824 0048 | baf6 ffff | ff48 8be8 

  0x0000027aeab25b60: ;   {runtime_call UncommonTrapBlob}
  0x0000027aeab25b60: 6666 90e8 

  0x0000027aeab25b64: ; ImmutableOopMap {rbp=Oop }
                      ;*invokevirtual get {reexecute=0 rethrow=0 return_oop=0}
                      ; - org.gradle.internal.classloader.TransformErrorHandler::getLastErrorAndClear@4 (line 127)
                      ; - org.gradle.internal.classloader.TransformErrorHandler::exitClassLoadingScope@1 (line 104)
                      ; - org.gradle.internal.classloader.VisitableURLClassLoader$InstrumentingVisitableURLClassLoader::findClass@31 (line 193)
  0x0000027aeab25b64: f8e7 04ff 

  0x0000027aeab25b68: ;   {other}
  0x0000027aeab25b68: 0f1f 8400 | e024 0049 | baf6 ffff | ff48 8b6c 

  0x0000027aeab25b78: ;   {runtime_call UncommonTrapBlob}
  0x0000027aeab25b78: 2430 90e8 

  0x0000027aeab25b7c: ; ImmutableOopMap {rbp=Oop }
                      ;*invokevirtual remove {reexecute=0 rethrow=0 return_oop=0}
                      ; - org.gradle.internal.classloader.TransformErrorHandler::getLastErrorAndClear@15 (line 128)
                      ; - org.gradle.internal.classloader.TransformErrorHandler::exitClassLoadingScope@1 (line 104)
                      ; - org.gradle.internal.classloader.VisitableURLClassLoader$InstrumentingVisitableURLClassLoader::findClass@31 (line 193)
  0x0000027aeab25b7c: e0e7 04ff 

  0x0000027aeab25b80: ;   {other}
  0x0000027aeab25b80: 0f1f 8400 | f824 004a | baf6 ffff | ff48 8b6c 

  0x0000027aeab25b90: ;   {runtime_call UncommonTrapBlob}
  0x0000027aeab25b90: 2430 90e8 

  0x0000027aeab25b94: ; ImmutableOopMap {rbp=Oop }
                      ;*arraylength {reexecute=0 rethrow=0 return_oop=0}
                      ; - java.lang.ThreadLocal$ThreadLocalMap::remove@6 (line 574)
                      ; - java.lang.ThreadLocal::remove@12 (line 294)
                      ; - java.lang.ThreadLocal::remove@4 (line 283)
                      ; - org.gradle.internal.classloader.TransformErrorHandler::getLastErrorAndClear@15 (line 128)
                      ; - org.gradle.internal.classloader.TransformErrorHandler::exitClassLoadingScope@1 (line 104)
                      ; - org.gradle.internal.classloader.VisitableURLClassLoader$InstrumentingVisitableURLClassLoader::findClass@31 (line 193)
  0x0000027aeab25b94: c8e7 04ff 

  0x0000027aeab25b98: ;   {other}
  0x0000027aeab25b98: 0f1f 8400 | 1025 004b | baf6 ffff | ff49 8bea 

  0x0000027aeab25ba8: ;   {runtime_call UncommonTrapBlob}
  0x0000027aeab25ba8: 6666 90e8 

  0x0000027aeab25bac: ; ImmutableOopMap {rbp=Oop [48]=Oop }
                      ;*arraylength {reexecute=0 rethrow=0 return_oop=0}
                      ; - java.lang.ThreadLocal$ThreadLocalMap::getEntry@8 (line 499)
                      ; - java.lang.ThreadLocal::get@12 (line 187)
                      ; - java.lang.ThreadLocal::get@4 (line 172)
                      ; - org.gradle.internal.classloader.TransformErrorHandler::getLastErrorAndClear@4 (line 127)
                      ; - org.gradle.internal.classloader.TransformErrorHandler::enterClassLoadingScope@1 (line 69)
                      ; - org.gradle.internal.classloader.VisitableURLClassLoader$InstrumentingVisitableURLClassLoader::findClass@5 (line 186)
  0x0000027aeab25bac: b0e7 04ff 

  0x0000027aeab25bb0: ;   {other}
  0x0000027aeab25bb0: 0f1f 8400 | 2825 004c | baf6 ffff | ff48 8be8 

  0x0000027aeab25bc0: ;   {runtime_call UncommonTrapBlob}
  0x0000027aeab25bc0: 6666 90e8 

  0x0000027aeab25bc4: ; ImmutableOopMap {rbp=Oop }
                      ;*arraylength {reexecute=0 rethrow=0 return_oop=0}
                      ; - java.lang.ThreadLocal$ThreadLocalMap::getEntry@8 (line 499)
                      ; - java.lang.ThreadLocal::get@12 (line 187)
                      ; - java.lang.ThreadLocal::get@4 (line 172)
                      ; - org.gradle.internal.classloader.TransformErrorHandler::getLastErrorAndClear@4 (line 127)
                      ; - org.gradle.internal.classloader.TransformErrorHandler::exitClassLoadingScope@1 (line 104)
                      ; - org.gradle.internal.classloader.VisitableURLClassLoader$InstrumentingVisitableURLClassLoader::findClass@31 (line 193)
  0x0000027aeab25bc4: 98e7 04ff 

  0x0000027aeab25bc8: ;   {other}
  0x0000027aeab25bc8: 0f1f 8400 | 4025 004d | ba45 ffff | ff4c 8954 | 2420 4489 | 4424 3848 | 897c 2440 

  0x0000027aeab25be4: ;   {runtime_call UncommonTrapBlob}
  0x0000027aeab25be4: 6666 90e8 

  0x0000027aeab25be8: ; ImmutableOopMap {rbp=NarrowOop [32]=Oop [48]=Oop [56]=NarrowOop [64]=Oop }
                      ;*ifnull {reexecute=1 rethrow=0 return_oop=0}
                      ; - (reexecute) java.lang.ThreadLocal::remove@7 (line 293)
                      ; - java.lang.ThreadLocal::remove@4 (line 283)
                      ; - org.gradle.internal.classloader.TransformErrorHandler::getLastErrorAndClear@15 (line 128)
                      ; - org.gradle.internal.classloader.TransformErrorHandler::enterClassLoadingScope@1 (line 69)
                      ; - org.gradle.internal.classloader.VisitableURLClassLoader$InstrumentingVisitableURLClassLoader::findClass@5 (line 186)
  0x0000027aeab25be8: 74e7 04ff 

  0x0000027aeab25bec: ;   {other}
  0x0000027aeab25bec: 0f1f 8400 | 6425 004e | ba45 ffff | ff48 ff74 | 2430 488f | 4424 204c | 894c 2428 

  0x0000027aeab25c08: ;   {runtime_call UncommonTrapBlob}
  0x0000027aeab25c08: 6666 90e8 

  0x0000027aeab25c0c: ; ImmutableOopMap {rbp=NarrowOop [32]=Oop [40]=Oop }
                      ;*ifnull {reexecute=1 rethrow=0 return_oop=0}
                      ; - (reexecute) java.lang.ThreadLocal::remove@7 (line 293)
                      ; - java.lang.ThreadLocal::remove@4 (line 283)
                      ; - org.gradle.internal.classloader.TransformErrorHandler::getLastErrorAndClear@15 (line 128)
                      ; - org.gradle.internal.classloader.TransformErrorHandler::exitClassLoadingScope@1 (line 104)
                      ; - org.gradle.internal.classloader.VisitableURLClassLoader$InstrumentingVisitableURLClassLoader::findClass@31 (line 193)
  0x0000027aeab25c0c: 50e7 04ff 

  0x0000027aeab25c10: ;   {other}
  0x0000027aeab25c10: 0f1f 8400 | 8825 004f | e9de e9ff | ffe9 d9e9 | ffff e9d4 | e9ff ffe9 | cfe9 ffff | baf6 ffff 
  0x0000027aeab25c30: ff48 8be8 

  0x0000027aeab25c34: ;   {runtime_call UncommonTrapBlob}
  0x0000027aeab25c34: 6666 90e8 

  0x0000027aeab25c38: ; ImmutableOopMap {rbp=Oop }
                      ;*invokevirtual exitClassLoadingScopeWithException {reexecute=0 rethrow=0 return_oop=0}
                      ; - org.gradle.internal.classloader.VisitableURLClassLoader$InstrumentingVisitableURLClassLoader::findClass@23 (line 191)
  0x0000027aeab25c38: 24e7 04ff 

  0x0000027aeab25c3c: ;   {other}
  0x0000027aeab25c3c: 0f1f 8400 | b425 0050 | baf6 ffff 

  0x0000027aeab25c48: ;   {runtime_call UncommonTrapBlob}
  0x0000027aeab25c48: ff66 90e8 

  0x0000027aeab25c4c: ; ImmutableOopMap {}
                      ;*invokevirtual get {reexecute=0 rethrow=0 return_oop=0}
                      ; - org.gradle.internal.classloader.TransformErrorHandler::getLastErrorAndClear@4 (line 127)
                      ; - org.gradle.internal.classloader.TransformErrorHandler::exitClassLoadingScopeWithException@1 (line 117)
                      ; - org.gradle.internal.classloader.VisitableURLClassLoader$InstrumentingVisitableURLClassLoader::findClass@23 (line 191)
  0x0000027aeab25c4c: 10e7 04ff 

  0x0000027aeab25c50: ;   {other}
  0x0000027aeab25c50: 0f1f 8400 | c825 0051 | baf6 ffff 

  0x0000027aeab25c5c: ;   {runtime_call UncommonTrapBlob}
  0x0000027aeab25c5c: ff66 90e8 

  0x0000027aeab25c60: ; ImmutableOopMap {}
                      ;*invokevirtual remove {reexecute=0 rethrow=0 return_oop=0}
                      ; - org.gradle.internal.classloader.TransformErrorHandler::getLastErrorAndClear@15 (line 128)
                      ; - org.gradle.internal.classloader.TransformErrorHandler::exitClassLoadingScopeWithException@1 (line 117)
                      ; - org.gradle.internal.classloader.VisitableURLClassLoader$InstrumentingVisitableURLClassLoader::findClass@23 (line 191)
  0x0000027aeab25c60: fce6 04ff 

  0x0000027aeab25c64: ;   {other}
  0x0000027aeab25c64: 0f1f 8400 | dc25 0052 | baf6 ffff 

  0x0000027aeab25c70: ;   {runtime_call UncommonTrapBlob}
  0x0000027aeab25c70: ff66 90e8 

  0x0000027aeab25c74: ; ImmutableOopMap {}
                      ;*arraylength {reexecute=0 rethrow=0 return_oop=0}
                      ; - java.lang.ThreadLocal$ThreadLocalMap::remove@6 (line 574)
                      ; - java.lang.ThreadLocal::remove@12 (line 294)
                      ; - java.lang.ThreadLocal::remove@4 (line 283)
                      ; - org.gradle.internal.classloader.TransformErrorHandler::getLastErrorAndClear@15 (line 128)
                      ; - org.gradle.internal.classloader.TransformErrorHandler::exitClassLoadingScopeWithException@1 (line 117)
                      ; - org.gradle.internal.classloader.VisitableURLClassLoader$InstrumentingVisitableURLClassLoader::findClass@23 (line 191)
  0x0000027aeab25c74: e8e6 04ff 

  0x0000027aeab25c78: ;   {other}
  0x0000027aeab25c78: 0f1f 8400 | f025 0053 | baf6 ffff 

  0x0000027aeab25c84: ;   {runtime_call UncommonTrapBlob}
  0x0000027aeab25c84: ff66 90e8 

  0x0000027aeab25c88: ; ImmutableOopMap {}
                      ;*arraylength {reexecute=0 rethrow=0 return_oop=0}
                      ; - java.lang.ThreadLocal$ThreadLocalMap::getEntry@8 (line 499)
                      ; - java.lang.ThreadLocal::get@12 (line 187)
                      ; - java.lang.ThreadLocal::get@4 (line 172)
                      ; - org.gradle.internal.classloader.TransformErrorHandler::getLastErrorAndClear@4 (line 127)
                      ; - org.gradle.internal.classloader.TransformErrorHandler::exitClassLoadingScopeWithException@1 (line 117)
                      ; - org.gradle.internal.classloader.VisitableURLClassLoader$InstrumentingVisitableURLClassLoader::findClass@23 (line 191)
  0x0000027aeab25c88: d4e6 04ff 

  0x0000027aeab25c8c: ;   {other}
  0x0000027aeab25c8c: 0f1f 8400 | 0426 0054 | ba45 ffff | ff48 8b6c | 2430 4889 | 4c24 2044 | 8944 242c 

  0x0000027aeab25ca8: ;   {runtime_call UncommonTrapBlob}
  0x0000027aeab25ca8: 6666 90e8 

  0x0000027aeab25cac: ; ImmutableOopMap {rbp=Oop [32]=Oop [44]=NarrowOop }
                      ;*ifnull {reexecute=1 rethrow=0 return_oop=0}
                      ; - (reexecute) java.lang.ThreadLocal::remove@7 (line 293)
                      ; - java.lang.ThreadLocal::remove@4 (line 283)
                      ; - org.gradle.internal.classloader.TransformErrorHandler::getLastErrorAndClear@15 (line 128)
                      ; - org.gradle.internal.classloader.TransformErrorHandler::exitClassLoadingScopeWithException@1 (line 117)
                      ; - org.gradle.internal.classloader.VisitableURLClassLoader$InstrumentingVisitableURLClassLoader::findClass@23 (line 191)
  0x0000027aeab25cac: b0e6 04ff 

  0x0000027aeab25cb0: ;   {other}
  0x0000027aeab25cb0: 0f1f 8400 | 2826 0055 | e93e e9ff 

  0x0000027aeab25cbc: ;   {internal_word}
  0x0000027aeab25cbc: ff49 ba66 | 3fb2 ea7a | 0200 004d | 8997 6004 

  0x0000027aeab25ccc: ;   {runtime_call SafepointBlob}
  0x0000027aeab25ccc: 0000 e90d 

  0x0000027aeab25cd0: ;   {runtime_call StubRoutines (final stubs)}
  0x0000027aeab25cd0: f704 ffe8 | 681a 03ff | e9d1 dcff | fff4 f4f4 
[Stub Code]
  0x0000027aeab25ce0: ;   {no_reloc}
  0x0000027aeab25ce0: 48bb 0000 | 0000 0000 

  0x0000027aeab25ce8: ;   {runtime_call nmethod}
  0x0000027aeab25ce8: 0000 e9fb 

  0x0000027aeab25cec: ;   {static_stub}
  0x0000027aeab25cec: ffff ff48 | bb00 0000 | 0000 0000 

  0x0000027aeab25cf8: ;   {runtime_call nmethod}
  0x0000027aeab25cf8: 00e9 fbff 

  0x0000027aeab25cfc: ;   {static_stub}
  0x0000027aeab25cfc: ffff 48bb | 0000 0000 | 0000 0000 

  0x0000027aeab25d08: ;   {runtime_call nmethod}
  0x0000027aeab25d08: e9fb ffff 

  0x0000027aeab25d0c: ;   {static_stub}
  0x0000027aeab25d0c: ff48 bb00 | 0000 0000 

  0x0000027aeab25d14: ;   {runtime_call nmethod}
  0x0000027aeab25d14: 0000 00e9 | fbff ffff 
[Exception Handler]
  0x0000027aeab25d1c: ;   {runtime_call ExceptionBlob}
  0x0000027aeab25d1c: e9bf 5911 | ffe8 0000 | 0000 4883 

  0x0000027aeab25d28: ;   {runtime_call DeoptimizationBlob}
  0x0000027aeab25d28: 2c24 05e9 | 50e9 04ff 
[/MachCode]


---------------  P R O C E S S  ---------------

Threads class SMR info:
_java_thread_list=0x0000027ac09f2710, length=265, elements={
0x0000027ad7cd9540, 0x0000027a9b137c30, 0x0000027a9b138b50, 0x0000027a9b13d840,
0x0000027a9b13e9e0, 0x0000027a9b141fb0, 0x0000027a9b143080, 0x0000027a9b1477f0,
0x0000027a9b1537b0, 0x0000027a9b268170, 0x0000027a9b470b50, 0x0000027aa12a46e0,
0x0000027aa0f25c40, 0x0000027aa1042f90, 0x0000027aa1368ea0, 0x0000027aa136a8e0,
0x0000027aa1369530, 0x0000027aa3276010, 0x0000027aa3277a50, 0x0000027aa327a1b0,
0x0000027aa327c280, 0x0000027aa32780e0, 0x0000027aa3279b20, 0x0000027aa3279490,
0x0000027aa327a840, 0x0000027aa327bbf0, 0x0000027aa327c910, 0x0000027aa48e1b50,
0x0000027aa48e21e0, 0x0000027aa48e3c20, 0x0000027aa66043f0, 0x0000027aa27c2220,
0x0000027ab6014e00, 0x0000027ab7b50a20, 0x0000027ac1633dd0, 0x0000027ac1630fe0,
0x0000027ac1631670, 0x0000027abed93080, 0x0000027abed94430, 0x0000027abed94ac0,
0x0000027abed93710, 0x0000027abed93da0, 0x0000027abed95150, 0x0000027abed95e70,
0x0000027aa62c8b60, 0x0000027aa62c6400, 0x0000027abed96500, 0x0000027ab71f1610,
0x0000027ab718b120, 0x0000027ab71f1ca0, 0x0000027ab71f3d70, 0x0000027ab71f4400,
0x0000027ab71f29c0, 0x0000027ab71f3050, 0x0000027ab71f36e0, 0x0000027ac1b054c0,
0x0000027ac1b03a80, 0x0000027ac1b04110, 0x0000027ac1b047a0, 0x0000027ac1b06870,
0x0000027ac1b04e30, 0x0000027ac1b05b50, 0x0000027aa1be7da0, 0x0000027aa1be97e0,
0x0000027aa1be8430, 0x0000027ab718be40, 0x0000027ab7189d70, 0x0000027ab718c4d0,
0x0000027ab718a400, 0x0000027ab718aa90, 0x0000027ab7189050, 0x0000027ab718b7b0,
0x0000027aa6cebf30, 0x0000027aa6ceb8a0, 0x0000027aa6cea4f0, 0x0000027aa6cecc50,
0x0000027aa6ced2e0, 0x0000027aa6ceab80, 0x0000027aa6ceb210, 0x0000027ab8ae72b0,
0x0000027ab8ae6c20, 0x0000027a9b65f1c0, 0x0000027a9b660c00, 0x0000027a9b65f850,
0x0000027a9b65d780, 0x0000027a9b65fee0, 0x0000027a9b65eb30, 0x0000027a9b65de10,
0x0000027a9b660570, 0x0000027a9b65e4a0, 0x0000027ab83748e0, 0x0000027ab8372ea0,
0x0000027ab8374f70, 0x0000027ab8375600, 0x0000027ab8375c90, 0x0000027ab8376320,
0x0000027ab8373530, 0x0000027aa62c84d0, 0x0000027aa62c5d70, 0x0000027aa62c7120,
0x0000027aa608cf10, 0x0000027aa608c1f0, 0x0000027aa608c880, 0x0000027abe589160,
0x0000027abe5897f0, 0x0000027aa4cf8bf0, 0x0000027aa5a07460, 0x0000027aa4cf7ed0,
0x0000027ab7495440, 0x0000027aa4cf8560, 0x0000027ab7499c70, 0x0000027aa4cf9910,
0x0000027ab7495ad0, 0x0000027ab93747a0, 0x0000027ab8373bc0, 0x0000027abe3fd250,
0x0000027aa5a07af0, 0x0000027aa5a08810, 0x0000027ab8374250, 0x0000027ac19a6600,
0x0000027ac19a58e0, 0x0000027ac19a4bc0, 0x0000027ac19a5250, 0x0000027ac19a4530,
0x0000027ac19a5f70, 0x0000027ac19a6c90, 0x0000027ac19a3810, 0x0000027ac19a3ea0,
0x0000027aa1cc0870, 0x0000027ab7b52af0, 0x0000027abffdb500, 0x0000027aa5a08ea0,
0x0000027abffdc8b0, 0x0000027aa5a05a20, 0x0000027abffdd5d0, 0x0000027aa5a06740,
0x0000027ab9374e30, 0x0000027abffdae70, 0x0000027ab9374110, 0x0000027abffdc220,
0x0000027abffdcf40, 0x0000027abffda150, 0x0000027ac0aa2430, 0x0000027ac0aa0360,
0x0000027ac0a9f640, 0x0000027ac0aa09f0, 0x0000027ac0aa1080, 0x0000027ab93754c0,
0x0000027ac0aa1710, 0x0000027ab9375b50, 0x0000027ac0aa2ac0, 0x0000027aa67e9c90,
0x0000027ab7b24880, 0x0000027aa67ea9b0, 0x0000027ab7b24f10, 0x0000027aa67eb040,
0x0000027ab7b255a0, 0x0000027aa67ec3f0, 0x0000027ab7b23b60, 0x0000027aa67e9600,
0x0000027ab7b25c30, 0x0000027aa67e8f70, 0x0000027ab7b241f0, 0x0000027aa67eb6d0,
0x0000027aa67ebd60, 0x0000027ac0b956f0, 0x0000027ab5c5b980, 0x0000027ac0b93cb0,
0x0000027ac0b97130, 0x0000027ac0b95d80, 0x0000027ac0b94340, 0x0000027aa709dbc0,
0x0000027aa709e8e0, 0x0000027ac21d2ba0, 0x0000027ac21d3230, 0x0000027ac21d1e80,
0x0000027ac21d0ad0, 0x0000027aa1cbe7a0, 0x0000027aa5a06dd0, 0x0000027ab6b003e0,
0x0000027ab6b00a70, 0x0000027ab6aff6c0, 0x0000027ab6affd50, 0x0000027ab6b01100,
0x0000027ab6b01790, 0x0000027aa849a630, 0x0000027aa8497ed0, 0x0000027aa8499910,
0x0000027aa8499fa0, 0x0000027aa849acc0, 0x0000027abff41a90, 0x0000027abff441f0,
0x0000027abff44880, 0x0000027abff42120, 0x0000027abff434d0, 0x0000027aa295fe50,
0x0000027aa29604e0, 0x0000027aa2960b70, 0x0000027aa2961200, 0x0000027ac0f29e20,
0x0000027ac0f29100, 0x0000027ac0f29790, 0x0000027ab93761e0, 0x0000027ab9376f00,
0x0000027abe3fb810, 0x0000027ac1632390, 0x0000027aa1a2a650, 0x0000027aa1a27860,
0x0000027ab6909060, 0x0000027ac15c0bd0, 0x0000027ac15c3330, 0x0000027aa178b200,
0x0000027aa178b890, 0x0000027aa4cf9280, 0x0000027aa4cf9fa0, 0x0000027ac21d1160,
0x0000027ac735a780, 0x0000027ac12cb1c0, 0x0000027aa1a271d0, 0x0000027ac735c1c0,
0x0000027aa1cbfb50, 0x0000027ac70eb560, 0x0000027ac70e9490, 0x0000027ac70e9b20,
0x0000027ab92a3cb0, 0x0000027aa1a292a0, 0x0000027aa1a29fc0, 0x0000027aa70a0320,
0x0000027ab7496e80, 0x0000027ab7494720, 0x0000027ac70e8e00, 0x0000027ac7359a60,
0x0000027ac73593d0, 0x0000027aa709fc90, 0x0000027aa709e250, 0x0000027aa709f600,
0x0000027aa608d5a0, 0x0000027aa4cabc30, 0x0000027aa1cbe110, 0x0000027abf707b50,
0x0000027aa4cac2c0, 0x0000027abf709c20, 0x0000027aa4caa1f0, 0x0000027ab6753160,
0x0000027aa50189d0, 0x0000027ac1b2a880, 0x0000027ab7494db0, 0x0000027ac1b2af10,
0x0000027ab749a990, 0x0000027aa50196f0, 0x0000027ab6751db0, 0x0000027ab8b10330,
0x0000027aa4cab5a0, 0x0000027ac15c1260, 0x0000027ab8b0e260, 0x0000027ab8b0ef80,
0x0000027ab8b109c0, 0x0000027abf706e30, 0x0000027aa4cac950, 0x0000027aa709cea0,
0x0000027ab8b0f610, 0x0000027ab7b262c0, 0x0000027aa1cbee30, 0x0000027aa1cc01e0,
0x0000027aa5017620
}

Java Threads: ( => current thread )
  0x0000027ad7cd9540 JavaThread "main"                              [_thread_blocked, id=33860, stack(0x000000c267400000,0x000000c267500000) (1024K)]
  0x0000027a9b137c30 JavaThread "Reference Handler"          daemon [_thread_blocked, id=18828, stack(0x000000c267c00000,0x000000c267d00000) (1024K)]
  0x0000027a9b138b50 JavaThread "Finalizer"                  daemon [_thread_blocked, id=34292, stack(0x000000c267d00000,0x000000c267e00000) (1024K)]
  0x0000027a9b13d840 JavaThread "Signal Dispatcher"          daemon [_thread_blocked, id=29768, stack(0x000000c267e00000,0x000000c267f00000) (1024K)]
  0x0000027a9b13e9e0 JavaThread "Attach Listener"            daemon [_thread_blocked, id=23480, stack(0x000000c267f00000,0x000000c268000000) (1024K)]
  0x0000027a9b141fb0 JavaThread "Service Thread"             daemon [_thread_blocked, id=10448, stack(0x000000c268000000,0x000000c268100000) (1024K)]
  0x0000027a9b143080 JavaThread "Monitor Deflation Thread"   daemon [_thread_blocked, id=34588, stack(0x000000c268100000,0x000000c268200000) (1024K)]
  0x0000027a9b1477f0 JavaThread "C2 CompilerThread0"         daemon [_thread_blocked, id=18320, stack(0x000000c268200000,0x000000c268300000) (1024K)]
  0x0000027a9b1537b0 JavaThread "C1 CompilerThread0"         daemon [_thread_blocked, id=34432, stack(0x000000c268300000,0x000000c268400000) (1024K)]
  0x0000027a9b268170 JavaThread "Common-Cleaner"             daemon [_thread_blocked, id=34524, stack(0x000000c268400000,0x000000c268500000) (1024K)]
  0x0000027a9b470b50 JavaThread "Notification Thread"        daemon [_thread_blocked, id=3572, stack(0x000000c268500000,0x000000c268600000) (1024K)]
  0x0000027aa12a46e0 JavaThread "Daemon health stats"               [_thread_blocked, id=33904, stack(0x000000c269100000,0x000000c269200000) (1024K)]
  0x0000027aa0f25c40 JavaThread "Incoming local TCP Connector on port 58355"        [_thread_in_native, id=22040, stack(0x000000c269200000,0x000000c269300000) (1024K)]
  0x0000027aa1042f90 JavaThread "Daemon periodic checks"            [_thread_blocked, id=2920, stack(0x000000c269300000,0x000000c269400000) (1024K)]
  0x0000027aa1368ea0 JavaThread "Cache worker for journal cache (C:\Users\denis\.gradle\caches\journal-1)"        [_thread_blocked, id=30884, stack(0x000000c269b00000,0x000000c269c00000) (1024K)]
  0x0000027aa136a8e0 JavaThread "File lock request listener"        [_thread_in_native, id=9236, stack(0x000000c269c00000,0x000000c269d00000) (1024K)]
  0x0000027aa1369530 JavaThread "Cache worker for file hash cache (C:\Users\denis\.gradle\caches\8.14.3\fileHashes)"        [_thread_blocked, id=4068, stack(0x000000c269d00000,0x000000c269e00000) (1024K)]
  0x0000027aa3276010 JavaThread "File watcher server"        daemon [_thread_in_native, id=29888, stack(0x000000c26a200000,0x000000c26a300000) (1024K)]
  0x0000027aa3277a50 JavaThread "File watcher consumer"      daemon [_thread_blocked, id=32828, stack(0x000000c26a300000,0x000000c26a400000) (1024K)]
  0x0000027aa327a1b0 JavaThread "jar transforms"                    [_thread_blocked, id=27608, stack(0x000000c26a400000,0x000000c26a500000) (1024K)]
  0x0000027aa327c280 JavaThread "jar transforms Thread 2"           [_thread_blocked, id=29088, stack(0x000000c26a500000,0x000000c26a600000) (1024K)]
  0x0000027aa32780e0 JavaThread "jar transforms Thread 3"           [_thread_blocked, id=31992, stack(0x000000c26a600000,0x000000c26a700000) (1024K)]
  0x0000027aa3279b20 JavaThread "jar transforms Thread 4"           [_thread_blocked, id=30388, stack(0x000000c26a700000,0x000000c26a800000) (1024K)]
  0x0000027aa3279490 JavaThread "jar transforms Thread 5"           [_thread_blocked, id=23616, stack(0x000000c26a800000,0x000000c26a900000) (1024K)]
  0x0000027aa327a840 JavaThread "Cache worker for file content cache (C:\Users\denis\.gradle\caches\8.14.3\fileContent)"        [_thread_blocked, id=14976, stack(0x000000c26aa00000,0x000000c26ab00000) (1024K)]
  0x0000027aa327bbf0 JavaThread "jar transforms Thread 6"           [_thread_blocked, id=30732, stack(0x000000c26ab00000,0x000000c26ac00000) (1024K)]
  0x0000027aa327c910 JavaThread "jar transforms Thread 7"           [_thread_blocked, id=23260, stack(0x000000c26ac00000,0x000000c26ad00000) (1024K)]
  0x0000027aa48e1b50 JavaThread "jar transforms Thread 8"           [_thread_blocked, id=3124, stack(0x000000c26ad00000,0x000000c26ae00000) (1024K)]
  0x0000027aa48e21e0 JavaThread "jar transforms Thread 9"           [_thread_blocked, id=25528, stack(0x000000c26ae00000,0x000000c26af00000) (1024K)]
  0x0000027aa48e3c20 JavaThread "jar transforms Thread 10"          [_thread_blocked, id=30420, stack(0x000000c26af00000,0x000000c26b000000) (1024K)]
  0x0000027aa66043f0 JavaThread "Memory manager"                    [_thread_blocked, id=34552, stack(0x000000c26e000000,0x000000c26e100000) (1024K)]
  0x0000027aa27c2220 JavaThread "jar transforms Thread 11"          [_thread_blocked, id=23992, stack(0x000000c275000000,0x000000c275100000) (1024K)]
  0x0000027ab6014e00 JavaThread "jar transforms Thread 12"          [_thread_blocked, id=4456, stack(0x000000c275300000,0x000000c275400000) (1024K)]
  0x0000027ab7b50a20 JavaThread "Daemon Thread 3"                   [_thread_blocked, id=31876, stack(0x000000c267100000,0x000000c267200000) (1024K)]
  0x0000027ac1633dd0 JavaThread "Handler for socket connection from /127.0.0.1:58355 to /127.0.0.1:57721"        [_thread_in_native, id=28384, stack(0x000000c267200000,0x000000c267300000) (1024K)]
  0x0000027ac1630fe0 JavaThread "Cancel handler"                    [_thread_blocked, id=24144, stack(0x000000c267300000,0x000000c267400000) (1024K)]
  0x0000027ac1631670 JavaThread "Daemon worker Thread 3"            [_thread_blocked, id=28236, stack(0x000000c268600000,0x000000c268700000) (1024K)]
  0x0000027abed93080 JavaThread "Asynchronous log dispatcher for DefaultDaemonConnection: socket connection from /127.0.0.1:58355 to /127.0.0.1:57721"        [_thread_in_vm, id=23008, stack(0x000000c268700000,0x000000c268800000) (1024K)]
  0x0000027abed94430 JavaThread "Stdin handler"                     [_thread_blocked, id=29628, stack(0x000000c269400000,0x000000c269500000) (1024K)]
  0x0000027abed94ac0 JavaThread "Daemon client event forwarder"        [_thread_blocked, id=21328, stack(0x000000c269500000,0x000000c269600000) (1024K)]
  0x0000027abed93710 JavaThread "Cache worker for file hash cache (C:\Users\denis\Desktop\meraki_app\android\.gradle\8.14.3\fileHashes)"        [_thread_blocked, id=34132, stack(0x000000c269600000,0x000000c269700000) (1024K)]
  0x0000027abed93da0 JavaThread "Cache worker for Build Output Cleanup Cache (C:\Users\denis\Desktop\meraki_app\android\.gradle\buildOutputCleanup)"        [_thread_blocked, id=34804, stack(0x000000c269700000,0x000000c269800000) (1024K)]
  0x0000027abed95150 JavaThread "Cache worker for checksums cache (C:\Users\denis\Desktop\meraki_app\android\.gradle\8.14.3\checksums)"        [_thread_blocked, id=28988, stack(0x000000c269800000,0x000000c269900000) (1024K)]
  0x0000027abed95e70 JavaThread "Exec process Thread 7"             [_thread_blocked, id=33436, stack(0x000000c269900000,0x000000c269a00000) (1024K)]
  0x0000027aa62c8b60 JavaThread "Exec process Thread 8"             [_thread_blocked, id=12280, stack(0x000000c269a00000,0x000000c269b00000) (1024K)]
  0x0000027aa62c6400 JavaThread "Exec process Thread 9"             [_thread_in_vm, id=26984, stack(0x000000c26a000000,0x000000c26a100000) (1024K)]
  0x0000027abed96500 JavaThread "Cache worker for cache directory md-supplier (C:\Users\denis\.gradle\caches\8.14.3\md-supplier)"        [_thread_blocked, id=29512, stack(0x000000c26a100000,0x000000c26a200000) (1024K)]
  0x0000027ab71f1610 JavaThread "Cache worker for cache directory md-rule (C:\Users\denis\.gradle\caches\8.14.3\md-rule)"        [_thread_blocked, id=33072, stack(0x000000c26a900000,0x000000c26aa00000) (1024K)]
  0x0000027ab718b120 JavaThread "Cache worker for Build Output Cleanup Cache (C:\Users\denis\Desktop\meraki_app\node_modules\@react-native\gradle-plugin\.gradle\buildOutputCleanup)"        [_thread_blocked, id=24344, stack(0x000000c26b000000,0x000000c26b100000) (1024K)]
  0x0000027ab71f1ca0 JavaThread "Unconstrained build operations"        [_thread_blocked, id=32552, stack(0x000000c26b100000,0x000000c26b200000) (1024K)]
  0x0000027ab71f3d70 JavaThread "Unconstrained build operations Thread 2"        [_thread_blocked, id=7820, stack(0x000000c26b200000,0x000000c26b300000) (1024K)]
  0x0000027ab71f4400 JavaThread "Unconstrained build operations Thread 3"        [_thread_blocked, id=22248, stack(0x000000c26b300000,0x000000c26b400000) (1024K)]
  0x0000027ab71f29c0 JavaThread "Unconstrained build operations Thread 4"        [_thread_blocked, id=31148, stack(0x000000c26b400000,0x000000c26b500000) (1024K)]
  0x0000027ab71f3050 JavaThread "Cache worker for Build Output Cleanup Cache (C:\Users\denis\Desktop\meraki_app\node_modules\expo-modules-autolinking\android\expo-gradle-plugin\.gradle\buildOutputCleanup)"        [_thread_blocked, id=20992, stack(0x000000c26b500000,0x000000c26b600000) (1024K)]
  0x0000027ab71f36e0 JavaThread "Unconstrained build operations Thread 5"        [_thread_blocked, id=30052, stack(0x000000c26b600000,0x000000c26b700000) (1024K)]
  0x0000027ac1b054c0 JavaThread "Unconstrained build operations Thread 6"        [_thread_blocked, id=23500, stack(0x000000c26b700000,0x000000c26b800000) (1024K)]
  0x0000027ac1b03a80 JavaThread "Unconstrained build operations Thread 7"        [_thread_blocked, id=33876, stack(0x000000c26b800000,0x000000c26b900000) (1024K)]
  0x0000027ac1b04110 JavaThread "Unconstrained build operations Thread 8"        [_thread_blocked, id=29492, stack(0x000000c26b900000,0x000000c26ba00000) (1024K)]
  0x0000027ac1b047a0 JavaThread "Unconstrained build operations Thread 9"        [_thread_blocked, id=3584, stack(0x000000c26ba00000,0x000000c26bb00000) (1024K)]
  0x0000027ac1b06870 JavaThread "Unconstrained build operations Thread 10"        [_thread_blocked, id=24396, stack(0x000000c26bb00000,0x000000c26bc00000) (1024K)]
  0x0000027ac1b04e30 JavaThread "Unconstrained build operations Thread 11"        [_thread_blocked, id=30128, stack(0x000000c26bc00000,0x000000c26bd00000) (1024K)]
  0x0000027ac1b05b50 JavaThread "Unconstrained build operations Thread 12"        [_thread_blocked, id=30212, stack(0x000000c26bd00000,0x000000c26be00000) (1024K)]
  0x0000027aa1be7da0 JavaThread "Unconstrained build operations Thread 13"        [_thread_blocked, id=27980, stack(0x000000c26be00000,0x000000c26bf00000) (1024K)]
  0x0000027aa1be97e0 JavaThread "Unconstrained build operations Thread 14"        [_thread_blocked, id=29360, stack(0x000000c26bf00000,0x000000c26c000000) (1024K)]
  0x0000027aa1be8430 JavaThread "Unconstrained build operations Thread 15"        [_thread_blocked, id=22680, stack(0x000000c26c000000,0x000000c26c100000) (1024K)]
  0x0000027ab718be40 JavaThread "Unconstrained build operations Thread 16"        [_thread_blocked, id=5984, stack(0x000000c26c100000,0x000000c26c200000) (1024K)]
  0x0000027ab7189d70 JavaThread "Unconstrained build operations Thread 17"        [_thread_blocked, id=30520, stack(0x000000c26c200000,0x000000c26c300000) (1024K)]
  0x0000027ab718c4d0 JavaThread "Unconstrained build operations Thread 18"        [_thread_blocked, id=24228, stack(0x000000c26c300000,0x000000c26c400000) (1024K)]
  0x0000027ab718a400 JavaThread "Unconstrained build operations Thread 19"        [_thread_blocked, id=34264, stack(0x000000c26c400000,0x000000c26c500000) (1024K)]
  0x0000027ab718aa90 JavaThread "Unconstrained build operations Thread 20"        [_thread_blocked, id=17456, stack(0x000000c26c500000,0x000000c26c600000) (1024K)]
  0x0000027ab7189050 JavaThread "Unconstrained build operations Thread 21"        [_thread_blocked, id=22224, stack(0x000000c26c600000,0x000000c26c700000) (1024K)]
  0x0000027ab718b7b0 JavaThread "Unconstrained build operations Thread 22"        [_thread_blocked, id=25240, stack(0x000000c26c700000,0x000000c26c800000) (1024K)]
  0x0000027aa6cebf30 JavaThread "Unconstrained build operations Thread 23"        [_thread_blocked, id=24804, stack(0x000000c26c800000,0x000000c26c900000) (1024K)]
  0x0000027aa6ceb8a0 JavaThread "Unconstrained build operations Thread 24"        [_thread_blocked, id=11916, stack(0x000000c26c900000,0x000000c26ca00000) (1024K)]
  0x0000027aa6cea4f0 JavaThread "Unconstrained build operations Thread 25"        [_thread_blocked, id=21380, stack(0x000000c26ca00000,0x000000c26cb00000) (1024K)]
  0x0000027aa6cecc50 JavaThread "Unconstrained build operations Thread 26"        [_thread_blocked, id=26888, stack(0x000000c26cb00000,0x000000c26cc00000) (1024K)]
  0x0000027aa6ced2e0 JavaThread "build event listener"              [_thread_blocked, id=30396, stack(0x000000c26cc00000,0x000000c26cd00000) (1024K)]
  0x0000027aa6ceab80 JavaThread "Unconstrained build operations Thread 27"        [_thread_blocked, id=12076, stack(0x000000c26cd00000,0x000000c26ce00000) (1024K)]
  0x0000027aa6ceb210 JavaThread "Unconstrained build operations Thread 28"        [_thread_blocked, id=28856, stack(0x000000c26ce00000,0x000000c26cf00000) (1024K)]
  0x0000027ab8ae72b0 JavaThread "Unconstrained build operations Thread 29"        [_thread_blocked, id=17492, stack(0x000000c26cf00000,0x000000c26d000000) (1024K)]
  0x0000027ab8ae6c20 JavaThread "Unconstrained build operations Thread 30"        [_thread_blocked, id=13140, stack(0x000000c26d000000,0x000000c26d100000) (1024K)]
  0x0000027a9b65f1c0 JavaThread "Unconstrained build operations Thread 31"        [_thread_blocked, id=28016, stack(0x000000c26d100000,0x000000c26d200000) (1024K)]
  0x0000027a9b660c00 JavaThread "Unconstrained build operations Thread 32"        [_thread_blocked, id=29048, stack(0x000000c26d200000,0x000000c26d300000) (1024K)]
  0x0000027a9b65f850 JavaThread "Unconstrained build operations Thread 33"        [_thread_blocked, id=28032, stack(0x000000c26d300000,0x000000c26d400000) (1024K)]
  0x0000027a9b65d780 JavaThread "Unconstrained build operations Thread 34"        [_thread_blocked, id=31388, stack(0x000000c26d400000,0x000000c26d500000) (1024K)]
  0x0000027a9b65fee0 JavaThread "Unconstrained build operations Thread 35"        [_thread_blocked, id=1092, stack(0x000000c26d500000,0x000000c26d600000) (1024K)]
  0x0000027a9b65eb30 JavaThread "Unconstrained build operations Thread 36"        [_thread_blocked, id=26852, stack(0x000000c26d600000,0x000000c26d700000) (1024K)]
  0x0000027a9b65de10 JavaThread "Unconstrained build operations Thread 37"        [_thread_blocked, id=34384, stack(0x000000c26d700000,0x000000c26d800000) (1024K)]
  0x0000027a9b660570 JavaThread "build event listener"              [_thread_blocked, id=32076, stack(0x000000c26d800000,0x000000c26d900000) (1024K)]
  0x0000027a9b65e4a0 JavaThread "Unconstrained build operations Thread 38"        [_thread_blocked, id=24900, stack(0x000000c26d900000,0x000000c26da00000) (1024K)]
  0x0000027ab83748e0 JavaThread "Unconstrained build operations Thread 39"        [_thread_blocked, id=14952, stack(0x000000c26da00000,0x000000c26db00000) (1024K)]
  0x0000027ab8372ea0 JavaThread "Unconstrained build operations Thread 40"        [_thread_blocked, id=24008, stack(0x000000c26db00000,0x000000c26dc00000) (1024K)]
  0x0000027ab8374f70 JavaThread "Unconstrained build operations Thread 41"        [_thread_blocked, id=21684, stack(0x000000c26dc00000,0x000000c26dd00000) (1024K)]
  0x0000027ab8375600 JavaThread "Unconstrained build operations Thread 42"        [_thread_blocked, id=30056, stack(0x000000c26dd00000,0x000000c26de00000) (1024K)]
  0x0000027ab8375c90 JavaThread "Unconstrained build operations Thread 43"        [_thread_blocked, id=27892, stack(0x000000c26de00000,0x000000c26df00000) (1024K)]
  0x0000027ab8376320 JavaThread "Unconstrained build operations Thread 44"        [_thread_blocked, id=25584, stack(0x000000c26df00000,0x000000c26e000000) (1024K)]
  0x0000027ab8373530 JavaThread "Unconstrained build operations Thread 45"        [_thread_blocked, id=21268, stack(0x000000c26e100000,0x000000c26e200000) (1024K)]
  0x0000027aa62c84d0 JavaThread "Unconstrained build operations Thread 46"        [_thread_blocked, id=27764, stack(0x000000c26e200000,0x000000c26e300000) (1024K)]
  0x0000027aa62c5d70 JavaThread "Unconstrained build operations Thread 47"        [_thread_blocked, id=2484, stack(0x000000c26e300000,0x000000c26e400000) (1024K)]
  0x0000027aa62c7120 JavaThread "Unconstrained build operations Thread 48"        [_thread_blocked, id=34144, stack(0x000000c26e400000,0x000000c26e500000) (1024K)]
  0x0000027aa608cf10 JavaThread "Unconstrained build operations Thread 49"        [_thread_blocked, id=11744, stack(0x000000c26e500000,0x000000c26e600000) (1024K)]
  0x0000027aa608c1f0 JavaThread "Unconstrained build operations Thread 50"        [_thread_blocked, id=5836, stack(0x000000c26e600000,0x000000c26e700000) (1024K)]
  0x0000027aa608c880 JavaThread "Unconstrained build operations Thread 51"        [_thread_blocked, id=28188, stack(0x000000c26e700000,0x000000c26e800000) (1024K)]
  0x0000027abe589160 JavaThread "Unconstrained build operations Thread 52"        [_thread_blocked, id=29404, stack(0x000000c26e800000,0x000000c26e900000) (1024K)]
  0x0000027abe5897f0 JavaThread "Unconstrained build operations Thread 53"        [_thread_blocked, id=29372, stack(0x000000c26e900000,0x000000c26ea00000) (1024K)]
  0x0000027aa4cf8bf0 JavaThread "ForkJoinPool.commonPool-worker-23" daemon [_thread_blocked, id=16132, stack(0x000000c26ea00000,0x000000c26eb00000) (1024K)]
  0x0000027aa5a07460 JavaThread "ForkJoinPool.commonPool-worker-24" daemon [_thread_blocked, id=3536, stack(0x000000c26eb00000,0x000000c26ec00000) (1024K)]
  0x0000027aa4cf7ed0 JavaThread "ForkJoinPool.commonPool-worker-25" daemon [_thread_blocked, id=34304, stack(0x000000c26ec00000,0x000000c26ed00000) (1024K)]
  0x0000027ab7495440 JavaThread "ForkJoinPool.commonPool-worker-26" daemon [_thread_blocked, id=32080, stack(0x000000c26ed00000,0x000000c26ee00000) (1024K)]
  0x0000027aa4cf8560 JavaThread "ForkJoinPool.commonPool-worker-27" daemon [_thread_blocked, id=34708, stack(0x000000c26ee00000,0x000000c26ef00000) (1024K)]
  0x0000027ab7499c70 JavaThread "ForkJoinPool.commonPool-worker-28" daemon [_thread_blocked, id=29736, stack(0x000000c26ef00000,0x000000c26f000000) (1024K)]
  0x0000027aa4cf9910 JavaThread "ForkJoinPool.commonPool-worker-29" daemon [_thread_blocked, id=22940, stack(0x000000c26f000000,0x000000c26f100000) (1024K)]
  0x0000027ab7495ad0 JavaThread "ForkJoinPool.commonPool-worker-30" daemon [_thread_blocked, id=29744, stack(0x000000c26f100000,0x000000c26f200000) (1024K)]
  0x0000027ab93747a0 JavaThread "ForkJoinPool.commonPool-worker-31" daemon [_thread_blocked, id=30672, stack(0x000000c26f200000,0x000000c26f300000) (1024K)]
  0x0000027ab8373bc0 JavaThread "ForkJoinPool.commonPool-worker-32" daemon [_thread_blocked, id=30664, stack(0x000000c26f300000,0x000000c26f400000) (1024K)]
  0x0000027abe3fd250 JavaThread "ForkJoinPool.commonPool-worker-33" daemon [_thread_blocked, id=27780, stack(0x000000c26f400000,0x000000c26f500000) (1024K)]
  0x0000027aa5a07af0 JavaThread "included builds"                   [_thread_blocked, id=2348, stack(0x000000c26f500000,0x000000c26f600000) (1024K)]
  0x0000027aa5a08810 JavaThread "included builds Thread 2"          [_thread_blocked, id=9320, stack(0x000000c26f600000,0x000000c26f700000) (1024K)]
  0x0000027ab8374250 JavaThread "Execution worker"                  [_thread_blocked, id=27932, stack(0x000000c26f700000,0x000000c26f800000) (1024K)]
  0x0000027ac19a6600 JavaThread "Execution worker Thread 2"         [_thread_blocked, id=32988, stack(0x000000c26f800000,0x000000c26f900000) (1024K)]
=>0x0000027ac19a58e0 JavaThread "Execution worker Thread 3"         [_thread_in_vm, id=32224, stack(0x000000c26f900000,0x000000c26fa00000) (1024K)]
  0x0000027ac19a4bc0 JavaThread "Execution worker Thread 4"         [_thread_blocked, id=31736, stack(0x000000c26fa00000,0x000000c26fb00000) (1024K)]
  0x0000027ac19a5250 JavaThread "Execution worker Thread 5"         [_thread_in_vm, id=8152, stack(0x000000c26fb00000,0x000000c26fc00000) (1024K)]
  0x0000027ac19a4530 JavaThread "Execution worker Thread 6"         [_thread_blocked, id=29384, stack(0x000000c26fc00000,0x000000c26fd00000) (1024K)]
  0x0000027ac19a5f70 JavaThread "Execution worker Thread 7"         [_thread_blocked, id=8528, stack(0x000000c26fd00000,0x000000c26fe00000) (1024K)]
  0x0000027ac19a6c90 JavaThread "Execution worker Thread 8"         [_thread_blocked, id=32300, stack(0x000000c26fe00000,0x000000c26ff00000) (1024K)]
  0x0000027ac19a3810 JavaThread "Execution worker Thread 9"         [_thread_blocked, id=34504, stack(0x000000c26ff00000,0x000000c270000000) (1024K)]
  0x0000027ac19a3ea0 JavaThread "Execution worker Thread 10"        [_thread_blocked, id=29144, stack(0x000000c270000000,0x000000c270100000) (1024K)]
  0x0000027aa1cc0870 JavaThread "Execution worker Thread 11"        [_thread_blocked, id=15096, stack(0x000000c270100000,0x000000c270200000) (1024K)]
  0x0000027ab7b52af0 JavaThread "Cache worker for execution history cache (C:\Users\denis\Desktop\meraki_app\node_modules\@react-native\gradle-plugin\.gradle\8.14.3\executionHistory)"        [_thread_blocked, id=5856, stack(0x000000c270200000,0x000000c270300000) (1024K)]
  0x0000027abffdb500 JavaThread "Cache worker for execution history cache (C:\Users\denis\Desktop\meraki_app\node_modules\expo-modules-autolinking\android\expo-gradle-plugin\.gradle\8.14.3\executionHistory)"        [_thread_blocked, id=5468, stack(0x000000c270300000,0x000000c270400000) (1024K)]
  0x0000027aa5a08ea0 JavaThread "Unconstrained build operations Thread 54"        [_thread_blocked, id=30184, stack(0x000000c270400000,0x000000c270500000) (1024K)]
  0x0000027abffdc8b0 JavaThread "Unconstrained build operations Thread 55"        [_thread_blocked, id=25488, stack(0x000000c270500000,0x000000c270600000) (1024K)]
  0x0000027aa5a05a20 JavaThread "Unconstrained build operations Thread 56"        [_thread_blocked, id=29692, stack(0x000000c270600000,0x000000c270700000) (1024K)]
  0x0000027abffdd5d0 JavaThread "Unconstrained build operations Thread 57"        [_thread_blocked, id=3412, stack(0x000000c270700000,0x000000c270800000) (1024K)]
  0x0000027aa5a06740 JavaThread "Unconstrained build operations Thread 58"        [_thread_blocked, id=29808, stack(0x000000c270800000,0x000000c270900000) (1024K)]
  0x0000027ab9374e30 JavaThread "Unconstrained build operations Thread 59"        [_thread_blocked, id=9152, stack(0x000000c270900000,0x000000c270a00000) (1024K)]
  0x0000027abffdae70 JavaThread "Unconstrained build operations Thread 60"        [_thread_blocked, id=2756, stack(0x000000c270a00000,0x000000c270b00000) (1024K)]
  0x0000027ab9374110 JavaThread "Unconstrained build operations Thread 61"        [_thread_blocked, id=29104, stack(0x000000c270b00000,0x000000c270c00000) (1024K)]
  0x0000027abffdc220 JavaThread "Unconstrained build operations Thread 62"        [_thread_blocked, id=12632, stack(0x000000c270c00000,0x000000c270d00000) (1024K)]
  0x0000027abffdcf40 JavaThread "Unconstrained build operations Thread 63"        [_thread_blocked, id=32900, stack(0x000000c270d00000,0x000000c270e00000) (1024K)]
  0x0000027abffda150 JavaThread "Unconstrained build operations Thread 64"        [_thread_blocked, id=9144, stack(0x000000c270e00000,0x000000c270f00000) (1024K)]
  0x0000027ac0aa2430 JavaThread "Unconstrained build operations Thread 65"        [_thread_blocked, id=27120, stack(0x000000c270f00000,0x000000c271000000) (1024K)]
  0x0000027ac0aa0360 JavaThread "Unconstrained build operations Thread 66"        [_thread_blocked, id=29232, stack(0x000000c271000000,0x000000c271100000) (1024K)]
  0x0000027ac0a9f640 JavaThread "Unconstrained build operations Thread 67"        [_thread_blocked, id=34248, stack(0x000000c271100000,0x000000c271200000) (1024K)]
  0x0000027ac0aa09f0 JavaThread "Unconstrained build operations Thread 68"        [_thread_blocked, id=6608, stack(0x000000c271200000,0x000000c271300000) (1024K)]
  0x0000027ac0aa1080 JavaThread "Unconstrained build operations Thread 70"        [_thread_blocked, id=26568, stack(0x000000c271300000,0x000000c271400000) (1024K)]
  0x0000027ab93754c0 JavaThread "Unconstrained build operations Thread 69"        [_thread_blocked, id=30888, stack(0x000000c271400000,0x000000c271500000) (1024K)]
  0x0000027ac0aa1710 JavaThread "Unconstrained build operations Thread 71"        [_thread_blocked, id=30156, stack(0x000000c271500000,0x000000c271600000) (1024K)]
  0x0000027ab9375b50 JavaThread "Unconstrained build operations Thread 72"        [_thread_blocked, id=20268, stack(0x000000c271600000,0x000000c271700000) (1024K)]
  0x0000027ac0aa2ac0 JavaThread "Unconstrained build operations Thread 73"        [_thread_blocked, id=28480, stack(0x000000c271700000,0x000000c271800000) (1024K)]
  0x0000027aa67e9c90 JavaThread "Unconstrained build operations Thread 74"        [_thread_blocked, id=33392, stack(0x000000c271800000,0x000000c271900000) (1024K)]
  0x0000027ab7b24880 JavaThread "Unconstrained build operations Thread 75"        [_thread_blocked, id=14420, stack(0x000000c271900000,0x000000c271a00000) (1024K)]
  0x0000027aa67ea9b0 JavaThread "Unconstrained build operations Thread 76"        [_thread_blocked, id=10248, stack(0x000000c271a00000,0x000000c271b00000) (1024K)]
  0x0000027ab7b24f10 JavaThread "Unconstrained build operations Thread 77"        [_thread_blocked, id=34340, stack(0x000000c271b00000,0x000000c271c00000) (1024K)]
  0x0000027aa67eb040 JavaThread "Unconstrained build operations Thread 78"        [_thread_blocked, id=11460, stack(0x000000c271c00000,0x000000c271d00000) (1024K)]
  0x0000027ab7b255a0 JavaThread "Unconstrained build operations Thread 79"        [_thread_blocked, id=28756, stack(0x000000c271d00000,0x000000c271e00000) (1024K)]
  0x0000027aa67ec3f0 JavaThread "Unconstrained build operations Thread 80"        [_thread_blocked, id=33888, stack(0x000000c271e00000,0x000000c271f00000) (1024K)]
  0x0000027ab7b23b60 JavaThread "Unconstrained build operations Thread 81"        [_thread_blocked, id=7444, stack(0x000000c271f00000,0x000000c272000000) (1024K)]
  0x0000027aa67e9600 JavaThread "Unconstrained build operations Thread 82"        [_thread_blocked, id=27736, stack(0x000000c272000000,0x000000c272100000) (1024K)]
  0x0000027ab7b25c30 JavaThread "Unconstrained build operations Thread 83"        [_thread_blocked, id=25616, stack(0x000000c272100000,0x000000c272200000) (1024K)]
  0x0000027aa67e8f70 JavaThread "Unconstrained build operations Thread 84"        [_thread_blocked, id=30564, stack(0x000000c272200000,0x000000c272300000) (1024K)]
  0x0000027ab7b241f0 JavaThread "Unconstrained build operations Thread 85"        [_thread_blocked, id=28352, stack(0x000000c272300000,0x000000c272400000) (1024K)]
  0x0000027aa67eb6d0 JavaThread "Unconstrained build operations Thread 86"        [_thread_blocked, id=29224, stack(0x000000c272400000,0x000000c272500000) (1024K)]
  0x0000027aa67ebd60 JavaThread "Unconstrained build operations Thread 87"        [_thread_blocked, id=17912, stack(0x000000c272500000,0x000000c272600000) (1024K)]
  0x0000027ac0b956f0 JavaThread "Unconstrained build operations Thread 88"        [_thread_blocked, id=20864, stack(0x000000c272600000,0x000000c272700000) (1024K)]
  0x0000027ab5c5b980 JavaThread "Unconstrained build operations Thread 89"        [_thread_blocked, id=33300, stack(0x000000c272700000,0x000000c272800000) (1024K)]
  0x0000027ac0b93cb0 JavaThread "Unconstrained build operations Thread 90"        [_thread_blocked, id=4972, stack(0x000000c272800000,0x000000c272900000) (1024K)]
  0x0000027ac0b97130 JavaThread "Unconstrained build operations Thread 91"        [_thread_blocked, id=13388, stack(0x000000c272900000,0x000000c272a00000) (1024K)]
  0x0000027ac0b95d80 JavaThread "Unconstrained build operations Thread 92"        [_thread_blocked, id=17652, stack(0x000000c272a00000,0x000000c272b00000) (1024K)]
  0x0000027ac0b94340 JavaThread "Unconstrained build operations Thread 93"        [_thread_blocked, id=31516, stack(0x000000c272b00000,0x000000c272c00000) (1024K)]
  0x0000027aa709dbc0 JavaThread "Unconstrained build operations Thread 94"        [_thread_blocked, id=5544, stack(0x000000c272c00000,0x000000c272d00000) (1024K)]
  0x0000027aa709e8e0 JavaThread "Unconstrained build operations Thread 95"        [_thread_blocked, id=17588, stack(0x000000c272d00000,0x000000c272e00000) (1024K)]
  0x0000027ac21d2ba0 JavaThread "Unconstrained build operations Thread 96"        [_thread_blocked, id=11568, stack(0x000000c272e00000,0x000000c272f00000) (1024K)]
  0x0000027ac21d3230 JavaThread "Unconstrained build operations Thread 97"        [_thread_blocked, id=25324, stack(0x000000c272f00000,0x000000c273000000) (1024K)]
  0x0000027ac21d1e80 JavaThread "Unconstrained build operations Thread 98"        [_thread_blocked, id=11092, stack(0x000000c273000000,0x000000c273100000) (1024K)]
  0x0000027ac21d0ad0 JavaThread "Unconstrained build operations Thread 99"        [_thread_blocked, id=2192, stack(0x000000c273100000,0x000000c273200000) (1024K)]
  0x0000027aa1cbe7a0 JavaThread "Unconstrained build operations Thread 100"        [_thread_blocked, id=8124, stack(0x000000c273200000,0x000000c273300000) (1024K)]
  0x0000027aa5a06dd0 JavaThread "Unconstrained build operations Thread 101"        [_thread_blocked, id=28972, stack(0x000000c273300000,0x000000c273400000) (1024K)]
  0x0000027ab6b003e0 JavaThread "Unconstrained build operations Thread 102"        [_thread_blocked, id=17640, stack(0x000000c273400000,0x000000c273500000) (1024K)]
  0x0000027ab6b00a70 JavaThread "Unconstrained build operations Thread 103"        [_thread_blocked, id=30288, stack(0x000000c273500000,0x000000c273600000) (1024K)]
  0x0000027ab6aff6c0 JavaThread "Unconstrained build operations Thread 104"        [_thread_blocked, id=32748, stack(0x000000c273600000,0x000000c273700000) (1024K)]
  0x0000027ab6affd50 JavaThread "Unconstrained build operations Thread 105"        [_thread_blocked, id=29844, stack(0x000000c273700000,0x000000c273800000) (1024K)]
  0x0000027ab6b01100 JavaThread "Unconstrained build operations Thread 106"        [_thread_blocked, id=31116, stack(0x000000c273800000,0x000000c273900000) (1024K)]
  0x0000027ab6b01790 JavaThread "Unconstrained build operations Thread 107"        [_thread_blocked, id=34104, stack(0x000000c273900000,0x000000c273a00000) (1024K)]
  0x0000027aa849a630 JavaThread "Unconstrained build operations Thread 108"        [_thread_blocked, id=30864, stack(0x000000c273a00000,0x000000c273b00000) (1024K)]
  0x0000027aa8497ed0 JavaThread "Unconstrained build operations Thread 109"        [_thread_blocked, id=32888, stack(0x000000c273b00000,0x000000c273c00000) (1024K)]
  0x0000027aa8499910 JavaThread "Unconstrained build operations Thread 110"        [_thread_blocked, id=31048, stack(0x000000c273c00000,0x000000c273d00000) (1024K)]
  0x0000027aa8499fa0 JavaThread "Unconstrained build operations Thread 111"        [_thread_blocked, id=32424, stack(0x000000c273d00000,0x000000c273e00000) (1024K)]
  0x0000027aa849acc0 JavaThread "Unconstrained build operations Thread 112"        [_thread_blocked, id=8116, stack(0x000000c273e00000,0x000000c273f00000) (1024K)]
  0x0000027abff41a90 JavaThread "Unconstrained build operations Thread 113"        [_thread_blocked, id=23980, stack(0x000000c273f00000,0x000000c274000000) (1024K)]
  0x0000027abff441f0 JavaThread "Unconstrained build operations Thread 114"        [_thread_blocked, id=4996, stack(0x000000c274000000,0x000000c274100000) (1024K)]
  0x0000027abff44880 JavaThread "Unconstrained build operations Thread 115"        [_thread_blocked, id=29216, stack(0x000000c274100000,0x000000c274200000) (1024K)]
  0x0000027abff42120 JavaThread "Unconstrained build operations Thread 116"        [_thread_blocked, id=33956, stack(0x000000c274200000,0x000000c274300000) (1024K)]
  0x0000027abff434d0 JavaThread "Unconstrained build operations Thread 117"        [_thread_blocked, id=28156, stack(0x000000c274300000,0x000000c274400000) (1024K)]
  0x0000027aa295fe50 JavaThread "Unconstrained build operations Thread 118"        [_thread_blocked, id=21692, stack(0x000000c274400000,0x000000c274500000) (1024K)]
  0x0000027aa29604e0 JavaThread "Unconstrained build operations Thread 119"        [_thread_blocked, id=32180, stack(0x000000c274500000,0x000000c274600000) (1024K)]
  0x0000027aa2960b70 JavaThread "Unconstrained build operations Thread 120"        [_thread_blocked, id=32564, stack(0x000000c274600000,0x000000c274700000) (1024K)]
  0x0000027aa2961200 JavaThread "Cache worker for Build Output Cleanup Cache (C:\Users\denis\Desktop\meraki_app\node_modules\expo-dev-launcher\expo-dev-launcher-gradle-plugin\.gradle\buildOutputCleanup)"        [_thread_blocked, id=31792, stack(0x000000c274700000,0x000000c274800000) (1024K)]
  0x0000027ac0f29e20 JavaThread "Cache worker for Build Output Cleanup Cache (C:\Users\denis\Desktop\meraki_app\node_modules\expo-modules-core\expo-module-gradle-plugin\.gradle\buildOutputCleanup)"        [_thread_blocked, id=12876, stack(0x000000c274800000,0x000000c274900000) (1024K)]
  0x0000027ac0f29100 JavaThread "build event listener"              [_thread_blocked, id=5760, stack(0x000000c274900000,0x000000c274a00000) (1024K)]
  0x0000027ac0f29790 JavaThread "build event listener"              [_thread_blocked, id=30676, stack(0x000000c274a00000,0x000000c274b00000) (1024K)]
  0x0000027ab93761e0 JavaThread "included builds Thread 3"          [_thread_blocked, id=17596, stack(0x000000c274b00000,0x000000c274c00000) (1024K)]
  0x0000027ab9376f00 JavaThread "included builds Thread 4"          [_thread_blocked, id=33408, stack(0x000000c274c00000,0x000000c274d00000) (1024K)]
  0x0000027abe3fb810 JavaThread "Cache worker for execution history cache (C:\Users\denis\Desktop\meraki_app\node_modules\expo-dev-launcher\expo-dev-launcher-gradle-plugin\.gradle\8.14.3\executionHistory)"        [_thread_blocked, id=14136, stack(0x000000c274d00000,0x000000c274e00000) (1024K)]
  0x0000027ac1632390 JavaThread "Cache worker for execution history cache (C:\Users\denis\Desktop\meraki_app\node_modules\expo-modules-core\expo-module-gradle-plugin\.gradle\8.14.3\executionHistory)"        [_thread_blocked, id=1640, stack(0x000000c274e00000,0x000000c274f00000) (1024K)]
  0x0000027aa1a2a650 JavaThread "Problems report writer"            [_thread_blocked, id=31040, stack(0x000000c274f00000,0x000000c275000000) (1024K)]
  0x0000027aa1a27860 JavaThread "build event listener"              [_thread_blocked, id=24884, stack(0x000000c275100000,0x000000c275200000) (1024K)]
  0x0000027ab6909060 JavaThread "Cache worker for execution history cache (C:\Users\denis\Desktop\meraki_app\android\.gradle\8.14.3\executionHistory)"        [_thread_blocked, id=33964, stack(0x000000c275500000,0x000000c275600000) (1024K)]
  0x0000027ac15c0bd0 JavaThread "Exec process Thread 10"            [_thread_blocked, id=29876, stack(0x000000c275600000,0x000000c275700000) (1024K)]
  0x0000027ac15c3330 JavaThread "Exec process Thread 11"            [_thread_blocked, id=34644, stack(0x000000c275700000,0x000000c275800000) (1024K)]
  0x0000027aa178b200 JavaThread "Exec process Thread 12"            [_thread_in_vm, id=5920, stack(0x000000c275800000,0x000000c275900000) (1024K)]
  0x0000027aa178b890 JavaThread "Exec process Thread 13"            [_thread_in_vm, id=22508, stack(0x000000c275900000,0x000000c275a00000) (1024K)]
  0x0000027aa4cf9280 JavaThread "Exec process Thread 14"            [_thread_blocked, id=2120, stack(0x000000c275a00000,0x000000c275b00000) (1024K)]
  0x0000027aa4cf9fa0 JavaThread "Exec process Thread 15"            [_thread_in_vm, id=8412, stack(0x000000c275b00000,0x000000c275c00000) (1024K)]
  0x0000027ac21d1160 JavaThread "Cache worker for Java compile cache (C:\Users\denis\.gradle\caches\8.14.3\javaCompile)"        [_thread_blocked, id=16088, stack(0x000000c275c00000,0x000000c275d00000) (1024K)]
  0x0000027ac735a780 JavaThread "Incoming local TCP Connector on port 57726"        [_thread_blocked, id=1716, stack(0x000000c275d00000,0x000000c275e00000) (1024K)]
  0x0000027ac12cb1c0 JavaThread "Incoming local TCP Connector on port 57725"        [_thread_blocked, id=21432, stack(0x000000c275e00000,0x000000c275f00000) (1024K)]
  0x0000027aa1a271d0 JavaThread "Incoming local TCP Connector on port 57724"        [_thread_blocked, id=33252, stack(0x000000c275f00000,0x000000c276000000) (1024K)]
  0x0000027ac735c1c0 JavaThread "Exec process Thread 16"            [_thread_blocked, id=18508, stack(0x000000c276100000,0x000000c276200000) (1024K)]
  0x0000027aa1cbfb50 JavaThread "Incoming local TCP Connector on port 57727"        [_thread_blocked, id=27840, stack(0x000000c276000000,0x000000c276100000) (1024K)]
  0x0000027ac70eb560 JavaThread "Exec process Thread 17"            [_thread_blocked, id=30580, stack(0x000000c276300000,0x000000c276400000) (1024K)]
  0x0000027ac70e9490 JavaThread "Exec process Thread 18"            [_thread_blocked, id=232, stack(0x000000c276400000,0x000000c276500000) (1024K)]
  0x0000027ac70e9b20 JavaThread "Exec process Thread 19"            [_thread_blocked, id=6612, stack(0x000000c276500000,0x000000c276600000) (1024K)]
  0x0000027ab92a3cb0 JavaThread "WorkerExecutor Queue"              [_thread_in_vm, id=24856, stack(0x000000c276200000,0x000000c276300000) (1024K)]
  0x0000027aa1a292a0 JavaThread "WorkerExecutor Queue Thread 2"        [_thread_in_vm, id=26132, stack(0x000000c276600000,0x000000c276700000) (1024K)]
  0x0000027aa1a29fc0 JavaThread "WorkerExecutor Queue Thread 3"        [_thread_in_vm, id=12964, stack(0x000000c276700000,0x000000c276800000) (1024K)]
  0x0000027aa70a0320 JavaThread "RMI Scheduler(0)"           daemon [_thread_blocked, id=10004, stack(0x000000c276800000,0x000000c276900000) (1024K)]
  0x0000027ab7496e80 JavaThread "RMI RenewClean-[127.0.0.1:17532,org.jetbrains.kotlin.daemon.common.LoopbackNetworkInterface$ClientLoopbackSocketFactory@363be656]" daemon [_thread_blocked, id=22944, stack(0x000000c276900000,0x000000c276a00000) (1024K)]
  0x0000027ab7494720 JavaThread "RMI GC Daemon"              daemon [_thread_blocked, id=15572, stack(0x000000c276a00000,0x000000c276b00000) (1024K)]
  0x0000027ac70e8e00 JavaThread "Exec process Thread 20"            [_thread_blocked, id=29140, stack(0x000000c276b00000,0x000000c276c00000) (1024K)]
  0x0000027ac7359a60 JavaThread "Exec process Thread 21"            [_thread_blocked, id=33816, stack(0x000000c276c00000,0x000000c276d00000) (1024K)]
  0x0000027ac73593d0 JavaThread "Exec process Thread 22"            [_thread_blocked, id=9620, stack(0x000000c276d00000,0x000000c276e00000) (1024K)]
  0x0000027aa709fc90 JavaThread "Exec process Thread 23"            [_thread_blocked, id=1360, stack(0x000000c276e00000,0x000000c276f00000) (1024K)]
  0x0000027aa709e250 JavaThread "Exec process Thread 24"            [_thread_blocked, id=28284, stack(0x000000c276f00000,0x000000c277000000) (1024K)]
  0x0000027aa709f600 JavaThread "WorkerExecutor Queue Thread 4"        [_thread_in_vm, id=27352, stack(0x000000c275400000,0x000000c275500000) (1024K)]
  0x0000027aa608d5a0 JavaThread "RMI TCP Accept-0"           daemon [_thread_in_native, id=9684, stack(0x000000c277300000,0x000000c277400000) (1024K)]
  0x0000027aa4cabc30 JavaThread "RMI Reaper"                        [_thread_blocked, id=26920, stack(0x000000c277400000,0x000000c277500000) (1024K)]
  0x0000027aa1cbe110 JavaThread "RMI RenewClean-[127.0.0.1:17532,org.jetbrains.kotlin.daemon.common.LoopbackNetworkInterface$ClientLoopbackSocketFactory@649a6697]" daemon [_thread_blocked, id=22548, stack(0x000000c277500000,0x000000c277600000) (1024K)]
  0x0000027abf707b50 JavaThread "RMI TCP Connection(idle)"   daemon [_thread_blocked, id=3484, stack(0x000000c277600000,0x000000c277700000) (1024K)]
  0x0000027aa4cac2c0 JavaThread "RMI TCP Connection(idle)"   daemon [_thread_blocked, id=28956, stack(0x000000c277700000,0x000000c277800000) (1024K)]
  0x0000027abf709c20 JavaThread "RMI RenewClean-[127.0.0.1:17532,org.jetbrains.kotlin.daemon.common.LoopbackNetworkInterface$ClientLoopbackSocketFactory@1f76a3f7]" daemon [_thread_blocked, id=18884, stack(0x000000c277800000,0x000000c277900000) (1024K)]
  0x0000027aa4caa1f0 JavaThread "RMI TCP Connection(idle)"   daemon [_thread_blocked, id=32352, stack(0x000000c277900000,0x000000c277a00000) (1024K)]
  0x0000027ab6753160 JavaThread "RMI RenewClean-[127.0.0.1:17532,org.jetbrains.kotlin.daemon.common.LoopbackNetworkInterface$ClientLoopbackSocketFactory@635a5248]" daemon [_thread_blocked, id=19500, stack(0x000000c277a00000,0x000000c277b00000) (1024K)]
  0x0000027aa50189d0 JavaThread "/127.0.0.1:57726 to /127.0.0.1:57758 workers"        [_thread_blocked, id=29348, stack(0x000000c277b00000,0x000000c277c00000) (1024K)]
  0x0000027ac1b2a880 JavaThread "/127.0.0.1:57724 to /127.0.0.1:57760 workers"        [_thread_blocked, id=26440, stack(0x000000c277c00000,0x000000c277d00000) (1024K)]
  0x0000027ab7494db0 JavaThread "/127.0.0.1:57725 to /127.0.0.1:57759 workers"        [_thread_blocked, id=33396, stack(0x000000c277d00000,0x000000c277e00000) (1024K)]
  0x0000027ac1b2af10 JavaThread "/127.0.0.1:57724 to /127.0.0.1:57760 workers Thread 2"        [_thread_blocked, id=14172, stack(0x000000c277e00000,0x000000c277f00000) (1024K)]
  0x0000027ab749a990 JavaThread "/127.0.0.1:57725 to /127.0.0.1:57759 workers Thread 2"        [_thread_blocked, id=15744, stack(0x000000c277f00000,0x000000c278000000) (1024K)]
  0x0000027aa50196f0 JavaThread "/127.0.0.1:57726 to /127.0.0.1:57758 workers Thread 2"        [_thread_blocked, id=21172, stack(0x000000c278000000,0x000000c278100000) (1024K)]
  0x0000027ab6751db0 JavaThread "/127.0.0.1:57724 to /127.0.0.1:57760 workers Thread 3"        [_thread_blocked, id=7436, stack(0x000000c278100000,0x000000c278200000) (1024K)]
  0x0000027ab8b10330 JavaThread "/127.0.0.1:57727 to /127.0.0.1:57761 workers"        [_thread_blocked, id=30296, stack(0x000000c278200000,0x000000c278300000) (1024K)]
  0x0000027aa4cab5a0 JavaThread "/127.0.0.1:57726 to /127.0.0.1:57758 workers Thread 3"        [_thread_blocked, id=34108, stack(0x000000c278300000,0x000000c278400000) (1024K)]
  0x0000027ac15c1260 JavaThread "/127.0.0.1:57725 to /127.0.0.1:57759 workers Thread 3"        [_thread_blocked, id=34596, stack(0x000000c278400000,0x000000c278500000) (1024K)]
  0x0000027ab8b0e260 JavaThread "/127.0.0.1:57727 to /127.0.0.1:57761 workers Thread 2"        [_thread_blocked, id=32328, stack(0x000000c278500000,0x000000c278600000) (1024K)]
  0x0000027ab8b0ef80 JavaThread "/127.0.0.1:57727 to /127.0.0.1:57761 workers Thread 3"        [_thread_blocked, id=6892, stack(0x000000c278600000,0x000000c278700000) (1024K)]
  0x0000027ab8b109c0 JavaThread "/127.0.0.1:57727 to /127.0.0.1:57761 workers Thread 4"        [_thread_blocked, id=9868, stack(0x000000c278700000,0x000000c278800000) (1024K)]
  0x0000027abf706e30 JavaThread "/127.0.0.1:57724 to /127.0.0.1:57760 workers Thread 4"        [_thread_blocked, id=34240, stack(0x000000c278800000,0x000000c278900000) (1024K)]
  0x0000027aa4cac950 JavaThread "/127.0.0.1:57726 to /127.0.0.1:57758 workers Thread 4"        [_thread_blocked, id=17660, stack(0x000000c278900000,0x000000c278a00000) (1024K)]
  0x0000027aa709cea0 JavaThread "/127.0.0.1:57726 to /127.0.0.1:57758 workers Thread 5"        [_thread_in_vm, id=28548, stack(0x000000c278a00000,0x000000c278b00000) (1024K)]
  0x0000027ab8b0f610 JavaThread "/127.0.0.1:57727 to /127.0.0.1:57761 workers Thread 5"        [_thread_in_vm, id=3712, stack(0x000000c278b00000,0x000000c278c00000) (1024K)]
  0x0000027ab7b262c0 JavaThread "/127.0.0.1:57724 to /127.0.0.1:57760 workers Thread 5"        [_thread_in_vm, id=31872, stack(0x000000c278c00000,0x000000c278d00000) (1024K)]
  0x0000027aa1cbee30 JavaThread "/127.0.0.1:57725 to /127.0.0.1:57759 workers Thread 4"        [_thread_blocked, id=6932, stack(0x000000c278d00000,0x000000c278e00000) (1024K)]
  0x0000027aa1cc01e0 JavaThread "/127.0.0.1:57725 to /127.0.0.1:57759 workers Thread 5"        [_thread_in_vm, id=32440, stack(0x000000c278e00000,0x000000c278f00000) (1024K)]
  0x0000027aa5017620 JavaThread "RMI TCP Connection(idle)"   daemon [_thread_blocked, id=30028, stack(0x000000c278f00000,0x000000c279000000) (1024K)]
Total: 265

Other Threads:
  0x0000027af717ea20 VMThread "VM Thread"                           [id=34656, stack(0x000000c267b00000,0x000000c267c00000) (1024K)]
  0x0000027a9b1220d0 WatcherThread "VM Periodic Task Thread"        [id=34324, stack(0x000000c267a00000,0x000000c267b00000) (1024K)]
  0x0000027ad9f1e540 WorkerThread "GC Thread#0"                     [id=29496, stack(0x000000c267500000,0x000000c267600000) (1024K)]
  0x0000027a9ba2cd50 WorkerThread "GC Thread#1"                     [id=33024, stack(0x000000c268800000,0x000000c268900000) (1024K)]
  0x0000027a9b8d83e0 WorkerThread "GC Thread#2"                     [id=32540, stack(0x000000c268900000,0x000000c268a00000) (1024K)]
  0x0000027a9b69d9e0 WorkerThread "GC Thread#3"                     [id=34760, stack(0x000000c268a00000,0x000000c268b00000) (1024K)]
  0x0000027a9b64f460 WorkerThread "GC Thread#4"                     [id=31480, stack(0x000000c268b00000,0x000000c268c00000) (1024K)]
  0x0000027a9b66c2b0 WorkerThread "GC Thread#5"                     [id=34540, stack(0x000000c268c00000,0x000000c268d00000) (1024K)]
  0x0000027a9b66c660 WorkerThread "GC Thread#6"                     [id=34608, stack(0x000000c268d00000,0x000000c268e00000) (1024K)]
  0x0000027a9b66b040 WorkerThread "GC Thread#7"                     [id=13016, stack(0x000000c268e00000,0x000000c268f00000) (1024K)]
  0x0000027a9b66b3f0 WorkerThread "GC Thread#8"                     [id=11700, stack(0x000000c268f00000,0x000000c269000000) (1024K)]
  0x0000027a9b66ca10 WorkerThread "GC Thread#9"                     [id=27180, stack(0x000000c269000000,0x000000c269100000) (1024K)]
  0x0000027ad9f337c0 ConcurrentGCThread "G1 Main Marker"            [id=31432, stack(0x000000c267600000,0x000000c267700000) (1024K)]
  0x0000027ad9f34a70 WorkerThread "G1 Conc#0"                       [id=29988, stack(0x000000c267700000,0x000000c267800000) (1024K)]
  0x0000027aa1b346c0 WorkerThread "G1 Conc#1"                       [id=12580, stack(0x000000c269e00000,0x000000c269f00000) (1024K)]
  0x0000027aa1b35930 WorkerThread "G1 Conc#2"                       [id=2888, stack(0x000000c269f00000,0x000000c26a000000) (1024K)]
  0x0000027af7145450 ConcurrentGCThread "G1 Refine#0"               [id=34616, stack(0x000000c267800000,0x000000c267900000) (1024K)]
  0x0000027af7145ee0 ConcurrentGCThread "G1 Service"                [id=8160, stack(0x000000c267900000,0x000000c267a00000) (1024K)]
Total: 18

Threads with active compile tasks:
Total: 0

VM state: not at safepoint (normal execution)

VM Mutex/Monitor currently owned by a thread:  ([mutex/lock_event])
[0x00007ffb39011890] Metaspace_lock - owner thread: 0x0000027ac19a58e0

OutOfMemory and StackOverflow Exception counts:
StackOverflowErrors=1
LinkageErrors=466

Heap address: 0x0000000080000000, size: 2048 MB, Compressed Oops mode: 32-bit

CDS archive(s) mapped at: [0x0000027a80000000-0x0000027a80d70000-0x0000027a80d70000), size 14090240, SharedBaseAddress: 0x0000027a80000000, ArchiveRelocationMode: 1.
Compressed class space mapped at: 0x0000027a81000000-0x0000027a9b000000, reserved size: 436207616
Narrow klass base: 0x0000027a80000000, Narrow klass shift: 0, Narrow klass range: 0x1b000000

GC Precious Log:
 CardTable entry size: 512
 Card Set container configuration: InlinePtr #cards 5 size 8 Array Of Cards #cards 10 size 36 Howl #buckets 4 coarsen threshold 1843 Howl Bitmap #cards 512 size 80 coarsen threshold 460 Card regions per heap region 1 cards per card region 2048
 CPUs: 12 total, 12 available
 Memory: 32471M
 Large Page Support: Disabled
 NUMA Support: Disabled
 Compressed Oops: Enabled (32-bit)
 Heap Region Size: 1M
 Heap Min Capacity: 8M
 Heap Initial Capacity: 508M
 Heap Max Capacity: 2G
 Pre-touch: Disabled
 Parallel Workers: 10
 Concurrent Workers: 3
 Concurrent Refinement Workers: 10
 Periodic GC: Disabled

Heap:
 garbage-first heap   total reserved 2097152K, committed 1005568K, used 714752K [0x0000000080000000, 0x0000000100000000)
  region size 1024K, 208 young (212992K), 23 survivors (23552K)
 Metaspace       used 256973K, committed 261824K, reserved 688128K
  class space    used 33796K, committed 36032K, reserved 425984K

Heap Regions: E=young(eden), S=young(survivor), O=old, HS=humongous(starts), HC=humongous(continues), CS=collection set, F=free, TAMS=top-at-mark-start, PB=parsable bottom
|   0|0x0000000080000000, 0x0000000080100000, 0x0000000080100000|100%|HS|  |TAMS 0x0000000080000000| PB 0x0000000080000000| Complete |  0
|   1|0x0000000080100000, 0x0000000080200000, 0x0000000080200000|100%|HC|  |TAMS 0x0000000080100000| PB 0x0000000080100000| Complete |  0
|   2|0x0000000080200000, 0x0000000080300000, 0x0000000080300000|100%|HC|  |TAMS 0x0000000080200000| PB 0x0000000080200000| Complete |  0
|   3|0x0000000080300000, 0x0000000080400000, 0x0000000080400000|100%| O|  |TAMS 0x0000000080300000| PB 0x0000000080300000| Untracked |  0
|   4|0x0000000080400000, 0x0000000080500000, 0x0000000080500000|100%| O|  |TAMS 0x0000000080400000| PB 0x0000000080400000| Untracked |  0
|   5|0x0000000080500000, 0x0000000080600000, 0x0000000080600000|100%| O|  |TAMS 0x0000000080500000| PB 0x0000000080500000| Untracked |  0
|   6|0x0000000080600000, 0x0000000080700000, 0x0000000080700000|100%| O|  |TAMS 0x0000000080600000| PB 0x0000000080600000| Untracked |  0
|   7|0x0000000080700000, 0x0000000080800000, 0x0000000080800000|100%|HS|  |TAMS 0x0000000080700000| PB 0x0000000080700000| Complete |  0
|   8|0x0000000080800000, 0x0000000080900000, 0x0000000080900000|100%| O|  |TAMS 0x0000000080800000| PB 0x0000000080800000| Untracked |  0
|   9|0x0000000080900000, 0x0000000080a00000, 0x0000000080a00000|100%| O|  |TAMS 0x0000000080900000| PB 0x0000000080900000| Untracked |  0
|  10|0x0000000080a00000, 0x0000000080b00000, 0x0000000080b00000|100%| O|  |TAMS 0x0000000080a00000| PB 0x0000000080a00000| Untracked |  0
|  11|0x0000000080b00000, 0x0000000080c00000, 0x0000000080c00000|100%| O|  |TAMS 0x0000000080b00000| PB 0x0000000080b00000| Untracked |  0
|  12|0x0000000080c00000, 0x0000000080d00000, 0x0000000080d00000|100%| O|  |TAMS 0x0000000080c00000| PB 0x0000000080c00000| Untracked |  0
|  13|0x0000000080d00000, 0x0000000080e00000, 0x0000000080e00000|100%| O|  |TAMS 0x0000000080d00000| PB 0x0000000080d00000| Untracked |  0
|  14|0x0000000080e00000, 0x0000000080f00000, 0x0000000080f00000|100%| O|  |TAMS 0x0000000080e00000| PB 0x0000000080e00000| Untracked |  0
|  15|0x0000000080f00000, 0x0000000081000000, 0x0000000081000000|100%| O|  |TAMS 0x0000000080f00000| PB 0x0000000080f00000| Untracked |  0
|  16|0x0000000081000000, 0x0000000081100000, 0x0000000081100000|100%| O|  |TAMS 0x0000000081000000| PB 0x0000000081000000| Untracked |  0
|  17|0x0000000081100000, 0x0000000081200000, 0x0000000081200000|100%| O|  |TAMS 0x0000000081100000| PB 0x0000000081100000| Untracked |  0
|  18|0x0000000081200000, 0x0000000081300000, 0x0000000081300000|100%| O|  |TAMS 0x0000000081200000| PB 0x0000000081200000| Untracked |  0
|  19|0x0000000081300000, 0x0000000081400000, 0x0000000081400000|100%| O|  |TAMS 0x0000000081300000| PB 0x0000000081300000| Untracked |  0
|  20|0x0000000081400000, 0x0000000081500000, 0x0000000081500000|100%| O|  |TAMS 0x0000000081400000| PB 0x0000000081400000| Untracked |  0
|  21|0x0000000081500000, 0x0000000081600000, 0x0000000081600000|100%| O|  |TAMS 0x0000000081500000| PB 0x0000000081500000| Untracked |  0
|  22|0x0000000081600000, 0x0000000081700000, 0x0000000081700000|100%| O|  |TAMS 0x0000000081600000| PB 0x0000000081600000| Untracked |  0
|  23|0x0000000081700000, 0x0000000081800000, 0x0000000081800000|100%| O|  |TAMS 0x0000000081700000| PB 0x0000000081700000| Untracked |  0
|  24|0x0000000081800000, 0x0000000081900000, 0x0000000081900000|100%| O|  |TAMS 0x0000000081800000| PB 0x0000000081800000| Untracked |  0
|  25|0x0000000081900000, 0x0000000081a00000, 0x0000000081a00000|100%| O|  |TAMS 0x0000000081900000| PB 0x0000000081900000| Untracked |  0
|  26|0x0000000081a00000, 0x0000000081b00000, 0x0000000081b00000|100%| O|  |TAMS 0x0000000081a00000| PB 0x0000000081a00000| Untracked |  0
|  27|0x0000000081b00000, 0x0000000081c00000, 0x0000000081c00000|100%| O|  |TAMS 0x0000000081b00000| PB 0x0000000081b00000| Untracked |  0
|  28|0x0000000081c00000, 0x0000000081d00000, 0x0000000081d00000|100%| O|  |TAMS 0x0000000081c00000| PB 0x0000000081c00000| Untracked |  0
|  29|0x0000000081d00000, 0x0000000081e00000, 0x0000000081e00000|100%| O|  |TAMS 0x0000000081d00000| PB 0x0000000081d00000| Untracked |  0
|  30|0x0000000081e00000, 0x0000000081f00000, 0x0000000081f00000|100%| O|  |TAMS 0x0000000081e00000| PB 0x0000000081e00000| Untracked |  0
|  31|0x0000000081f00000, 0x0000000082000000, 0x0000000082000000|100%| O|  |TAMS 0x0000000081f00000| PB 0x0000000081f00000| Untracked |  0
|  32|0x0000000082000000, 0x0000000082100000, 0x0000000082100000|100%| O|  |TAMS 0x0000000082000000| PB 0x0000000082000000| Untracked |  0
|  33|0x0000000082100000, 0x0000000082200000, 0x0000000082200000|100%| O|  |TAMS 0x0000000082100000| PB 0x0000000082100000| Untracked |  0
|  34|0x0000000082200000, 0x0000000082300000, 0x0000000082300000|100%| O|  |TAMS 0x0000000082200000| PB 0x0000000082200000| Untracked |  0
|  35|0x0000000082300000, 0x0000000082400000, 0x0000000082400000|100%| O|  |TAMS 0x0000000082300000| PB 0x0000000082300000| Untracked |  0
|  36|0x0000000082400000, 0x0000000082500000, 0x0000000082500000|100%| O|  |TAMS 0x0000000082400000| PB 0x0000000082400000| Untracked |  0
|  37|0x0000000082500000, 0x0000000082600000, 0x0000000082600000|100%| O|  |TAMS 0x0000000082500000| PB 0x0000000082500000| Untracked |  0
|  38|0x0000000082600000, 0x0000000082700000, 0x0000000082700000|100%| O|  |TAMS 0x0000000082600000| PB 0x0000000082600000| Untracked |  0
|  39|0x0000000082700000, 0x0000000082800000, 0x0000000082800000|100%| O|  |TAMS 0x0000000082700000| PB 0x0000000082700000| Untracked |  0
|  40|0x0000000082800000, 0x0000000082900000, 0x0000000082900000|100%| O|  |TAMS 0x0000000082800000| PB 0x0000000082800000| Untracked |  0
|  41|0x0000000082900000, 0x0000000082a00000, 0x0000000082a00000|100%| O|  |TAMS 0x0000000082900000| PB 0x0000000082900000| Untracked |  0
|  42|0x0000000082a00000, 0x0000000082b00000, 0x0000000082b00000|100%| O|  |TAMS 0x0000000082a00000| PB 0x0000000082a00000| Untracked |  0
|  43|0x0000000082b00000, 0x0000000082c00000, 0x0000000082c00000|100%| O|  |TAMS 0x0000000082b00000| PB 0x0000000082b00000| Untracked |  0
|  44|0x0000000082c00000, 0x0000000082d00000, 0x0000000082d00000|100%| O|  |TAMS 0x0000000082c00000| PB 0x0000000082c00000| Untracked |  0
|  45|0x0000000082d00000, 0x0000000082e00000, 0x0000000082e00000|100%| O|  |TAMS 0x0000000082d00000| PB 0x0000000082d00000| Untracked |  0
|  46|0x0000000082e00000, 0x0000000082f00000, 0x0000000082f00000|100%| O|  |TAMS 0x0000000082e00000| PB 0x0000000082e00000| Untracked |  0
|  47|0x0000000082f00000, 0x0000000083000000, 0x0000000083000000|100%| O|  |TAMS 0x0000000082f00000| PB 0x0000000082f00000| Untracked |  0
|  48|0x0000000083000000, 0x0000000083100000, 0x0000000083100000|100%| O|  |TAMS 0x0000000083000000| PB 0x0000000083000000| Untracked |  0
|  49|0x0000000083100000, 0x0000000083200000, 0x0000000083200000|100%| O|  |TAMS 0x0000000083100000| PB 0x0000000083100000| Untracked |  0
|  50|0x0000000083200000, 0x0000000083300000, 0x0000000083300000|100%| O|  |TAMS 0x0000000083200000| PB 0x0000000083200000| Untracked |  0
|  51|0x0000000083300000, 0x0000000083400000, 0x0000000083400000|100%| O|  |TAMS 0x0000000083300000| PB 0x0000000083300000| Untracked |  0
|  52|0x0000000083400000, 0x0000000083500000, 0x0000000083500000|100%| O|  |TAMS 0x0000000083400000| PB 0x0000000083400000| Untracked |  0
|  53|0x0000000083500000, 0x0000000083600000, 0x0000000083600000|100%| O|  |TAMS 0x0000000083500000| PB 0x0000000083500000| Untracked |  0
|  54|0x0000000083600000, 0x0000000083700000, 0x0000000083700000|100%| O|  |TAMS 0x0000000083600000| PB 0x0000000083600000| Untracked |  0
|  55|0x0000000083700000, 0x0000000083800000, 0x0000000083800000|100%| O|  |TAMS 0x0000000083700000| PB 0x0000000083700000| Untracked |  0
|  56|0x0000000083800000, 0x0000000083900000, 0x0000000083900000|100%| O|  |TAMS 0x0000000083800000| PB 0x0000000083800000| Untracked |  0
|  57|0x0000000083900000, 0x0000000083a00000, 0x0000000083a00000|100%| O|  |TAMS 0x0000000083900000| PB 0x0000000083900000| Untracked |  0
|  58|0x0000000083a00000, 0x0000000083b00000, 0x0000000083b00000|100%| O|  |TAMS 0x0000000083a00000| PB 0x0000000083a00000| Untracked |  0
|  59|0x0000000083b00000, 0x0000000083c00000, 0x0000000083c00000|100%| O|  |TAMS 0x0000000083b00000| PB 0x0000000083b00000| Untracked |  0
|  60|0x0000000083c00000, 0x0000000083d00000, 0x0000000083d00000|100%| O|  |TAMS 0x0000000083c00000| PB 0x0000000083c00000| Untracked |  0
|  61|0x0000000083d00000, 0x0000000083e00000, 0x0000000083e00000|100%| O|  |TAMS 0x0000000083d00000| PB 0x0000000083d00000| Untracked |  0
|  62|0x0000000083e00000, 0x0000000083f00000, 0x0000000083f00000|100%| O|  |TAMS 0x0000000083e00000| PB 0x0000000083e00000| Untracked |  0
|  63|0x0000000083f00000, 0x0000000084000000, 0x0000000084000000|100%| O|  |TAMS 0x0000000083f00000| PB 0x0000000083f00000| Untracked |  0
|  64|0x0000000084000000, 0x0000000084100000, 0x0000000084100000|100%| O|  |TAMS 0x0000000084000000| PB 0x0000000084000000| Untracked |  0
|  65|0x0000000084100000, 0x0000000084200000, 0x0000000084200000|100%| O|  |TAMS 0x0000000084100000| PB 0x0000000084100000| Untracked |  0
|  66|0x0000000084200000, 0x0000000084300000, 0x0000000084300000|100%| O|  |TAMS 0x0000000084200000| PB 0x0000000084200000| Untracked |  0
|  67|0x0000000084300000, 0x0000000084400000, 0x0000000084400000|100%| O|  |TAMS 0x0000000084300000| PB 0x0000000084300000| Untracked |  0
|  68|0x0000000084400000, 0x0000000084500000, 0x0000000084500000|100%| O|  |TAMS 0x0000000084400000| PB 0x0000000084400000| Untracked |  0
|  69|0x0000000084500000, 0x0000000084600000, 0x0000000084600000|100%| O|  |TAMS 0x0000000084500000| PB 0x0000000084500000| Untracked |  0
|  70|0x0000000084600000, 0x0000000084700000, 0x0000000084700000|100%| O|  |TAMS 0x0000000084600000| PB 0x0000000084600000| Untracked |  0
|  71|0x0000000084700000, 0x0000000084800000, 0x0000000084800000|100%| O|  |TAMS 0x0000000084700000| PB 0x0000000084700000| Untracked |  0
|  72|0x0000000084800000, 0x0000000084900000, 0x0000000084900000|100%| O|  |TAMS 0x0000000084800000| PB 0x0000000084800000| Untracked |  0
|  73|0x0000000084900000, 0x0000000084a00000, 0x0000000084a00000|100%| O|  |TAMS 0x0000000084900000| PB 0x0000000084900000| Untracked |  0
|  74|0x0000000084a00000, 0x0000000084b00000, 0x0000000084b00000|100%| O|  |TAMS 0x0000000084a00000| PB 0x0000000084a00000| Untracked |  0
|  75|0x0000000084b00000, 0x0000000084c00000, 0x0000000084c00000|100%| O|  |TAMS 0x0000000084b00000| PB 0x0000000084b00000| Untracked |  0
|  76|0x0000000084c00000, 0x0000000084d00000, 0x0000000084d00000|100%| O|  |TAMS 0x0000000084c00000| PB 0x0000000084c00000| Untracked |  0
|  77|0x0000000084d00000, 0x0000000084e00000, 0x0000000084e00000|100%| O|  |TAMS 0x0000000084d00000| PB 0x0000000084d00000| Untracked |  0
|  78|0x0000000084e00000, 0x0000000084f00000, 0x0000000084f00000|100%| O|  |TAMS 0x0000000084e00000| PB 0x0000000084e00000| Untracked |  0
|  79|0x0000000084f00000, 0x0000000085000000, 0x0000000085000000|100%|HS|  |TAMS 0x0000000084f00000| PB 0x0000000084f00000| Complete |  0
|  80|0x0000000085000000, 0x0000000085100000, 0x0000000085100000|100%|HS|  |TAMS 0x0000000085000000| PB 0x0000000085000000| Complete |  0
|  81|0x0000000085100000, 0x0000000085200000, 0x0000000085200000|100%| O|  |TAMS 0x0000000085100000| PB 0x0000000085100000| Untracked |  0
|  82|0x0000000085200000, 0x0000000085300000, 0x0000000085300000|100%|HS|  |TAMS 0x0000000085200000| PB 0x0000000085200000| Complete |  0
|  83|0x0000000085300000, 0x0000000085400000, 0x0000000085400000|100%|HS|  |TAMS 0x0000000085300000| PB 0x0000000085300000| Complete |  0
|  84|0x0000000085400000, 0x0000000085500000, 0x0000000085500000|100%|HS|  |TAMS 0x0000000085400000| PB 0x0000000085400000| Complete |  0
|  85|0x0000000085500000, 0x0000000085600000, 0x0000000085600000|100%|HS|  |TAMS 0x0000000085500000| PB 0x0000000085500000| Complete |  0
|  86|0x0000000085600000, 0x0000000085700000, 0x0000000085700000|100%|HS|  |TAMS 0x0000000085600000| PB 0x0000000085600000| Complete |  0
|  87|0x0000000085700000, 0x0000000085800000, 0x0000000085800000|100%|HC|  |TAMS 0x0000000085700000| PB 0x0000000085700000| Complete |  0
|  88|0x0000000085800000, 0x0000000085900000, 0x0000000085900000|100%|HC|  |TAMS 0x0000000085800000| PB 0x0000000085800000| Complete |  0
|  89|0x0000000085900000, 0x0000000085a00000, 0x0000000085a00000|100%| O|  |TAMS 0x0000000085900000| PB 0x0000000085900000| Untracked |  0
|  90|0x0000000085a00000, 0x0000000085b00000, 0x0000000085b00000|100%|HS|  |TAMS 0x0000000085a00000| PB 0x0000000085a00000| Complete |  0
|  91|0x0000000085b00000, 0x0000000085c00000, 0x0000000085c00000|100%| O|  |TAMS 0x0000000085b00000| PB 0x0000000085b00000| Untracked |  0
|  92|0x0000000085c00000, 0x0000000085d00000, 0x0000000085d00000|100%| O|  |TAMS 0x0000000085c00000| PB 0x0000000085c00000| Untracked |  0
|  93|0x0000000085d00000, 0x0000000085e00000, 0x0000000085e00000|100%| O|  |TAMS 0x0000000085d00000| PB 0x0000000085d00000| Untracked |  0
|  94|0x0000000085e00000, 0x0000000085f00000, 0x0000000085f00000|100%| O|  |TAMS 0x0000000085e00000| PB 0x0000000085e00000| Untracked |  0
|  95|0x0000000085f00000, 0x0000000086000000, 0x0000000086000000|100%| O|  |TAMS 0x0000000085f00000| PB 0x0000000085f00000| Untracked |  0
|  96|0x0000000086000000, 0x0000000086100000, 0x0000000086100000|100%| O|  |TAMS 0x0000000086000000| PB 0x0000000086000000| Untracked |  0
|  97|0x0000000086100000, 0x0000000086200000, 0x0000000086200000|100%| O|  |TAMS 0x0000000086100000| PB 0x0000000086100000| Untracked |  0
|  98|0x0000000086200000, 0x0000000086300000, 0x0000000086300000|100%| O|  |TAMS 0x0000000086200000| PB 0x0000000086200000| Untracked |  0
|  99|0x0000000086300000, 0x0000000086400000, 0x0000000086400000|100%| O|  |TAMS 0x0000000086300000| PB 0x0000000086300000| Untracked |  0
| 100|0x0000000086400000, 0x0000000086500000, 0x0000000086500000|100%|HS|  |TAMS 0x0000000086400000| PB 0x0000000086400000| Complete |  0
| 101|0x0000000086500000, 0x0000000086600000, 0x0000000086600000|100%|HC|  |TAMS 0x0000000086500000| PB 0x0000000086500000| Complete |  0
| 102|0x0000000086600000, 0x0000000086700000, 0x0000000086700000|100%|HC|  |TAMS 0x0000000086600000| PB 0x0000000086600000| Complete |  0
| 103|0x0000000086700000, 0x0000000086800000, 0x0000000086800000|100%| O|  |TAMS 0x0000000086700000| PB 0x0000000086700000| Untracked |  0
| 104|0x0000000086800000, 0x0000000086900000, 0x0000000086900000|100%| O|  |TAMS 0x0000000086800000| PB 0x0000000086800000| Untracked |  0
| 105|0x0000000086900000, 0x0000000086a00000, 0x0000000086a00000|100%| O|  |TAMS 0x0000000086900000| PB 0x0000000086900000| Untracked |  0
| 106|0x0000000086a00000, 0x0000000086b00000, 0x0000000086b00000|100%| O|  |TAMS 0x0000000086a00000| PB 0x0000000086a00000| Untracked |  0
| 107|0x0000000086b00000, 0x0000000086c00000, 0x0000000086c00000|100%| O|  |TAMS 0x0000000086b00000| PB 0x0000000086b00000| Untracked |  0
| 108|0x0000000086c00000, 0x0000000086d00000, 0x0000000086d00000|100%| O|  |TAMS 0x0000000086c00000| PB 0x0000000086c00000| Untracked |  0
| 109|0x0000000086d00000, 0x0000000086e00000, 0x0000000086e00000|100%| O|  |TAMS 0x0000000086d00000| PB 0x0000000086d00000| Untracked |  0
| 110|0x0000000086e00000, 0x0000000086f00000, 0x0000000086f00000|100%| O|  |TAMS 0x0000000086e00000| PB 0x0000000086e00000| Untracked |  0
| 111|0x0000000086f00000, 0x0000000087000000, 0x0000000087000000|100%| O|  |TAMS 0x0000000086f00000| PB 0x0000000086f00000| Untracked |  0
| 112|0x0000000087000000, 0x0000000087100000, 0x0000000087100000|100%|HS|  |TAMS 0x0000000087000000| PB 0x0000000087000000| Complete |  0
| 113|0x0000000087100000, 0x0000000087200000, 0x0000000087200000|100%| O|  |TAMS 0x0000000087100000| PB 0x0000000087100000| Untracked |  0
| 114|0x0000000087200000, 0x0000000087300000, 0x0000000087300000|100%|HS|  |TAMS 0x0000000087200000| PB 0x0000000087200000| Complete |  0
| 115|0x0000000087300000, 0x0000000087400000, 0x0000000087400000|100%| O|  |TAMS 0x0000000087300000| PB 0x0000000087300000| Untracked |  0
| 116|0x0000000087400000, 0x0000000087500000, 0x0000000087500000|100%| O|  |TAMS 0x0000000087400000| PB 0x0000000087400000| Untracked |  0
| 117|0x0000000087500000, 0x0000000087600000, 0x0000000087600000|100%| O|  |TAMS 0x0000000087500000| PB 0x0000000087500000| Untracked |  0
| 118|0x0000000087600000, 0x0000000087700000, 0x0000000087700000|100%| O|  |TAMS 0x0000000087600000| PB 0x0000000087600000| Untracked |  0
| 119|0x0000000087700000, 0x0000000087800000, 0x0000000087800000|100%| O|  |TAMS 0x0000000087700000| PB 0x0000000087700000| Untracked |  0
| 120|0x0000000087800000, 0x0000000087900000, 0x0000000087900000|100%| O|  |TAMS 0x0000000087800000| PB 0x0000000087800000| Untracked |  0
| 121|0x0000000087900000, 0x0000000087a00000, 0x0000000087a00000|100%| O|  |TAMS 0x0000000087900000| PB 0x0000000087900000| Untracked |  0
| 122|0x0000000087a00000, 0x0000000087b00000, 0x0000000087b00000|100%| O|  |TAMS 0x0000000087a00000| PB 0x0000000087a00000| Untracked |  0
| 123|0x0000000087b00000, 0x0000000087c00000, 0x0000000087c00000|100%| O|  |TAMS 0x0000000087b00000| PB 0x0000000087b00000| Untracked |  0
| 124|0x0000000087c00000, 0x0000000087d00000, 0x0000000087d00000|100%| O|  |TAMS 0x0000000087c00000| PB 0x0000000087c00000| Untracked |  0
| 125|0x0000000087d00000, 0x0000000087e00000, 0x0000000087e00000|100%| O|  |TAMS 0x0000000087d00000| PB 0x0000000087d00000| Untracked |  0
| 126|0x0000000087e00000, 0x0000000087f00000, 0x0000000087f00000|100%| O|  |TAMS 0x0000000087e00000| PB 0x0000000087e00000| Untracked |  0
| 127|0x0000000087f00000, 0x0000000088000000, 0x0000000088000000|100%| O|  |TAMS 0x0000000087f00000| PB 0x0000000087f00000| Untracked |  0
| 128|0x0000000088000000, 0x0000000088100000, 0x0000000088100000|100%| O|  |TAMS 0x0000000088000000| PB 0x0000000088000000| Untracked |  0
| 129|0x0000000088100000, 0x0000000088200000, 0x0000000088200000|100%| O|  |TAMS 0x0000000088100000| PB 0x0000000088100000| Untracked |  0
| 130|0x0000000088200000, 0x0000000088300000, 0x0000000088300000|100%| O|  |TAMS 0x0000000088200000| PB 0x0000000088200000| Untracked |  0
| 131|0x0000000088300000, 0x0000000088400000, 0x0000000088400000|100%| O|  |TAMS 0x0000000088300000| PB 0x0000000088300000| Untracked |  0
| 132|0x0000000088400000, 0x0000000088500000, 0x0000000088500000|100%| O|  |TAMS 0x0000000088400000| PB 0x0000000088400000| Untracked |  0
| 133|0x0000000088500000, 0x0000000088600000, 0x0000000088600000|100%| O|  |TAMS 0x0000000088500000| PB 0x0000000088500000| Untracked |  0
| 134|0x0000000088600000, 0x0000000088700000, 0x0000000088700000|100%| O|  |TAMS 0x0000000088600000| PB 0x0000000088600000| Untracked |  0
| 135|0x0000000088700000, 0x0000000088800000, 0x0000000088800000|100%| O|  |TAMS 0x0000000088700000| PB 0x0000000088700000| Untracked |  0
| 136|0x0000000088800000, 0x0000000088900000, 0x0000000088900000|100%| O|  |TAMS 0x0000000088800000| PB 0x0000000088800000| Untracked |  0
| 137|0x0000000088900000, 0x0000000088a00000, 0x0000000088a00000|100%| O|  |TAMS 0x0000000088900000| PB 0x0000000088900000| Untracked |  0
| 138|0x0000000088a00000, 0x0000000088b00000, 0x0000000088b00000|100%| O|  |TAMS 0x0000000088a00000| PB 0x0000000088a00000| Untracked |  0
| 139|0x0000000088b00000, 0x0000000088c00000, 0x0000000088c00000|100%| O|  |TAMS 0x0000000088b00000| PB 0x0000000088b00000| Untracked |  0
| 140|0x0000000088c00000, 0x0000000088d00000, 0x0000000088d00000|100%| O|  |TAMS 0x0000000088c00000| PB 0x0000000088c00000| Untracked |  0
| 141|0x0000000088d00000, 0x0000000088e00000, 0x0000000088e00000|100%| O|  |TAMS 0x0000000088d00000| PB 0x0000000088d00000| Untracked |  0
| 142|0x0000000088e00000, 0x0000000088f00000, 0x0000000088f00000|100%| O|  |TAMS 0x0000000088e00000| PB 0x0000000088e00000| Untracked |  0
| 143|0x0000000088f00000, 0x0000000089000000, 0x0000000089000000|100%| O|  |TAMS 0x0000000088f00000| PB 0x0000000088f00000| Untracked |  0
| 144|0x0000000089000000, 0x0000000089100000, 0x0000000089100000|100%| O|  |TAMS 0x0000000089000000| PB 0x0000000089000000| Untracked |  0
| 145|0x0000000089100000, 0x0000000089200000, 0x0000000089200000|100%| O|  |TAMS 0x0000000089100000| PB 0x0000000089100000| Untracked |  0
| 146|0x0000000089200000, 0x0000000089300000, 0x0000000089300000|100%| O|  |TAMS 0x0000000089200000| PB 0x0000000089200000| Untracked |  0
| 147|0x0000000089300000, 0x0000000089400000, 0x0000000089400000|100%| O|  |TAMS 0x0000000089300000| PB 0x0000000089300000| Untracked |  0
| 148|0x0000000089400000, 0x0000000089500000, 0x0000000089500000|100%| O|  |TAMS 0x0000000089400000| PB 0x0000000089400000| Untracked |  0
| 149|0x0000000089500000, 0x0000000089600000, 0x0000000089600000|100%| O|  |TAMS 0x0000000089500000| PB 0x0000000089500000| Untracked |  0
| 150|0x0000000089600000, 0x0000000089700000, 0x0000000089700000|100%| O|  |TAMS 0x0000000089600000| PB 0x0000000089600000| Untracked |  0
| 151|0x0000000089700000, 0x0000000089800000, 0x0000000089800000|100%| O|  |TAMS 0x0000000089700000| PB 0x0000000089700000| Untracked |  0
| 152|0x0000000089800000, 0x0000000089900000, 0x0000000089900000|100%| O|  |TAMS 0x0000000089800000| PB 0x0000000089800000| Untracked |  0
| 153|0x0000000089900000, 0x0000000089a00000, 0x0000000089a00000|100%| O|  |TAMS 0x0000000089900000| PB 0x0000000089900000| Untracked |  0
| 154|0x0000000089a00000, 0x0000000089b00000, 0x0000000089b00000|100%| O|  |TAMS 0x0000000089a00000| PB 0x0000000089a00000| Untracked |  0
| 155|0x0000000089b00000, 0x0000000089c00000, 0x0000000089c00000|100%| O|  |TAMS 0x0000000089b00000| PB 0x0000000089b00000| Untracked |  0
| 156|0x0000000089c00000, 0x0000000089d00000, 0x0000000089d00000|100%| O|  |TAMS 0x0000000089c00000| PB 0x0000000089c00000| Untracked |  0
| 157|0x0000000089d00000, 0x0000000089e00000, 0x0000000089e00000|100%| O|  |TAMS 0x0000000089d00000| PB 0x0000000089d00000| Untracked |  0
| 158|0x0000000089e00000, 0x0000000089f00000, 0x0000000089f00000|100%| O|  |TAMS 0x0000000089e00000| PB 0x0000000089e00000| Untracked |  0
| 159|0x0000000089f00000, 0x000000008a000000, 0x000000008a000000|100%| O|  |TAMS 0x0000000089f00000| PB 0x0000000089f00000| Untracked |  0
| 160|0x000000008a000000, 0x000000008a100000, 0x000000008a100000|100%| O|  |TAMS 0x000000008a000000| PB 0x000000008a000000| Untracked |  0
| 161|0x000000008a100000, 0x000000008a200000, 0x000000008a200000|100%| O|  |TAMS 0x000000008a100000| PB 0x000000008a100000| Untracked |  0
| 162|0x000000008a200000, 0x000000008a300000, 0x000000008a300000|100%| O|  |TAMS 0x000000008a200000| PB 0x000000008a200000| Untracked |  0
| 163|0x000000008a300000, 0x000000008a400000, 0x000000008a400000|100%| O|  |TAMS 0x000000008a300000| PB 0x000000008a300000| Untracked |  0
| 164|0x000000008a400000, 0x000000008a500000, 0x000000008a500000|100%| O|  |TAMS 0x000000008a400000| PB 0x000000008a400000| Untracked |  0
| 165|0x000000008a500000, 0x000000008a600000, 0x000000008a600000|100%| O|  |TAMS 0x000000008a500000| PB 0x000000008a500000| Untracked |  0
| 166|0x000000008a600000, 0x000000008a700000, 0x000000008a700000|100%| O|  |TAMS 0x000000008a600000| PB 0x000000008a600000| Untracked |  0
| 167|0x000000008a700000, 0x000000008a800000, 0x000000008a800000|100%| O|  |TAMS 0x000000008a700000| PB 0x000000008a700000| Untracked |  0
| 168|0x000000008a800000, 0x000000008a900000, 0x000000008a900000|100%| O|  |TAMS 0x000000008a800000| PB 0x000000008a800000| Untracked |  0
| 169|0x000000008a900000, 0x000000008aa00000, 0x000000008aa00000|100%| O|  |TAMS 0x000000008a900000| PB 0x000000008a900000| Untracked |  0
| 170|0x000000008aa00000, 0x000000008ab00000, 0x000000008ab00000|100%| O|  |TAMS 0x000000008aa00000| PB 0x000000008aa00000| Untracked |  0
| 171|0x000000008ab00000, 0x000000008ac00000, 0x000000008ac00000|100%| O|  |TAMS 0x000000008ab00000| PB 0x000000008ab00000| Untracked |  0
| 172|0x000000008ac00000, 0x000000008ad00000, 0x000000008ad00000|100%| O|  |TAMS 0x000000008ac00000| PB 0x000000008ac00000| Untracked |  0
| 173|0x000000008ad00000, 0x000000008ae00000, 0x000000008ae00000|100%| O|  |TAMS 0x000000008ad00000| PB 0x000000008ad00000| Untracked |  0
| 174|0x000000008ae00000, 0x000000008af00000, 0x000000008af00000|100%| O|  |TAMS 0x000000008ae00000| PB 0x000000008ae00000| Untracked |  0
| 175|0x000000008af00000, 0x000000008b000000, 0x000000008b000000|100%| O|  |TAMS 0x000000008af00000| PB 0x000000008af00000| Untracked |  0
| 176|0x000000008b000000, 0x000000008b100000, 0x000000008b100000|100%| O|  |TAMS 0x000000008b000000| PB 0x000000008b000000| Untracked |  0
| 177|0x000000008b100000, 0x000000008b200000, 0x000000008b200000|100%| O|  |TAMS 0x000000008b100000| PB 0x000000008b100000| Untracked |  0
| 178|0x000000008b200000, 0x000000008b300000, 0x000000008b300000|100%| O|  |TAMS 0x000000008b200000| PB 0x000000008b200000| Untracked |  0
| 179|0x000000008b300000, 0x000000008b400000, 0x000000008b400000|100%| O|  |TAMS 0x000000008b300000| PB 0x000000008b300000| Untracked |  0
| 180|0x000000008b400000, 0x000000008b500000, 0x000000008b500000|100%| O|  |TAMS 0x000000008b400000| PB 0x000000008b400000| Untracked |  0
| 181|0x000000008b500000, 0x000000008b600000, 0x000000008b600000|100%| O|  |TAMS 0x000000008b500000| PB 0x000000008b500000| Untracked |  0
| 182|0x000000008b600000, 0x000000008b700000, 0x000000008b700000|100%| O|  |TAMS 0x000000008b600000| PB 0x000000008b600000| Untracked |  0
| 183|0x000000008b700000, 0x000000008b800000, 0x000000008b800000|100%| O|  |TAMS 0x000000008b700000| PB 0x000000008b700000| Untracked |  0
| 184|0x000000008b800000, 0x000000008b900000, 0x000000008b900000|100%| O|  |TAMS 0x000000008b800000| PB 0x000000008b800000| Untracked |  0
| 185|0x000000008b900000, 0x000000008ba00000, 0x000000008ba00000|100%| O|  |TAMS 0x000000008b900000| PB 0x000000008b900000| Untracked |  0
| 186|0x000000008ba00000, 0x000000008bb00000, 0x000000008bb00000|100%| O|  |TAMS 0x000000008ba00000| PB 0x000000008ba00000| Untracked |  0
| 187|0x000000008bb00000, 0x000000008bc00000, 0x000000008bc00000|100%| O|  |TAMS 0x000000008bb00000| PB 0x000000008bb00000| Untracked |  0
| 188|0x000000008bc00000, 0x000000008bd00000, 0x000000008bd00000|100%| O|  |TAMS 0x000000008bc00000| PB 0x000000008bc00000| Untracked |  0
| 189|0x000000008bd00000, 0x000000008be00000, 0x000000008be00000|100%| O|  |TAMS 0x000000008bd00000| PB 0x000000008bd00000| Untracked |  0
| 190|0x000000008be00000, 0x000000008bf00000, 0x000000008bf00000|100%| O|  |TAMS 0x000000008be00000| PB 0x000000008be00000| Untracked |  0
| 191|0x000000008bf00000, 0x000000008c000000, 0x000000008c000000|100%| O|  |TAMS 0x000000008bf00000| PB 0x000000008bf00000| Untracked |  0
| 192|0x000000008c000000, 0x000000008c100000, 0x000000008c100000|100%| O|  |TAMS 0x000000008c000000| PB 0x000000008c000000| Untracked |  0
| 193|0x000000008c100000, 0x000000008c200000, 0x000000008c200000|100%| O|  |TAMS 0x000000008c100000| PB 0x000000008c100000| Untracked |  0
| 194|0x000000008c200000, 0x000000008c300000, 0x000000008c300000|100%| O|  |TAMS 0x000000008c200000| PB 0x000000008c200000| Untracked |  0
| 195|0x000000008c300000, 0x000000008c400000, 0x000000008c400000|100%| O|  |TAMS 0x000000008c300000| PB 0x000000008c300000| Untracked |  0
| 196|0x000000008c400000, 0x000000008c500000, 0x000000008c500000|100%| O|  |TAMS 0x000000008c400000| PB 0x000000008c400000| Untracked |  0
| 197|0x000000008c500000, 0x000000008c600000, 0x000000008c600000|100%| O|  |TAMS 0x000000008c500000| PB 0x000000008c500000| Untracked |  0
| 198|0x000000008c600000, 0x000000008c700000, 0x000000008c700000|100%| O|  |TAMS 0x000000008c600000| PB 0x000000008c600000| Untracked |  0
| 199|0x000000008c700000, 0x000000008c800000, 0x000000008c800000|100%| O|  |TAMS 0x000000008c700000| PB 0x000000008c700000| Untracked |  0
| 200|0x000000008c800000, 0x000000008c900000, 0x000000008c900000|100%| O|  |TAMS 0x000000008c800000| PB 0x000000008c800000| Untracked |  0
| 201|0x000000008c900000, 0x000000008ca00000, 0x000000008ca00000|100%| O|  |TAMS 0x000000008c900000| PB 0x000000008c900000| Untracked |  0
| 202|0x000000008ca00000, 0x000000008cb00000, 0x000000008cb00000|100%| O|  |TAMS 0x000000008ca00000| PB 0x000000008ca00000| Untracked |  0
| 203|0x000000008cb00000, 0x000000008cc00000, 0x000000008cc00000|100%| O|  |TAMS 0x000000008cb00000| PB 0x000000008cb00000| Untracked |  0
| 204|0x000000008cc00000, 0x000000008cd00000, 0x000000008cd00000|100%| O|  |TAMS 0x000000008cc00000| PB 0x000000008cc00000| Untracked |  0
| 205|0x000000008cd00000, 0x000000008ce00000, 0x000000008ce00000|100%| O|  |TAMS 0x000000008cd00000| PB 0x000000008cd00000| Untracked |  0
| 206|0x000000008ce00000, 0x000000008cf00000, 0x000000008cf00000|100%| O|  |TAMS 0x000000008ce00000| PB 0x000000008ce00000| Untracked |  0
| 207|0x000000008cf00000, 0x000000008d000000, 0x000000008d000000|100%| O|  |TAMS 0x000000008cf00000| PB 0x000000008cf00000| Untracked |  0
| 208|0x000000008d000000, 0x000000008d100000, 0x000000008d100000|100%| O|  |TAMS 0x000000008d000000| PB 0x000000008d000000| Untracked |  0
| 209|0x000000008d100000, 0x000000008d200000, 0x000000008d200000|100%| O|  |TAMS 0x000000008d100000| PB 0x000000008d100000| Untracked |  0
| 210|0x000000008d200000, 0x000000008d300000, 0x000000008d300000|100%| O|  |TAMS 0x000000008d200000| PB 0x000000008d200000| Untracked |  0
| 211|0x000000008d300000, 0x000000008d400000, 0x000000008d400000|100%| O|  |TAMS 0x000000008d300000| PB 0x000000008d300000| Untracked |  0
| 212|0x000000008d400000, 0x000000008d500000, 0x000000008d500000|100%| O|  |TAMS 0x000000008d400000| PB 0x000000008d400000| Untracked |  0
| 213|0x000000008d500000, 0x000000008d600000, 0x000000008d600000|100%| O|  |TAMS 0x000000008d500000| PB 0x000000008d500000| Untracked |  0
| 214|0x000000008d600000, 0x000000008d700000, 0x000000008d700000|100%| O|  |TAMS 0x000000008d600000| PB 0x000000008d600000| Untracked |  0
| 215|0x000000008d700000, 0x000000008d800000, 0x000000008d800000|100%| O|  |TAMS 0x000000008d700000| PB 0x000000008d700000| Untracked |  0
| 216|0x000000008d800000, 0x000000008d900000, 0x000000008d900000|100%| O|  |TAMS 0x000000008d800000| PB 0x000000008d800000| Untracked |  0
| 217|0x000000008d900000, 0x000000008da00000, 0x000000008da00000|100%| O|  |TAMS 0x000000008d900000| PB 0x000000008d900000| Untracked |  0
| 218|0x000000008da00000, 0x000000008db00000, 0x000000008db00000|100%| O|  |TAMS 0x000000008da00000| PB 0x000000008da00000| Untracked |  0
| 219|0x000000008db00000, 0x000000008dc00000, 0x000000008dc00000|100%| O|  |TAMS 0x000000008db00000| PB 0x000000008db00000| Untracked |  0
| 220|0x000000008dc00000, 0x000000008dd00000, 0x000000008dd00000|100%| O|  |TAMS 0x000000008dc00000| PB 0x000000008dc00000| Untracked |  0
| 221|0x000000008dd00000, 0x000000008de00000, 0x000000008de00000|100%| O|  |TAMS 0x000000008dd00000| PB 0x000000008dd00000| Untracked |  0
| 222|0x000000008de00000, 0x000000008df00000, 0x000000008df00000|100%|HS|  |TAMS 0x000000008de00000| PB 0x000000008de00000| Complete |  0
| 223|0x000000008df00000, 0x000000008e000000, 0x000000008e000000|100%|HC|  |TAMS 0x000000008df00000| PB 0x000000008df00000| Complete |  0
| 224|0x000000008e000000, 0x000000008e100000, 0x000000008e100000|100%|HC|  |TAMS 0x000000008e000000| PB 0x000000008e000000| Complete |  0
| 225|0x000000008e100000, 0x000000008e200000, 0x000000008e200000|100%| O|  |TAMS 0x000000008e100000| PB 0x000000008e100000| Untracked |  0
| 226|0x000000008e200000, 0x000000008e300000, 0x000000008e300000|100%| O|  |TAMS 0x000000008e200000| PB 0x000000008e200000| Untracked |  0
| 227|0x000000008e300000, 0x000000008e400000, 0x000000008e400000|100%| O|  |TAMS 0x000000008e300000| PB 0x000000008e300000| Untracked |  0
| 228|0x000000008e400000, 0x000000008e500000, 0x000000008e500000|100%| O|  |TAMS 0x000000008e400000| PB 0x000000008e400000| Untracked |  0
| 229|0x000000008e500000, 0x000000008e600000, 0x000000008e600000|100%|HS|  |TAMS 0x000000008e500000| PB 0x000000008e500000| Complete |  0
| 230|0x000000008e600000, 0x000000008e700000, 0x000000008e700000|100%| O|  |TAMS 0x000000008e600000| PB 0x000000008e600000| Untracked |  0
| 231|0x000000008e700000, 0x000000008e800000, 0x000000008e800000|100%| O|  |TAMS 0x000000008e700000| PB 0x000000008e700000| Untracked |  0
| 232|0x000000008e800000, 0x000000008e800000, 0x000000008e900000|  0%| F|  |TAMS 0x000000008e800000| PB 0x000000008e800000| Untracked |  0
| 233|0x000000008e900000, 0x000000008ea00000, 0x000000008ea00000|100%| O|  |TAMS 0x000000008e900000| PB 0x000000008e900000| Untracked |  0
| 234|0x000000008ea00000, 0x000000008eb00000, 0x000000008eb00000|100%| O|  |TAMS 0x000000008ea00000| PB 0x000000008ea00000| Untracked |  0
| 235|0x000000008eb00000, 0x000000008eb00000, 0x000000008ec00000|  0%| F|  |TAMS 0x000000008eb00000| PB 0x000000008eb00000| Untracked |  0
| 236|0x000000008ec00000, 0x000000008ec00000, 0x000000008ed00000|  0%| F|  |TAMS 0x000000008ec00000| PB 0x000000008ec00000| Untracked |  0
| 237|0x000000008ed00000, 0x000000008ee00000, 0x000000008ee00000|100%| O|  |TAMS 0x000000008ed00000| PB 0x000000008ed00000| Untracked |  0
| 238|0x000000008ee00000, 0x000000008ee00000, 0x000000008ef00000|  0%| F|  |TAMS 0x000000008ee00000| PB 0x000000008ee00000| Untracked |  0
| 239|0x000000008ef00000, 0x000000008f000000, 0x000000008f000000|100%| O|  |TAMS 0x000000008ef00000| PB 0x000000008ef00000| Untracked |  0
| 240|0x000000008f000000, 0x000000008f000000, 0x000000008f100000|  0%| F|  |TAMS 0x000000008f000000| PB 0x000000008f000000| Untracked |  0
| 241|0x000000008f100000, 0x000000008f200000, 0x000000008f200000|100%| O|  |TAMS 0x000000008f100000| PB 0x000000008f100000| Untracked |  0
| 242|0x000000008f200000, 0x000000008f200000, 0x000000008f300000|  0%| F|  |TAMS 0x000000008f200000| PB 0x000000008f200000| Untracked |  0
| 243|0x000000008f300000, 0x000000008f300000, 0x000000008f400000|  0%| F|  |TAMS 0x000000008f300000| PB 0x000000008f300000| Untracked |  0
| 244|0x000000008f400000, 0x000000008f400000, 0x000000008f500000|  0%| F|  |TAMS 0x000000008f400000| PB 0x000000008f400000| Untracked |  0
| 245|0x000000008f500000, 0x000000008f600000, 0x000000008f600000|100%| O|  |TAMS 0x000000008f500000| PB 0x000000008f500000| Untracked |  0
| 246|0x000000008f600000, 0x000000008f600000, 0x000000008f700000|  0%| F|  |TAMS 0x000000008f600000| PB 0x000000008f600000| Untracked |  0
| 247|0x000000008f700000, 0x000000008f700000, 0x000000008f800000|  0%| F|  |TAMS 0x000000008f700000| PB 0x000000008f700000| Untracked |  0
| 248|0x000000008f800000, 0x000000008f800000, 0x000000008f900000|  0%| F|  |TAMS 0x000000008f800000| PB 0x000000008f800000| Untracked |  0
| 249|0x000000008f900000, 0x000000008fa00000, 0x000000008fa00000|100%| O|  |TAMS 0x000000008f900000| PB 0x000000008f900000| Untracked |  0
| 250|0x000000008fa00000, 0x000000008fa00000, 0x000000008fb00000|  0%| F|  |TAMS 0x000000008fa00000| PB 0x000000008fa00000| Untracked |  0
| 251|0x000000008fb00000, 0x000000008fc00000, 0x000000008fc00000|100%| O|  |TAMS 0x000000008fb00000| PB 0x000000008fb00000| Untracked |  0
| 252|0x000000008fc00000, 0x000000008fd00000, 0x000000008fd00000|100%| O|  |TAMS 0x000000008fc00000| PB 0x000000008fc00000| Untracked |  0
| 253|0x000000008fd00000, 0x000000008fe00000, 0x000000008fe00000|100%| O|  |TAMS 0x000000008fd00000| PB 0x000000008fd00000| Untracked |  0
| 254|0x000000008fe00000, 0x000000008ff00000, 0x000000008ff00000|100%| O|  |TAMS 0x000000008fe00000| PB 0x000000008fe00000| Untracked |  0
| 255|0x000000008ff00000, 0x000000008ff00000, 0x0000000090000000|  0%| F|  |TAMS 0x000000008ff00000| PB 0x000000008ff00000| Untracked |  0
| 256|0x0000000090000000, 0x0000000090100000, 0x0000000090100000|100%| O|  |TAMS 0x0000000090000000| PB 0x0000000090000000| Untracked |  0
| 257|0x0000000090100000, 0x0000000090100000, 0x0000000090200000|  0%| F|  |TAMS 0x0000000090100000| PB 0x0000000090100000| Untracked |  0
| 258|0x0000000090200000, 0x0000000090300000, 0x0000000090300000|100%|HS|  |TAMS 0x0000000090200000| PB 0x0000000090200000| Complete |  0
| 259|0x0000000090300000, 0x0000000090400000, 0x0000000090400000|100%|HS|  |TAMS 0x0000000090300000| PB 0x0000000090300000| Complete |  0
| 260|0x0000000090400000, 0x0000000090500000, 0x0000000090500000|100%|HS|  |TAMS 0x0000000090400000| PB 0x0000000090400000| Complete |  0
| 261|0x0000000090500000, 0x0000000090500000, 0x0000000090600000|  0%| F|  |TAMS 0x0000000090500000| PB 0x0000000090500000| Untracked |  0
| 262|0x0000000090600000, 0x0000000090700000, 0x0000000090700000|100%| O|Cm|TAMS 0x0000000090600000| PB 0x0000000090600000| Complete |  0
| 263|0x0000000090700000, 0x0000000090800000, 0x0000000090800000|100%| O|  |TAMS 0x0000000090700000| PB 0x0000000090700000| Untracked |  0
| 264|0x0000000090800000, 0x0000000090900000, 0x0000000090900000|100%| O|  |TAMS 0x0000000090800000| PB 0x0000000090800000| Untracked |  0
| 265|0x0000000090900000, 0x0000000090a00000, 0x0000000090a00000|100%| O|  |TAMS 0x0000000090900000| PB 0x0000000090900000| Untracked |  0
| 266|0x0000000090a00000, 0x0000000090b00000, 0x0000000090b00000|100%| O|  |TAMS 0x0000000090a00000| PB 0x0000000090a00000| Untracked |  0
| 267|0x0000000090b00000, 0x0000000090c00000, 0x0000000090c00000|100%| O|  |TAMS 0x0000000090b00000| PB 0x0000000090b00000| Untracked |  0
| 268|0x0000000090c00000, 0x0000000090d00000, 0x0000000090d00000|100%| O|  |TAMS 0x0000000090c00000| PB 0x0000000090c00000| Untracked |  0
| 269|0x0000000090d00000, 0x0000000090e00000, 0x0000000090e00000|100%| O|  |TAMS 0x0000000090d00000| PB 0x0000000090d00000| Untracked |  0
| 270|0x0000000090e00000, 0x0000000090f00000, 0x0000000090f00000|100%| O|  |TAMS 0x0000000090e00000| PB 0x0000000090e00000| Untracked |  0
| 271|0x0000000090f00000, 0x0000000091000000, 0x0000000091000000|100%|HS|  |TAMS 0x0000000090f00000| PB 0x0000000090f00000| Complete |  0
| 272|0x0000000091000000, 0x0000000091100000, 0x0000000091100000|100%|HS|  |TAMS 0x0000000091000000| PB 0x0000000091000000| Complete |  0
| 273|0x0000000091100000, 0x0000000091200000, 0x0000000091200000|100%|HC|  |TAMS 0x0000000091100000| PB 0x0000000091100000| Complete |  0
| 274|0x0000000091200000, 0x0000000091300000, 0x0000000091300000|100%|HS|  |TAMS 0x0000000091200000| PB 0x0000000091200000| Complete |  0
| 275|0x0000000091300000, 0x0000000091400000, 0x0000000091400000|100%|HS|  |TAMS 0x0000000091300000| PB 0x0000000091300000| Complete |  0
| 276|0x0000000091400000, 0x0000000091500000, 0x0000000091500000|100%|HS|  |TAMS 0x0000000091400000| PB 0x0000000091400000| Complete |  0
| 277|0x0000000091500000, 0x0000000091600000, 0x0000000091600000|100%| O|  |TAMS 0x0000000091500000| PB 0x0000000091500000| Untracked |  0
| 278|0x0000000091600000, 0x0000000091700000, 0x0000000091700000|100%| O|  |TAMS 0x0000000091600000| PB 0x0000000091600000| Untracked |  0
| 279|0x0000000091700000, 0x0000000091800000, 0x0000000091800000|100%| O|  |TAMS 0x0000000091700000| PB 0x0000000091700000| Untracked |  0
| 280|0x0000000091800000, 0x0000000091900000, 0x0000000091900000|100%| O|  |TAMS 0x0000000091800000| PB 0x0000000091800000| Untracked |  0
| 281|0x0000000091900000, 0x0000000091a00000, 0x0000000091a00000|100%| O|  |TAMS 0x0000000091900000| PB 0x0000000091900000| Untracked |  0
| 282|0x0000000091a00000, 0x0000000091b00000, 0x0000000091b00000|100%| O|  |TAMS 0x0000000091a00000| PB 0x0000000091a00000| Untracked |  0
| 283|0x0000000091b00000, 0x0000000091c00000, 0x0000000091c00000|100%| O|  |TAMS 0x0000000091b00000| PB 0x0000000091b00000| Untracked |  0
| 284|0x0000000091c00000, 0x0000000091d00000, 0x0000000091d00000|100%| O|  |TAMS 0x0000000091c00000| PB 0x0000000091c00000| Untracked |  0
| 285|0x0000000091d00000, 0x0000000091e00000, 0x0000000091e00000|100%| O|  |TAMS 0x0000000091d00000| PB 0x0000000091d00000| Untracked |  0
| 286|0x0000000091e00000, 0x0000000091e00000, 0x0000000091f00000|  0%| F|  |TAMS 0x0000000091e00000| PB 0x0000000091e00000| Untracked |  0
| 287|0x0000000091f00000, 0x0000000092000000, 0x0000000092000000|100%| O|  |TAMS 0x0000000091f00000| PB 0x0000000091f00000| Untracked |  0
| 288|0x0000000092000000, 0x0000000092100000, 0x0000000092100000|100%| O|  |TAMS 0x0000000092000000| PB 0x0000000092000000| Untracked |  0
| 289|0x0000000092100000, 0x0000000092100000, 0x0000000092200000|  0%| F|  |TAMS 0x0000000092100000| PB 0x0000000092100000| Untracked |  0
| 290|0x0000000092200000, 0x0000000092300000, 0x0000000092300000|100%| O|  |TAMS 0x0000000092200000| PB 0x0000000092200000| Untracked |  0
| 291|0x0000000092300000, 0x0000000092300000, 0x0000000092400000|  0%| F|  |TAMS 0x0000000092300000| PB 0x0000000092300000| Untracked |  0
| 292|0x0000000092400000, 0x0000000092500000, 0x0000000092500000|100%| O|  |TAMS 0x0000000092400000| PB 0x0000000092400000| Untracked |  0
| 293|0x0000000092500000, 0x0000000092600000, 0x0000000092600000|100%| O|  |TAMS 0x0000000092500000| PB 0x0000000092500000| Untracked |  0
| 294|0x0000000092600000, 0x0000000092700000, 0x0000000092700000|100%| O|  |TAMS 0x0000000092600000| PB 0x0000000092600000| Untracked |  0
| 295|0x0000000092700000, 0x0000000092800000, 0x0000000092800000|100%| O|  |TAMS 0x0000000092700000| PB 0x0000000092700000| Untracked |  0
| 296|0x0000000092800000, 0x0000000092800000, 0x0000000092900000|  0%| F|  |TAMS 0x0000000092800000| PB 0x0000000092800000| Untracked |  0
| 297|0x0000000092900000, 0x0000000092a00000, 0x0000000092a00000|100%| O|  |TAMS 0x0000000092900000| PB 0x0000000092900000| Untracked |  0
| 298|0x0000000092a00000, 0x0000000092b00000, 0x0000000092b00000|100%| O|  |TAMS 0x0000000092a00000| PB 0x0000000092a00000| Untracked |  0
| 299|0x0000000092b00000, 0x0000000092c00000, 0x0000000092c00000|100%|HS|  |TAMS 0x0000000092b00000| PB 0x0000000092b00000| Complete |  0
| 300|0x0000000092c00000, 0x0000000092d00000, 0x0000000092d00000|100%|HS|  |TAMS 0x0000000092c00000| PB 0x0000000092c00000| Complete |  0
| 301|0x0000000092d00000, 0x0000000092e00000, 0x0000000092e00000|100%|HS|  |TAMS 0x0000000092d00000| PB 0x0000000092d00000| Complete |  0
| 302|0x0000000092e00000, 0x0000000092e00000, 0x0000000092f00000|  0%| F|  |TAMS 0x0000000092e00000| PB 0x0000000092e00000| Untracked |  0
| 303|0x0000000092f00000, 0x0000000092f00000, 0x0000000093000000|  0%| F|  |TAMS 0x0000000092f00000| PB 0x0000000092f00000| Untracked |  0
| 304|0x0000000093000000, 0x0000000093100000, 0x0000000093100000|100%| O|  |TAMS 0x0000000093000000| PB 0x0000000093000000| Untracked |  0
| 305|0x0000000093100000, 0x0000000093200000, 0x0000000093200000|100%| O|Cm|TAMS 0x0000000093100000| PB 0x0000000093100000| Complete |  0
| 306|0x0000000093200000, 0x0000000093300000, 0x0000000093300000|100%| O|  |TAMS 0x0000000093200000| PB 0x0000000093200000| Untracked |  0
| 307|0x0000000093300000, 0x0000000093300000, 0x0000000093400000|  0%| F|  |TAMS 0x0000000093300000| PB 0x0000000093300000| Untracked |  0
| 308|0x0000000093400000, 0x0000000093400000, 0x0000000093500000|  0%| F|  |TAMS 0x0000000093400000| PB 0x0000000093400000| Untracked |  0
| 309|0x0000000093500000, 0x0000000093600000, 0x0000000093600000|100%| O|  |TAMS 0x0000000093500000| PB 0x0000000093500000| Untracked |  0
| 310|0x0000000093600000, 0x0000000093700000, 0x0000000093700000|100%| O|  |TAMS 0x0000000093600000| PB 0x0000000093600000| Untracked |  0
| 311|0x0000000093700000, 0x0000000093800000, 0x0000000093800000|100%| O|  |TAMS 0x0000000093700000| PB 0x0000000093700000| Untracked |  0
| 312|0x0000000093800000, 0x0000000093800000, 0x0000000093900000|  0%| F|  |TAMS 0x0000000093800000| PB 0x0000000093800000| Untracked |  0
| 313|0x0000000093900000, 0x0000000093a00000, 0x0000000093a00000|100%| O|  |TAMS 0x0000000093900000| PB 0x0000000093900000| Untracked |  0
| 314|0x0000000093a00000, 0x0000000093b00000, 0x0000000093b00000|100%| O|  |TAMS 0x0000000093a00000| PB 0x0000000093a00000| Untracked |  0
| 315|0x0000000093b00000, 0x0000000093c00000, 0x0000000093c00000|100%| O|  |TAMS 0x0000000093b00000| PB 0x0000000093b00000| Untracked |  0
| 316|0x0000000093c00000, 0x0000000093d00000, 0x0000000093d00000|100%| O|  |TAMS 0x0000000093c00000| PB 0x0000000093c00000| Untracked |  0
| 317|0x0000000093d00000, 0x0000000093e00000, 0x0000000093e00000|100%| O|  |TAMS 0x0000000093d00000| PB 0x0000000093d00000| Untracked |  0
| 318|0x0000000093e00000, 0x0000000093f00000, 0x0000000093f00000|100%| O|  |TAMS 0x0000000093e00000| PB 0x0000000093e00000| Untracked |  0
| 319|0x0000000093f00000, 0x0000000094000000, 0x0000000094000000|100%| O|Cm|TAMS 0x0000000093f00000| PB 0x0000000093f00000| Complete |  0
| 320|0x0000000094000000, 0x0000000094100000, 0x0000000094100000|100%| O|Cm|TAMS 0x0000000094000000| PB 0x0000000094000000| Complete |  0
| 321|0x0000000094100000, 0x0000000094100000, 0x0000000094200000|  0%| F|  |TAMS 0x0000000094100000| PB 0x0000000094100000| Untracked |  0
| 322|0x0000000094200000, 0x0000000094300000, 0x0000000094300000|100%| O|  |TAMS 0x0000000094200000| PB 0x0000000094200000| Untracked |  0
| 323|0x0000000094300000, 0x0000000094400000, 0x0000000094400000|100%| O|  |TAMS 0x0000000094300000| PB 0x0000000094300000| Untracked |  0
| 324|0x0000000094400000, 0x0000000094500000, 0x0000000094500000|100%| O|  |TAMS 0x0000000094400000| PB 0x0000000094400000| Untracked |  0
| 325|0x0000000094500000, 0x0000000094600000, 0x0000000094600000|100%| O|  |TAMS 0x0000000094500000| PB 0x0000000094500000| Untracked |  0
| 326|0x0000000094600000, 0x0000000094600000, 0x0000000094700000|  0%| F|  |TAMS 0x0000000094600000| PB 0x0000000094600000| Untracked |  0
| 327|0x0000000094700000, 0x0000000094800000, 0x0000000094800000|100%| O|  |TAMS 0x0000000094700000| PB 0x0000000094700000| Untracked |  0
| 328|0x0000000094800000, 0x0000000094900000, 0x0000000094900000|100%|HS|  |TAMS 0x0000000094800000| PB 0x0000000094800000| Complete |  0
| 329|0x0000000094900000, 0x0000000094a00000, 0x0000000094a00000|100%| O|  |TAMS 0x0000000094900000| PB 0x0000000094900000| Untracked |  0
| 330|0x0000000094a00000, 0x0000000094b00000, 0x0000000094b00000|100%| O|  |TAMS 0x0000000094a00000| PB 0x0000000094a00000| Untracked |  0
| 331|0x0000000094b00000, 0x0000000094c00000, 0x0000000094c00000|100%| O|  |TAMS 0x0000000094b00000| PB 0x0000000094b00000| Untracked |  0
| 332|0x0000000094c00000, 0x0000000094d00000, 0x0000000094d00000|100%| O|  |TAMS 0x0000000094c00000| PB 0x0000000094c00000| Untracked |  0
| 333|0x0000000094d00000, 0x0000000094e00000, 0x0000000094e00000|100%| O|  |TAMS 0x0000000094d00000| PB 0x0000000094d00000| Untracked |  0
| 334|0x0000000094e00000, 0x0000000094e00000, 0x0000000094f00000|  0%| F|  |TAMS 0x0000000094e00000| PB 0x0000000094e00000| Untracked |  0
| 335|0x0000000094f00000, 0x0000000095000000, 0x0000000095000000|100%| O|  |TAMS 0x0000000094f00000| PB 0x0000000094f00000| Untracked |  0
| 336|0x0000000095000000, 0x0000000095100000, 0x0000000095100000|100%| O|  |TAMS 0x0000000095000000| PB 0x0000000095000000| Untracked |  0
| 337|0x0000000095100000, 0x0000000095200000, 0x0000000095200000|100%| O|  |TAMS 0x0000000095100000| PB 0x0000000095100000| Untracked |  0
| 338|0x0000000095200000, 0x0000000095200000, 0x0000000095300000|  0%| F|  |TAMS 0x0000000095200000| PB 0x0000000095200000| Untracked |  0
| 339|0x0000000095300000, 0x0000000095400000, 0x0000000095400000|100%| O|  |TAMS 0x0000000095300000| PB 0x0000000095300000| Untracked |  0
| 340|0x0000000095400000, 0x0000000095400000, 0x0000000095500000|  0%| F|  |TAMS 0x0000000095400000| PB 0x0000000095400000| Untracked |  0
| 341|0x0000000095500000, 0x0000000095600000, 0x0000000095600000|100%| O|  |TAMS 0x0000000095500000| PB 0x0000000095500000| Untracked |  0
| 342|0x0000000095600000, 0x0000000095600000, 0x0000000095700000|  0%| F|  |TAMS 0x0000000095600000| PB 0x0000000095600000| Untracked |  0
| 343|0x0000000095700000, 0x0000000095700000, 0x0000000095800000|  0%| F|  |TAMS 0x0000000095700000| PB 0x0000000095700000| Untracked |  0
| 344|0x0000000095800000, 0x0000000095900000, 0x0000000095900000|100%| O|Cm|TAMS 0x0000000095800000| PB 0x0000000095800000| Complete |  0
| 345|0x0000000095900000, 0x0000000095a00000, 0x0000000095a00000|100%| O|  |TAMS 0x0000000095900000| PB 0x0000000095900000| Untracked |  0
| 346|0x0000000095a00000, 0x0000000095a00000, 0x0000000095b00000|  0%| F|  |TAMS 0x0000000095a00000| PB 0x0000000095a00000| Untracked |  0
| 347|0x0000000095b00000, 0x0000000095b00000, 0x0000000095c00000|  0%| F|  |TAMS 0x0000000095b00000| PB 0x0000000095b00000| Untracked |  0
| 348|0x0000000095c00000, 0x0000000095d00000, 0x0000000095d00000|100%| O|  |TAMS 0x0000000095c00000| PB 0x0000000095c00000| Untracked |  0
| 349|0x0000000095d00000, 0x0000000095e00000, 0x0000000095e00000|100%| O|  |TAMS 0x0000000095d00000| PB 0x0000000095d00000| Untracked |  0
| 350|0x0000000095e00000, 0x0000000095f00000, 0x0000000095f00000|100%| O|  |TAMS 0x0000000095e00000| PB 0x0000000095e00000| Untracked |  0
| 351|0x0000000095f00000, 0x0000000096000000, 0x0000000096000000|100%| O|  |TAMS 0x0000000095f00000| PB 0x0000000095f00000| Untracked |  0
| 352|0x0000000096000000, 0x0000000096000000, 0x0000000096100000|  0%| F|  |TAMS 0x0000000096000000| PB 0x0000000096000000| Untracked |  0
| 353|0x0000000096100000, 0x0000000096200000, 0x0000000096200000|100%| O|  |TAMS 0x0000000096100000| PB 0x0000000096100000| Untracked |  0
| 354|0x0000000096200000, 0x0000000096300000, 0x0000000096300000|100%| O|  |TAMS 0x0000000096200000| PB 0x0000000096200000| Untracked |  0
| 355|0x0000000096300000, 0x0000000096400000, 0x0000000096400000|100%|HS|  |TAMS 0x0000000096300000| PB 0x0000000096300000| Complete |  0
| 356|0x0000000096400000, 0x0000000096500000, 0x0000000096500000|100%| O|  |TAMS 0x0000000096400000| PB 0x0000000096400000| Untracked |  0
| 357|0x0000000096500000, 0x0000000096600000, 0x0000000096600000|100%| O|  |TAMS 0x0000000096500000| PB 0x0000000096500000| Untracked |  0
| 358|0x0000000096600000, 0x0000000096600000, 0x0000000096700000|  0%| F|  |TAMS 0x0000000096600000| PB 0x0000000096600000| Untracked |  0
| 359|0x0000000096700000, 0x0000000096800000, 0x0000000096800000|100%| O|  |TAMS 0x0000000096700000| PB 0x0000000096700000| Untracked |  0
| 360|0x0000000096800000, 0x0000000096900000, 0x0000000096900000|100%| O|  |TAMS 0x0000000096800000| PB 0x0000000096800000| Untracked |  0
| 361|0x0000000096900000, 0x0000000096a00000, 0x0000000096a00000|100%| O|  |TAMS 0x0000000096900000| PB 0x0000000096900000| Untracked |  0
| 362|0x0000000096a00000, 0x0000000096a00000, 0x0000000096b00000|  0%| F|  |TAMS 0x0000000096a00000| PB 0x0000000096a00000| Untracked |  0
| 363|0x0000000096b00000, 0x0000000096c00000, 0x0000000096c00000|100%| O|  |TAMS 0x0000000096b00000| PB 0x0000000096b00000| Untracked |  0
| 364|0x0000000096c00000, 0x0000000096c00000, 0x0000000096d00000|  0%| F|  |TAMS 0x0000000096c00000| PB 0x0000000096c00000| Untracked |  0
| 365|0x0000000096d00000, 0x0000000096e00000, 0x0000000096e00000|100%| O|  |TAMS 0x0000000096d00000| PB 0x0000000096d00000| Untracked |  0
| 366|0x0000000096e00000, 0x0000000096e00000, 0x0000000096f00000|  0%| F|  |TAMS 0x0000000096e00000| PB 0x0000000096e00000| Untracked |  0
| 367|0x0000000096f00000, 0x0000000097000000, 0x0000000097000000|100%| O|  |TAMS 0x0000000096f00000| PB 0x0000000096f00000| Untracked |  0
| 368|0x0000000097000000, 0x0000000097100000, 0x0000000097100000|100%| O|  |TAMS 0x0000000097000000| PB 0x0000000097000000| Untracked |  0
| 369|0x0000000097100000, 0x0000000097200000, 0x0000000097200000|100%| O|  |TAMS 0x0000000097100000| PB 0x0000000097100000| Untracked |  0
| 370|0x0000000097200000, 0x0000000097200000, 0x0000000097300000|  0%| F|  |TAMS 0x0000000097200000| PB 0x0000000097200000| Untracked |  0
| 371|0x0000000097300000, 0x0000000097400000, 0x0000000097400000|100%| O|  |TAMS 0x0000000097300000| PB 0x0000000097300000| Untracked |  0
| 372|0x0000000097400000, 0x0000000097500000, 0x0000000097500000|100%| O|  |TAMS 0x0000000097400000| PB 0x0000000097400000| Untracked |  0
| 373|0x0000000097500000, 0x0000000097500000, 0x0000000097600000|  0%| F|  |TAMS 0x0000000097500000| PB 0x0000000097500000| Untracked |  0
| 374|0x0000000097600000, 0x0000000097700000, 0x0000000097700000|100%| O|  |TAMS 0x0000000097600000| PB 0x0000000097600000| Untracked |  0
| 375|0x0000000097700000, 0x0000000097700000, 0x0000000097800000|  0%| F|  |TAMS 0x0000000097700000| PB 0x0000000097700000| Untracked |  0
| 376|0x0000000097800000, 0x0000000097900000, 0x0000000097900000|100%| O|  |TAMS 0x0000000097800000| PB 0x0000000097800000| Untracked |  0
| 377|0x0000000097900000, 0x0000000097a00000, 0x0000000097a00000|100%| O|  |TAMS 0x0000000097900000| PB 0x0000000097900000| Untracked |  0
| 378|0x0000000097a00000, 0x0000000097a00000, 0x0000000097b00000|  0%| F|  |TAMS 0x0000000097a00000| PB 0x0000000097a00000| Untracked |  0
| 379|0x0000000097b00000, 0x0000000097b00000, 0x0000000097c00000|  0%| F|  |TAMS 0x0000000097b00000| PB 0x0000000097b00000| Untracked |  0
| 380|0x0000000097c00000, 0x0000000097d00000, 0x0000000097d00000|100%| O|  |TAMS 0x0000000097c00000| PB 0x0000000097c00000| Untracked |  0
| 381|0x0000000097d00000, 0x0000000097e00000, 0x0000000097e00000|100%| O|  |TAMS 0x0000000097d00000| PB 0x0000000097d00000| Untracked |  0
| 382|0x0000000097e00000, 0x0000000097e00000, 0x0000000097f00000|  0%| F|  |TAMS 0x0000000097e00000| PB 0x0000000097e00000| Untracked |  0
| 383|0x0000000097f00000, 0x0000000098000000, 0x0000000098000000|100%| O|  |TAMS 0x0000000097f00000| PB 0x0000000097f00000| Untracked |  0
| 384|0x0000000098000000, 0x0000000098100000, 0x0000000098100000|100%| O|  |TAMS 0x0000000098000000| PB 0x0000000098000000| Untracked |  0
| 385|0x0000000098100000, 0x0000000098100000, 0x0000000098200000|  0%| F|  |TAMS 0x0000000098100000| PB 0x0000000098100000| Untracked |  0
| 386|0x0000000098200000, 0x0000000098200000, 0x0000000098300000|  0%| F|  |TAMS 0x0000000098200000| PB 0x0000000098200000| Untracked |  0
| 387|0x0000000098300000, 0x0000000098300000, 0x0000000098400000|  0%| F|  |TAMS 0x0000000098300000| PB 0x0000000098300000| Untracked |  0
| 388|0x0000000098400000, 0x0000000098400000, 0x0000000098500000|  0%| F|  |TAMS 0x0000000098400000| PB 0x0000000098400000| Untracked |  0
| 389|0x0000000098500000, 0x0000000098600000, 0x0000000098600000|100%| O|  |TAMS 0x0000000098500000| PB 0x0000000098500000| Untracked |  0
| 390|0x0000000098600000, 0x0000000098600000, 0x0000000098700000|  0%| F|  |TAMS 0x0000000098600000| PB 0x0000000098600000| Untracked |  0
| 391|0x0000000098700000, 0x0000000098700000, 0x0000000098800000|  0%| F|  |TAMS 0x0000000098700000| PB 0x0000000098700000| Untracked |  0
| 392|0x0000000098800000, 0x0000000098900000, 0x0000000098900000|100%| O|  |TAMS 0x0000000098800000| PB 0x0000000098800000| Untracked |  0
| 393|0x0000000098900000, 0x0000000098a00000, 0x0000000098a00000|100%| O|  |TAMS 0x0000000098900000| PB 0x0000000098900000| Untracked |  0
| 394|0x0000000098a00000, 0x0000000098b00000, 0x0000000098b00000|100%| O|Cm|TAMS 0x0000000098a00000| PB 0x0000000098a00000| Complete |  0
| 395|0x0000000098b00000, 0x0000000098c00000, 0x0000000098c00000|100%| O|  |TAMS 0x0000000098b00000| PB 0x0000000098b00000| Untracked |  0
| 396|0x0000000098c00000, 0x0000000098d00000, 0x0000000098d00000|100%| O|  |TAMS 0x0000000098c00000| PB 0x0000000098c00000| Untracked |  0
| 397|0x0000000098d00000, 0x0000000098e00000, 0x0000000098e00000|100%| O|  |TAMS 0x0000000098d00000| PB 0x0000000098d00000| Untracked |  0
| 398|0x0000000098e00000, 0x0000000098e00000, 0x0000000098f00000|  0%| F|  |TAMS 0x0000000098e00000| PB 0x0000000098e00000| Untracked |  0
| 399|0x0000000098f00000, 0x0000000098f00000, 0x0000000099000000|  0%| F|  |TAMS 0x0000000098f00000| PB 0x0000000098f00000| Untracked |  0
| 400|0x0000000099000000, 0x0000000099000000, 0x0000000099100000|  0%| F|  |TAMS 0x0000000099000000| PB 0x0000000099000000| Untracked |  0
| 401|0x0000000099100000, 0x0000000099200000, 0x0000000099200000|100%| O|  |TAMS 0x0000000099100000| PB 0x0000000099100000| Untracked |  0
| 402|0x0000000099200000, 0x0000000099200000, 0x0000000099300000|  0%| F|  |TAMS 0x0000000099200000| PB 0x0000000099200000| Untracked |  0
| 403|0x0000000099300000, 0x0000000099300000, 0x0000000099400000|  0%| F|  |TAMS 0x0000000099300000| PB 0x0000000099300000| Untracked |  0
| 404|0x0000000099400000, 0x0000000099400000, 0x0000000099500000|  0%| F|  |TAMS 0x0000000099400000| PB 0x0000000099400000| Untracked |  0
| 405|0x0000000099500000, 0x0000000099600000, 0x0000000099600000|100%| O|  |TAMS 0x0000000099500000| PB 0x0000000099500000| Untracked |  0
| 406|0x0000000099600000, 0x0000000099700000, 0x0000000099700000|100%| O|  |TAMS 0x0000000099600000| PB 0x0000000099600000| Untracked |  0
| 407|0x0000000099700000, 0x0000000099700000, 0x0000000099800000|  0%| F|  |TAMS 0x0000000099700000| PB 0x0000000099700000| Untracked |  0
| 408|0x0000000099800000, 0x0000000099900000, 0x0000000099900000|100%| O|  |TAMS 0x0000000099800000| PB 0x0000000099800000| Untracked |  0
| 409|0x0000000099900000, 0x0000000099900000, 0x0000000099a00000|  0%| F|  |TAMS 0x0000000099900000| PB 0x0000000099900000| Untracked |  0
| 410|0x0000000099a00000, 0x0000000099b00000, 0x0000000099b00000|100%| O|  |TAMS 0x0000000099a00000| PB 0x0000000099a00000| Untracked |  0
| 411|0x0000000099b00000, 0x0000000099c00000, 0x0000000099c00000|100%| O|  |TAMS 0x0000000099b00000| PB 0x0000000099b00000| Untracked |  0
| 412|0x0000000099c00000, 0x0000000099d00000, 0x0000000099d00000|100%| O|  |TAMS 0x0000000099c00000| PB 0x0000000099c00000| Untracked |  0
| 413|0x0000000099d00000, 0x0000000099d00000, 0x0000000099e00000|  0%| F|  |TAMS 0x0000000099d00000| PB 0x0000000099d00000| Untracked |  0
| 414|0x0000000099e00000, 0x0000000099f00000, 0x0000000099f00000|100%| O|  |TAMS 0x0000000099e00000| PB 0x0000000099e00000| Untracked |  0
| 415|0x0000000099f00000, 0x000000009a000000, 0x000000009a000000|100%| O|  |TAMS 0x0000000099f00000| PB 0x0000000099f00000| Untracked |  0
| 416|0x000000009a000000, 0x000000009a000000, 0x000000009a100000|  0%| F|  |TAMS 0x000000009a000000| PB 0x000000009a000000| Untracked |  0
| 417|0x000000009a100000, 0x000000009a200000, 0x000000009a200000|100%| O|  |TAMS 0x000000009a100000| PB 0x000000009a100000| Untracked |  0
| 418|0x000000009a200000, 0x000000009a300000, 0x000000009a300000|100%| O|  |TAMS 0x000000009a200000| PB 0x000000009a200000| Untracked |  0
| 419|0x000000009a300000, 0x000000009a400000, 0x000000009a400000|100%| O|  |TAMS 0x000000009a300000| PB 0x000000009a300000| Untracked |  0
| 420|0x000000009a400000, 0x000000009a500000, 0x000000009a500000|100%| O|  |TAMS 0x000000009a400000| PB 0x000000009a400000| Untracked |  0
| 421|0x000000009a500000, 0x000000009a500000, 0x000000009a600000|  0%| F|  |TAMS 0x000000009a500000| PB 0x000000009a500000| Untracked |  0
| 422|0x000000009a600000, 0x000000009a600000, 0x000000009a700000|  0%| F|  |TAMS 0x000000009a600000| PB 0x000000009a600000| Untracked |  0
| 423|0x000000009a700000, 0x000000009a800000, 0x000000009a800000|100%| O|  |TAMS 0x000000009a700000| PB 0x000000009a700000| Untracked |  0
| 424|0x000000009a800000, 0x000000009a800000, 0x000000009a900000|  0%| F|  |TAMS 0x000000009a800000| PB 0x000000009a800000| Untracked |  0
| 425|0x000000009a900000, 0x000000009aa00000, 0x000000009aa00000|100%| O|  |TAMS 0x000000009a900000| PB 0x000000009a900000| Untracked |  0
| 426|0x000000009aa00000, 0x000000009ab00000, 0x000000009ab00000|100%| O|  |TAMS 0x000000009aa00000| PB 0x000000009aa00000| Untracked |  0
| 427|0x000000009ab00000, 0x000000009ac00000, 0x000000009ac00000|100%| O|  |TAMS 0x000000009ab00000| PB 0x000000009ab00000| Untracked |  0
| 428|0x000000009ac00000, 0x000000009ad00000, 0x000000009ad00000|100%| O|  |TAMS 0x000000009ac00000| PB 0x000000009ac00000| Untracked |  0
| 429|0x000000009ad00000, 0x000000009ae00000, 0x000000009ae00000|100%| O|  |TAMS 0x000000009ad00000| PB 0x000000009ad00000| Untracked |  0
| 430|0x000000009ae00000, 0x000000009af00000, 0x000000009af00000|100%| O|  |TAMS 0x000000009ae00000| PB 0x000000009ae00000| Untracked |  0
| 431|0x000000009af00000, 0x000000009b000000, 0x000000009b000000|100%| O|  |TAMS 0x000000009af00000| PB 0x000000009af00000| Untracked |  0
| 432|0x000000009b000000, 0x000000009b100000, 0x000000009b100000|100%| O|  |TAMS 0x000000009b000000| PB 0x000000009b000000| Untracked |  0
| 433|0x000000009b100000, 0x000000009b100000, 0x000000009b200000|  0%| F|  |TAMS 0x000000009b100000| PB 0x000000009b100000| Untracked |  0
| 434|0x000000009b200000, 0x000000009b300000, 0x000000009b300000|100%| O|  |TAMS 0x000000009b200000| PB 0x000000009b200000| Untracked |  0
| 435|0x000000009b300000, 0x000000009b400000, 0x000000009b400000|100%| O|  |TAMS 0x000000009b300000| PB 0x000000009b300000| Untracked |  0
| 436|0x000000009b400000, 0x000000009b500000, 0x000000009b500000|100%| O|  |TAMS 0x000000009b400000| PB 0x000000009b400000| Untracked |  0
| 437|0x000000009b500000, 0x000000009b600000, 0x000000009b600000|100%| O|  |TAMS 0x000000009b500000| PB 0x000000009b500000| Untracked |  0
| 438|0x000000009b600000, 0x000000009b700000, 0x000000009b700000|100%| O|  |TAMS 0x000000009b600000| PB 0x000000009b600000| Untracked |  0
| 439|0x000000009b700000, 0x000000009b800000, 0x000000009b800000|100%| O|  |TAMS 0x000000009b700000| PB 0x000000009b700000| Untracked |  0
| 440|0x000000009b800000, 0x000000009b900000, 0x000000009b900000|100%| O|  |TAMS 0x000000009b800000| PB 0x000000009b800000| Untracked |  0
| 441|0x000000009b900000, 0x000000009b900000, 0x000000009ba00000|  0%| F|  |TAMS 0x000000009b900000| PB 0x000000009b900000| Untracked |  0
| 442|0x000000009ba00000, 0x000000009bb00000, 0x000000009bb00000|100%| O|  |TAMS 0x000000009ba00000| PB 0x000000009ba00000| Untracked |  0
| 443|0x000000009bb00000, 0x000000009bb00000, 0x000000009bc00000|  0%| F|  |TAMS 0x000000009bb00000| PB 0x000000009bb00000| Untracked |  0
| 444|0x000000009bc00000, 0x000000009bd00000, 0x000000009bd00000|100%| O|  |TAMS 0x000000009bc00000| PB 0x000000009bc00000| Untracked |  0
| 445|0x000000009bd00000, 0x000000009be00000, 0x000000009be00000|100%| O|  |TAMS 0x000000009bd00000| PB 0x000000009bd00000| Untracked |  0
| 446|0x000000009be00000, 0x000000009be00000, 0x000000009bf00000|  0%| F|  |TAMS 0x000000009be00000| PB 0x000000009be00000| Untracked |  0
| 447|0x000000009bf00000, 0x000000009bf00000, 0x000000009c000000|  0%| F|  |TAMS 0x000000009bf00000| PB 0x000000009bf00000| Untracked |  0
| 448|0x000000009c000000, 0x000000009c100000, 0x000000009c100000|100%| O|  |TAMS 0x000000009c000000| PB 0x000000009c000000| Untracked |  0
| 449|0x000000009c100000, 0x000000009c100000, 0x000000009c200000|  0%| F|  |TAMS 0x000000009c100000| PB 0x000000009c100000| Untracked |  0
| 450|0x000000009c200000, 0x000000009c200000, 0x000000009c300000|  0%| F|  |TAMS 0x000000009c200000| PB 0x000000009c200000| Untracked |  0
| 451|0x000000009c300000, 0x000000009c400000, 0x000000009c400000|100%| O|  |TAMS 0x000000009c300000| PB 0x000000009c300000| Untracked |  0
| 452|0x000000009c400000, 0x000000009c400000, 0x000000009c500000|  0%| F|  |TAMS 0x000000009c400000| PB 0x000000009c400000| Untracked |  0
| 453|0x000000009c500000, 0x000000009c600000, 0x000000009c600000|100%| O|  |TAMS 0x000000009c500000| PB 0x000000009c500000| Untracked |  0
| 454|0x000000009c600000, 0x000000009c700000, 0x000000009c700000|100%| O|  |TAMS 0x000000009c600000| PB 0x000000009c600000| Untracked |  0
| 455|0x000000009c700000, 0x000000009c800000, 0x000000009c800000|100%| O|Cm|TAMS 0x000000009c700000| PB 0x000000009c700000| Complete |  0
| 456|0x000000009c800000, 0x000000009c800000, 0x000000009c900000|  0%| F|  |TAMS 0x000000009c800000| PB 0x000000009c800000| Untracked |  0
| 457|0x000000009c900000, 0x000000009ca00000, 0x000000009ca00000|100%| O|  |TAMS 0x000000009c900000| PB 0x000000009c900000| Untracked |  0
| 458|0x000000009ca00000, 0x000000009cb00000, 0x000000009cb00000|100%| O|Cm|TAMS 0x000000009ca00000| PB 0x000000009ca00000| Complete |  0
| 459|0x000000009cb00000, 0x000000009cc00000, 0x000000009cc00000|100%| O|  |TAMS 0x000000009cb00000| PB 0x000000009cb00000| Untracked |  0
| 460|0x000000009cc00000, 0x000000009cc00000, 0x000000009cd00000|  0%| F|  |TAMS 0x000000009cc00000| PB 0x000000009cc00000| Untracked |  0
| 461|0x000000009cd00000, 0x000000009ce00000, 0x000000009ce00000|100%| O|Cm|TAMS 0x000000009cd00000| PB 0x000000009cd00000| Complete |  0
| 462|0x000000009ce00000, 0x000000009cf00000, 0x000000009cf00000|100%| O|  |TAMS 0x000000009ce00000| PB 0x000000009ce00000| Untracked |  0
| 463|0x000000009cf00000, 0x000000009cf00000, 0x000000009d000000|  0%| F|  |TAMS 0x000000009cf00000| PB 0x000000009cf00000| Untracked |  0
| 464|0x000000009d000000, 0x000000009d000000, 0x000000009d100000|  0%| F|  |TAMS 0x000000009d000000| PB 0x000000009d000000| Untracked |  0
| 465|0x000000009d100000, 0x000000009d100000, 0x000000009d200000|  0%| F|  |TAMS 0x000000009d100000| PB 0x000000009d100000| Untracked |  0
| 466|0x000000009d200000, 0x000000009d300000, 0x000000009d300000|100%| O|Cm|TAMS 0x000000009d200000| PB 0x000000009d200000| Complete |  0
| 467|0x000000009d300000, 0x000000009d400000, 0x000000009d400000|100%| O|  |TAMS 0x000000009d300000| PB 0x000000009d300000| Untracked |  0
| 468|0x000000009d400000, 0x000000009d500000, 0x000000009d500000|100%| O|  |TAMS 0x000000009d400000| PB 0x000000009d400000| Untracked |  0
| 469|0x000000009d500000, 0x000000009d500000, 0x000000009d600000|  0%| F|  |TAMS 0x000000009d500000| PB 0x000000009d500000| Untracked |  0
| 470|0x000000009d600000, 0x000000009d600000, 0x000000009d700000|  0%| F|  |TAMS 0x000000009d600000| PB 0x000000009d600000| Untracked |  0
| 471|0x000000009d700000, 0x000000009d700000, 0x000000009d800000|  0%| F|  |TAMS 0x000000009d700000| PB 0x000000009d700000| Untracked |  0
| 472|0x000000009d800000, 0x000000009d800000, 0x000000009d900000|  0%| F|  |TAMS 0x000000009d800000| PB 0x000000009d800000| Untracked |  0
| 473|0x000000009d900000, 0x000000009d900000, 0x000000009da00000|  0%| F|  |TAMS 0x000000009d900000| PB 0x000000009d900000| Untracked |  0
| 474|0x000000009da00000, 0x000000009db00000, 0x000000009db00000|100%| O|  |TAMS 0x000000009da00000| PB 0x000000009da00000| Untracked |  0
| 475|0x000000009db00000, 0x000000009dc00000, 0x000000009dc00000|100%| O|  |TAMS 0x000000009db00000| PB 0x000000009db00000| Untracked |  0
| 476|0x000000009dc00000, 0x000000009dc00000, 0x000000009dd00000|  0%| F|  |TAMS 0x000000009dc00000| PB 0x000000009dc00000| Untracked |  0
| 477|0x000000009dd00000, 0x000000009dd00000, 0x000000009de00000|  0%| F|  |TAMS 0x000000009dd00000| PB 0x000000009dd00000| Untracked |  0
| 478|0x000000009de00000, 0x000000009de00000, 0x000000009df00000|  0%| F|  |TAMS 0x000000009de00000| PB 0x000000009de00000| Untracked |  0
| 479|0x000000009df00000, 0x000000009df00000, 0x000000009e000000|  0%| F|  |TAMS 0x000000009df00000| PB 0x000000009df00000| Untracked |  0
| 480|0x000000009e000000, 0x000000009e000000, 0x000000009e100000|  0%| F|  |TAMS 0x000000009e000000| PB 0x000000009e000000| Untracked |  0
| 481|0x000000009e100000, 0x000000009e200000, 0x000000009e200000|100%| O|  |TAMS 0x000000009e100000| PB 0x000000009e100000| Untracked |  0
| 482|0x000000009e200000, 0x000000009e300000, 0x000000009e300000|100%| O|  |TAMS 0x000000009e200000| PB 0x000000009e200000| Untracked |  0
| 483|0x000000009e300000, 0x000000009e400000, 0x000000009e400000|100%| O|  |TAMS 0x000000009e300000| PB 0x000000009e300000| Untracked |  0
| 484|0x000000009e400000, 0x000000009e500000, 0x000000009e500000|100%| O|  |TAMS 0x000000009e400000| PB 0x000000009e400000| Untracked |  0
| 485|0x000000009e500000, 0x000000009e500000, 0x000000009e600000|  0%| F|  |TAMS 0x000000009e500000| PB 0x000000009e500000| Untracked |  0
| 486|0x000000009e600000, 0x000000009e700000, 0x000000009e700000|100%| O|  |TAMS 0x000000009e600000| PB 0x000000009e600000| Untracked |  0
| 487|0x000000009e700000, 0x000000009e700000, 0x000000009e800000|  0%| F|  |TAMS 0x000000009e700000| PB 0x000000009e700000| Untracked |  0
| 488|0x000000009e800000, 0x000000009e900000, 0x000000009e900000|100%| O|  |TAMS 0x000000009e800000| PB 0x000000009e800000| Untracked |  0
| 489|0x000000009e900000, 0x000000009ea00000, 0x000000009ea00000|100%| O|  |TAMS 0x000000009e900000| PB 0x000000009e900000| Untracked |  0
| 490|0x000000009ea00000, 0x000000009eb00000, 0x000000009eb00000|100%| O|  |TAMS 0x000000009ea00000| PB 0x000000009ea00000| Untracked |  0
| 491|0x000000009eb00000, 0x000000009eb00000, 0x000000009ec00000|  0%| F|  |TAMS 0x000000009eb00000| PB 0x000000009eb00000| Untracked |  0
| 492|0x000000009ec00000, 0x000000009ed00000, 0x000000009ed00000|100%| O|  |TAMS 0x000000009ec00000| PB 0x000000009ec00000| Untracked |  0
| 493|0x000000009ed00000, 0x000000009ed00000, 0x000000009ee00000|  0%| F|  |TAMS 0x000000009ed00000| PB 0x000000009ed00000| Untracked |  0
| 494|0x000000009ee00000, 0x000000009ef00000, 0x000000009ef00000|100%| O|  |TAMS 0x000000009ee00000| PB 0x000000009ee00000| Untracked |  0
| 495|0x000000009ef00000, 0x000000009f000000, 0x000000009f000000|100%| O|  |TAMS 0x000000009ef00000| PB 0x000000009ef00000| Untracked |  0
| 496|0x000000009f000000, 0x000000009f100000, 0x000000009f100000|100%| O|  |TAMS 0x000000009f000000| PB 0x000000009f000000| Untracked |  0
| 497|0x000000009f100000, 0x000000009f100000, 0x000000009f200000|  0%| F|  |TAMS 0x000000009f100000| PB 0x000000009f100000| Untracked |  0
| 498|0x000000009f200000, 0x000000009f200000, 0x000000009f300000|  0%| F|  |TAMS 0x000000009f200000| PB 0x000000009f200000| Untracked |  0
| 499|0x000000009f300000, 0x000000009f400000, 0x000000009f400000|100%| O|  |TAMS 0x000000009f300000| PB 0x000000009f300000| Untracked |  0
| 500|0x000000009f400000, 0x000000009f500000, 0x000000009f500000|100%| O|  |TAMS 0x000000009f400000| PB 0x000000009f400000| Untracked |  0
| 501|0x000000009f500000, 0x000000009f600000, 0x000000009f600000|100%| O|  |TAMS 0x000000009f500000| PB 0x000000009f500000| Untracked |  0
| 502|0x000000009f600000, 0x000000009f700000, 0x000000009f700000|100%| O|Cm|TAMS 0x000000009f600000| PB 0x000000009f600000| Complete |  0
| 503|0x000000009f700000, 0x000000009f700000, 0x000000009f800000|  0%| F|  |TAMS 0x000000009f700000| PB 0x000000009f700000| Untracked |  0
| 504|0x000000009f800000, 0x000000009f800000, 0x000000009f900000|  0%| F|  |TAMS 0x000000009f800000| PB 0x000000009f800000| Untracked |  0
| 505|0x000000009f900000, 0x000000009fa00000, 0x000000009fa00000|100%| O|  |TAMS 0x000000009f900000| PB 0x000000009f900000| Untracked |  0
| 506|0x000000009fa00000, 0x000000009fb00000, 0x000000009fb00000|100%| O|  |TAMS 0x000000009fa00000| PB 0x000000009fa00000| Untracked |  0
| 507|0x000000009fb00000, 0x000000009fc00000, 0x000000009fc00000|100%| O|  |TAMS 0x000000009fb00000| PB 0x000000009fb00000| Untracked |  0
| 508|0x000000009fc00000, 0x000000009fd00000, 0x000000009fd00000|100%| O|  |TAMS 0x000000009fc00000| PB 0x000000009fc00000| Untracked |  0
| 509|0x000000009fd00000, 0x000000009fd00000, 0x000000009fe00000|  0%| F|  |TAMS 0x000000009fd00000| PB 0x000000009fd00000| Untracked |  0
| 510|0x000000009fe00000, 0x000000009ff00000, 0x000000009ff00000|100%| O|  |TAMS 0x000000009fe00000| PB 0x000000009fe00000| Untracked |  0
| 511|0x000000009ff00000, 0x00000000a0000000, 0x00000000a0000000|100%| O|  |TAMS 0x000000009ff00000| PB 0x000000009ff00000| Untracked |  0
| 512|0x00000000a0000000, 0x00000000a0100000, 0x00000000a0100000|100%| O|  |TAMS 0x00000000a0000000| PB 0x00000000a0000000| Untracked |  0
| 513|0x00000000a0100000, 0x00000000a0200000, 0x00000000a0200000|100%| O|  |TAMS 0x00000000a0100000| PB 0x00000000a0100000| Untracked |  0
| 514|0x00000000a0200000, 0x00000000a0300000, 0x00000000a0300000|100%| O|  |TAMS 0x00000000a0200000| PB 0x00000000a0200000| Untracked |  0
| 515|0x00000000a0300000, 0x00000000a0400000, 0x00000000a0400000|100%| O|  |TAMS 0x00000000a0300000| PB 0x00000000a0300000| Untracked |  0
| 516|0x00000000a0400000, 0x00000000a0500000, 0x00000000a0500000|100%| O|  |TAMS 0x00000000a0400000| PB 0x00000000a0400000| Untracked |  0
| 517|0x00000000a0500000, 0x00000000a0600000, 0x00000000a0600000|100%| O|  |TAMS 0x00000000a0500000| PB 0x00000000a0500000| Untracked |  0
| 518|0x00000000a0600000, 0x00000000a0700000, 0x00000000a0700000|100%| O|  |TAMS 0x00000000a0600000| PB 0x00000000a0600000| Untracked |  0
| 519|0x00000000a0700000, 0x00000000a0800000, 0x00000000a0800000|100%| O|  |TAMS 0x00000000a0700000| PB 0x00000000a0700000| Untracked |  0
| 520|0x00000000a0800000, 0x00000000a0900000, 0x00000000a0900000|100%| O|  |TAMS 0x00000000a0800000| PB 0x00000000a0800000| Untracked |  0
| 521|0x00000000a0900000, 0x00000000a0a00000, 0x00000000a0a00000|100%| O|  |TAMS 0x00000000a0900000| PB 0x00000000a0900000| Untracked |  0
| 522|0x00000000a0a00000, 0x00000000a0b00000, 0x00000000a0b00000|100%| O|  |TAMS 0x00000000a0a00000| PB 0x00000000a0a00000| Untracked |  0
| 523|0x00000000a0b00000, 0x00000000a0c00000, 0x00000000a0c00000|100%| O|  |TAMS 0x00000000a0b00000| PB 0x00000000a0b00000| Untracked |  0
| 524|0x00000000a0c00000, 0x00000000a0d00000, 0x00000000a0d00000|100%| O|  |TAMS 0x00000000a0c00000| PB 0x00000000a0c00000| Untracked |  0
| 525|0x00000000a0d00000, 0x00000000a0d00000, 0x00000000a0e00000|  0%| F|  |TAMS 0x00000000a0d00000| PB 0x00000000a0d00000| Untracked |  0
| 526|0x00000000a0e00000, 0x00000000a0f00000, 0x00000000a0f00000|100%| O|  |TAMS 0x00000000a0e00000| PB 0x00000000a0e00000| Untracked |  0
| 527|0x00000000a0f00000, 0x00000000a1000000, 0x00000000a1000000|100%| O|  |TAMS 0x00000000a0f00000| PB 0x00000000a0f00000| Untracked |  0
| 528|0x00000000a1000000, 0x00000000a1100000, 0x00000000a1100000|100%| O|  |TAMS 0x00000000a1000000| PB 0x00000000a1000000| Untracked |  0
| 529|0x00000000a1100000, 0x00000000a1200000, 0x00000000a1200000|100%| O|  |TAMS 0x00000000a1100000| PB 0x00000000a1100000| Untracked |  0
| 530|0x00000000a1200000, 0x00000000a1300000, 0x00000000a1300000|100%| O|  |TAMS 0x00000000a1200000| PB 0x00000000a1200000| Untracked |  0
| 531|0x00000000a1300000, 0x00000000a1400000, 0x00000000a1400000|100%| O|  |TAMS 0x00000000a1300000| PB 0x00000000a1300000| Untracked |  0
| 532|0x00000000a1400000, 0x00000000a1500000, 0x00000000a1500000|100%| O|  |TAMS 0x00000000a1400000| PB 0x00000000a1400000| Untracked |  0
| 533|0x00000000a1500000, 0x00000000a1600000, 0x00000000a1600000|100%| O|  |TAMS 0x00000000a1500000| PB 0x00000000a1500000| Untracked |  0
| 534|0x00000000a1600000, 0x00000000a1700000, 0x00000000a1700000|100%| O|  |TAMS 0x00000000a1600000| PB 0x00000000a1600000| Untracked |  0
| 535|0x00000000a1700000, 0x00000000a1800000, 0x00000000a1800000|100%| O|  |TAMS 0x00000000a1700000| PB 0x00000000a1700000| Untracked |  0
| 536|0x00000000a1800000, 0x00000000a1900000, 0x00000000a1900000|100%| O|  |TAMS 0x00000000a1800000| PB 0x00000000a1800000| Untracked |  0
| 537|0x00000000a1900000, 0x00000000a1a00000, 0x00000000a1a00000|100%| O|  |TAMS 0x00000000a1900000| PB 0x00000000a1900000| Untracked |  0
| 538|0x00000000a1a00000, 0x00000000a1b00000, 0x00000000a1b00000|100%| O|Cm|TAMS 0x00000000a1a00000| PB 0x00000000a1a00000| Complete |  0
| 539|0x00000000a1b00000, 0x00000000a1c00000, 0x00000000a1c00000|100%| O|Cm|TAMS 0x00000000a1b00000| PB 0x00000000a1b00000| Complete |  0
| 540|0x00000000a1c00000, 0x00000000a1d00000, 0x00000000a1d00000|100%| O|  |TAMS 0x00000000a1c00000| PB 0x00000000a1c00000| Untracked |  0
| 541|0x00000000a1d00000, 0x00000000a1d00000, 0x00000000a1e00000|  0%| F|  |TAMS 0x00000000a1d00000| PB 0x00000000a1d00000| Untracked |  0
| 542|0x00000000a1e00000, 0x00000000a1e00000, 0x00000000a1f00000|  0%| F|  |TAMS 0x00000000a1e00000| PB 0x00000000a1e00000| Untracked |  0
| 543|0x00000000a1f00000, 0x00000000a2000000, 0x00000000a2000000|100%| O|Cm|TAMS 0x00000000a1f00000| PB 0x00000000a1f00000| Complete |  0
| 544|0x00000000a2000000, 0x00000000a2100000, 0x00000000a2100000|100%| O|Cm|TAMS 0x00000000a2000000| PB 0x00000000a2000000| Complete |  0
| 545|0x00000000a2100000, 0x00000000a2200000, 0x00000000a2200000|100%| O|  |TAMS 0x00000000a2100000| PB 0x00000000a2100000| Untracked |  0
| 546|0x00000000a2200000, 0x00000000a2200000, 0x00000000a2300000|  0%| F|  |TAMS 0x00000000a2200000| PB 0x00000000a2200000| Untracked |  0
| 547|0x00000000a2300000, 0x00000000a2300000, 0x00000000a2400000|  0%| F|  |TAMS 0x00000000a2300000| PB 0x00000000a2300000| Untracked |  0
| 548|0x00000000a2400000, 0x00000000a2500000, 0x00000000a2500000|100%| O|  |TAMS 0x00000000a2400000| PB 0x00000000a2400000| Untracked |  0
| 549|0x00000000a2500000, 0x00000000a2600000, 0x00000000a2600000|100%| O|  |TAMS 0x00000000a2500000| PB 0x00000000a2500000| Untracked |  0
| 550|0x00000000a2600000, 0x00000000a2600000, 0x00000000a2700000|  0%| F|  |TAMS 0x00000000a2600000| PB 0x00000000a2600000| Untracked |  0
| 551|0x00000000a2700000, 0x00000000a2700000, 0x00000000a2800000|  0%| F|  |TAMS 0x00000000a2700000| PB 0x00000000a2700000| Untracked |  0
| 552|0x00000000a2800000, 0x00000000a2800000, 0x00000000a2900000|  0%| F|  |TAMS 0x00000000a2800000| PB 0x00000000a2800000| Untracked |  0
| 553|0x00000000a2900000, 0x00000000a2900000, 0x00000000a2a00000|  0%| F|  |TAMS 0x00000000a2900000| PB 0x00000000a2900000| Untracked |  0
| 554|0x00000000a2a00000, 0x00000000a2a00000, 0x00000000a2b00000|  0%| F|  |TAMS 0x00000000a2a00000| PB 0x00000000a2a00000| Untracked |  0
| 555|0x00000000a2b00000, 0x00000000a2c00000, 0x00000000a2c00000|100%| O|  |TAMS 0x00000000a2b00000| PB 0x00000000a2b00000| Untracked |  0
| 556|0x00000000a2c00000, 0x00000000a2c00000, 0x00000000a2d00000|  0%| F|  |TAMS 0x00000000a2c00000| PB 0x00000000a2c00000| Untracked |  0
| 557|0x00000000a2d00000, 0x00000000a2d00000, 0x00000000a2e00000|  0%| F|  |TAMS 0x00000000a2d00000| PB 0x00000000a2d00000| Untracked |  0
| 558|0x00000000a2e00000, 0x00000000a2e00000, 0x00000000a2f00000|  0%| F|  |TAMS 0x00000000a2e00000| PB 0x00000000a2e00000| Untracked |  0
| 559|0x00000000a2f00000, 0x00000000a3000000, 0x00000000a3000000|100%| O|  |TAMS 0x00000000a2f00000| PB 0x00000000a2f00000| Untracked |  0
| 560|0x00000000a3000000, 0x00000000a3000000, 0x00000000a3100000|  0%| F|  |TAMS 0x00000000a3000000| PB 0x00000000a3000000| Untracked |  0
| 561|0x00000000a3100000, 0x00000000a3200000, 0x00000000a3200000|100%| O|Cm|TAMS 0x00000000a3100000| PB 0x00000000a3100000| Complete |  0
| 562|0x00000000a3200000, 0x00000000a3200000, 0x00000000a3300000|  0%| F|  |TAMS 0x00000000a3200000| PB 0x00000000a3200000| Untracked |  0
| 563|0x00000000a3300000, 0x00000000a3400000, 0x00000000a3400000|100%| O|  |TAMS 0x00000000a3300000| PB 0x00000000a3300000| Untracked |  0
| 564|0x00000000a3400000, 0x00000000a3400000, 0x00000000a3500000|  0%| F|  |TAMS 0x00000000a3400000| PB 0x00000000a3400000| Untracked |  0
| 565|0x00000000a3500000, 0x00000000a3600000, 0x00000000a3600000|100%| O|  |TAMS 0x00000000a3500000| PB 0x00000000a3500000| Untracked |  0
| 566|0x00000000a3600000, 0x00000000a3700000, 0x00000000a3700000|100%| O|  |TAMS 0x00000000a3600000| PB 0x00000000a3600000| Untracked |  0
| 567|0x00000000a3700000, 0x00000000a3800000, 0x00000000a3800000|100%| O|  |TAMS 0x00000000a3700000| PB 0x00000000a3700000| Untracked |  0
| 568|0x00000000a3800000, 0x00000000a3800000, 0x00000000a3900000|  0%| F|  |TAMS 0x00000000a3800000| PB 0x00000000a3800000| Untracked |  0
| 569|0x00000000a3900000, 0x00000000a3900000, 0x00000000a3a00000|  0%| F|  |TAMS 0x00000000a3900000| PB 0x00000000a3900000| Untracked |  0
| 570|0x00000000a3a00000, 0x00000000a3a00000, 0x00000000a3b00000|  0%| F|  |TAMS 0x00000000a3a00000| PB 0x00000000a3a00000| Untracked |  0
| 571|0x00000000a3b00000, 0x00000000a3c00000, 0x00000000a3c00000|100%| O|  |TAMS 0x00000000a3b00000| PB 0x00000000a3b00000| Untracked |  0
| 572|0x00000000a3c00000, 0x00000000a3c00000, 0x00000000a3d00000|  0%| F|  |TAMS 0x00000000a3c00000| PB 0x00000000a3c00000| Untracked |  0
| 573|0x00000000a3d00000, 0x00000000a3d00000, 0x00000000a3e00000|  0%| F|  |TAMS 0x00000000a3d00000| PB 0x00000000a3d00000| Untracked |  0
| 574|0x00000000a3e00000, 0x00000000a3e00000, 0x00000000a3f00000|  0%| F|  |TAMS 0x00000000a3e00000| PB 0x00000000a3e00000| Untracked |  0
| 575|0x00000000a3f00000, 0x00000000a3f00000, 0x00000000a4000000|  0%| F|  |TAMS 0x00000000a3f00000| PB 0x00000000a3f00000| Untracked |  0
| 576|0x00000000a4000000, 0x00000000a4100000, 0x00000000a4100000|100%| O|  |TAMS 0x00000000a4000000| PB 0x00000000a4000000| Untracked |  0
| 577|0x00000000a4100000, 0x00000000a4200000, 0x00000000a4200000|100%| O|  |TAMS 0x00000000a4100000| PB 0x00000000a4100000| Untracked |  0
| 578|0x00000000a4200000, 0x00000000a4300000, 0x00000000a4300000|100%| O|  |TAMS 0x00000000a4200000| PB 0x00000000a4200000| Untracked |  0
| 579|0x00000000a4300000, 0x00000000a4400000, 0x00000000a4400000|100%| O|  |TAMS 0x00000000a4300000| PB 0x00000000a4300000| Untracked |  0
| 580|0x00000000a4400000, 0x00000000a4500000, 0x00000000a4500000|100%| O|  |TAMS 0x00000000a4400000| PB 0x00000000a4400000| Untracked |  0
| 581|0x00000000a4500000, 0x00000000a4600000, 0x00000000a4600000|100%| O|  |TAMS 0x00000000a4500000| PB 0x00000000a4500000| Untracked |  0
| 582|0x00000000a4600000, 0x00000000a4600000, 0x00000000a4700000|  0%| F|  |TAMS 0x00000000a4600000| PB 0x00000000a4600000| Untracked |  0
| 583|0x00000000a4700000, 0x00000000a4800000, 0x00000000a4800000|100%| O|Cm|TAMS 0x00000000a4700000| PB 0x00000000a4700000| Complete |  0
| 584|0x00000000a4800000, 0x00000000a4900000, 0x00000000a4900000|100%| O|  |TAMS 0x00000000a4800000| PB 0x00000000a4800000| Untracked |  0
| 585|0x00000000a4900000, 0x00000000a4900000, 0x00000000a4a00000|  0%| F|  |TAMS 0x00000000a4900000| PB 0x00000000a4900000| Untracked |  0
| 586|0x00000000a4a00000, 0x00000000a4a00000, 0x00000000a4b00000|  0%| F|  |TAMS 0x00000000a4a00000| PB 0x00000000a4a00000| Untracked |  0
| 587|0x00000000a4b00000, 0x00000000a4b00000, 0x00000000a4c00000|  0%| F|  |TAMS 0x00000000a4b00000| PB 0x00000000a4b00000| Untracked |  0
| 588|0x00000000a4c00000, 0x00000000a4d00000, 0x00000000a4d00000|100%| O|Cm|TAMS 0x00000000a4c00000| PB 0x00000000a4c00000| Complete |  0
| 589|0x00000000a4d00000, 0x00000000a4d00000, 0x00000000a4e00000|  0%| F|  |TAMS 0x00000000a4d00000| PB 0x00000000a4d00000| Untracked |  0
| 590|0x00000000a4e00000, 0x00000000a4e00000, 0x00000000a4f00000|  0%| F|  |TAMS 0x00000000a4e00000| PB 0x00000000a4e00000| Untracked |  0
| 591|0x00000000a4f00000, 0x00000000a4f00000, 0x00000000a5000000|  0%| F|  |TAMS 0x00000000a4f00000| PB 0x00000000a4f00000| Untracked |  0
| 592|0x00000000a5000000, 0x00000000a5000000, 0x00000000a5100000|  0%| F|  |TAMS 0x00000000a5000000| PB 0x00000000a5000000| Untracked |  0
| 593|0x00000000a5100000, 0x00000000a5100000, 0x00000000a5200000|  0%| F|  |TAMS 0x00000000a5100000| PB 0x00000000a5100000| Untracked |  0
| 594|0x00000000a5200000, 0x00000000a5200000, 0x00000000a5300000|  0%| F|  |TAMS 0x00000000a5200000| PB 0x00000000a5200000| Untracked |  0
| 595|0x00000000a5300000, 0x00000000a5300000, 0x00000000a5400000|  0%| F|  |TAMS 0x00000000a5300000| PB 0x00000000a5300000| Untracked |  0
| 596|0x00000000a5400000, 0x00000000a5400000, 0x00000000a5500000|  0%| F|  |TAMS 0x00000000a5400000| PB 0x00000000a5400000| Untracked |  0
| 597|0x00000000a5500000, 0x00000000a5500000, 0x00000000a5600000|  0%| F|  |TAMS 0x00000000a5500000| PB 0x00000000a5500000| Untracked |  0
| 598|0x00000000a5600000, 0x00000000a5600000, 0x00000000a5700000|  0%| F|  |TAMS 0x00000000a5600000| PB 0x00000000a5600000| Untracked |  0
| 599|0x00000000a5700000, 0x00000000a5700000, 0x00000000a5800000|  0%| F|  |TAMS 0x00000000a5700000| PB 0x00000000a5700000| Untracked |  0
| 600|0x00000000a5800000, 0x00000000a5800000, 0x00000000a5900000|  0%| F|  |TAMS 0x00000000a5800000| PB 0x00000000a5800000| Untracked |  0
| 601|0x00000000a5900000, 0x00000000a5900000, 0x00000000a5a00000|  0%| F|  |TAMS 0x00000000a5900000| PB 0x00000000a5900000| Untracked |  0
| 602|0x00000000a5a00000, 0x00000000a5a00000, 0x00000000a5b00000|  0%| F|  |TAMS 0x00000000a5a00000| PB 0x00000000a5a00000| Untracked |  0
| 603|0x00000000a5b00000, 0x00000000a5c00000, 0x00000000a5c00000|100%| O|Cm|TAMS 0x00000000a5b00000| PB 0x00000000a5b00000| Complete |  0
| 604|0x00000000a5c00000, 0x00000000a5c00000, 0x00000000a5d00000|  0%| F|  |TAMS 0x00000000a5c00000| PB 0x00000000a5c00000| Untracked |  0
| 605|0x00000000a5d00000, 0x00000000a5e00000, 0x00000000a5e00000|100%| O|Cm|TAMS 0x00000000a5d00000| PB 0x00000000a5d00000| Complete |  0
| 606|0x00000000a5e00000, 0x00000000a5f00000, 0x00000000a5f00000|100%| O|Cm|TAMS 0x00000000a5e00000| PB 0x00000000a5e00000| Complete |  0
| 607|0x00000000a5f00000, 0x00000000a6000000, 0x00000000a6000000|100%| O|  |TAMS 0x00000000a5f00000| PB 0x00000000a5f00000| Untracked |  0
| 608|0x00000000a6000000, 0x00000000a6000000, 0x00000000a6100000|  0%| F|  |TAMS 0x00000000a6000000| PB 0x00000000a6000000| Untracked |  0
| 609|0x00000000a6100000, 0x00000000a6200000, 0x00000000a6200000|100%| O|  |TAMS 0x00000000a6100000| PB 0x00000000a6100000| Untracked |  0
| 610|0x00000000a6200000, 0x00000000a6300000, 0x00000000a6300000|100%| O|  |TAMS 0x00000000a6200000| PB 0x00000000a6200000| Untracked |  0
| 611|0x00000000a6300000, 0x00000000a6300000, 0x00000000a6400000|  0%| F|  |TAMS 0x00000000a6300000| PB 0x00000000a6300000| Untracked |  0
| 612|0x00000000a6400000, 0x00000000a6500000, 0x00000000a6500000|100%| O|  |TAMS 0x00000000a6400000| PB 0x00000000a6400000| Untracked |  0
| 613|0x00000000a6500000, 0x00000000a6600000, 0x00000000a6600000|100%| O|  |TAMS 0x00000000a6500000| PB 0x00000000a6500000| Untracked |  0
| 614|0x00000000a6600000, 0x00000000a6700000, 0x00000000a6700000|100%| O|  |TAMS 0x00000000a6600000| PB 0x00000000a6600000| Untracked |  0
| 615|0x00000000a6700000, 0x00000000a6800000, 0x00000000a6800000|100%| O|  |TAMS 0x00000000a6700000| PB 0x00000000a6700000| Untracked |  0
| 616|0x00000000a6800000, 0x00000000a6900000, 0x00000000a6900000|100%| O|  |TAMS 0x00000000a6800000| PB 0x00000000a6800000| Untracked |  0
| 617|0x00000000a6900000, 0x00000000a6a00000, 0x00000000a6a00000|100%| O|  |TAMS 0x00000000a6900000| PB 0x00000000a6900000| Untracked |  0
| 618|0x00000000a6a00000, 0x00000000a6b00000, 0x00000000a6b00000|100%| O|Cm|TAMS 0x00000000a6a00000| PB 0x00000000a6a00000| Complete |  0
| 619|0x00000000a6b00000, 0x00000000a6b00000, 0x00000000a6c00000|  0%| F|  |TAMS 0x00000000a6b00000| PB 0x00000000a6b00000| Untracked |  0
| 620|0x00000000a6c00000, 0x00000000a6c00000, 0x00000000a6d00000|  0%| F|  |TAMS 0x00000000a6c00000| PB 0x00000000a6c00000| Untracked |  0
| 621|0x00000000a6d00000, 0x00000000a6e00000, 0x00000000a6e00000|100%| O|  |TAMS 0x00000000a6d00000| PB 0x00000000a6d00000| Untracked |  0
| 622|0x00000000a6e00000, 0x00000000a6f00000, 0x00000000a6f00000|100%| O|  |TAMS 0x00000000a6e00000| PB 0x00000000a6e00000| Untracked |  0
| 623|0x00000000a6f00000, 0x00000000a7000000, 0x00000000a7000000|100%| O|  |TAMS 0x00000000a6f00000| PB 0x00000000a6f00000| Untracked |  0
| 624|0x00000000a7000000, 0x00000000a7100000, 0x00000000a7100000|100%| O|Cm|TAMS 0x00000000a7000000| PB 0x00000000a7000000| Complete |  0
| 625|0x00000000a7100000, 0x00000000a7200000, 0x00000000a7200000|100%| O|  |TAMS 0x00000000a7100000| PB 0x00000000a7100000| Untracked |  0
| 626|0x00000000a7200000, 0x00000000a7300000, 0x00000000a7300000|100%| O|  |TAMS 0x00000000a7200000| PB 0x00000000a7200000| Untracked |  0
| 627|0x00000000a7300000, 0x00000000a7400000, 0x00000000a7400000|100%| O|Cm|TAMS 0x00000000a7300000| PB 0x00000000a7300000| Complete |  0
| 628|0x00000000a7400000, 0x00000000a7500000, 0x00000000a7500000|100%| O|  |TAMS 0x00000000a7400000| PB 0x00000000a7400000| Untracked |  0
| 629|0x00000000a7500000, 0x00000000a7600000, 0x00000000a7600000|100%| O|  |TAMS 0x00000000a7500000| PB 0x00000000a7500000| Untracked |  0
| 630|0x00000000a7600000, 0x00000000a7600000, 0x00000000a7700000|  0%| F|  |TAMS 0x00000000a7600000| PB 0x00000000a7600000| Untracked |  0
| 631|0x00000000a7700000, 0x00000000a7800000, 0x00000000a7800000|100%| O|  |TAMS 0x00000000a7700000| PB 0x00000000a7700000| Untracked |  0
| 632|0x00000000a7800000, 0x00000000a7900000, 0x00000000a7900000|100%| O|  |TAMS 0x00000000a7800000| PB 0x00000000a7800000| Untracked |  0
| 633|0x00000000a7900000, 0x00000000a7a00000, 0x00000000a7a00000|100%| O|Cm|TAMS 0x00000000a7900000| PB 0x00000000a7900000| Complete |  0
| 634|0x00000000a7a00000, 0x00000000a7a00000, 0x00000000a7b00000|  0%| F|  |TAMS 0x00000000a7a00000| PB 0x00000000a7a00000| Untracked |  0
| 635|0x00000000a7b00000, 0x00000000a7b00000, 0x00000000a7c00000|  0%| F|  |TAMS 0x00000000a7b00000| PB 0x00000000a7b00000| Untracked |  0
| 636|0x00000000a7c00000, 0x00000000a7c00000, 0x00000000a7d00000|  0%| F|  |TAMS 0x00000000a7c00000| PB 0x00000000a7c00000| Untracked |  0
| 637|0x00000000a7d00000, 0x00000000a7d00000, 0x00000000a7e00000|  0%| F|  |TAMS 0x00000000a7d00000| PB 0x00000000a7d00000| Untracked |  0
| 638|0x00000000a7e00000, 0x00000000a7e00000, 0x00000000a7f00000|  0%| F|  |TAMS 0x00000000a7e00000| PB 0x00000000a7e00000| Untracked |  0
| 639|0x00000000a7f00000, 0x00000000a7f00000, 0x00000000a8000000|  0%| F|  |TAMS 0x00000000a7f00000| PB 0x00000000a7f00000| Untracked |  0
| 640|0x00000000a8000000, 0x00000000a8000000, 0x00000000a8100000|  0%| F|  |TAMS 0x00000000a8000000| PB 0x00000000a8000000| Untracked |  0
| 641|0x00000000a8100000, 0x00000000a8100000, 0x00000000a8200000|  0%| F|  |TAMS 0x00000000a8100000| PB 0x00000000a8100000| Untracked |  0
| 642|0x00000000a8200000, 0x00000000a8200000, 0x00000000a8300000|  0%| F|  |TAMS 0x00000000a8200000| PB 0x00000000a8200000| Untracked |  0
| 643|0x00000000a8300000, 0x00000000a8300000, 0x00000000a8400000|  0%| F|  |TAMS 0x00000000a8300000| PB 0x00000000a8300000| Untracked |  0
| 644|0x00000000a8400000, 0x00000000a8400000, 0x00000000a8500000|  0%| F|  |TAMS 0x00000000a8400000| PB 0x00000000a8400000| Untracked |  0
| 645|0x00000000a8500000, 0x00000000a8500000, 0x00000000a8600000|  0%| F|  |TAMS 0x00000000a8500000| PB 0x00000000a8500000| Untracked |  0
| 646|0x00000000a8600000, 0x00000000a8600000, 0x00000000a8700000|  0%| F|  |TAMS 0x00000000a8600000| PB 0x00000000a8600000| Untracked |  0
| 647|0x00000000a8700000, 0x00000000a8700000, 0x00000000a8800000|  0%| F|  |TAMS 0x00000000a8700000| PB 0x00000000a8700000| Untracked |  0
| 648|0x00000000a8800000, 0x00000000a8800000, 0x00000000a8900000|  0%| F|  |TAMS 0x00000000a8800000| PB 0x00000000a8800000| Untracked |  0
| 649|0x00000000a8900000, 0x00000000a8900000, 0x00000000a8a00000|  0%| F|  |TAMS 0x00000000a8900000| PB 0x00000000a8900000| Untracked |  0
| 650|0x00000000a8a00000, 0x00000000a8a00000, 0x00000000a8b00000|  0%| F|  |TAMS 0x00000000a8a00000| PB 0x00000000a8a00000| Untracked |  0
| 651|0x00000000a8b00000, 0x00000000a8b00000, 0x00000000a8c00000|  0%| F|  |TAMS 0x00000000a8b00000| PB 0x00000000a8b00000| Untracked |  0
| 652|0x00000000a8c00000, 0x00000000a8c00000, 0x00000000a8d00000|  0%| F|  |TAMS 0x00000000a8c00000| PB 0x00000000a8c00000| Untracked |  0
| 653|0x00000000a8d00000, 0x00000000a8d00000, 0x00000000a8e00000|  0%| F|  |TAMS 0x00000000a8d00000| PB 0x00000000a8d00000| Untracked |  0
| 654|0x00000000a8e00000, 0x00000000a8e00000, 0x00000000a8f00000|  0%| F|  |TAMS 0x00000000a8e00000| PB 0x00000000a8e00000| Untracked |  0
| 655|0x00000000a8f00000, 0x00000000a8f00000, 0x00000000a9000000|  0%| F|  |TAMS 0x00000000a8f00000| PB 0x00000000a8f00000| Untracked |  0
| 656|0x00000000a9000000, 0x00000000a9000000, 0x00000000a9100000|  0%| F|  |TAMS 0x00000000a9000000| PB 0x00000000a9000000| Untracked |  0
| 657|0x00000000a9100000, 0x00000000a9100000, 0x00000000a9200000|  0%| F|  |TAMS 0x00000000a9100000| PB 0x00000000a9100000| Untracked |  0
| 658|0x00000000a9200000, 0x00000000a9200000, 0x00000000a9300000|  0%| F|  |TAMS 0x00000000a9200000| PB 0x00000000a9200000| Untracked |  0
| 659|0x00000000a9300000, 0x00000000a9300000, 0x00000000a9400000|  0%| F|  |TAMS 0x00000000a9300000| PB 0x00000000a9300000| Untracked |  0
| 660|0x00000000a9400000, 0x00000000a9400000, 0x00000000a9500000|  0%| F|  |TAMS 0x00000000a9400000| PB 0x00000000a9400000| Untracked |  0
| 661|0x00000000a9500000, 0x00000000a9500000, 0x00000000a9600000|  0%| F|  |TAMS 0x00000000a9500000| PB 0x00000000a9500000| Untracked |  0
| 662|0x00000000a9600000, 0x00000000a9600000, 0x00000000a9700000|  0%| F|  |TAMS 0x00000000a9600000| PB 0x00000000a9600000| Untracked |  0
| 663|0x00000000a9700000, 0x00000000a9700000, 0x00000000a9800000|  0%| F|  |TAMS 0x00000000a9700000| PB 0x00000000a9700000| Untracked |  0
| 664|0x00000000a9800000, 0x00000000a9800000, 0x00000000a9900000|  0%| F|  |TAMS 0x00000000a9800000| PB 0x00000000a9800000| Untracked |  0
| 665|0x00000000a9900000, 0x00000000a9900000, 0x00000000a9a00000|  0%| F|  |TAMS 0x00000000a9900000| PB 0x00000000a9900000| Untracked |  0
| 666|0x00000000a9a00000, 0x00000000a9a00000, 0x00000000a9b00000|  0%| F|  |TAMS 0x00000000a9a00000| PB 0x00000000a9a00000| Untracked |  0
| 667|0x00000000a9b00000, 0x00000000a9b00000, 0x00000000a9c00000|  0%| F|  |TAMS 0x00000000a9b00000| PB 0x00000000a9b00000| Untracked |  0
| 668|0x00000000a9c00000, 0x00000000a9c00000, 0x00000000a9d00000|  0%| F|  |TAMS 0x00000000a9c00000| PB 0x00000000a9c00000| Untracked |  0
| 669|0x00000000a9d00000, 0x00000000a9d00000, 0x00000000a9e00000|  0%| F|  |TAMS 0x00000000a9d00000| PB 0x00000000a9d00000| Untracked |  0
| 670|0x00000000a9e00000, 0x00000000a9e00000, 0x00000000a9f00000|  0%| F|  |TAMS 0x00000000a9e00000| PB 0x00000000a9e00000| Untracked |  0
| 671|0x00000000a9f00000, 0x00000000a9f00000, 0x00000000aa000000|  0%| F|  |TAMS 0x00000000a9f00000| PB 0x00000000a9f00000| Untracked |  0
| 672|0x00000000aa000000, 0x00000000aa000000, 0x00000000aa100000|  0%| F|  |TAMS 0x00000000aa000000| PB 0x00000000aa000000| Untracked |  0
| 673|0x00000000aa100000, 0x00000000aa100000, 0x00000000aa200000|  0%| F|  |TAMS 0x00000000aa100000| PB 0x00000000aa100000| Untracked |  0
| 674|0x00000000aa200000, 0x00000000aa200000, 0x00000000aa300000|  0%| F|  |TAMS 0x00000000aa200000| PB 0x00000000aa200000| Untracked |  0
| 675|0x00000000aa300000, 0x00000000aa300000, 0x00000000aa400000|  0%| F|  |TAMS 0x00000000aa300000| PB 0x00000000aa300000| Untracked |  0
| 676|0x00000000aa400000, 0x00000000aa400000, 0x00000000aa500000|  0%| F|  |TAMS 0x00000000aa400000| PB 0x00000000aa400000| Untracked |  0
| 677|0x00000000aa500000, 0x00000000aa500000, 0x00000000aa600000|  0%| F|  |TAMS 0x00000000aa500000| PB 0x00000000aa500000| Untracked |  0
| 678|0x00000000aa600000, 0x00000000aa600000, 0x00000000aa700000|  0%| F|  |TAMS 0x00000000aa600000| PB 0x00000000aa600000| Untracked |  0
| 679|0x00000000aa700000, 0x00000000aa700000, 0x00000000aa800000|  0%| F|  |TAMS 0x00000000aa700000| PB 0x00000000aa700000| Untracked |  0
| 680|0x00000000aa800000, 0x00000000aa800000, 0x00000000aa900000|  0%| F|  |TAMS 0x00000000aa800000| PB 0x00000000aa800000| Untracked |  0
| 681|0x00000000aa900000, 0x00000000aa900000, 0x00000000aaa00000|  0%| F|  |TAMS 0x00000000aa900000| PB 0x00000000aa900000| Untracked |  0
| 682|0x00000000aaa00000, 0x00000000aaa00000, 0x00000000aab00000|  0%| F|  |TAMS 0x00000000aaa00000| PB 0x00000000aaa00000| Untracked |  0
| 683|0x00000000aab00000, 0x00000000aab00000, 0x00000000aac00000|  0%| F|  |TAMS 0x00000000aab00000| PB 0x00000000aab00000| Untracked |  0
| 684|0x00000000aac00000, 0x00000000aac00000, 0x00000000aad00000|  0%| F|  |TAMS 0x00000000aac00000| PB 0x00000000aac00000| Untracked |  0
| 685|0x00000000aad00000, 0x00000000aad00000, 0x00000000aae00000|  0%| F|  |TAMS 0x00000000aad00000| PB 0x00000000aad00000| Untracked |  0
| 686|0x00000000aae00000, 0x00000000aae00000, 0x00000000aaf00000|  0%| F|  |TAMS 0x00000000aae00000| PB 0x00000000aae00000| Untracked |  0
| 687|0x00000000aaf00000, 0x00000000aaf00000, 0x00000000ab000000|  0%| F|  |TAMS 0x00000000aaf00000| PB 0x00000000aaf00000| Untracked |  0
| 688|0x00000000ab000000, 0x00000000ab000000, 0x00000000ab100000|  0%| F|  |TAMS 0x00000000ab000000| PB 0x00000000ab000000| Untracked |  0
| 689|0x00000000ab100000, 0x00000000ab100000, 0x00000000ab200000|  0%| F|  |TAMS 0x00000000ab100000| PB 0x00000000ab100000| Untracked |  0
| 690|0x00000000ab200000, 0x00000000ab200000, 0x00000000ab300000|  0%| F|  |TAMS 0x00000000ab200000| PB 0x00000000ab200000| Untracked |  0
| 691|0x00000000ab300000, 0x00000000ab300000, 0x00000000ab400000|  0%| F|  |TAMS 0x00000000ab300000| PB 0x00000000ab300000| Untracked |  0
| 692|0x00000000ab400000, 0x00000000ab400000, 0x00000000ab500000|  0%| F|  |TAMS 0x00000000ab400000| PB 0x00000000ab400000| Untracked |  0
| 693|0x00000000ab500000, 0x00000000ab500000, 0x00000000ab600000|  0%| F|  |TAMS 0x00000000ab500000| PB 0x00000000ab500000| Untracked |  0
| 694|0x00000000ab600000, 0x00000000ab600000, 0x00000000ab700000|  0%| F|  |TAMS 0x00000000ab600000| PB 0x00000000ab600000| Untracked |  0
| 695|0x00000000ab700000, 0x00000000ab700000, 0x00000000ab800000|  0%| F|  |TAMS 0x00000000ab700000| PB 0x00000000ab700000| Untracked |  0
| 696|0x00000000ab800000, 0x00000000ab800000, 0x00000000ab900000|  0%| F|  |TAMS 0x00000000ab800000| PB 0x00000000ab800000| Untracked |  0
| 697|0x00000000ab900000, 0x00000000ab900000, 0x00000000aba00000|  0%| F|  |TAMS 0x00000000ab900000| PB 0x00000000ab900000| Untracked |  0
| 698|0x00000000aba00000, 0x00000000aba00000, 0x00000000abb00000|  0%| F|  |TAMS 0x00000000aba00000| PB 0x00000000aba00000| Untracked |  0
| 699|0x00000000abb00000, 0x00000000abb00000, 0x00000000abc00000|  0%| F|  |TAMS 0x00000000abb00000| PB 0x00000000abb00000| Untracked |  0
| 700|0x00000000abc00000, 0x00000000abc00000, 0x00000000abd00000|  0%| F|  |TAMS 0x00000000abc00000| PB 0x00000000abc00000| Untracked |  0
| 701|0x00000000abd00000, 0x00000000abd00000, 0x00000000abe00000|  0%| F|  |TAMS 0x00000000abd00000| PB 0x00000000abd00000| Untracked |  0
| 702|0x00000000abe00000, 0x00000000abe00000, 0x00000000abf00000|  0%| F|  |TAMS 0x00000000abe00000| PB 0x00000000abe00000| Untracked |  0
| 703|0x00000000abf00000, 0x00000000abf00000, 0x00000000ac000000|  0%| F|  |TAMS 0x00000000abf00000| PB 0x00000000abf00000| Untracked |  0
| 704|0x00000000ac000000, 0x00000000ac000000, 0x00000000ac100000|  0%| F|  |TAMS 0x00000000ac000000| PB 0x00000000ac000000| Untracked |  0
| 705|0x00000000ac100000, 0x00000000ac100000, 0x00000000ac200000|  0%| F|  |TAMS 0x00000000ac100000| PB 0x00000000ac100000| Untracked |  0
| 706|0x00000000ac200000, 0x00000000ac200000, 0x00000000ac300000|  0%| F|  |TAMS 0x00000000ac200000| PB 0x00000000ac200000| Untracked |  0
| 707|0x00000000ac300000, 0x00000000ac300000, 0x00000000ac400000|  0%| F|  |TAMS 0x00000000ac300000| PB 0x00000000ac300000| Untracked |  0
| 708|0x00000000ac400000, 0x00000000ac400000, 0x00000000ac500000|  0%| F|  |TAMS 0x00000000ac400000| PB 0x00000000ac400000| Untracked |  0
| 709|0x00000000ac500000, 0x00000000ac500000, 0x00000000ac600000|  0%| F|  |TAMS 0x00000000ac500000| PB 0x00000000ac500000| Untracked |  0
| 710|0x00000000ac600000, 0x00000000ac600000, 0x00000000ac700000|  0%| F|  |TAMS 0x00000000ac600000| PB 0x00000000ac600000| Untracked |  0
| 711|0x00000000ac700000, 0x00000000ac700000, 0x00000000ac800000|  0%| F|  |TAMS 0x00000000ac700000| PB 0x00000000ac700000| Untracked |  0
| 712|0x00000000ac800000, 0x00000000ac800000, 0x00000000ac900000|  0%| F|  |TAMS 0x00000000ac800000| PB 0x00000000ac800000| Untracked |  0
| 713|0x00000000ac900000, 0x00000000ac900000, 0x00000000aca00000|  0%| F|  |TAMS 0x00000000ac900000| PB 0x00000000ac900000| Untracked |  0
| 714|0x00000000aca00000, 0x00000000aca00000, 0x00000000acb00000|  0%| F|  |TAMS 0x00000000aca00000| PB 0x00000000aca00000| Untracked |  0
| 715|0x00000000acb00000, 0x00000000acb00000, 0x00000000acc00000|  0%| F|  |TAMS 0x00000000acb00000| PB 0x00000000acb00000| Untracked |  0
| 716|0x00000000acc00000, 0x00000000acc00000, 0x00000000acd00000|  0%| F|  |TAMS 0x00000000acc00000| PB 0x00000000acc00000| Untracked |  0
| 717|0x00000000acd00000, 0x00000000acd00000, 0x00000000ace00000|  0%| F|  |TAMS 0x00000000acd00000| PB 0x00000000acd00000| Untracked |  0
| 718|0x00000000ace00000, 0x00000000ace00000, 0x00000000acf00000|  0%| F|  |TAMS 0x00000000ace00000| PB 0x00000000ace00000| Untracked |  0
| 719|0x00000000acf00000, 0x00000000acf00000, 0x00000000ad000000|  0%| F|  |TAMS 0x00000000acf00000| PB 0x00000000acf00000| Untracked |  0
| 720|0x00000000ad000000, 0x00000000ad000000, 0x00000000ad100000|  0%| F|  |TAMS 0x00000000ad000000| PB 0x00000000ad000000| Untracked |  0
| 721|0x00000000ad100000, 0x00000000ad100000, 0x00000000ad200000|  0%| F|  |TAMS 0x00000000ad100000| PB 0x00000000ad100000| Untracked |  0
| 722|0x00000000ad200000, 0x00000000ad200000, 0x00000000ad300000|  0%| F|  |TAMS 0x00000000ad200000| PB 0x00000000ad200000| Untracked |  0
| 723|0x00000000ad300000, 0x00000000ad300000, 0x00000000ad400000|  0%| F|  |TAMS 0x00000000ad300000| PB 0x00000000ad300000| Untracked |  0
| 724|0x00000000ad400000, 0x00000000ad400000, 0x00000000ad500000|  0%| F|  |TAMS 0x00000000ad400000| PB 0x00000000ad400000| Untracked |  0
| 725|0x00000000ad500000, 0x00000000ad500000, 0x00000000ad600000|  0%| F|  |TAMS 0x00000000ad500000| PB 0x00000000ad500000| Untracked |  0
| 726|0x00000000ad600000, 0x00000000ad600000, 0x00000000ad700000|  0%| F|  |TAMS 0x00000000ad600000| PB 0x00000000ad600000| Untracked |  0
| 727|0x00000000ad700000, 0x00000000ad700000, 0x00000000ad800000|  0%| F|  |TAMS 0x00000000ad700000| PB 0x00000000ad700000| Untracked |  0
| 728|0x00000000ad800000, 0x00000000ad800000, 0x00000000ad900000|  0%| F|  |TAMS 0x00000000ad800000| PB 0x00000000ad800000| Untracked |  0
| 729|0x00000000ad900000, 0x00000000ad900000, 0x00000000ada00000|  0%| F|  |TAMS 0x00000000ad900000| PB 0x00000000ad900000| Untracked |  0
| 730|0x00000000ada00000, 0x00000000ada00000, 0x00000000adb00000|  0%| F|  |TAMS 0x00000000ada00000| PB 0x00000000ada00000| Untracked |  0
| 731|0x00000000adb00000, 0x00000000adb00000, 0x00000000adc00000|  0%| F|  |TAMS 0x00000000adb00000| PB 0x00000000adb00000| Untracked |  0
| 732|0x00000000adc00000, 0x00000000adc00000, 0x00000000add00000|  0%| F|  |TAMS 0x00000000adc00000| PB 0x00000000adc00000| Untracked |  0
| 733|0x00000000add00000, 0x00000000add00000, 0x00000000ade00000|  0%| F|  |TAMS 0x00000000add00000| PB 0x00000000add00000| Untracked |  0
| 734|0x00000000ade00000, 0x00000000ade00000, 0x00000000adf00000|  0%| F|  |TAMS 0x00000000ade00000| PB 0x00000000ade00000| Untracked |  0
| 735|0x00000000adf00000, 0x00000000adf00000, 0x00000000ae000000|  0%| F|  |TAMS 0x00000000adf00000| PB 0x00000000adf00000| Untracked |  0
| 736|0x00000000ae000000, 0x00000000ae000000, 0x00000000ae100000|  0%| F|  |TAMS 0x00000000ae000000| PB 0x00000000ae000000| Untracked |  0
| 737|0x00000000ae100000, 0x00000000ae100000, 0x00000000ae200000|  0%| F|  |TAMS 0x00000000ae100000| PB 0x00000000ae100000| Untracked |  0
| 738|0x00000000ae200000, 0x00000000ae200000, 0x00000000ae300000|  0%| F|  |TAMS 0x00000000ae200000| PB 0x00000000ae200000| Untracked |  0
| 739|0x00000000ae300000, 0x00000000ae300000, 0x00000000ae400000|  0%| F|  |TAMS 0x00000000ae300000| PB 0x00000000ae300000| Untracked |  0
| 740|0x00000000ae400000, 0x00000000ae400000, 0x00000000ae500000|  0%| F|  |TAMS 0x00000000ae400000| PB 0x00000000ae400000| Untracked |  0
| 741|0x00000000ae500000, 0x00000000ae500000, 0x00000000ae600000|  0%| F|  |TAMS 0x00000000ae500000| PB 0x00000000ae500000| Untracked |  0
| 742|0x00000000ae600000, 0x00000000ae600000, 0x00000000ae700000|  0%| F|  |TAMS 0x00000000ae600000| PB 0x00000000ae600000| Untracked |  0
| 743|0x00000000ae700000, 0x00000000ae700000, 0x00000000ae800000|  0%| F|  |TAMS 0x00000000ae700000| PB 0x00000000ae700000| Untracked |  0
| 744|0x00000000ae800000, 0x00000000ae800000, 0x00000000ae900000|  0%| F|  |TAMS 0x00000000ae800000| PB 0x00000000ae800000| Untracked |  0
| 745|0x00000000ae900000, 0x00000000ae900000, 0x00000000aea00000|  0%| F|  |TAMS 0x00000000ae900000| PB 0x00000000ae900000| Untracked |  0
| 746|0x00000000aea00000, 0x00000000aea00000, 0x00000000aeb00000|  0%| F|  |TAMS 0x00000000aea00000| PB 0x00000000aea00000| Untracked |  0
| 747|0x00000000aeb00000, 0x00000000aeb00000, 0x00000000aec00000|  0%| F|  |TAMS 0x00000000aeb00000| PB 0x00000000aeb00000| Untracked |  0
| 748|0x00000000aec00000, 0x00000000aec00000, 0x00000000aed00000|  0%| F|  |TAMS 0x00000000aec00000| PB 0x00000000aec00000| Untracked |  0
| 749|0x00000000aed00000, 0x00000000aed00000, 0x00000000aee00000|  0%| F|  |TAMS 0x00000000aed00000| PB 0x00000000aed00000| Untracked |  0
| 750|0x00000000aee00000, 0x00000000aee00000, 0x00000000aef00000|  0%| F|  |TAMS 0x00000000aee00000| PB 0x00000000aee00000| Untracked |  0
| 751|0x00000000aef00000, 0x00000000aef00000, 0x00000000af000000|  0%| F|  |TAMS 0x00000000aef00000| PB 0x00000000aef00000| Untracked |  0
| 752|0x00000000af000000, 0x00000000af000000, 0x00000000af100000|  0%| F|  |TAMS 0x00000000af000000| PB 0x00000000af000000| Untracked |  0
| 753|0x00000000af100000, 0x00000000af100000, 0x00000000af200000|  0%| F|  |TAMS 0x00000000af100000| PB 0x00000000af100000| Untracked |  0
| 754|0x00000000af200000, 0x00000000af200000, 0x00000000af300000|  0%| F|  |TAMS 0x00000000af200000| PB 0x00000000af200000| Untracked |  0
| 755|0x00000000af300000, 0x00000000af300000, 0x00000000af400000|  0%| F|  |TAMS 0x00000000af300000| PB 0x00000000af300000| Untracked |  0
| 756|0x00000000af400000, 0x00000000af400000, 0x00000000af500000|  0%| F|  |TAMS 0x00000000af400000| PB 0x00000000af400000| Untracked |  0
| 757|0x00000000af500000, 0x00000000af500000, 0x00000000af600000|  0%| F|  |TAMS 0x00000000af500000| PB 0x00000000af500000| Untracked |  0
| 758|0x00000000af600000, 0x00000000af600000, 0x00000000af700000|  0%| F|  |TAMS 0x00000000af600000| PB 0x00000000af600000| Untracked |  0
| 759|0x00000000af700000, 0x00000000af700000, 0x00000000af800000|  0%| F|  |TAMS 0x00000000af700000| PB 0x00000000af700000| Untracked |  0
| 760|0x00000000af800000, 0x00000000af800000, 0x00000000af900000|  0%| F|  |TAMS 0x00000000af800000| PB 0x00000000af800000| Untracked |  0
| 761|0x00000000af900000, 0x00000000af900000, 0x00000000afa00000|  0%| F|  |TAMS 0x00000000af900000| PB 0x00000000af900000| Untracked |  0
| 762|0x00000000afa00000, 0x00000000afa00000, 0x00000000afb00000|  0%| F|  |TAMS 0x00000000afa00000| PB 0x00000000afa00000| Untracked |  0
| 763|0x00000000afb00000, 0x00000000afb00000, 0x00000000afc00000|  0%| F|  |TAMS 0x00000000afb00000| PB 0x00000000afb00000| Untracked |  0
| 764|0x00000000afc00000, 0x00000000afc00000, 0x00000000afd00000|  0%| F|  |TAMS 0x00000000afc00000| PB 0x00000000afc00000| Untracked |  0
| 765|0x00000000afd00000, 0x00000000afd00000, 0x00000000afe00000|  0%| F|  |TAMS 0x00000000afd00000| PB 0x00000000afd00000| Untracked |  0
| 766|0x00000000afe00000, 0x00000000afe00000, 0x00000000aff00000|  0%| F|  |TAMS 0x00000000afe00000| PB 0x00000000afe00000| Untracked |  0
| 767|0x00000000aff00000, 0x00000000aff00000, 0x00000000b0000000|  0%| F|  |TAMS 0x00000000aff00000| PB 0x00000000aff00000| Untracked |  0
| 768|0x00000000b0000000, 0x00000000b0000000, 0x00000000b0100000|  0%| F|  |TAMS 0x00000000b0000000| PB 0x00000000b0000000| Untracked |  0
| 769|0x00000000b0100000, 0x00000000b0100000, 0x00000000b0200000|  0%| F|  |TAMS 0x00000000b0100000| PB 0x00000000b0100000| Untracked |  0
| 770|0x00000000b0200000, 0x00000000b0200000, 0x00000000b0300000|  0%| F|  |TAMS 0x00000000b0200000| PB 0x00000000b0200000| Untracked |  0
| 771|0x00000000b0300000, 0x00000000b0300000, 0x00000000b0400000|  0%| F|  |TAMS 0x00000000b0300000| PB 0x00000000b0300000| Untracked |  0
| 772|0x00000000b0400000, 0x00000000b0400000, 0x00000000b0500000|  0%| F|  |TAMS 0x00000000b0400000| PB 0x00000000b0400000| Untracked |  0
| 773|0x00000000b0500000, 0x00000000b0500000, 0x00000000b0600000|  0%| F|  |TAMS 0x00000000b0500000| PB 0x00000000b0500000| Untracked |  0
| 774|0x00000000b0600000, 0x00000000b0684d60, 0x00000000b0700000| 51%| E|  |TAMS 0x00000000b0600000| PB 0x00000000b0600000| Complete |  0
| 775|0x00000000b0700000, 0x00000000b0800000, 0x00000000b0800000|100%| E|CS|TAMS 0x00000000b0700000| PB 0x00000000b0700000| Complete |  0
| 776|0x00000000b0800000, 0x00000000b0900000, 0x00000000b0900000|100%| E|CS|TAMS 0x00000000b0800000| PB 0x00000000b0800000| Complete |  0
| 777|0x00000000b0900000, 0x00000000b0a00000, 0x00000000b0a00000|100%| E|CS|TAMS 0x00000000b0900000| PB 0x00000000b0900000| Complete |  0
| 778|0x00000000b0a00000, 0x00000000b0b00000, 0x00000000b0b00000|100%| E|CS|TAMS 0x00000000b0a00000| PB 0x00000000b0a00000| Complete |  0
| 779|0x00000000b0b00000, 0x00000000b0c00000, 0x00000000b0c00000|100%| E|CS|TAMS 0x00000000b0b00000| PB 0x00000000b0b00000| Complete |  0
| 780|0x00000000b0c00000, 0x00000000b0d00000, 0x00000000b0d00000|100%| E|CS|TAMS 0x00000000b0c00000| PB 0x00000000b0c00000| Complete |  0
| 781|0x00000000b0d00000, 0x00000000b0e00000, 0x00000000b0e00000|100%| E|CS|TAMS 0x00000000b0d00000| PB 0x00000000b0d00000| Complete |  0
| 782|0x00000000b0e00000, 0x00000000b0f00000, 0x00000000b0f00000|100%| E|CS|TAMS 0x00000000b0e00000| PB 0x00000000b0e00000| Complete |  0
| 783|0x00000000b0f00000, 0x00000000b1000000, 0x00000000b1000000|100%| E|CS|TAMS 0x00000000b0f00000| PB 0x00000000b0f00000| Complete |  0
| 784|0x00000000b1000000, 0x00000000b1100000, 0x00000000b1100000|100%| E|CS|TAMS 0x00000000b1000000| PB 0x00000000b1000000| Complete |  0
| 785|0x00000000b1100000, 0x00000000b1200000, 0x00000000b1200000|100%| E|CS|TAMS 0x00000000b1100000| PB 0x00000000b1100000| Complete |  0
| 786|0x00000000b1200000, 0x00000000b1300000, 0x00000000b1300000|100%| E|CS|TAMS 0x00000000b1200000| PB 0x00000000b1200000| Complete |  0
| 787|0x00000000b1300000, 0x00000000b1400000, 0x00000000b1400000|100%| E|CS|TAMS 0x00000000b1300000| PB 0x00000000b1300000| Complete |  0
| 788|0x00000000b1400000, 0x00000000b1500000, 0x00000000b1500000|100%| E|CS|TAMS 0x00000000b1400000| PB 0x00000000b1400000| Complete |  0
| 789|0x00000000b1500000, 0x00000000b1600000, 0x00000000b1600000|100%| E|CS|TAMS 0x00000000b1500000| PB 0x00000000b1500000| Complete |  0
| 790|0x00000000b1600000, 0x00000000b1700000, 0x00000000b1700000|100%| E|CS|TAMS 0x00000000b1600000| PB 0x00000000b1600000| Complete |  0
| 791|0x00000000b1700000, 0x00000000b1800000, 0x00000000b1800000|100%| E|CS|TAMS 0x00000000b1700000| PB 0x00000000b1700000| Complete |  0
| 792|0x00000000b1800000, 0x00000000b1900000, 0x00000000b1900000|100%| E|CS|TAMS 0x00000000b1800000| PB 0x00000000b1800000| Complete |  0
| 793|0x00000000b1900000, 0x00000000b1a00000, 0x00000000b1a00000|100%| E|CS|TAMS 0x00000000b1900000| PB 0x00000000b1900000| Complete |  0
| 794|0x00000000b1a00000, 0x00000000b1b00000, 0x00000000b1b00000|100%| E|CS|TAMS 0x00000000b1a00000| PB 0x00000000b1a00000| Complete |  0
| 795|0x00000000b1b00000, 0x00000000b1c00000, 0x00000000b1c00000|100%| E|CS|TAMS 0x00000000b1b00000| PB 0x00000000b1b00000| Complete |  0
| 796|0x00000000b1c00000, 0x00000000b1d00000, 0x00000000b1d00000|100%| E|CS|TAMS 0x00000000b1c00000| PB 0x00000000b1c00000| Complete |  0
| 797|0x00000000b1d00000, 0x00000000b1e00000, 0x00000000b1e00000|100%| E|CS|TAMS 0x00000000b1d00000| PB 0x00000000b1d00000| Complete |  0
| 798|0x00000000b1e00000, 0x00000000b1f00000, 0x00000000b1f00000|100%| E|CS|TAMS 0x00000000b1e00000| PB 0x00000000b1e00000| Complete |  0
| 799|0x00000000b1f00000, 0x00000000b2000000, 0x00000000b2000000|100%| E|CS|TAMS 0x00000000b1f00000| PB 0x00000000b1f00000| Complete |  0
| 800|0x00000000b2000000, 0x00000000b2100000, 0x00000000b2100000|100%| E|CS|TAMS 0x00000000b2000000| PB 0x00000000b2000000| Complete |  0
| 801|0x00000000b2100000, 0x00000000b2200000, 0x00000000b2200000|100%| E|CS|TAMS 0x00000000b2100000| PB 0x00000000b2100000| Complete |  0
| 802|0x00000000b2200000, 0x00000000b2300000, 0x00000000b2300000|100%| E|CS|TAMS 0x00000000b2200000| PB 0x00000000b2200000| Complete |  0
| 803|0x00000000b2300000, 0x00000000b2400000, 0x00000000b2400000|100%| E|CS|TAMS 0x00000000b2300000| PB 0x00000000b2300000| Complete |  0
| 804|0x00000000b2400000, 0x00000000b2500000, 0x00000000b2500000|100%| E|CS|TAMS 0x00000000b2400000| PB 0x00000000b2400000| Complete |  0
| 805|0x00000000b2500000, 0x00000000b2600000, 0x00000000b2600000|100%| E|CS|TAMS 0x00000000b2500000| PB 0x00000000b2500000| Complete |  0
| 806|0x00000000b2600000, 0x00000000b2700000, 0x00000000b2700000|100%| E|CS|TAMS 0x00000000b2600000| PB 0x00000000b2600000| Complete |  0
| 807|0x00000000b2700000, 0x00000000b2800000, 0x00000000b2800000|100%| E|CS|TAMS 0x00000000b2700000| PB 0x00000000b2700000| Complete |  0
| 808|0x00000000b2800000, 0x00000000b2900000, 0x00000000b2900000|100%| E|CS|TAMS 0x00000000b2800000| PB 0x00000000b2800000| Complete |  0
| 809|0x00000000b2900000, 0x00000000b2a00000, 0x00000000b2a00000|100%| E|CS|TAMS 0x00000000b2900000| PB 0x00000000b2900000| Complete |  0
| 810|0x00000000b2a00000, 0x00000000b2b00000, 0x00000000b2b00000|100%| E|CS|TAMS 0x00000000b2a00000| PB 0x00000000b2a00000| Complete |  0
| 811|0x00000000b2b00000, 0x00000000b2c00000, 0x00000000b2c00000|100%| E|CS|TAMS 0x00000000b2b00000| PB 0x00000000b2b00000| Complete |  0
| 812|0x00000000b2c00000, 0x00000000b2d00000, 0x00000000b2d00000|100%| E|CS|TAMS 0x00000000b2c00000| PB 0x00000000b2c00000| Complete |  0
| 813|0x00000000b2d00000, 0x00000000b2e00000, 0x00000000b2e00000|100%| E|CS|TAMS 0x00000000b2d00000| PB 0x00000000b2d00000| Complete |  0
| 814|0x00000000b2e00000, 0x00000000b2f00000, 0x00000000b2f00000|100%| E|CS|TAMS 0x00000000b2e00000| PB 0x00000000b2e00000| Complete |  0
| 815|0x00000000b2f00000, 0x00000000b3000000, 0x00000000b3000000|100%| E|CS|TAMS 0x00000000b2f00000| PB 0x00000000b2f00000| Complete |  0
| 816|0x00000000b3000000, 0x00000000b3100000, 0x00000000b3100000|100%| E|CS|TAMS 0x00000000b3000000| PB 0x00000000b3000000| Complete |  0
| 817|0x00000000b3100000, 0x00000000b3200000, 0x00000000b3200000|100%| E|CS|TAMS 0x00000000b3100000| PB 0x00000000b3100000| Complete |  0
| 818|0x00000000b3200000, 0x00000000b3300000, 0x00000000b3300000|100%| E|CS|TAMS 0x00000000b3200000| PB 0x00000000b3200000| Complete |  0
| 819|0x00000000b3300000, 0x00000000b3400000, 0x00000000b3400000|100%| E|CS|TAMS 0x00000000b3300000| PB 0x00000000b3300000| Complete |  0
| 820|0x00000000b3400000, 0x00000000b3500000, 0x00000000b3500000|100%| E|CS|TAMS 0x00000000b3400000| PB 0x00000000b3400000| Complete |  0
| 821|0x00000000b3500000, 0x00000000b3600000, 0x00000000b3600000|100%| E|CS|TAMS 0x00000000b3500000| PB 0x00000000b3500000| Complete |  0
| 822|0x00000000b3600000, 0x00000000b3700000, 0x00000000b3700000|100%| E|  |TAMS 0x00000000b3600000| PB 0x00000000b3600000| Complete |  0
| 823|0x00000000b3700000, 0x00000000b3800000, 0x00000000b3800000|100%| E|CS|TAMS 0x00000000b3700000| PB 0x00000000b3700000| Complete |  0
| 824|0x00000000b3800000, 0x00000000b3900000, 0x00000000b3900000|100%| E|CS|TAMS 0x00000000b3800000| PB 0x00000000b3800000| Complete |  0
| 825|0x00000000b3900000, 0x00000000b3a00000, 0x00000000b3a00000|100%| E|CS|TAMS 0x00000000b3900000| PB 0x00000000b3900000| Complete |  0
| 826|0x00000000b3a00000, 0x00000000b3b00000, 0x00000000b3b00000|100%| E|CS|TAMS 0x00000000b3a00000| PB 0x00000000b3a00000| Complete |  0
| 827|0x00000000b3b00000, 0x00000000b3c00000, 0x00000000b3c00000|100%| E|CS|TAMS 0x00000000b3b00000| PB 0x00000000b3b00000| Complete |  0
| 828|0x00000000b3c00000, 0x00000000b3d00000, 0x00000000b3d00000|100%| E|CS|TAMS 0x00000000b3c00000| PB 0x00000000b3c00000| Complete |  0
| 829|0x00000000b3d00000, 0x00000000b3e00000, 0x00000000b3e00000|100%| E|CS|TAMS 0x00000000b3d00000| PB 0x00000000b3d00000| Complete |  0
| 830|0x00000000b3e00000, 0x00000000b3f00000, 0x00000000b3f00000|100%| E|CS|TAMS 0x00000000b3e00000| PB 0x00000000b3e00000| Complete |  0
| 831|0x00000000b3f00000, 0x00000000b4000000, 0x00000000b4000000|100%| E|CS|TAMS 0x00000000b3f00000| PB 0x00000000b3f00000| Complete |  0
| 832|0x00000000b4000000, 0x00000000b4100000, 0x00000000b4100000|100%| E|CS|TAMS 0x00000000b4000000| PB 0x00000000b4000000| Complete |  0
| 833|0x00000000b4100000, 0x00000000b4200000, 0x00000000b4200000|100%| E|CS|TAMS 0x00000000b4100000| PB 0x00000000b4100000| Complete |  0
| 834|0x00000000b4200000, 0x00000000b4300000, 0x00000000b4300000|100%| E|CS|TAMS 0x00000000b4200000| PB 0x00000000b4200000| Complete |  0
| 835|0x00000000b4300000, 0x00000000b4400000, 0x00000000b4400000|100%| E|CS|TAMS 0x00000000b4300000| PB 0x00000000b4300000| Complete |  0
| 836|0x00000000b4400000, 0x00000000b4500000, 0x00000000b4500000|100%| E|CS|TAMS 0x00000000b4400000| PB 0x00000000b4400000| Complete |  0
| 837|0x00000000b4500000, 0x00000000b4600000, 0x00000000b4600000|100%| S|CS|TAMS 0x00000000b4500000| PB 0x00000000b4500000| Complete |  0
| 838|0x00000000b4600000, 0x00000000b4700000, 0x00000000b4700000|100%| S|CS|TAMS 0x00000000b4600000| PB 0x00000000b4600000| Complete |  0
| 839|0x00000000b4700000, 0x00000000b4800000, 0x00000000b4800000|100%| S|CS|TAMS 0x00000000b4700000| PB 0x00000000b4700000| Complete |  0
| 840|0x00000000b4800000, 0x00000000b4900000, 0x00000000b4900000|100%| S|CS|TAMS 0x00000000b4800000| PB 0x00000000b4800000| Complete |  0
| 841|0x00000000b4900000, 0x00000000b4a00000, 0x00000000b4a00000|100%| S|CS|TAMS 0x00000000b4900000| PB 0x00000000b4900000| Complete |  0
| 842|0x00000000b4a00000, 0x00000000b4b00000, 0x00000000b4b00000|100%| S|CS|TAMS 0x00000000b4a00000| PB 0x00000000b4a00000| Complete |  0
| 843|0x00000000b4b00000, 0x00000000b4c00000, 0x00000000b4c00000|100%| S|CS|TAMS 0x00000000b4b00000| PB 0x00000000b4b00000| Complete |  0
| 844|0x00000000b4c00000, 0x00000000b4d00000, 0x00000000b4d00000|100%| S|CS|TAMS 0x00000000b4c00000| PB 0x00000000b4c00000| Complete |  0
| 845|0x00000000b4d00000, 0x00000000b4e00000, 0x00000000b4e00000|100%| S|CS|TAMS 0x00000000b4d00000| PB 0x00000000b4d00000| Complete |  0
| 846|0x00000000b4e00000, 0x00000000b4f00000, 0x00000000b4f00000|100%| S|CS|TAMS 0x00000000b4e00000| PB 0x00000000b4e00000| Complete |  0
| 847|0x00000000b4f00000, 0x00000000b5000000, 0x00000000b5000000|100%| S|CS|TAMS 0x00000000b4f00000| PB 0x00000000b4f00000| Complete |  0
| 848|0x00000000b5000000, 0x00000000b5100000, 0x00000000b5100000|100%| S|CS|TAMS 0x00000000b5000000| PB 0x00000000b5000000| Complete |  0
| 849|0x00000000b5100000, 0x00000000b5200000, 0x00000000b5200000|100%| S|CS|TAMS 0x00000000b5100000| PB 0x00000000b5100000| Complete |  0
| 850|0x00000000b5200000, 0x00000000b5300000, 0x00000000b5300000|100%| S|CS|TAMS 0x00000000b5200000| PB 0x00000000b5200000| Complete |  0
| 851|0x00000000b5300000, 0x00000000b5400000, 0x00000000b5400000|100%| S|CS|TAMS 0x00000000b5300000| PB 0x00000000b5300000| Complete |  0
| 852|0x00000000b5400000, 0x00000000b5500000, 0x00000000b5500000|100%| S|CS|TAMS 0x00000000b5400000| PB 0x00000000b5400000| Complete |  0
| 853|0x00000000b5500000, 0x00000000b5600000, 0x00000000b5600000|100%| S|CS|TAMS 0x00000000b5500000| PB 0x00000000b5500000| Complete |  0
| 854|0x00000000b5600000, 0x00000000b5700000, 0x00000000b5700000|100%| S|CS|TAMS 0x00000000b5600000| PB 0x00000000b5600000| Complete |  0
| 855|0x00000000b5700000, 0x00000000b5800000, 0x00000000b5800000|100%| S|CS|TAMS 0x00000000b5700000| PB 0x00000000b5700000| Complete |  0
| 856|0x00000000b5800000, 0x00000000b5900000, 0x00000000b5900000|100%| S|CS|TAMS 0x00000000b5800000| PB 0x00000000b5800000| Complete |  0
| 857|0x00000000b5900000, 0x00000000b5a00000, 0x00000000b5a00000|100%| S|CS|TAMS 0x00000000b5900000| PB 0x00000000b5900000| Complete |  0
| 858|0x00000000b5a00000, 0x00000000b5b00000, 0x00000000b5b00000|100%| S|CS|TAMS 0x00000000b5a00000| PB 0x00000000b5a00000| Complete |  0
| 859|0x00000000b5b00000, 0x00000000b5c00000, 0x00000000b5c00000|100%| S|CS|TAMS 0x00000000b5b00000| PB 0x00000000b5b00000| Complete |  0
| 860|0x00000000b5c00000, 0x00000000b5d00000, 0x00000000b5d00000|100%| E|CS|TAMS 0x00000000b5c00000| PB 0x00000000b5c00000| Complete |  0
| 861|0x00000000b5d00000, 0x00000000b5e00000, 0x00000000b5e00000|100%| E|CS|TAMS 0x00000000b5d00000| PB 0x00000000b5d00000| Complete |  0
| 862|0x00000000b5e00000, 0x00000000b5f00000, 0x00000000b5f00000|100%| E|CS|TAMS 0x00000000b5e00000| PB 0x00000000b5e00000| Complete |  0
| 863|0x00000000b5f00000, 0x00000000b6000000, 0x00000000b6000000|100%| E|CS|TAMS 0x00000000b5f00000| PB 0x00000000b5f00000| Complete |  0
| 864|0x00000000b6000000, 0x00000000b6100000, 0x00000000b6100000|100%| E|CS|TAMS 0x00000000b6000000| PB 0x00000000b6000000| Complete |  1
| 865|0x00000000b6100000, 0x00000000b6200000, 0x00000000b6200000|100%| E|CS|TAMS 0x00000000b6100000| PB 0x00000000b6100000| Complete |  0
| 866|0x00000000b6200000, 0x00000000b6300000, 0x00000000b6300000|100%| E|CS|TAMS 0x00000000b6200000| PB 0x00000000b6200000| Complete |  0
| 867|0x00000000b6300000, 0x00000000b6400000, 0x00000000b6400000|100%| E|CS|TAMS 0x00000000b6300000| PB 0x00000000b6300000| Complete |  0
| 868|0x00000000b6400000, 0x00000000b6500000, 0x00000000b6500000|100%| E|CS|TAMS 0x00000000b6400000| PB 0x00000000b6400000| Complete |  0
| 869|0x00000000b6500000, 0x00000000b6600000, 0x00000000b6600000|100%| E|CS|TAMS 0x00000000b6500000| PB 0x00000000b6500000| Complete |  0
| 870|0x00000000b6600000, 0x00000000b6700000, 0x00000000b6700000|100%| E|CS|TAMS 0x00000000b6600000| PB 0x00000000b6600000| Complete |  0
| 871|0x00000000b6700000, 0x00000000b6800000, 0x00000000b6800000|100%| E|CS|TAMS 0x00000000b6700000| PB 0x00000000b6700000| Complete |  0
| 872|0x00000000b6800000, 0x00000000b6900000, 0x00000000b6900000|100%| E|CS|TAMS 0x00000000b6800000| PB 0x00000000b6800000| Complete |  0
| 873|0x00000000b6900000, 0x00000000b6a00000, 0x00000000b6a00000|100%| E|CS|TAMS 0x00000000b6900000| PB 0x00000000b6900000| Complete |  0
| 874|0x00000000b6a00000, 0x00000000b6b00000, 0x00000000b6b00000|100%| E|CS|TAMS 0x00000000b6a00000| PB 0x00000000b6a00000| Complete |  0
| 875|0x00000000b6b00000, 0x00000000b6c00000, 0x00000000b6c00000|100%| E|CS|TAMS 0x00000000b6b00000| PB 0x00000000b6b00000| Complete |  0
| 876|0x00000000b6c00000, 0x00000000b6d00000, 0x00000000b6d00000|100%| E|CS|TAMS 0x00000000b6c00000| PB 0x00000000b6c00000| Complete |  0
| 877|0x00000000b6d00000, 0x00000000b6e00000, 0x00000000b6e00000|100%| E|CS|TAMS 0x00000000b6d00000| PB 0x00000000b6d00000| Complete |  0
| 878|0x00000000b6e00000, 0x00000000b6f00000, 0x00000000b6f00000|100%| E|CS|TAMS 0x00000000b6e00000| PB 0x00000000b6e00000| Complete |  0
| 879|0x00000000b6f00000, 0x00000000b7000000, 0x00000000b7000000|100%| E|CS|TAMS 0x00000000b6f00000| PB 0x00000000b6f00000| Complete |  0
| 880|0x00000000b7000000, 0x00000000b7100000, 0x00000000b7100000|100%| E|CS|TAMS 0x00000000b7000000| PB 0x00000000b7000000| Complete |  0
| 881|0x00000000b7100000, 0x00000000b7200000, 0x00000000b7200000|100%| E|CS|TAMS 0x00000000b7100000| PB 0x00000000b7100000| Complete |  0
| 882|0x00000000b7200000, 0x00000000b7300000, 0x00000000b7300000|100%| E|CS|TAMS 0x00000000b7200000| PB 0x00000000b7200000| Complete |  0
| 883|0x00000000b7300000, 0x00000000b7400000, 0x00000000b7400000|100%| E|CS|TAMS 0x00000000b7300000| PB 0x00000000b7300000| Complete |  0
| 884|0x00000000b7400000, 0x00000000b7500000, 0x00000000b7500000|100%| E|CS|TAMS 0x00000000b7400000| PB 0x00000000b7400000| Complete |  0
| 885|0x00000000b7500000, 0x00000000b7600000, 0x00000000b7600000|100%| E|CS|TAMS 0x00000000b7500000| PB 0x00000000b7500000| Complete |  0
| 886|0x00000000b7600000, 0x00000000b7700000, 0x00000000b7700000|100%| E|CS|TAMS 0x00000000b7600000| PB 0x00000000b7600000| Complete |  0
| 887|0x00000000b7700000, 0x00000000b7800000, 0x00000000b7800000|100%| E|CS|TAMS 0x00000000b7700000| PB 0x00000000b7700000| Complete |  0
| 888|0x00000000b7800000, 0x00000000b7900000, 0x00000000b7900000|100%| E|CS|TAMS 0x00000000b7800000| PB 0x00000000b7800000| Complete |  0
| 889|0x00000000b7900000, 0x00000000b7a00000, 0x00000000b7a00000|100%| E|CS|TAMS 0x00000000b7900000| PB 0x00000000b7900000| Complete |  0
| 890|0x00000000b7a00000, 0x00000000b7b00000, 0x00000000b7b00000|100%| E|CS|TAMS 0x00000000b7a00000| PB 0x00000000b7a00000| Complete |  0
| 891|0x00000000b7b00000, 0x00000000b7c00000, 0x00000000b7c00000|100%| E|CS|TAMS 0x00000000b7b00000| PB 0x00000000b7b00000| Complete |  0
| 892|0x00000000b7c00000, 0x00000000b7d00000, 0x00000000b7d00000|100%| E|CS|TAMS 0x00000000b7c00000| PB 0x00000000b7c00000| Complete |  0
| 893|0x00000000b7d00000, 0x00000000b7e00000, 0x00000000b7e00000|100%| E|CS|TAMS 0x00000000b7d00000| PB 0x00000000b7d00000| Complete |  0
| 894|0x00000000b7e00000, 0x00000000b7f00000, 0x00000000b7f00000|100%| E|CS|TAMS 0x00000000b7e00000| PB 0x00000000b7e00000| Complete |  0
| 895|0x00000000b7f00000, 0x00000000b8000000, 0x00000000b8000000|100%| E|CS|TAMS 0x00000000b7f00000| PB 0x00000000b7f00000| Complete |  0
| 896|0x00000000b8000000, 0x00000000b8100000, 0x00000000b8100000|100%| E|CS|TAMS 0x00000000b8000000| PB 0x00000000b8000000| Complete |  0
| 897|0x00000000b8100000, 0x00000000b8200000, 0x00000000b8200000|100%| E|CS|TAMS 0x00000000b8100000| PB 0x00000000b8100000| Complete |  0
| 898|0x00000000b8200000, 0x00000000b8300000, 0x00000000b8300000|100%| E|CS|TAMS 0x00000000b8200000| PB 0x00000000b8200000| Complete |  0
| 899|0x00000000b8300000, 0x00000000b8400000, 0x00000000b8400000|100%| E|CS|TAMS 0x00000000b8300000| PB 0x00000000b8300000| Complete |  0
| 900|0x00000000b8400000, 0x00000000b8500000, 0x00000000b8500000|100%| E|CS|TAMS 0x00000000b8400000| PB 0x00000000b8400000| Complete |  0
| 901|0x00000000b8500000, 0x00000000b8600000, 0x00000000b8600000|100%| E|CS|TAMS 0x00000000b8500000| PB 0x00000000b8500000| Complete |  0
| 902|0x00000000b8600000, 0x00000000b8700000, 0x00000000b8700000|100%| E|CS|TAMS 0x00000000b8600000| PB 0x00000000b8600000| Complete |  0
| 903|0x00000000b8700000, 0x00000000b8800000, 0x00000000b8800000|100%| E|CS|TAMS 0x00000000b8700000| PB 0x00000000b8700000| Complete |  0
| 904|0x00000000b8800000, 0x00000000b8900000, 0x00000000b8900000|100%| E|CS|TAMS 0x00000000b8800000| PB 0x00000000b8800000| Complete |  0
| 905|0x00000000b8900000, 0x00000000b8a00000, 0x00000000b8a00000|100%| E|CS|TAMS 0x00000000b8900000| PB 0x00000000b8900000| Complete |  0
| 906|0x00000000b8a00000, 0x00000000b8b00000, 0x00000000b8b00000|100%| E|CS|TAMS 0x00000000b8a00000| PB 0x00000000b8a00000| Complete |  0
| 907|0x00000000b8b00000, 0x00000000b8c00000, 0x00000000b8c00000|100%| E|CS|TAMS 0x00000000b8b00000| PB 0x00000000b8b00000| Complete |  0
| 908|0x00000000b8c00000, 0x00000000b8d00000, 0x00000000b8d00000|100%| E|CS|TAMS 0x00000000b8c00000| PB 0x00000000b8c00000| Complete |  0
| 909|0x00000000b8d00000, 0x00000000b8e00000, 0x00000000b8e00000|100%| E|CS|TAMS 0x00000000b8d00000| PB 0x00000000b8d00000| Complete |  0
| 910|0x00000000b8e00000, 0x00000000b8f00000, 0x00000000b8f00000|100%| E|CS|TAMS 0x00000000b8e00000| PB 0x00000000b8e00000| Complete |  0
| 911|0x00000000b8f00000, 0x00000000b9000000, 0x00000000b9000000|100%| E|CS|TAMS 0x00000000b8f00000| PB 0x00000000b8f00000| Complete |  0
| 912|0x00000000b9000000, 0x00000000b9100000, 0x00000000b9100000|100%| E|CS|TAMS 0x00000000b9000000| PB 0x00000000b9000000| Complete |  0
| 913|0x00000000b9100000, 0x00000000b9200000, 0x00000000b9200000|100%| E|CS|TAMS 0x00000000b9100000| PB 0x00000000b9100000| Complete |  0
| 914|0x00000000b9200000, 0x00000000b9300000, 0x00000000b9300000|100%| E|CS|TAMS 0x00000000b9200000| PB 0x00000000b9200000| Complete |  0
| 915|0x00000000b9300000, 0x00000000b9400000, 0x00000000b9400000|100%| E|CS|TAMS 0x00000000b9300000| PB 0x00000000b9300000| Complete |  0
| 916|0x00000000b9400000, 0x00000000b9500000, 0x00000000b9500000|100%| E|CS|TAMS 0x00000000b9400000| PB 0x00000000b9400000| Complete |  0
| 917|0x00000000b9500000, 0x00000000b9600000, 0x00000000b9600000|100%| E|CS|TAMS 0x00000000b9500000| PB 0x00000000b9500000| Complete |  0
| 918|0x00000000b9600000, 0x00000000b9700000, 0x00000000b9700000|100%| E|CS|TAMS 0x00000000b9600000| PB 0x00000000b9600000| Complete |  0
| 919|0x00000000b9700000, 0x00000000b9800000, 0x00000000b9800000|100%| E|CS|TAMS 0x00000000b9700000| PB 0x00000000b9700000| Complete |  0
| 920|0x00000000b9800000, 0x00000000b9900000, 0x00000000b9900000|100%| E|CS|TAMS 0x00000000b9800000| PB 0x00000000b9800000| Complete |  0
| 921|0x00000000b9900000, 0x00000000b9a00000, 0x00000000b9a00000|100%| E|CS|TAMS 0x00000000b9900000| PB 0x00000000b9900000| Complete |  0
| 922|0x00000000b9a00000, 0x00000000b9b00000, 0x00000000b9b00000|100%| E|CS|TAMS 0x00000000b9a00000| PB 0x00000000b9a00000| Complete |  0
| 923|0x00000000b9b00000, 0x00000000b9c00000, 0x00000000b9c00000|100%| E|CS|TAMS 0x00000000b9b00000| PB 0x00000000b9b00000| Complete |  0
| 924|0x00000000b9c00000, 0x00000000b9d00000, 0x00000000b9d00000|100%| E|CS|TAMS 0x00000000b9c00000| PB 0x00000000b9c00000| Complete |  0
| 925|0x00000000b9d00000, 0x00000000b9e00000, 0x00000000b9e00000|100%| E|CS|TAMS 0x00000000b9d00000| PB 0x00000000b9d00000| Complete |  0
| 926|0x00000000b9e00000, 0x00000000b9f00000, 0x00000000b9f00000|100%| E|CS|TAMS 0x00000000b9e00000| PB 0x00000000b9e00000| Complete |  0
| 927|0x00000000b9f00000, 0x00000000ba000000, 0x00000000ba000000|100%| E|CS|TAMS 0x00000000b9f00000| PB 0x00000000b9f00000| Complete |  0
| 928|0x00000000ba000000, 0x00000000ba100000, 0x00000000ba100000|100%| E|CS|TAMS 0x00000000ba000000| PB 0x00000000ba000000| Complete |  0
| 929|0x00000000ba100000, 0x00000000ba200000, 0x00000000ba200000|100%| E|CS|TAMS 0x00000000ba100000| PB 0x00000000ba100000| Complete |  0
| 930|0x00000000ba200000, 0x00000000ba300000, 0x00000000ba300000|100%| E|CS|TAMS 0x00000000ba200000| PB 0x00000000ba200000| Complete |  0
| 931|0x00000000ba300000, 0x00000000ba400000, 0x00000000ba400000|100%| E|CS|TAMS 0x00000000ba300000| PB 0x00000000ba300000| Complete |  0
| 932|0x00000000ba400000, 0x00000000ba500000, 0x00000000ba500000|100%| E|CS|TAMS 0x00000000ba400000| PB 0x00000000ba400000| Complete |  0
| 933|0x00000000ba500000, 0x00000000ba600000, 0x00000000ba600000|100%| E|CS|TAMS 0x00000000ba500000| PB 0x00000000ba500000| Complete |  0
| 934|0x00000000ba600000, 0x00000000ba700000, 0x00000000ba700000|100%| E|CS|TAMS 0x00000000ba600000| PB 0x00000000ba600000| Complete |  0
| 935|0x00000000ba700000, 0x00000000ba800000, 0x00000000ba800000|100%| E|CS|TAMS 0x00000000ba700000| PB 0x00000000ba700000| Complete |  0
| 936|0x00000000ba800000, 0x00000000ba900000, 0x00000000ba900000|100%| E|CS|TAMS 0x00000000ba800000| PB 0x00000000ba800000| Complete |  0
| 937|0x00000000ba900000, 0x00000000baa00000, 0x00000000baa00000|100%| E|CS|TAMS 0x00000000ba900000| PB 0x00000000ba900000| Complete |  0
| 938|0x00000000baa00000, 0x00000000bab00000, 0x00000000bab00000|100%| E|CS|TAMS 0x00000000baa00000| PB 0x00000000baa00000| Complete |  0
| 939|0x00000000bab00000, 0x00000000bac00000, 0x00000000bac00000|100%| E|CS|TAMS 0x00000000bab00000| PB 0x00000000bab00000| Complete |  0
| 940|0x00000000bac00000, 0x00000000bad00000, 0x00000000bad00000|100%| E|CS|TAMS 0x00000000bac00000| PB 0x00000000bac00000| Complete |  0
| 941|0x00000000bad00000, 0x00000000bae00000, 0x00000000bae00000|100%| E|CS|TAMS 0x00000000bad00000| PB 0x00000000bad00000| Complete |  0
| 942|0x00000000bae00000, 0x00000000baf00000, 0x00000000baf00000|100%| E|CS|TAMS 0x00000000bae00000| PB 0x00000000bae00000| Complete |  0
| 943|0x00000000baf00000, 0x00000000bb000000, 0x00000000bb000000|100%| E|CS|TAMS 0x00000000baf00000| PB 0x00000000baf00000| Complete |  0
| 944|0x00000000bb000000, 0x00000000bb100000, 0x00000000bb100000|100%| E|CS|TAMS 0x00000000bb000000| PB 0x00000000bb000000| Complete |  0
| 945|0x00000000bb100000, 0x00000000bb200000, 0x00000000bb200000|100%| E|CS|TAMS 0x00000000bb100000| PB 0x00000000bb100000| Complete |  0
| 946|0x00000000bb200000, 0x00000000bb300000, 0x00000000bb300000|100%| E|CS|TAMS 0x00000000bb200000| PB 0x00000000bb200000| Complete |  0
| 947|0x00000000bb300000, 0x00000000bb400000, 0x00000000bb400000|100%| E|CS|TAMS 0x00000000bb300000| PB 0x00000000bb300000| Complete |  0
| 948|0x00000000bb400000, 0x00000000bb500000, 0x00000000bb500000|100%| E|CS|TAMS 0x00000000bb400000| PB 0x00000000bb400000| Complete |  0
| 949|0x00000000bb500000, 0x00000000bb600000, 0x00000000bb600000|100%| E|CS|TAMS 0x00000000bb500000| PB 0x00000000bb500000| Complete |  0
| 950|0x00000000bb600000, 0x00000000bb700000, 0x00000000bb700000|100%| E|CS|TAMS 0x00000000bb600000| PB 0x00000000bb600000| Complete |  0
|2017|0x00000000fe100000, 0x00000000fe200000, 0x00000000fe200000|100%| E|CS|TAMS 0x00000000fe100000| PB 0x00000000fe100000| Complete |  0
|2018|0x00000000fe200000, 0x00000000fe300000, 0x00000000fe300000|100%| E|CS|TAMS 0x00000000fe200000| PB 0x00000000fe200000| Complete |  0
|2019|0x00000000fe300000, 0x00000000fe400000, 0x00000000fe400000|100%| E|CS|TAMS 0x00000000fe300000| PB 0x00000000fe300000| Complete |  0
|2020|0x00000000fe400000, 0x00000000fe500000, 0x00000000fe500000|100%| E|CS|TAMS 0x00000000fe400000| PB 0x00000000fe400000| Complete |  0
|2021|0x00000000fe500000, 0x00000000fe600000, 0x00000000fe600000|100%| E|CS|TAMS 0x00000000fe500000| PB 0x00000000fe500000| Complete |  0
|2022|0x00000000fe600000, 0x00000000fe700000, 0x00000000fe700000|100%| E|CS|TAMS 0x00000000fe600000| PB 0x00000000fe600000| Complete |  0
|2023|0x00000000fe700000, 0x00000000fe800000, 0x00000000fe800000|100%| E|CS|TAMS 0x00000000fe700000| PB 0x00000000fe700000| Complete |  0
|2024|0x00000000fe800000, 0x00000000fe900000, 0x00000000fe900000|100%| E|CS|TAMS 0x00000000fe800000| PB 0x00000000fe800000| Complete |  0
|2025|0x00000000fe900000, 0x00000000fea00000, 0x00000000fea00000|100%| E|CS|TAMS 0x00000000fe900000| PB 0x00000000fe900000| Complete |  0
|2026|0x00000000fea00000, 0x00000000feb00000, 0x00000000feb00000|100%| E|CS|TAMS 0x00000000fea00000| PB 0x00000000fea00000| Complete |  0
|2027|0x00000000feb00000, 0x00000000fec00000, 0x00000000fec00000|100%| E|CS|TAMS 0x00000000feb00000| PB 0x00000000feb00000| Complete |  0
|2028|0x00000000fec00000, 0x00000000fed00000, 0x00000000fed00000|100%| E|CS|TAMS 0x00000000fec00000| PB 0x00000000fec00000| Complete |  0
|2029|0x00000000fed00000, 0x00000000fee00000, 0x00000000fee00000|100%| E|CS|TAMS 0x00000000fed00000| PB 0x00000000fed00000| Complete |  0
|2030|0x00000000fee00000, 0x00000000fef00000, 0x00000000fef00000|100%| E|CS|TAMS 0x00000000fee00000| PB 0x00000000fee00000| Complete |  0
|2031|0x00000000fef00000, 0x00000000ff000000, 0x00000000ff000000|100%| E|CS|TAMS 0x00000000fef00000| PB 0x00000000fef00000| Complete |  0
|2032|0x00000000ff000000, 0x00000000ff100000, 0x00000000ff100000|100%| E|CS|TAMS 0x00000000ff000000| PB 0x00000000ff000000| Complete |  0
|2033|0x00000000ff100000, 0x00000000ff200000, 0x00000000ff200000|100%| E|CS|TAMS 0x00000000ff100000| PB 0x00000000ff100000| Complete |  0
|2034|0x00000000ff200000, 0x00000000ff300000, 0x00000000ff300000|100%| E|CS|TAMS 0x00000000ff200000| PB 0x00000000ff200000| Complete |  0
|2035|0x00000000ff300000, 0x00000000ff400000, 0x00000000ff400000|100%| E|CS|TAMS 0x00000000ff300000| PB 0x00000000ff300000| Complete |  0
|2036|0x00000000ff400000, 0x00000000ff500000, 0x00000000ff500000|100%| E|CS|TAMS 0x00000000ff400000| PB 0x00000000ff400000| Complete |  0
|2037|0x00000000ff500000, 0x00000000ff600000, 0x00000000ff600000|100%| E|CS|TAMS 0x00000000ff500000| PB 0x00000000ff500000| Complete |  0
|2038|0x00000000ff600000, 0x00000000ff700000, 0x00000000ff700000|100%| E|CS|TAMS 0x00000000ff600000| PB 0x00000000ff600000| Complete |  0
|2039|0x00000000ff700000, 0x00000000ff800000, 0x00000000ff800000|100%| E|CS|TAMS 0x00000000ff700000| PB 0x00000000ff700000| Complete |  0
|2040|0x00000000ff800000, 0x00000000ff900000, 0x00000000ff900000|100%| E|CS|TAMS 0x00000000ff800000| PB 0x00000000ff800000| Complete |  0
|2041|0x00000000ff900000, 0x00000000ffa00000, 0x00000000ffa00000|100%| E|CS|TAMS 0x00000000ff900000| PB 0x00000000ff900000| Complete |  0
|2042|0x00000000ffa00000, 0x00000000ffb00000, 0x00000000ffb00000|100%| E|CS|TAMS 0x00000000ffa00000| PB 0x00000000ffa00000| Complete |  0
|2043|0x00000000ffb00000, 0x00000000ffc00000, 0x00000000ffc00000|100%| E|CS|TAMS 0x00000000ffb00000| PB 0x00000000ffb00000| Complete |  0
|2044|0x00000000ffc00000, 0x00000000ffd00000, 0x00000000ffd00000|100%| E|CS|TAMS 0x00000000ffc00000| PB 0x00000000ffc00000| Complete |  0
|2045|0x00000000ffd00000, 0x00000000ffe00000, 0x00000000ffe00000|100%| E|CS|TAMS 0x00000000ffd00000| PB 0x00000000ffd00000| Complete |  0
|2046|0x00000000ffe00000, 0x00000000fff00000, 0x00000000fff00000|100%| E|CS|TAMS 0x00000000ffe00000| PB 0x00000000ffe00000| Complete |  0
|2047|0x00000000fff00000, 0x0000000100000000, 0x0000000100000000|100%| E|CS|TAMS 0x00000000fff00000| PB 0x00000000fff00000| Complete |  0

Card table byte_map: [0x0000027af2050000,0x0000027af2450000] _byte_map_base: 0x0000027af1c50000

Marking Bits: (CMBitMap*) 0x0000027ad9f1ec50
 Bits: [0x0000027af2450000, 0x0000027af4450000)

Polling page: 0x0000027ad9680000

Metaspace:

Usage:
  Non-class:    217.95 MB used.
      Class:     33.00 MB used.
       Both:    250.95 MB used.

Virtual space:
  Non-class space:      256.00 MB reserved,     220.50 MB ( 86%) committed,  4 nodes.
      Class space:      416.00 MB reserved,      35.19 MB (  8%) committed,  1 nodes.
             Both:      672.00 MB reserved,     255.69 MB ( 38%) committed. 

Chunk freelists:
   Non-Class:  3.42 MB
       Class:  12.84 MB
        Both:  16.27 MB

MaxMetaspaceSize: 512.00 MB
CompressedClassSpaceSize: 416.00 MB
Initial GC threshold: 21.00 MB
Current GC threshold: 411.19 MB
CDS: on
 - commit_granule_bytes: 65536.
 - commit_granule_words: 8192.
 - virtual_space_node_default_size: 8388608.
 - enlarge_chunks_in_place: 1.
 - use_allocation_guard: 0.


Internal statistics:

num_allocs_failed_limit: 9.
num_arena_births: 7710.
num_arena_deaths: 100.
num_vsnodes_births: 5.
num_vsnodes_deaths: 0.
num_space_committed: 4089.
num_space_uncommitted: 0.
num_chunks_returned_to_freelist: 165.
num_chunks_taken_from_freelist: 19467.
num_chunk_merges: 48.
num_chunk_splits: 13059.
num_chunks_enlarged: 8794.
num_inconsistent_stats: 0.

CodeHeap 'non-profiled nmethods': size=120064Kb used=18668Kb max_used=19679Kb free=101395Kb
 bounds [0x0000027aea0b0000, 0x0000027aeb3f0000, 0x0000027af15f0000]
CodeHeap 'profiled nmethods': size=120000Kb used=38677Kb max_used=53205Kb free=81322Kb
 bounds [0x0000027ae25f0000, 0x0000027ae59f0000, 0x0000027ae9b20000]
CodeHeap 'non-nmethods': size=5696Kb used=3413Kb max_used=3460Kb free=2283Kb
 bounds [0x0000027ae9b20000, 0x0000027ae9e90000, 0x0000027aea0b0000]
CodeCache: size=245760Kb, used=60758Kb, max_used=76344Kb, free=185000Kb
 total_blobs=24365, nmethods=22950, adapters=1317, full_count=0
Compilation: enabled, stopped_count=0, restarted_count=0

Compilation events (20 events):
Event: 718.930 Thread 0x0000027a9b1537b0 62394       3       com.android.tools.r8.graph.M2::R0 (19 bytes)
Event: 718.930 Thread 0x0000027a9b1537b0 nmethod 62394 0x0000027ae4ad4688 code [0x0000027ae4ad47a0, 0x0000027ae4ad4948]
Event: 718.930 Thread 0x0000027a9b1537b0 62395       1       com.android.tools.r8.internal.OD::isInitialized (2 bytes)
Event: 718.930 Thread 0x0000027a9b1537b0 nmethod 62395 0x0000027aea5a7708 code [0x0000027aea5a7820, 0x0000027aea5a78e8]
Event: 718.931 Thread 0x0000027a9b1537b0 62396       3       com.android.tools.r8.internal.c0::<init> (5 bytes)
Event: 718.931 Thread 0x0000027a9b1537b0 nmethod 62396 0x0000027ae4aeff88 code [0x0000027ae4af00c0, 0x0000027ae4af02e8]
Event: 718.931 Thread 0x0000027a9b1537b0 62398       3       com.android.tools.r8.internal.ME::b (30 bytes)
Event: 718.931 Thread 0x0000027a9b1537b0 nmethod 62398 0x0000027ae4ad4308 code [0x0000027ae4ad4420, 0x0000027ae4ad4588]
Event: 718.931 Thread 0x0000027a9b1537b0 62397       1       com.android.tools.r8.internal.mv0::r (2 bytes)
Event: 718.931 Thread 0x0000027a9b1537b0 nmethod 62397 0x0000027aea5a7408 code [0x0000027aea5a7520, 0x0000027aea5a75e8]
Event: 718.931 Thread 0x0000027a9b1537b0 62399       1       com.sun.org.apache.xerces.internal.impl.dtd.XMLDTDValidator::setDocumentSource (6 bytes)
Event: 718.931 Thread 0x0000027a9b1537b0 nmethod 62399 0x0000027aea78bc08 code [0x0000027aea78bd20, 0x0000027aea78be30]
Event: 718.931 Thread 0x0000027a9b1537b0 62400       3       com.android.tools.r8.internal.r50::isEqualTo (11 bytes)
Event: 718.931 Thread 0x0000027a9b1537b0 nmethod 62400 0x0000027ae4b4fd88 code [0x0000027ae4b4fec0, 0x0000027ae4b50180]
Event: 718.931 Thread 0x0000027a9b1537b0 62401       3       com.android.tools.r8.internal.r50::a (43 bytes)
Event: 718.931 Thread 0x0000027a9b1537b0 nmethod 62401 0x0000027ae4b8b808 code [0x0000027ae4b8b940, 0x0000027ae4b8bbb8]
Event: 718.931 Thread 0x0000027a9b1537b0 62403       3       com.sun.org.apache.xerces.internal.util.XMLAttributesImpl::getURI (29 bytes)
Event: 718.931 Thread 0x0000027a9b1537b0 nmethod 62403 0x0000027ae4c44b08 code [0x0000027ae4c44c40, 0x0000027ae4c44e18]
Event: 718.931 Thread 0x0000027a9b1537b0 62402       1       com.sun.org.apache.xerces.internal.impl.dtd.XMLDTDValidator::setDocumentHandler (6 bytes)
Event: 718.932 Thread 0x0000027a9b1537b0 nmethod 62402 0x0000027aea78b908 code [0x0000027aea78ba20, 0x0000027aea78bb30]

GC Heap History (20 events):
Event: 458.307 GC heap before
{Heap before GC invocations=147 (full 0):
 garbage-first heap   total reserved 2097152K, committed 960512K, used 825344K [0x0000000080000000, 0x0000000100000000)
  region size 1024K, 225 young (230400K), 37 survivors (37888K)
 Metaspace       used 230236K, committed 235008K, reserved 688128K
  class space    used 29973K, committed 32128K, reserved 425984K
}
Event: 458.323 GC heap after
{Heap after GC invocations=148 (full 0):
 garbage-first heap   total reserved 2097152K, committed 960512K, used 659968K [0x0000000080000000, 0x0000000100000000)
  region size 1024K, 23 young (23552K), 23 survivors (23552K)
 Metaspace       used 230236K, committed 235008K, reserved 688128K
  class space    used 29973K, committed 32128K, reserved 425984K
}
Event: 709.562 GC heap before
{Heap before GC invocations=149 (full 0):
 garbage-first heap   total reserved 2097152K, committed 969728K, used 797184K [0x0000000080000000, 0x0000000100000000)
  region size 1024K, 235 young (240640K), 23 survivors (23552K)
 Metaspace       used 230462K, committed 235200K, reserved 688128K
  class space    used 29980K, committed 32128K, reserved 425984K
}
Event: 709.572 GC heap after
{Heap after GC invocations=150 (full 0):
 garbage-first heap   total reserved 2097152K, committed 969728K, used 594432K [0x0000000080000000, 0x0000000100000000)
  region size 1024K, 15 young (15360K), 15 survivors (15360K)
 Metaspace       used 230462K, committed 235200K, reserved 688128K
  class space    used 29980K, committed 32128K, reserved 425984K
}
Event: 711.136 GC heap before
{Heap before GC invocations=150 (full 0):
 garbage-first heap   total reserved 2097152K, committed 969728K, used 876032K [0x0000000080000000, 0x0000000100000000)
  region size 1024K, 290 young (296960K), 15 survivors (15360K)
 Metaspace       used 230716K, committed 235520K, reserved 688128K
  class space    used 29997K, committed 32192K, reserved 425984K
}
Event: 711.164 GC heap after
{Heap after GC invocations=151 (full 0):
 garbage-first heap   total reserved 2097152K, committed 969728K, used 560640K [0x0000000080000000, 0x0000000100000000)
  region size 1024K, 37 young (37888K), 37 survivors (37888K)
 Metaspace       used 230716K, committed 235520K, reserved 688128K
  class space    used 29997K, committed 32192K, reserved 425984K
}
Event: 713.001 GC heap before
{Heap before GC invocations=151 (full 0):
 garbage-first heap   total reserved 2097152K, committed 969728K, used 856576K [0x0000000080000000, 0x0000000100000000)
  region size 1024K, 327 young (334848K), 37 survivors (37888K)
 Metaspace       used 233851K, committed 238592K, reserved 688128K
  class space    used 30481K, committed 32640K, reserved 425984K
}
Event: 713.024 GC heap after
{Heap after GC invocations=152 (full 0):
 garbage-first heap   total reserved 2097152K, committed 969728K, used 602624K [0x0000000080000000, 0x0000000100000000)
  region size 1024K, 40 young (40960K), 40 survivors (40960K)
 Metaspace       used 233851K, committed 238592K, reserved 688128K
  class space    used 30481K, committed 32640K, reserved 425984K
}
Event: 714.073 GC heap before
{Heap before GC invocations=153 (full 0):
 garbage-first heap   total reserved 2097152K, committed 1005568K, used 866816K [0x0000000080000000, 0x0000000100000000)
  region size 1024K, 298 young (305152K), 40 survivors (40960K)
 Metaspace       used 234195K, committed 238976K, reserved 688128K
  class space    used 30513K, committed 32704K, reserved 425984K
}
Event: 714.094 GC heap after
{Heap after GC invocations=154 (full 0):
 garbage-first heap   total reserved 2097152K, committed 1005568K, used 646144K [0x0000000080000000, 0x0000000100000000)
  region size 1024K, 38 young (38912K), 38 survivors (38912K)
 Metaspace       used 234195K, committed 238976K, reserved 688128K
  class space    used 30513K, committed 32704K, reserved 425984K
}
Event: 714.783 GC heap before
{Heap before GC invocations=154 (full 0):
 garbage-first heap   total reserved 2097152K, committed 1005568K, used 898048K [0x0000000080000000, 0x0000000100000000)
  region size 1024K, 285 young (291840K), 38 survivors (38912K)
 Metaspace       used 235027K, committed 239808K, reserved 688128K
  class space    used 30669K, committed 32832K, reserved 425984K
}
Event: 714.812 GC heap after
{Heap after GC invocations=155 (full 0):
 garbage-first heap   total reserved 2097152K, committed 1005568K, used 658432K [0x0000000080000000, 0x0000000100000000)
  region size 1024K, 24 young (24576K), 24 survivors (24576K)
 Metaspace       used 235027K, committed 239808K, reserved 688128K
  class space    used 30669K, committed 32832K, reserved 425984K
}
Event: 715.306 GC heap before
{Heap before GC invocations=155 (full 0):
 garbage-first heap   total reserved 2097152K, committed 1005568K, used 909312K [0x0000000080000000, 0x0000000100000000)
  region size 1024K, 270 young (276480K), 24 survivors (24576K)
 Metaspace       used 235218K, committed 240000K, reserved 688128K
  class space    used 30700K, committed 32896K, reserved 425984K
}
Event: 715.315 GC heap after
{Heap after GC invocations=156 (full 0):
 garbage-first heap   total reserved 2097152K, committed 1005568K, used 668149K [0x0000000080000000, 0x0000000100000000)
  region size 1024K, 12 young (12288K), 12 survivors (12288K)
 Metaspace       used 235218K, committed 240000K, reserved 688128K
  class space    used 30700K, committed 32896K, reserved 425984K
}
Event: 715.809 GC heap before
{Heap before GC invocations=157 (full 0):
 garbage-first heap   total reserved 2097152K, committed 1005568K, used 828917K [0x0000000080000000, 0x0000000100000000)
  region size 1024K, 262 young (268288K), 12 survivors (12288K)
 Metaspace       used 236981K, committed 241792K, reserved 688128K
  class space    used 30858K, committed 33024K, reserved 425984K
}
Event: 715.816 GC heap after
{Heap after GC invocations=158 (full 0):
 garbage-first heap   total reserved 2097152K, committed 1005568K, used 573952K [0x0000000080000000, 0x0000000100000000)
  region size 1024K, 17 young (17408K), 17 survivors (17408K)
 Metaspace       used 236981K, committed 241792K, reserved 688128K
  class space    used 30858K, committed 33024K, reserved 425984K
}
Event: 716.723 GC heap before
{Heap before GC invocations=158 (full 0):
 garbage-first heap   total reserved 2097152K, committed 1005568K, used 914944K [0x0000000080000000, 0x0000000100000000)
  region size 1024K, 351 young (359424K), 17 survivors (17408K)
 Metaspace       used 242983K, committed 247744K, reserved 688128K
  class space    used 31683K, committed 33856K, reserved 425984K
}
Event: 716.742 GC heap after
{Heap after GC invocations=159 (full 0):
 garbage-first heap   total reserved 2097152K, committed 1005568K, used 521843K [0x0000000080000000, 0x0000000100000000)
  region size 1024K, 27 young (27648K), 27 survivors (27648K)
 Metaspace       used 242983K, committed 247744K, reserved 688128K
  class space    used 31683K, committed 33856K, reserved 425984K
}
Event: 717.160 GC heap before
{Heap before GC invocations=159 (full 0):
 garbage-first heap   total reserved 2097152K, committed 1005568K, used 644723K [0x0000000080000000, 0x0000000100000000)
  region size 1024K, 149 young (152576K), 27 survivors (27648K)
 Metaspace       used 245730K, committed 250560K, reserved 688128K
  class space    used 32099K, committed 34304K, reserved 425984K
}
Event: 717.169 GC heap after
{Heap after GC invocations=160 (full 0):
 garbage-first heap   total reserved 2097152K, committed 1005568K, used 526336K [0x0000000080000000, 0x0000000100000000)
  region size 1024K, 23 young (23552K), 23 survivors (23552K)
 Metaspace       used 245730K, committed 250560K, reserved 688128K
  class space    used 32099K, committed 34304K, reserved 425984K
}

Dll operation events (16 events):
Event: 0.010 Loaded shared library C:\Program Files\Java\jdk-23\bin\java.dll
Event: 0.035 Loaded shared library C:\Program Files\Java\jdk-23\bin\jsvml.dll
Event: 0.060 Loaded shared library C:\Program Files\Java\jdk-23\bin\zip.dll
Event: 0.063 Loaded shared library C:\Program Files\Java\jdk-23\bin\instrument.dll
Event: 0.065 Loaded shared library C:\Program Files\Java\jdk-23\bin\net.dll
Event: 0.066 Loaded shared library C:\Program Files\Java\jdk-23\bin\nio.dll
Event: 0.068 Loaded shared library C:\Program Files\Java\jdk-23\bin\zip.dll
Event: 0.326 Loaded shared library C:\Program Files\Java\jdk-23\bin\jimage.dll
Event: 0.457 Loaded shared library C:\Program Files\Java\jdk-23\bin\verify.dll
Event: 0.532 Loaded shared library C:\Users\denis\.gradle\native\1def1411415f61bf3af743bc5b6707747c0891f09f0c88961ee8f79bc544acac\windows-amd64\native-platform.dll
Event: 0.540 Loaded shared library C:\Users\denis\.gradle\native\0.2.7\x86_64-windows-gnu\gradle-fileevents.dll
Event: 1.422 Loaded shared library C:\Program Files\Java\jdk-23\bin\management.dll
Event: 1.424 Loaded shared library C:\Program Files\Java\jdk-23\bin\management_ext.dll
Event: 1.515 Loaded shared library C:\Program Files\Java\jdk-23\bin\extnet.dll
Event: 1.673 Loaded shared library C:\Program Files\Java\jdk-23\bin\sunmscapi.dll
Event: 717.502 Loaded shared library C:\Program Files\Java\jdk-23\bin\rmi.dll

Deoptimization events (20 events):
Event: 718.776 Thread 0x0000027ac19a58e0 DEOPT PACKING pc=0x0000027aea26b49c sp=0x000000c26f9f94e0
Event: 718.776 Thread 0x0000027ac19a58e0 DEOPT UNPACKING pc=0x0000027ae9b74402 sp=0x000000c26f9f93b0 mode 2
Event: 718.806 Thread 0x0000027ac19a5250 Uncommon trap: trap_request=0xffffffde fr.pc=0x0000027aea2c4594 relative=0x0000000000000b74
Event: 718.806 Thread 0x0000027ac19a5250 Uncommon trap: reason=class_check action=maybe_recompile pc=0x0000027aea2c4594 method=org.gradle.internal.snapshot.impl.AbstractValueProcessor.processValue(Ljava/lang/Object;Lorg/gradle/internal/snapshot/impl/AbstractValueProcessor$ValueVisitor;)Ljava/lan
Event: 718.806 Thread 0x0000027ac19a5250 DEOPT PACKING pc=0x0000027aea2c4594 sp=0x000000c26fbfcf20
Event: 718.806 Thread 0x0000027ac19a5250 DEOPT UNPACKING pc=0x0000027ae9b74402 sp=0x000000c26fbfced8 mode 2
Event: 718.818 Thread 0x0000027ac19a5250 DEOPT PACKING pc=0x0000027ae4ce7901 sp=0x000000c26fbfccc0
Event: 718.818 Thread 0x0000027ac19a5250 DEOPT UNPACKING pc=0x0000027ae9b74b22 sp=0x000000c26fbfc140 mode 0
Event: 718.871 Thread 0x0000027ac19a5250 Uncommon trap: trap_request=0xffffff45 fr.pc=0x0000027aeb13b3a0 relative=0x00000000000002e0
Event: 718.871 Thread 0x0000027ac19a5250 Uncommon trap: reason=unstable_if action=reinterpret pc=0x0000027aeb13b3a0 method=java.lang.String.regionMatches(ILjava/lang/String;II)Z @ 20 c2
Event: 718.871 Thread 0x0000027ac19a5250 DEOPT PACKING pc=0x0000027aeb13b3a0 sp=0x000000c26fbfac70
Event: 718.871 Thread 0x0000027ac19a5250 DEOPT UNPACKING pc=0x0000027ae9b74402 sp=0x000000c26fbfac38 mode 2
Event: 718.871 Thread 0x0000027ac19a5250 Uncommon trap: trap_request=0xffffff45 fr.pc=0x0000027aeb0d3370 relative=0x00000000000002b0
Event: 718.871 Thread 0x0000027ac19a5250 Uncommon trap: reason=unstable_if action=reinterpret pc=0x0000027aeb0d3370 method=java.lang.CharacterDataLatin1.equalsIgnoreCase(BB)Z @ 24 c2
Event: 718.871 Thread 0x0000027ac19a5250 DEOPT PACKING pc=0x0000027aeb0d3370 sp=0x000000c26fbfad30
Event: 718.871 Thread 0x0000027ac19a5250 DEOPT UNPACKING pc=0x0000027ae9b74402 sp=0x000000c26fbfabb8 mode 2
Event: 718.890 Thread 0x0000027ac19a5250 Uncommon trap: trap_request=0xffffff45 fr.pc=0x0000027aea65a550 relative=0x00000000000001b0
Event: 718.890 Thread 0x0000027ac19a5250 Uncommon trap: reason=unstable_if action=reinterpret pc=0x0000027aea65a550 method=java.util.stream.Collector.of(Ljava/util/function/Supplier;Ljava/util/function/BiConsumer;Ljava/util/function/BinaryOperator;Ljava/util/function/Function;[Ljava/util/stream/
Event: 718.890 Thread 0x0000027ac19a5250 DEOPT PACKING pc=0x0000027aea65a550 sp=0x000000c26fbf8be0
Event: 718.890 Thread 0x0000027ac19a5250 DEOPT UNPACKING pc=0x0000027ae9b74402 sp=0x000000c26fbf8ba8 mode 2

Classes loaded (20 events):
Event: 718.498 Loading class java/util/SortedSet$1
Event: 718.499 Loading class java/util/SortedSet$1 done
Event: 718.506 Loading class java/util/stream/SliceOps
Event: 718.506 Loading class java/util/stream/SliceOps done
Event: 718.506 Loading class java/util/stream/SliceOps$1
Event: 718.506 Loading class java/util/stream/SliceOps$1 done
Event: 718.506 Loading class java/util/stream/SliceOps$1$1
Event: 718.507 Loading class java/util/stream/SliceOps$1$1 done
Event: 718.898 Loading class org/xml/sax/ext/DefaultHandler2
Event: 718.898 Loading class org/xml/sax/ext/LexicalHandler
Event: 718.899 Loading class org/xml/sax/ext/LexicalHandler done
Event: 718.899 Loading class org/xml/sax/ext/DeclHandler
Event: 718.899 Loading class org/xml/sax/ext/DeclHandler done
Event: 718.899 Loading class org/xml/sax/ext/DefaultHandler2 done
Event: 718.902 Loading class com/sun/org/apache/xerces/internal/dom/ParentNode$UserDataRecord
Event: 718.902 Loading class com/sun/org/apache/xerces/internal/dom/ParentNode$UserDataRecord done
Event: 718.902 Loading class com/sun/org/apache/xerces/internal/util/EntityResolver2Wrapper
Event: 718.903 Loading class com/sun/org/apache/xerces/internal/util/EntityResolver2Wrapper done
Event: 718.903 Loading class com/sun/org/apache/xerces/internal/dom/ElementNSImpl
Event: 718.903 Loading class com/sun/org/apache/xerces/internal/dom/ElementNSImpl done

Classes unloaded (20 events):
Event: 27.806 Thread 0x0000027af717ea20 Unloading class 0x0000027a825ec400 'java/lang/invoke/LambdaForm$MH+0x0000027a825ec400'
Event: 27.806 Thread 0x0000027af717ea20 Unloading class 0x0000027a825ebc00 'java/lang/invoke/LambdaForm$MH+0x0000027a825ebc00'
Event: 27.806 Thread 0x0000027af717ea20 Unloading class 0x0000027a825eac00 'java/lang/invoke/LambdaForm$MH+0x0000027a825eac00'
Event: 27.806 Thread 0x0000027af717ea20 Unloading class 0x0000027a825eb000 'java/lang/invoke/LambdaForm$MH+0x0000027a825eb000'
Event: 27.806 Thread 0x0000027af717ea20 Unloading class 0x0000027a825ea800 'java/lang/invoke/LambdaForm$MH+0x0000027a825ea800'
Event: 27.806 Thread 0x0000027af717ea20 Unloading class 0x0000027a825ea000 'java/lang/invoke/LambdaForm$MH+0x0000027a825ea000'
Event: 27.806 Thread 0x0000027af717ea20 Unloading class 0x0000027a825e9800 'java/lang/invoke/LambdaForm$MH+0x0000027a825e9800'
Event: 27.806 Thread 0x0000027af717ea20 Unloading class 0x0000027a825e9000 'java/lang/invoke/LambdaForm$MH+0x0000027a825e9000'
Event: 27.806 Thread 0x0000027af717ea20 Unloading class 0x0000027a825e9400 'java/lang/invoke/LambdaForm$MH+0x0000027a825e9400'
Event: 27.806 Thread 0x0000027af717ea20 Unloading class 0x0000027a825e8800 'java/lang/invoke/LambdaForm$DMH+0x0000027a825e8800'
Event: 27.806 Thread 0x0000027af717ea20 Unloading class 0x0000027a825e8c00 'java/lang/invoke/LambdaForm$DMH+0x0000027a825e8c00'
Event: 27.806 Thread 0x0000027af717ea20 Unloading class 0x0000027a825e8400 'java/lang/invoke/LambdaForm$DMH+0x0000027a825e8400'
Event: 27.806 Thread 0x0000027af717ea20 Unloading class 0x0000027a825d4c00 'java/lang/invoke/LambdaForm$MH+0x0000027a825d4c00'
Event: 27.806 Thread 0x0000027af717ea20 Unloading class 0x0000027a825d4400 'java/lang/invoke/LambdaForm$DMH+0x0000027a825d4400'
Event: 81.668 Thread 0x0000027af717ea20 Unloading class 0x0000027a82c98000 'java/lang/invoke/LambdaForm$DMH+0x0000027a82c98000'
Event: 93.925 Thread 0x0000027af717ea20 Unloading class 0x0000027a82eba928 '_BuildScript_$_run_closure1$_closure2'
Event: 93.925 Thread 0x0000027af717ea20 Unloading class 0x0000027a82eba538 '_BuildScript_$_run_closure1'
Event: 93.925 Thread 0x0000027af717ea20 Unloading class 0x0000027a82eba000 '_BuildScript_'
Event: 93.925 Thread 0x0000027af717ea20 Unloading class 0x0000027a82eb9ab8 'GradleAnnotationProcessorPatchPlugin$AnnotationProcessorModelBuilder'
Event: 93.925 Thread 0x0000027af717ea20 Unloading class 0x0000027a82eb9800 'GradleAnnotationProcessorPatchPlugin'

Classes redefined (0 events):
No events

Internal exceptions (20 events):
Event: 717.831 Thread 0x0000027aa1a292a0 Exception <a 'java/lang/NoSuchMethodError'{0x00000000b7cec7c0}: static Lorg/jetbrains/kotlin/daemon/common/DaemonJVMOptions;.<clinit>()V> (0x00000000b7cec7c0) 
thrown [s\open\src\hotspot\share\prims\jni.cpp, line 1111]
Event: 717.836 Thread 0x0000027aa1a292a0 Exception <a 'java/lang/NoSuchMethodError'{0x00000000b7b4d9a8}: static Lorg/jetbrains/kotlin/daemon/common/CompileService$CallResult$Ok;.<clinit>()V> (0x00000000b7b4d9a8) 
thrown [s\open\src\hotspot\share\prims\jni.cpp, line 1111]
Event: 717.847 Thread 0x0000027aa1a29fc0 Exception <a 'java/net/ConnectException'{0x00000000b7af1120}: Connection refused: connect> (0x00000000b7af1120) 
thrown [s\open\src\hotspot\share\prims\jni.cpp, line 539]
Event: 717.858 Thread 0x0000027aa1a29fc0 Exception <a 'java/net/ConnectException'{0x00000000b7af1f00}: Connection refused: connect> (0x00000000b7af1f00) 
thrown [s\open\src\hotspot\share\prims\jni.cpp, line 539]
Event: 717.867 Thread 0x0000027aa1a292a0 Exception <a 'java/lang/NoSuchMethodError'{0x00000000b7512268}: static [Ljava/lang/Integer;.<clinit>()V> (0x00000000b7512268) 
thrown [s\open\src\hotspot\share\prims\jni.cpp, line 1111]
Event: 717.871 Thread 0x0000027aa1a29fc0 Exception <a 'java/net/ConnectException'{0x00000000b7af2ce0}: Connection refused: connect> (0x00000000b7af2ce0) 
thrown [s\open\src\hotspot\share\prims\jni.cpp, line 539]
Event: 717.925 Thread 0x0000027ab92a3cb0 Exception <a 'java/net/ConnectException'{0x00000000b6ee7380}: Connection refused: connect> (0x00000000b6ee7380) 
thrown [s\open\src\hotspot\share\prims\jni.cpp, line 539]
Event: 717.936 Thread 0x0000027ab92a3cb0 Exception <a 'java/net/ConnectException'{0x00000000b6ee8160}: Connection refused: connect> (0x00000000b6ee8160) 
thrown [s\open\src\hotspot\share\prims\jni.cpp, line 539]
Event: 717.949 Thread 0x0000027ab92a3cb0 Exception <a 'java/net/ConnectException'{0x00000000b6ee8f40}: Connection refused: connect> (0x00000000b6ee8f40) 
thrown [s\open\src\hotspot\share\prims\jni.cpp, line 539]
Event: 717.989 Thread 0x0000027ac19a58e0 Exception <a 'java/lang/IncompatibleClassChangeError'{0x00000000b6741110}: Found class java.lang.Object, but interface was expected> (0x00000000b6741110) 
thrown [s\open\src\hotspot\share\interpreter\linkResolver.cpp, line 863]
Event: 717.989 Thread 0x0000027ac19a58e0 Exception <a 'java/lang/IncompatibleClassChangeError'{0x00000000b67cfa30}: Found class java.lang.Object, but interface was expected> (0x00000000b67cfa30) 
thrown [s\open\src\hotspot\share\interpreter\linkResolver.cpp, line 863]
Event: 718.012 Thread 0x0000027aa709f600 Exception <a 'java/net/ConnectException'{0x00000000b642dc40}: Connection refused: connect> (0x00000000b642dc40) 
thrown [s\open\src\hotspot\share\prims\jni.cpp, line 539]
Event: 718.024 Thread 0x0000027aa709f600 Exception <a 'java/net/ConnectException'{0x00000000b642ea20}: Connection refused: connect> (0x00000000b642ea20) 
thrown [s\open\src\hotspot\share\prims\jni.cpp, line 539]
Event: 718.036 Thread 0x0000027aa709f600 Exception <a 'java/net/ConnectException'{0x00000000b642f800}: Connection refused: connect> (0x00000000b642f800) 
thrown [s\open\src\hotspot\share\prims\jni.cpp, line 539]
Event: 718.198 Thread 0x0000027ac19a58e0 Exception <a 'java/lang/NoSuchMethodError'{0x00000000b3621af0}: 'void java.lang.invoke.DirectMethodHandle$Holder.invokeSpecial(java.lang.Object, java.lang.Object, int, java.lang.Object)'> (0x00000000b3621af0) 
thrown [s\open\src\hotspot\share\interpreter\linkResolver.cpp, line 796]
Event: 718.356 Thread 0x0000027ac19a58e0 Exception <a 'java/lang/NoSuchMethodError'{0x00000000b2b06ed0}: 'int java.lang.invoke.DirectMethodHandle$Holder.invokeSpecial(java.lang.Object, java.lang.Object, java.lang.Object, int, java.lang.Object)'> (0x00000000b2b06ed0) 
thrown [s\open\src\hotspot\share\interpreter\linkResolver.cpp, line 796]
Event: 718.432 Thread 0x0000027ab8374250 Implicit null exception at 0x0000027aea749fa0 to 0x0000027aea74ab00
Event: 718.546 Thread 0x0000027ac19a58e0 Exception <a 'java/lang/NoSuchMethodError'{0x00000000b20c1978}: 'int java.lang.invoke.DirectMethodHandle$Holder.invokeSpecial(java.lang.Object, java.lang.Object, java.lang.Object, java.lang.Object, java.lang.Object, java.lang.Object)'> (0x00000000b20c1978) 
thrown [s\open\src\hotspot\share\interpreter\linkResolver.cpp, line 796]
Event: 718.629 Thread 0x0000027ac19a58e0 Exception <a 'java/lang/IncompatibleClassChangeError'{0x00000000b1a1bdf8}: Found class java.lang.Object, but interface was expected> (0x00000000b1a1bdf8) 
thrown [s\open\src\hotspot\share\interpreter\linkResolver.cpp, line 863]
Event: 718.738 Thread 0x0000027ac19a58e0 Exception <a 'java/lang/NoSuchMethodError'{0x00000000b16bd5a8}: 'int java.lang.invoke.DirectMethodHandle$Holder.invokeInterface(java.lang.Object, java.lang.Object, int)'> (0x00000000b16bd5a8) 
thrown [s\open\src\hotspot\share\interpreter\linkResolver.cpp, line 796]

VM Operations (20 events):
Event: 717.377 Executing VM operation: G1PauseRemark
Event: 717.387 Executing VM operation: G1PauseRemark done
Event: 717.393 Executing VM operation: HandshakeAllThreads (Deoptimize)
Event: 717.394 Executing VM operation: HandshakeAllThreads (Deoptimize) done
Event: 717.397 Executing VM operation: HandshakeAllThreads (Deoptimize)
Event: 717.398 Executing VM operation: HandshakeAllThreads (Deoptimize) done
Event: 717.450 Executing VM operation: HandshakeAllThreads (Deoptimize)
Event: 717.464 Executing VM operation: HandshakeAllThreads (Deoptimize) done
Event: 717.469 Executing VM operation: G1PauseCleanup
Event: 717.469 Executing VM operation: G1PauseCleanup done
Event: 717.525 Executing VM operation: HandshakeAllThreads (Deoptimize)
Event: 717.821 Executing VM operation: HandshakeAllThreads (Deoptimize) done
Event: 718.053 Executing VM operation: HandshakeAllThreads (Deoptimize)
Event: 718.071 Executing VM operation: HandshakeAllThreads (Deoptimize) done
Event: 718.441 Executing VM operation: HandshakeAllThreads (Deoptimize)
Event: 718.441 Executing VM operation: HandshakeAllThreads (Deoptimize) done
Event: 718.501 Executing VM operation: HandshakeAllThreads (Deoptimize)
Event: 718.502 Executing VM operation: HandshakeAllThreads (Deoptimize) done
Event: 718.504 Executing VM operation: HandshakeAllThreads (Deoptimize)
Event: 718.505 Executing VM operation: HandshakeAllThreads (Deoptimize) done

Memory protections (0 events):
No events

Nmethod flushes (20 events):
Event: 717.385 Thread 0x0000027af717ea20 flushing  nmethod 0x0000027ae53f3008
Event: 717.385 Thread 0x0000027af717ea20 flushing  nmethod 0x0000027ae54a5c88
Event: 717.385 Thread 0x0000027af717ea20 flushing  nmethod 0x0000027ae54a7408
Event: 717.385 Thread 0x0000027af717ea20 flushing  nmethod 0x0000027ae54a7a08
Event: 717.385 Thread 0x0000027af717ea20 flushing  nmethod 0x0000027ae55de988
Event: 717.385 Thread 0x0000027af717ea20 flushing  nmethod 0x0000027ae55e5b08
Event: 717.385 Thread 0x0000027af717ea20 flushing  nmethod 0x0000027ae5649a88
Event: 717.385 Thread 0x0000027af717ea20 flushing  nmethod 0x0000027ae5651d88
Event: 717.385 Thread 0x0000027af717ea20 flushing  nmethod 0x0000027ae574ac08
Event: 717.385 Thread 0x0000027af717ea20 flushing  nmethod 0x0000027ae574cd08
Event: 717.385 Thread 0x0000027af717ea20 flushing  nmethod 0x0000027ae574d708
Event: 717.385 Thread 0x0000027af717ea20 flushing  nmethod 0x0000027ae574dc08
Event: 717.385 Thread 0x0000027af717ea20 flushing  nmethod 0x0000027ae574e688
Event: 717.385 Thread 0x0000027af717ea20 flushing  nmethod 0x0000027ae5865888
Event: 717.385 Thread 0x0000027af717ea20 flushing  nmethod 0x0000027ae58c3b08
Event: 717.385 Thread 0x0000027af717ea20 flushing  nmethod 0x0000027ae58c5b08
Event: 717.385 Thread 0x0000027af717ea20 flushing  nmethod 0x0000027ae58f8e08
Event: 717.385 Thread 0x0000027af717ea20 flushing  nmethod 0x0000027ae58f9388
Event: 717.385 Thread 0x0000027af717ea20 flushing  nmethod 0x0000027ae599d908
Event: 717.385 Thread 0x0000027af717ea20 flushing  nmethod 0x0000027ae59a3f88

Events (20 events):
Event: 718.053 Thread 0x0000027ac735a780 Thread added: 0x0000027aa50196f0
Event: 718.053 Thread 0x0000027ac19a3ea0 Thread added: 0x0000027ab6751db0
Event: 718.053 Thread 0x0000027aa1cbfb50 Thread added: 0x0000027ab8b10330
Event: 718.053 Thread 0x0000027aa1cc0870 Thread added: 0x0000027aa4cab5a0
Event: 718.053 Thread 0x0000027ac19a6600 Thread added: 0x0000027ac15c1260
Event: 718.053 Thread 0x0000027aa1cbfb50 Thread added: 0x0000027ab8b0e260
Event: 718.053 Thread 0x0000027ac19a6c90 Thread added: 0x0000027ab8b0ef80
Event: 718.067 Thread 0x0000027ac19a6c90 Thread added: 0x0000027ab8b109c0
Event: 718.067 Thread 0x0000027ac19a3ea0 Thread added: 0x0000027abf706e30
Event: 718.067 Thread 0x0000027aa1cc0870 Thread added: 0x0000027aa4cac950
Event: 718.068 Thread 0x0000027aa1cc0870 Thread added: 0x0000027aa709cea0
Event: 718.068 Thread 0x0000027ac19a6c90 Thread added: 0x0000027ab8b0f610
Event: 718.068 Thread 0x0000027ac19a3ea0 Thread added: 0x0000027ab7b262c0
Event: 718.076 Thread 0x0000027ac19a6600 Thread added: 0x0000027aa1cbee30
Event: 718.076 Thread 0x0000027ac19a6600 Thread added: 0x0000027aa1cc01e0
Event: 718.079 Thread 0x0000027aa608d5a0 Thread added: 0x0000027aa5017620
Event: 718.723 Thread 0x0000027ac280aaa0 Thread exited: 0x0000027ac280aaa0
Event: 718.806 Thread 0x0000027ab7f30d90 Thread exited: 0x0000027ab7f30d90
Event: 718.837 Thread 0x0000027a9b1537b0 Thread added: 0x0000027ac2244c10
Event: 718.890 Thread 0x0000027a9b1537b0 Thread added: 0x0000027ac2246e20


Dynamic libraries:
0x00007ff795600000 - 0x00007ff795610000 	C:\Program Files\Java\jdk-23\bin\java.exe
0x00007ffbc1fd0000 - 0x00007ffbc21e8000 	C:\Windows\SYSTEM32\ntdll.dll
0x00007ffbc0e20000 - 0x00007ffbc0ee4000 	C:\Windows\System32\KERNEL32.DLL
0x00007ffbbf790000 - 0x00007ffbbfb63000 	C:\Windows\System32\KERNELBASE.dll
0x00007ffbbf0e0000 - 0x00007ffbbf1f1000 	C:\Windows\System32\ucrtbase.dll
0x00007ffbacf60000 - 0x00007ffbacf77000 	C:\Program Files\Java\jdk-23\bin\jli.dll
0x00007ffbacf40000 - 0x00007ffbacf5b000 	C:\Program Files\Java\jdk-23\bin\VCRUNTIME140.dll
0x00007ffbbfc80000 - 0x00007ffbbfe32000 	C:\Windows\System32\USER32.dll
0x00007ffbbfc40000 - 0x00007ffbbfc66000 	C:\Windows\System32\win32u.dll
0x00007ffbc0bb0000 - 0x00007ffbc0bd9000 	C:\Windows\System32\GDI32.dll
0x00007ffbbf2c0000 - 0x00007ffbbf3db000 	C:\Windows\System32\gdi32full.dll
0x00007ffbadac0000 - 0x00007ffbadd5c000 	C:\Windows\WinSxS\amd64_microsoft.windows.common-controls_6595b64144ccf1df_6.0.22621.6060_none_2712eda17382d24b\COMCTL32.dll
0x00007ffbbfb70000 - 0x00007ffbbfc0a000 	C:\Windows\System32\msvcp_win.dll
0x00007ffbc0750000 - 0x00007ffbc07f7000 	C:\Windows\System32\msvcrt.dll
0x00007ffbc0870000 - 0x00007ffbc08a1000 	C:\Windows\System32\IMM32.DLL
0x00007ffbb6190000 - 0x00007ffbb619c000 	C:\Program Files\Java\jdk-23\bin\vcruntime140_1.dll
0x00007ffb87390000 - 0x00007ffb8741e000 	C:\Program Files\Java\jdk-23\bin\msvcp140.dll
0x00007ffb383a0000 - 0x00007ffb390ef000 	C:\Program Files\Java\jdk-23\bin\server\jvm.dll
0x00007ffbc08b0000 - 0x00007ffbc0961000 	C:\Windows\System32\ADVAPI32.dll
0x00007ffbc0be0000 - 0x00007ffbc0c88000 	C:\Windows\System32\sechost.dll
0x00007ffbbfc10000 - 0x00007ffbbfc38000 	C:\Windows\System32\bcrypt.dll
0x00007ffbc0ce0000 - 0x00007ffbc0df8000 	C:\Windows\System32\RPCRT4.dll
0x00007ffbc12c0000 - 0x00007ffbc1331000 	C:\Windows\System32\WS2_32.dll
0x00007ffbbdf30000 - 0x00007ffbbdf7d000 	C:\Windows\SYSTEM32\POWRPROF.dll
0x00007ffbb2390000 - 0x00007ffbb239a000 	C:\Windows\SYSTEM32\VERSION.dll
0x00007ffbb5590000 - 0x00007ffbb55c4000 	C:\Windows\SYSTEM32\WINMM.dll
0x00007ffbbdf10000 - 0x00007ffbbdf23000 	C:\Windows\SYSTEM32\UMPDC.dll
0x00007ffbbe1b0000 - 0x00007ffbbe1c8000 	C:\Windows\SYSTEM32\kernel.appcore.dll
0x00007ffbb0790000 - 0x00007ffbb079a000 	C:\Program Files\Java\jdk-23\bin\jimage.dll
0x00007ffbbc5b0000 - 0x00007ffbbc7e3000 	C:\Windows\SYSTEM32\DBGHELP.DLL
0x00007ffbc1770000 - 0x00007ffbc1b01000 	C:\Windows\System32\combase.dll
0x00007ffbc0f10000 - 0x00007ffbc0fe8000 	C:\Windows\System32\OLEAUT32.dll
0x00007ffba34a0000 - 0x00007ffba34d2000 	C:\Windows\SYSTEM32\dbgcore.DLL
0x00007ffbbf710000 - 0x00007ffbbf78b000 	C:\Windows\System32\bcryptPrimitives.dll
0x00007ffbaf390000 - 0x00007ffbaf39f000 	C:\Program Files\Java\jdk-23\bin\instrument.dll
0x00007ffbacf00000 - 0x00007ffbacf1e000 	C:\Program Files\Java\jdk-23\bin\java.dll
0x00007ffbc0ff0000 - 0x00007ffbc1191000 	C:\Windows\System32\ole32.dll
0x00007ffbbfe40000 - 0x00007ffbc06dc000 	C:\Windows\System32\SHELL32.dll
0x00007ffbbf3e0000 - 0x00007ffbbf51f000 	C:\Windows\System32\wintypes.dll
0x00007ffbbcff0000 - 0x00007ffbbd90a000 	C:\Windows\SYSTEM32\windows.storage.dll
0x00007ffbc0990000 - 0x00007ffbc0a94000 	C:\Windows\System32\SHCORE.dll
0x00007ffbc06e0000 - 0x00007ffbc0749000 	C:\Windows\System32\shlwapi.dll
0x00007ffbbf010000 - 0x00007ffbbf035000 	C:\Windows\SYSTEM32\profapi.dll
0x00007ffb87270000 - 0x00007ffb87347000 	C:\Program Files\Java\jdk-23\bin\jsvml.dll
0x00007ffbace60000 - 0x00007ffbace77000 	C:\Program Files\Java\jdk-23\bin\zip.dll
0x00007ffbaf320000 - 0x00007ffbaf330000 	C:\Program Files\Java\jdk-23\bin\net.dll
0x00007ffbbe690000 - 0x00007ffbbe6f9000 	C:\Windows\system32\mswsock.dll
0x00007ffbace40000 - 0x00007ffbace56000 	C:\Program Files\Java\jdk-23\bin\nio.dll
0x00007ffbaea90000 - 0x00007ffbaeaa0000 	C:\Program Files\Java\jdk-23\bin\verify.dll
0x00007ffbb1a00000 - 0x00007ffbb1a27000 	C:\Users\denis\.gradle\native\1def1411415f61bf3af743bc5b6707747c0891f09f0c88961ee8f79bc544acac\windows-amd64\native-platform.dll
0x00007ffb7ebb0000 - 0x00007ffb7ec28000 	C:\Users\denis\.gradle\native\0.2.7\x86_64-windows-gnu\gradle-fileevents.dll
0x00007ffbac3b0000 - 0x00007ffbac3ba000 	C:\Program Files\Java\jdk-23\bin\management.dll
0x00007ffbac3a0000 - 0x00007ffbac3ab000 	C:\Program Files\Java\jdk-23\bin\management_ext.dll
0x00007ffbc0e00000 - 0x00007ffbc0e08000 	C:\Windows\System32\PSAPI.DLL
0x00007ffbbdbe0000 - 0x00007ffbbdc0d000 	C:\Windows\SYSTEM32\IPHLPAPI.DLL
0x00007ffbc0e10000 - 0x00007ffbc0e19000 	C:\Windows\System32\NSI.dll
0x00007ffbac390000 - 0x00007ffbac399000 	C:\Program Files\Java\jdk-23\bin\extnet.dll
0x00007ffbbe8e0000 - 0x00007ffbbe8fb000 	C:\Windows\SYSTEM32\CRYPTSP.dll
0x00007ffbbe110000 - 0x00007ffbbe147000 	C:\Windows\system32\rsaenh.dll
0x00007ffbbe780000 - 0x00007ffbbe7a8000 	C:\Windows\SYSTEM32\USERENV.dll
0x00007ffbbe900000 - 0x00007ffbbe90c000 	C:\Windows\SYSTEM32\CRYPTBASE.dll
0x00007ffbac380000 - 0x00007ffbac38e000 	C:\Program Files\Java\jdk-23\bin\sunmscapi.dll
0x00007ffbbf5a0000 - 0x00007ffbbf708000 	C:\Windows\System32\CRYPT32.dll
0x00007ffbbea80000 - 0x00007ffbbeaae000 	C:\Windows\SYSTEM32\ncrypt.dll
0x00007ffbbea40000 - 0x00007ffbbea77000 	C:\Windows\SYSTEM32\NTASN1.dll
0x00007ffb8f6c0000 - 0x00007ffb8f6c8000 	C:\Windows\system32\wshunix.dll
0x00007ffbbe2c0000 - 0x00007ffbbe2f4000 	C:\Windows\SYSTEM32\ntmarta.dll
0x00007ffbbdc50000 - 0x00007ffbbdd48000 	C:\Windows\SYSTEM32\DNSAPI.dll
0x0000000054010000 - 0x0000000054036000 	C:\Program Files\Bonjour\mdnsNSP.dll
0x00007ffbb5830000 - 0x00007ffbb583a000 	C:\Windows\System32\rasadhlp.dll
0x00007ffbb42d0000 - 0x00007ffbb4354000 	C:\Windows\System32\fwpuclnt.dll
0x00007ffb87380000 - 0x00007ffb87387000 	C:\Program Files\Java\jdk-23\bin\rmi.dll

dbghelp: loaded successfully - version: 4.0.5 - missing functions: none
symbol engine: initialized successfully - sym options: 0x614 - pdb path: .;C:\Program Files\Java\jdk-23\bin;C:\Windows\SYSTEM32;C:\Windows\WinSxS\amd64_microsoft.windows.common-controls_6595b64144ccf1df_6.0.22621.6060_none_2712eda17382d24b;C:\Program Files\Java\jdk-23\bin\server;C:\Users\denis\.gradle\native\1def1411415f61bf3af743bc5b6707747c0891f09f0c88961ee8f79bc544acac\windows-amd64;C:\Users\denis\.gradle\native\0.2.7\x86_64-windows-gnu;C:\Program Files\Bonjour

VM Arguments:
jvm_args: --add-opens=java.base/java.lang=ALL-UNNAMED --add-opens=java.base/java.lang.invoke=ALL-UNNAMED --add-opens=java.base/java.util=ALL-UNNAMED --add-opens=java.prefs/java.util.prefs=ALL-UNNAMED --add-exports=jdk.compiler/com.sun.tools.javac.api=ALL-UNNAMED --add-exports=jdk.compiler/com.sun.tools.javac.util=ALL-UNNAMED --add-opens=java.base/java.util=ALL-UNNAMED --add-opens=java.prefs/java.util.prefs=ALL-UNNAMED --add-opens=java.base/java.nio.charset=ALL-UNNAMED --add-opens=java.base/java.net=ALL-UNNAMED --add-opens=java.base/java.util.concurrent.atomic=ALL-UNNAMED --add-opens=java.xml/javax.xml.namespace=ALL-UNNAMED -XX:MaxMetaspaceSize=512m -Xmx2048m -Dfile.encoding=UTF-8 -Duser.country=IE -Duser.language=en -Duser.variant -javaagent:C:\Users\denis\.gradle\wrapper\dists\gradle-8.14.3-bin\cv11ve7ro1n3o1j4so8xd9n66\gradle-8.14.3\lib\agents\gradle-instrumentation-agent-8.14.3.jar 
java_command: org.gradle.launcher.daemon.bootstrap.GradleDaemon 8.14.3
java_class_path (initial): C:\Users\denis\.gradle\wrapper\dists\gradle-8.14.3-bin\cv11ve7ro1n3o1j4so8xd9n66\gradle-8.14.3\lib\gradle-daemon-main-8.14.3.jar
Launcher Type: SUN_STANDARD

[Global flags]
     intx CICompilerCount                          = 4                                         {product} {ergonomic}
   size_t CompressedClassSpaceSize                 = 436207616                                 {product} {ergonomic}
     uint ConcGCThreads                            = 3                                         {product} {ergonomic}
     uint G1ConcRefinementThreads                  = 10                                        {product} {ergonomic}
   size_t G1HeapRegionSize                         = 1048576                                   {product} {ergonomic}
   size_t InitialHeapSize                          = 532676608                                 {product} {ergonomic}
   size_t MarkStackSize                            = 4194304                                   {product} {ergonomic}
   size_t MarkStackSizeMax                         = 536870912                                 {product} {ergonomic}
   size_t MaxHeapSize                              = 2147483648                                {product} {command line}
   size_t MaxMetaspaceSize                         = 536870912                                 {product} {command line}
   size_t MaxNewSize                               = 1287651328                                {product} {ergonomic}
   size_t MinHeapDeltaBytes                        = 1048576                                   {product} {ergonomic}
   size_t MinHeapSize                              = 8388608                                   {product} {ergonomic}
    uintx NonNMethodCodeHeapSize                   = 5832704                                {pd product} {ergonomic}
    uintx NonProfiledCodeHeapSize                  = 122945536                              {pd product} {ergonomic}
    uintx ProfiledCodeHeapSize                     = 122880000                              {pd product} {ergonomic}
    uintx ReservedCodeCacheSize                    = 251658240                              {pd product} {ergonomic}
     bool SegmentedCodeCache                       = true                                      {product} {ergonomic}
   size_t SoftMaxHeapSize                          = 2147483648                             {manageable} {ergonomic}
     bool UseCompressedOops                        = true                           {product lp64_product} {ergonomic}
     bool UseG1GC                                  = true                                      {product} {ergonomic}
     bool UseLargePagesIndividualAllocation        = false                                  {pd product} {ergonomic}

Logging:
Log output configuration:
 #0: stdout all=warning uptime,level,tags foldmultilines=false
 #1: stderr all=off uptime,level,tags foldmultilines=false

Environment Variables:
PATH=C:\Program Files (x86)\VMware\VMware Workstation\bin\;c:\Users\denis\AppData\Local\Programs\cursor\resources\app\bin;c:\Users\denis\AppData\Local\Programs\cursor\resources\app\bin;C:\Users\denis\AppData\Local\Thorium\Application;C:\Python313\Scripts\;C:\Python313\;c:\Users\denis\AppData\Local\Programs\cursor\resources\app\bin;C:\Program Files\Common Files\Oracle\Java\javapath;C:\Windows\system32;C:\Windows;C:\Windows\System32\Wbem;C:\Windows\System32\WindowsPowerShell\v1.0\;C:\Windows\System32\OpenSSH\;C:\Program Files (x86)\NVIDIA Corporation\PhysX\Common;C:\Program Files\dotnet\;C:\Program Files\Git\cmd;C:\Users\denis\AppData\Local\Microsoft\WindowsApps;C:\Program Files\JetBrains\IntelliJ IDEA Community Edition 2024.3\bin;c:\Users\denis\AppData\Local\Programs\cursor\resources\app\bin;C:\ProgramData\chocolatey\bin;C:\Program Files\PostgreSQL\17\bin;C:\Users\denis\AppData\Local\GitHubDesktop\bin;C:\Users\denis\AppData\Local\Programs\cursor\resources\app\bin;c:\Users\denis\AppData\Lo;C:\Program Files\Docker\Docker\resources\bin;C:\Program Files\NVIDIA Corporation\NVIDIA App\NvDLISR;C:\Program Files\Go\bin;C:\Program Files\Mullvad VPN\resources;C:\Users\denis\AppData\Local\nvm;C:\nvm4w\nodejs;C:\Program Files\Wolfram Research\WolframScript\;C:\Users\denis\scoop\shims;C:\Program Files (x86)\VMware\VMware Workstation\bin\;c:\Users\denis\AppData\Local\Programs\cursor\resources\app\bin;c:\Users\denis\AppData\Local\Programs\cursor\resources\app\bin;C:\Users\denis\AppData\Local\Thorium\Application;C:\Python313\Scripts\;C:\Python313\;c:\Users\denis\AppData\Local\Programs\cursor\resources\app\bin;C:\Program Files\Common Files\Oracle\Java\javapath;C:\Windows\system32;C:\Windows;C:\Windows\System32\Wbem;C:\Windows\System32\WindowsPowerShell\v1.0\;C:\Windows\System32\OpenSSH\;C:\Program Files (x86)\NVIDIA Corporation\PhysX\Common;C:\Program Files\dotnet\;C:\Program Files\Git\cmd;C:\Users\denis\AppData\Local\Microsoft\WindowsApps;C:\Program Files\JetBrains\IntelliJ IDEA Community Edition 2024.3\bin;c:\Users\denis\AppData\Local\Programs\cursor\resources\app\bin;C:\ProgramData\chocolatey\bin;C:\Program Files\PostgreSQL\17\bin;C:\Users\denis\AppData\Local\GitHubDesktop\bin;C:\Users\denis\AppData\Local\Programs\cursor\resources\app\bin;c:\Users\denis\AppData\Lo;C:\Program Files\Docker\Docker\resources\bin;C:\Program Files\NVIDIA Corporation\NVIDIA App\NvDLISR;C:\Program Files\Go\bin;C:\Program Files\Mullvad VPN\resources;C:\Users\denis\AppData\Local\nvm;C:\nvm4w\nodejs;C:\Program Files\Wolfram Research\WolframScript\;C:\Users\denis\.local\bin;C:\Ruby34-x64\bin;C:\Users\denis\AppData\Local\Android\Sdk\platform-tools;C:\Users\denis\AppData\Local\Android\Sdk\platform-tools;C:\Users\denis\AppData\Local\Programs\Microsoft VS Code\bin;C:\Program Files\JetBrains\IntelliJ IDEA Community Edition 2025.2.3\bin;C:\Users\denis\.dotnet\tools;C:\Users\denis\go\bin;C:\Users\denis\AppData\Local\JetBrains\Toolbox\scripts;C:\Program Files\JetBrains\IntelliJ IDEA 2025.2.4\bin;C:\Users\denis\AppData\Roaming\npm;C:\Users\denis\AppData\Local\Programs\Antigravity\bin;c:\program files (x86)\steam\ext\bin;C:\Android\Sdk\platform-tools;C:\Android\Sdk\cmdline-tools\latest\bin;;C:\Android\Sdk\platform-tools;C:\Android\Sdk\cmdline-tools\latest\bin;C:\Program Files\JetBrains\CLion 2025.3.2\bin
USERNAME=denis
OS=Windows_NT
PROCESSOR_IDENTIFIER=Intel64 Family 6 Model 186 Stepping 2, GenuineIntel
TMP=C:\Users\denis\AppData\Local\Temp
TEMP=C:\Users\denis\AppData\Local\Temp




Periodic native trim disabled

---------------  S Y S T E M  ---------------

OS:
 Windows 11 , 64 bit Build 22621 (10.0.22621.5415)
OS uptime: 0 days 6:35 hours

CPU: total 12 (initial active 12) (12 cores per cpu, 1 threads per core) family 6 model 186 stepping 2 microcode 0x5103, cx8, cmov, fxsr, mmx, 3dnowpref, sse, sse2, sse3, ssse3, sse4.1, sse4.2, popcnt, lzcnt, tsc, tscinvbit, avx, avx2, aes, erms, clmul, bmi1, bmi2, adx, sha, fma, vzeroupper, clflush, clflushopt, clwb, serialize, rdtscp, rdpid, fsrm, gfni, f16c, pku, cet_ibt, cet_ss
Processor Information for the first 12 processors :
  Max Mhz: 2100, Current Mhz: 2100, Mhz Limit: 2100

Memory: 4k page, system-wide physical 32471M (14286M free)
TotalPageFile size 32471M (AvailPageFile size 6617M)
current process WorkingSet (physical memory assigned to process): 1674M, peak: 1676M
current process commit charge ("private bytes"): 1722M, peak: 1724M

vm_info: Java HotSpot(TM) 64-Bit Server VM (23.0.1+11-39) for windows-amd64 JRE (23.0.1+11-39), built on 2024-09-30T07:20:43Z with MS VC++ 17.6 (VS2022)

END.
